feature_idx,mean_abs_shap,feature_name,feature_block
1049,4.376455248642751,compound_BCUT2D_MRLOW,compound_rdkit
690,4.3493493884926036,compound_morgan_bit_690,compound_morgan
271,1.725544955503781,compound_morgan_bit_271,compound_morgan
1104,1.2936973462263666,compound_SlogP_VSA7,compound_rdkit
1035,1.2283236450403405,compound_MaxPartialCharge,compound_rdkit
390,1.0986013925746125,compound_morgan_bit_390,compound_morgan
1043,0.9339870037330976,compound_BCUT2D_MWLOW,compound_rdkit
1036,0.6640344423638153,compound_MinPartialCharge,compound_rdkit
1037,0.660605305700226,compound_MaxAbsPartialCharge,compound_rdkit
1132,0.4929003112302538,compound_NOCount,compound_rdkit
1046,0.44827686267146266,compound_BCUT2D_LOGPHI,compound_rdkit
1027,0.43725952833361714,compound_MinEStateIndex,compound_rdkit
1038,0.4105882365395848,compound_MinAbsPartialCharge,compound_rdkit
1230,0.38299350180171127,compound_fr_quatN,compound_rdkit
1127,0.3672247535985942,compound_VSA_EState8,compound_rdkit
1134,0.34003962460595344,compound_NumAliphaticHeterocycles,compound_rdkit
1078,0.3350149081364143,compound_PEOE_VSA3,compound_rdkit
656,0.2800741569539614,compound_morgan_bit_656,compound_morgan
1135,0.27103350532670184,compound_NumAliphaticRings,compound_rdkit
1154,0.27004338193028826,compound_MolLogP,compound_rdkit
1048,0.26036597012205176,compound_BCUT2D_MRHI,compound_rdkit
1091,0.226477122813828,compound_SMR_VSA6,compound_rdkit
1161,0.22331689408627264,compound_fr_Ar_N,compound_rdkit
1090,0.21392870363527444,compound_SMR_VSA5,compound_rdkit
1088,0.21289597752581318,compound_SMR_VSA3,compound_rdkit
1107,0.2052433563219851,compound_TPSA,compound_rdkit
1077,0.20111378953317427,compound_PEOE_VSA2,compound_rdkit
1076,0.19809274657148324,compound_PEOE_VSA14,compound_rdkit
939,0.1959550929092727,compound_morgan_bit_939,compound_morgan
1051,0.1948296901849805,compound_BalabanJ,compound_rdkit
1083,0.19455460771896332,compound_PEOE_VSA8,compound_rdkit
1142,0.19392395752479732,compound_NumHAcceptors,compound_rdkit
853,0.17012247905010988,compound_morgan_bit_853,compound_morgan
1112,0.16917014348106893,compound_EState_VSA3,compound_rdkit
1047,0.16876365556712303,compound_BCUT2D_LOGPLOW,compound_rdkit
1084,0.16065153834240345,compound_PEOE_VSA9,compound_rdkit
36,0.15323138226311167,compound_morgan_bit_36,compound_morgan
2277,0.14253123987173794,solvent_MinPartialCharge,solvent_rdkit
1044,0.13748011737023652,compound_BCUT2D_CHGHI,compound_rdkit
1109,0.13421184055130672,compound_EState_VSA10,compound_rdkit
1065,0.12428987751319275,compound_HallKierAlpha,compound_rdkit
1081,0.12120801971305571,compound_PEOE_VSA6,compound_rdkit
1108,0.11688632240053676,compound_EState_VSA1,compound_rdkit
92,0.11495490649401416,compound_morgan_bit_92,compound_morgan
1073,0.11314148558320188,compound_PEOE_VSA11,compound_rdkit
1045,0.11242966012630946,compound_BCUT2D_CHGLO,compound_rdkit
674,0.1122125997262976,compound_morgan_bit_674,compound_morgan
1171,0.10708826281162341,compound_fr_NH0,compound_rdkit
463,0.1069234773995155,compound_morgan_bit_463,compound_morgan
1099,0.10434120974915123,compound_SlogP_VSA2,compound_rdkit
1128,0.10227173204458474,compound_VSA_EState9,compound_rdkit
2296,0.10023897430873001,solvent_Chi0v,solvent_rdkit
1095,0.09727308065161605,compound_SlogP_VSA1,compound_rdkit
1085,0.09210195509916866,compound_SMR_VSA1,compound_rdkit
71,0.09014003097709404,compound_morgan_bit_71,compound_morgan
1029,0.0893484632140071,compound_SPS,compound_rdkit
1119,0.08406816144827584,compound_VSA_EState1,compound_rdkit
1024,0.08338881119976801,compound_MaxAbsEStateIndex,compound_rdkit
1064,0.0827075484246357,compound_Chi4v,compound_rdkit
1121,0.08241937904442594,compound_VSA_EState2,compound_rdkit
1124,0.0785899998244231,compound_VSA_EState5,compound_rdkit
1122,0.07838045892636206,compound_VSA_EState3,compound_rdkit
1042,0.07809804586681392,compound_BCUT2D_MWHI,compound_rdkit
1071,0.07718098140618027,compound_PEOE_VSA1,compound_rdkit
2286,0.07491416855721125,solvent_BCUT2D_CHGLO,solvent_rdkit
1072,0.07207142392546585,compound_PEOE_VSA10,compound_rdkit
1100,0.07198920010820031,compound_SlogP_VSA3,compound_rdkit
1102,0.06990888864794308,compound_SlogP_VSA5,compound_rdkit
1026,0.06909120556813671,compound_MinAbsEStateIndex,compound_rdkit
321,0.06795665554671926,compound_morgan_bit_321,compound_morgan
1203,0.06649264205217341,compound_fr_imidazole,compound_rdkit
1028,0.06591287888370892,compound_qed,compound_rdkit
1101,0.061726079652138416,compound_SlogP_VSA4,compound_rdkit
1039,0.0601495463222939,compound_FpDensityMorgan1,compound_rdkit
1114,0.059347749020857876,compound_EState_VSA5,compound_rdkit
658,0.05887062320948189,compound_morgan_bit_658,compound_morgan
1152,0.0588588053238642,compound_Phi,compound_rdkit
1123,0.05801283845345576,compound_VSA_EState4,compound_rdkit
199,0.05649106522395845,compound_morgan_bit_199,compound_morgan
1061,0.05631251581050483,compound_Chi3n,compound_rdkit
1096,0.05573476811718627,compound_SlogP_VSA10,compound_rdkit
1186,0.055510843500810814,compound_fr_aryl_methyl,compound_rdkit
135,0.05518790864560152,compound_morgan_bit_135,compound_morgan
1140,0.05451134648392231,compound_NumAtomStereoCenters,compound_rdkit
1082,0.05408223094093564,compound_PEOE_VSA7,compound_rdkit
1117,0.05368483554022489,compound_EState_VSA8,compound_rdkit
1050,0.053372147100164115,compound_AvgIpc,compound_rdkit
1118,0.05324813623223577,compound_EState_VSA9,compound_rdkit
250,0.05312867008953211,compound_morgan_bit_250,compound_morgan
2268,0.051922120035028795,solvent_MinEStateIndex,solvent_rdkit
1098,0.05080858339909218,compound_SlogP_VSA12,compound_rdkit
1062,0.05028764303328372,compound_Chi3v,compound_rdkit
1063,0.049512965430695666,compound_Chi4n,compound_rdkit
1075,0.049177207237064334,compound_PEOE_VSA13,compound_rdkit
1086,0.04803970021456369,compound_SMR_VSA10,compound_rdkit
1060,0.047670054578040195,compound_Chi2v,compound_rdkit
1069,0.04481088763773193,compound_Kappa3,compound_rdkit
1030,0.04465091984343681,compound_MolWt,compound_rdkit
1125,0.04438458087816951,compound_VSA_EState6,compound_rdkit
1041,0.04268895412292587,compound_FpDensityMorgan3,compound_rdkit
1040,0.042294087927960716,compound_FpDensityMorgan2,compound_rdkit
1148,0.042072241995436216,compound_NumSaturatedHeterocycles,compound_rdkit
414,0.041446315865548866,compound_morgan_bit_414,compound_morgan
1111,0.04080174053743923,compound_EState_VSA2,compound_rdkit
1145,0.04034095488774074,compound_NumHeterocycles,compound_rdkit
1146,0.03909511374979776,compound_NumRotatableBonds,compound_rdkit
1126,0.03852100508974132,compound_VSA_EState7,compound_rdkit
1538,0.03829412319010361,solvent_morgan_bit_297,solvent_morgan
1129,0.03781883905286224,compound_FractionCSP3,compound_rdkit
1113,0.036377547530111465,compound_EState_VSA4,compound_rdkit
1995,0.036117091076919024,solvent_morgan_bit_754,solvent_morgan
22,0.03537544175249871,compound_morgan_bit_22,compound_morgan
1080,0.0353543387201964,compound_PEOE_VSA5,compound_rdkit
1068,0.03508422080862835,compound_Kappa2,compound_rdkit
2041,0.034057570868744655,solvent_morgan_bit_800,solvent_morgan
1025,0.0335994795003359,compound_MaxEStateIndex,compound_rdkit
1138,0.03354784540689437,compound_NumAromaticHeterocycles,compound_rdkit
1052,0.03288446881391418,compound_BertzCT,compound_rdkit
915,0.03183855183330154,compound_morgan_bit_915,compound_morgan
2267,0.03177066422295391,solvent_MinAbsEStateIndex,solvent_rdkit
2395,0.030661035724318445,solvent_MolLogP,solvent_rdkit
1087,0.029945093677040683,compound_SMR_VSA2,compound_rdkit
628,0.029929128945371985,compound_morgan_bit_628,compound_morgan
397,0.029677211305378086,compound_morgan_bit_397,compound_morgan
1200,0.02965924243733281,compound_fr_halogen,compound_rdkit
2299,0.029537006393640913,solvent_Chi1v,solvent_rdkit
1059,0.029425219435717503,compound_Chi2n,compound_rdkit
386,0.028822288919593396,compound_morgan_bit_386,compound_morgan
1057,0.028605339341752925,compound_Chi1n,compound_rdkit
749,0.028224121518940236,compound_morgan_bit_749,compound_morgan
497,0.027834189060933136,compound_morgan_bit_497,compound_morgan
1103,0.027594328226260102,compound_SlogP_VSA6,compound_rdkit
2280,0.02682230694359314,solvent_FpDensityMorgan1,solvent_rdkit
1092,0.026315371923902927,compound_SMR_VSA7,compound_rdkit
1151,0.02630664800305144,compound_NumUnspecifiedAtomStereoCenters,compound_rdkit
1031,0.02574132747577591,compound_HeavyAtomMolWt,compound_rdkit
1144,0.02572694090453251,compound_NumHeteroatoms,compound_rdkit
1074,0.025421709235203597,compound_PEOE_VSA12,compound_rdkit
625,0.02481904706778332,compound_morgan_bit_625,compound_morgan
1089,0.024749051397003605,compound_SMR_VSA4,compound_rdkit
893,0.024732299897469504,compound_morgan_bit_893,compound_morgan
736,0.024419783212983198,compound_morgan_bit_736,compound_morgan
1149,0.024359815584992665,compound_NumSaturatedRings,compound_rdkit
1153,0.023925438782436068,compound_RingCount,compound_rdkit
1058,0.023535795471100754,compound_Chi1v,compound_rdkit
1053,0.02344939652408295,compound_Chi0,compound_rdkit
1067,0.023313091489762478,compound_Kappa1,compound_rdkit
1185,0.022937102773340746,compound_fr_aniline,compound_rdkit
69,0.02271941013914888,compound_morgan_bit_69,compound_morgan
650,0.022431307046737757,compound_morgan_bit_650,compound_morgan
1167,0.022379365760942953,compound_fr_C_O_noCOO,compound_rdkit
872,0.022220969166007166,compound_morgan_bit_872,compound_morgan
198,0.021559050798617127,compound_morgan_bit_198,compound_morgan
2282,0.021533441238257522,solvent_FpDensityMorgan3,solvent_rdkit
1116,0.02148396524504838,compound_EState_VSA7,compound_rdkit
881,0.021314968030017197,compound_morgan_bit_881,compound_morgan
1131,0.021314534526941892,compound_NHOHCount,compound_rdkit
974,0.021230066487479164,compound_morgan_bit_974,compound_morgan
1054,0.020024579496888146,compound_Chi0n,compound_rdkit
117,0.019974526388475106,compound_morgan_bit_117,compound_morgan
289,0.019934343490060853,compound_morgan_bit_289,compound_morgan
926,0.019689941124138584,compound_morgan_bit_926,compound_morgan
51,0.01965860881691588,compound_morgan_bit_51,compound_morgan
1133,0.019634411594085993,compound_NumAliphaticCarbocycles,compound_rdkit
2281,0.019560756610543822,solvent_FpDensityMorgan2,solvent_rdkit
574,0.019544320576436187,compound_morgan_bit_574,compound_morgan
239,0.0190494390131343,compound_morgan_bit_239,compound_morgan
2324,0.01897615508038951,solvent_PEOE_VSA8,solvent_rdkit
350,0.018617430332076256,compound_morgan_bit_350,compound_morgan
499,0.018354853350661768,compound_morgan_bit_499,compound_morgan
537,0.01816783950555056,compound_morgan_bit_537,compound_morgan
1175,0.01781465610083552,compound_fr_Ndealkylation1,compound_rdkit
1033,0.0177814774286257,compound_NumValenceElectrons,compound_rdkit
68,0.017775301337947268,compound_morgan_bit_68,compound_morgan
1056,0.017717074934317453,compound_Chi1,compound_rdkit
542,0.01762068022048609,compound_morgan_bit_542,compound_morgan
1155,0.017603643009722843,compound_MolMR,compound_rdkit
468,0.017473960071464928,compound_morgan_bit_468,compound_morgan
2276,0.017437332340114416,solvent_MaxPartialCharge,solvent_rdkit
718,0.01733270642135675,compound_morgan_bit_718,compound_morgan
1120,0.0171406659488283,compound_VSA_EState10,compound_rdkit
1055,0.017070955532076295,compound_Chi0v,compound_rdkit
585,0.016969801413792267,compound_morgan_bit_585,compound_morgan
437,0.016468781926593887,compound_morgan_bit_437,compound_morgan
1105,0.01631914941940033,compound_SlogP_VSA8,compound_rdkit
761,0.016308056197673216,compound_morgan_bit_761,compound_morgan
1192,0.015984930687235856,compound_fr_bicyclic,compound_rdkit
720,0.015609350933775622,compound_morgan_bit_720,compound_morgan
1115,0.015495312013450368,compound_EState_VSA6,compound_rdkit
842,0.015387161625107445,compound_morgan_bit_842,compound_morgan
259,0.01536308648543592,compound_morgan_bit_259,compound_morgan
425,0.01501979653072557,compound_morgan_bit_425,compound_morgan
1070,0.014849837848872342,compound_LabuteASA,compound_rdkit
1079,0.014836975869075415,compound_PEOE_VSA4,compound_rdkit
1242,0.013882351102872023,solvent_morgan_bit_1,solvent_morgan
679,0.013742906841173774,compound_morgan_bit_679,compound_morgan
1094,0.013644697070821454,compound_SMR_VSA9,compound_rdkit
2325,0.013623490615664747,solvent_PEOE_VSA9,solvent_rdkit
383,0.013608818549667048,compound_morgan_bit_383,compound_morgan
134,0.013426565818647991,compound_morgan_bit_134,compound_morgan
128,0.013291142315756278,compound_morgan_bit_128,compound_morgan
2265,0.013255064938150766,solvent_MaxAbsEStateIndex,solvent_rdkit
2274,0.013043236708924546,solvent_NumValenceElectrons,solvent_rdkit
1182,0.01301810753569918,compound_fr_allylic_oxid,compound_rdkit
609,0.012947728217997691,compound_morgan_bit_609,compound_morgan
77,0.012856142648303204,compound_morgan_bit_77,compound_morgan
61,0.012844818017388772,compound_morgan_bit_61,compound_morgan
715,0.012718650752302411,compound_morgan_bit_715,compound_morgan
1139,0.0126766935896822,compound_NumAromaticRings,compound_rdkit
833,0.012589489149216282,compound_morgan_bit_833,compound_morgan
548,0.012491716186935025,compound_morgan_bit_548,compound_morgan
291,0.012428194981074522,compound_morgan_bit_291,compound_morgan
935,0.012129105002236643,compound_morgan_bit_935,compound_morgan
695,0.011914761500417249,compound_morgan_bit_695,compound_morgan
2285,0.011712777453218819,solvent_BCUT2D_CHGHI,solvent_rdkit
913,0.011615936833086296,compound_morgan_bit_913,compound_morgan
2322,0.011590166955021035,solvent_PEOE_VSA6,solvent_rdkit
78,0.011472403874213912,compound_morgan_bit_78,compound_morgan
1482,0.011305134283506688,solvent_morgan_bit_241,solvent_morgan
378,0.011236822962812138,compound_morgan_bit_378,compound_morgan
319,0.011201830555887334,compound_morgan_bit_319,compound_morgan
932,0.011086090843561509,compound_morgan_bit_932,compound_morgan
114,0.011015756951538948,compound_morgan_bit_114,compound_morgan
285,0.010990465622770963,compound_morgan_bit_285,compound_morgan
1019,0.010674630422300563,compound_morgan_bit_1019,compound_morgan
1,0.01065751468945071,compound_morgan_bit_1,compound_morgan
138,0.010588558813671982,compound_morgan_bit_138,compound_morgan
170,0.010584979832054735,compound_morgan_bit_170,compound_morgan
148,0.010169188252163713,compound_morgan_bit_148,compound_morgan
591,0.010126951919910577,compound_morgan_bit_591,compound_morgan
2269,0.010020739384949785,solvent_qed,solvent_rdkit
292,0.009804150446839337,compound_morgan_bit_292,compound_morgan
64,0.00955957904302565,compound_morgan_bit_64,compound_morgan
48,0.009456971269258235,compound_morgan_bit_48,compound_morgan
775,0.009070662325147357,compound_morgan_bit_775,compound_morgan
204,0.00901684077419405,compound_morgan_bit_204,compound_morgan
928,0.008969545663733399,compound_morgan_bit_928,compound_morgan
408,0.008927836471096734,compound_morgan_bit_408,compound_morgan
203,0.008926490647522581,compound_morgan_bit_203,compound_morgan
1172,0.008904703034261488,compound_fr_NH1,compound_rdkit
918,0.008892165080805998,compound_morgan_bit_918,compound_morgan
1166,0.008870439598467469,compound_fr_C_O,compound_rdkit
672,0.008852461258493429,compound_morgan_bit_672,compound_morgan
105,0.008811849493249223,compound_morgan_bit_105,compound_morgan
1004,0.008794404883283119,compound_morgan_bit_1004,compound_morgan
807,0.008615142923227553,compound_morgan_bit_807,compound_morgan
767,0.008603777431711094,compound_morgan_bit_767,compound_morgan
606,0.008562959682289862,compound_morgan_bit_606,compound_morgan
2301,0.00854779539563401,solvent_Chi2v,solvent_rdkit
452,0.00837441026134553,compound_morgan_bit_452,compound_morgan
2284,0.008359781324803627,solvent_BCUT2D_MWLOW,solvent_rdkit
1229,0.0082541198933819,compound_fr_pyridine,compound_rdkit
970,0.008249675392764753,compound_morgan_bit_970,compound_morgan
1032,0.008115657842937088,compound_ExactMolWt,compound_rdkit
33,0.008081694629384479,compound_morgan_bit_33,compound_morgan
453,0.008077169052694209,compound_morgan_bit_453,compound_morgan
2278,0.008001066997338087,solvent_MaxAbsPartialCharge,solvent_rdkit
188,0.007969764506892829,compound_morgan_bit_188,compound_morgan
278,0.00794866095845106,compound_morgan_bit_278,compound_morgan
192,0.007912855822445348,compound_morgan_bit_192,compound_morgan
541,0.007858570366055903,compound_morgan_bit_541,compound_morgan
806,0.007808566154001004,compound_morgan_bit_806,compound_morgan
726,0.007805347372071153,compound_morgan_bit_726,compound_morgan
539,0.007792876576417744,compound_morgan_bit_539,compound_morgan
1220,0.0077237031238346875,compound_fr_para_hydroxylation,compound_rdkit
2266,0.007686017615476916,solvent_MaxEStateIndex,solvent_rdkit
803,0.00766275595663268,compound_morgan_bit_803,compound_morgan
1274,0.00764110245766296,solvent_morgan_bit_33,solvent_morgan
795,0.007627050864747127,compound_morgan_bit_795,compound_morgan
1162,0.007368818268897039,compound_fr_Ar_NH,compound_rdkit
746,0.007356893887231959,compound_morgan_bit_746,compound_morgan
652,0.007317434170455139,compound_morgan_bit_652,compound_morgan
451,0.007315918985793833,compound_morgan_bit_451,compound_morgan
2283,0.0072830634363152515,solvent_BCUT2D_MWHI,solvent_rdkit
492,0.007238005356562214,compound_morgan_bit_492,compound_morgan
389,0.007201873190579564,compound_morgan_bit_389,compound_morgan
59,0.0071848903350293526,compound_morgan_bit_59,compound_morgan
41,0.007180965262741981,compound_morgan_bit_41,compound_morgan
80,0.007180929623626566,compound_morgan_bit_80,compound_morgan
45,0.007112050934697088,compound_morgan_bit_45,compound_morgan
648,0.006954257333037761,compound_morgan_bit_648,compound_morgan
427,0.006937915422152316,compound_morgan_bit_427,compound_morgan
301,0.006934925948235181,compound_morgan_bit_301,compound_morgan
738,0.00686899865423296,compound_morgan_bit_738,compound_morgan
1376,0.006857557688494914,solvent_morgan_bit_135,solvent_morgan
980,0.006851985758121775,compound_morgan_bit_980,compound_morgan
320,0.006835291567151964,compound_morgan_bit_320,compound_morgan
2289,0.00673873577208055,solvent_BCUT2D_MRHI,solvent_rdkit
902,0.006731031021075526,compound_morgan_bit_902,compound_morgan
483,0.006685123617343818,compound_morgan_bit_483,compound_morgan
1181,0.006584717297295836,compound_fr_alkyl_halide,compound_rdkit
1213,0.006571534241452161,compound_fr_nitrile,compound_rdkit
323,0.006563432983558671,compound_morgan_bit_323,compound_morgan
315,0.0065323843031699245,compound_morgan_bit_315,compound_morgan
522,0.00649931451967797,compound_morgan_bit_522,compound_morgan
2272,0.0063907129166733264,solvent_HeavyAtomMolWt,solvent_rdkit
891,0.006353861516889192,compound_morgan_bit_891,compound_morgan
294,0.006309544090187966,compound_morgan_bit_294,compound_morgan
1211,0.006227341053111161,compound_fr_methoxy,compound_rdkit
598,0.006183065552732011,compound_morgan_bit_598,compound_morgan
858,0.006139793345984456,compound_morgan_bit_858,compound_morgan
630,0.006087774795875714,compound_morgan_bit_630,compound_morgan
794,0.006081812236184171,compound_morgan_bit_794,compound_morgan
4,0.006054769714557754,compound_morgan_bit_4,compound_morgan
608,0.006035158092917813,compound_morgan_bit_608,compound_morgan
855,0.005999561822358778,compound_morgan_bit_855,compound_morgan
474,0.0059680507273667475,compound_morgan_bit_474,compound_morgan
1601,0.005954249094501369,solvent_morgan_bit_360,solvent_morgan
1143,0.005950541776206341,compound_NumHDonors,compound_rdkit
905,0.005936161388461999,compound_morgan_bit_905,compound_morgan
894,0.005888806600859631,compound_morgan_bit_894,compound_morgan
876,0.005867879882660838,compound_morgan_bit_876,compound_morgan
407,0.005825447546346383,compound_morgan_bit_407,compound_morgan
399,0.0057524042564455966,compound_morgan_bit_399,compound_morgan
132,0.005720339650799253,compound_morgan_bit_132,compound_morgan
646,0.005670835008990017,compound_morgan_bit_646,compound_morgan
121,0.0056685431863978675,compound_morgan_bit_121,compound_morgan
1197,0.005660699334925025,compound_fr_ether,compound_rdkit
571,0.0056362192354008096,compound_morgan_bit_571,compound_morgan
1177,0.005629546079373199,compound_fr_Nhpyrrole,compound_rdkit
989,0.005565297777776812,compound_morgan_bit_989,compound_morgan
241,0.00555789396996012,compound_morgan_bit_241,compound_morgan
58,0.005541281934499244,compound_morgan_bit_58,compound_morgan
102,0.005526646634461628,compound_morgan_bit_102,compound_morgan
356,0.0055122234142022785,compound_morgan_bit_356,compound_morgan
2287,0.005469429030536905,solvent_BCUT2D_LOGPHI,solvent_rdkit
39,0.005407519826502423,compound_morgan_bit_39,compound_morgan
1022,0.005379181148927246,compound_morgan_bit_1022,compound_morgan
2310,0.005347499824626276,solvent_Kappa3,solvent_rdkit
1239,0.005322099871758288,compound_fr_unbrch_alkane,compound_rdkit
639,0.005288293121401746,compound_morgan_bit_639,compound_morgan
482,0.0052777172267215195,compound_morgan_bit_482,compound_morgan
345,0.005176362018450486,compound_morgan_bit_345,compound_morgan
1097,0.005004802760798304,compound_SlogP_VSA11,compound_rdkit
207,0.005001549339563993,compound_morgan_bit_207,compound_morgan
220,0.0050014614816367,compound_morgan_bit_220,compound_morgan
588,0.00498335407864756,compound_morgan_bit_588,compound_morgan
1137,0.00493864850064783,compound_NumAromaticCarbocycles,compound_rdkit
760,0.00493627117622373,compound_morgan_bit_760,compound_morgan
967,0.004935783418246021,compound_morgan_bit_967,compound_morgan
636,0.004920674536620687,compound_morgan_bit_636,compound_morgan
831,0.0048963206374427175,compound_morgan_bit_831,compound_morgan
769,0.0048825515050566135,compound_morgan_bit_769,compound_morgan
579,0.004846234774731625,compound_morgan_bit_579,compound_morgan
247,0.004835015607948773,compound_morgan_bit_247,compound_morgan
424,0.004834552880514758,compound_morgan_bit_424,compound_morgan
824,0.004752344619213325,compound_morgan_bit_824,compound_morgan
796,0.004721801971756001,compound_morgan_bit_796,compound_morgan
1110,0.004712255027053233,compound_EState_VSA11,compound_rdkit
946,0.004641857701444215,compound_morgan_bit_946,compound_morgan
387,0.004609837014681822,compound_morgan_bit_387,compound_morgan
994,0.004535422497648326,compound_morgan_bit_994,compound_morgan
1130,0.00452906632075435,compound_HeavyAtomCount,compound_rdkit
2311,0.004506418104721316,solvent_LabuteASA,solvent_rdkit
430,0.004503144954416139,compound_morgan_bit_430,compound_morgan
142,0.004475119976289762,compound_morgan_bit_142,compound_morgan
783,0.004432764723539399,compound_morgan_bit_783,compound_morgan
880,0.004397629964279567,compound_morgan_bit_880,compound_morgan
411,0.004380201832759632,compound_morgan_bit_411,compound_morgan
107,0.004377191140519532,compound_morgan_bit_107,compound_morgan
526,0.00436133099807283,compound_morgan_bit_526,compound_morgan
1268,0.004356398487889122,solvent_morgan_bit_27,solvent_morgan
180,0.004311102298598855,compound_morgan_bit_180,compound_morgan
2370,0.004300387364343813,solvent_FractionCSP3,solvent_rdkit
910,0.004276761436823678,compound_morgan_bit_910,compound_morgan
529,0.004252533555627143,compound_morgan_bit_529,compound_morgan
248,0.004216723153821451,compound_morgan_bit_248,compound_morgan
246,0.004200956386635397,compound_morgan_bit_246,compound_morgan
2271,0.0041970543096862805,solvent_MolWt,solvent_rdkit
139,0.004164401051924421,compound_morgan_bit_139,compound_morgan
254,0.004162747516450034,compound_morgan_bit_254,compound_morgan
683,0.004161177072690515,compound_morgan_bit_683,compound_morgan
778,0.0041562430033535895,compound_morgan_bit_778,compound_morgan
741,0.004118756441744347,compound_morgan_bit_741,compound_morgan
603,0.0040489995122157,compound_morgan_bit_603,compound_morgan
314,0.0040376998609085255,compound_morgan_bit_314,compound_morgan
1003,0.00403136130813654,compound_morgan_bit_1003,compound_morgan
53,0.003999599482533365,compound_morgan_bit_53,compound_morgan
922,0.003988364202588047,compound_morgan_bit_922,compound_morgan
641,0.003978245948640575,compound_morgan_bit_641,compound_morgan
62,0.003956948235685497,compound_morgan_bit_62,compound_morgan
929,0.0039503171920523125,compound_morgan_bit_929,compound_morgan
884,0.003905801407166533,compound_morgan_bit_884,compound_morgan
564,0.003904417728106668,compound_morgan_bit_564,compound_morgan
849,0.003903609086818326,compound_morgan_bit_849,compound_morgan
487,0.0038937167369668068,compound_morgan_bit_487,compound_morgan
172,0.0038887532732082425,compound_morgan_bit_172,compound_morgan
801,0.003863846127880651,compound_morgan_bit_801,compound_morgan
429,0.003860557705702533,compound_morgan_bit_429,compound_morgan
829,0.0038532716170810353,compound_morgan_bit_829,compound_morgan
512,0.0038202155142683957,compound_morgan_bit_512,compound_morgan
347,0.0038169668964082334,compound_morgan_bit_347,compound_morgan
490,0.0037931969632072904,compound_morgan_bit_490,compound_morgan
379,0.0037856670407717726,compound_morgan_bit_379,compound_morgan
510,0.003767203513718537,compound_morgan_bit_510,compound_morgan
816,0.0037644917660609534,compound_morgan_bit_816,compound_morgan
575,0.0037558692325480023,compound_morgan_bit_575,compound_morgan
392,0.00367033899605327,compound_morgan_bit_392,compound_morgan
925,0.0036630977131001143,compound_morgan_bit_925,compound_morgan
374,0.0036482599865699664,compound_morgan_bit_374,compound_morgan
2342,0.00363576282366377,solvent_SlogP_VSA4,solvent_rdkit
709,0.003588403082491834,compound_morgan_bit_709,compound_morgan
2359,0.003584700454161158,solvent_EState_VSA9,solvent_rdkit
376,0.0035841095684907495,compound_morgan_bit_376,compound_morgan
582,0.00354768012869709,compound_morgan_bit_582,compound_morgan
555,0.003541913493709994,compound_morgan_bit_555,compound_morgan
784,0.00352827633415356,compound_morgan_bit_784,compound_morgan
983,0.0034926272037632275,compound_morgan_bit_983,compound_morgan
538,0.003478805794973238,compound_morgan_bit_538,compound_morgan
2331,0.0034605330370161224,solvent_SMR_VSA5,solvent_rdkit
629,0.0034591765087693934,compound_morgan_bit_629,compound_morgan
283,0.00345379028963036,compound_morgan_bit_283,compound_morgan
771,0.003450975695082793,compound_morgan_bit_771,compound_morgan
195,0.003411007882439617,compound_morgan_bit_195,compound_morgan
1225,0.003401359234375198,compound_fr_piperdine,compound_rdkit
1007,0.0033863476506185222,compound_morgan_bit_1007,compound_morgan
2270,0.0033553114761070103,solvent_SPS,solvent_rdkit
1201,0.0033387361824588143,compound_fr_hdrzine,compound_rdkit
428,0.0032962474303681846,compound_morgan_bit_428,compound_morgan
898,0.003294017896050326,compound_morgan_bit_898,compound_morgan
63,0.0032433827355475638,compound_morgan_bit_63,compound_morgan
825,0.0032157530569101164,compound_morgan_bit_825,compound_morgan
175,0.003149829659236524,compound_morgan_bit_175,compound_morgan
565,0.0031471256898483757,compound_morgan_bit_565,compound_morgan
1549,0.0031361745958633364,solvent_morgan_bit_308,solvent_morgan
1012,0.003119852193126031,compound_morgan_bit_1012,compound_morgan
459,0.003091825773692853,compound_morgan_bit_459,compound_morgan
218,0.0030772555518213357,compound_morgan_bit_218,compound_morgan
1021,0.003074845292192036,compound_morgan_bit_1021,compound_morgan
182,0.003069183963958552,compound_morgan_bit_182,compound_morgan
558,0.0030662333498200573,compound_morgan_bit_558,compound_morgan
446,0.003032615116558773,compound_morgan_bit_446,compound_morgan
547,0.0029977467123819966,compound_morgan_bit_547,compound_morgan
684,0.002981302887421528,compound_morgan_bit_684,compound_morgan
242,0.002980679895054216,compound_morgan_bit_242,compound_morgan
721,0.0029508438715405887,compound_morgan_bit_721,compound_morgan
0,0.0029467095044972834,compound_morgan_bit_0,compound_morgan
1196,0.0029138765581657737,compound_fr_ester,compound_rdkit
471,0.002903175175671972,compound_morgan_bit_471,compound_morgan
550,0.0028879375297442764,compound_morgan_bit_550,compound_morgan
140,0.0028680156875587936,compound_morgan_bit_140,compound_morgan
799,0.002863396677033352,compound_morgan_bit_799,compound_morgan
1210,0.002863120113591004,compound_fr_lactone,compound_rdkit
67,0.002853314394756162,compound_morgan_bit_67,compound_morgan
56,0.0028376726786437855,compound_morgan_bit_56,compound_morgan
2340,0.0028016298219075207,solvent_SlogP_VSA2,solvent_rdkit
1150,0.0028009471183215364,compound_NumSpiroAtoms,compound_rdkit
841,0.0027903259659961223,compound_morgan_bit_841,compound_morgan
2279,0.0027880761547924675,solvent_MinAbsPartialCharge,solvent_rdkit
2288,0.002779139425603123,solvent_BCUT2D_LOGPLOW,solvent_rdkit
503,0.002758184589165623,compound_morgan_bit_503,compound_morgan
782,0.0027429974198872904,compound_morgan_bit_782,compound_morgan
221,0.0027331837598566747,compound_morgan_bit_221,compound_morgan
237,0.0027186188098116543,compound_morgan_bit_237,compound_morgan
305,0.002715280857687348,compound_morgan_bit_305,compound_morgan
645,0.0027078058098581634,compound_morgan_bit_645,compound_morgan
776,0.0026705855061039683,compound_morgan_bit_776,compound_morgan
1521,0.0026585802738268707,solvent_morgan_bit_280,solvent_morgan
325,0.0026467678369285707,compound_morgan_bit_325,compound_morgan
413,0.002642389639727492,compound_morgan_bit_413,compound_morgan
15,0.002610623747955267,compound_morgan_bit_15,compound_morgan
2326,0.002608540632053727,solvent_SMR_VSA1,solvent_rdkit
1190,0.002587486714142661,compound_fr_benzene,compound_rdkit
740,0.002584063900446388,compound_morgan_bit_740,compound_morgan
185,0.002567255791800252,compound_morgan_bit_185,compound_morgan
313,0.002564166907839099,compound_morgan_bit_313,compound_morgan
633,0.002558759501775933,compound_morgan_bit_633,compound_morgan
607,0.002557145476407908,compound_morgan_bit_607,compound_morgan
1141,0.0025569577928555133,compound_NumBridgeheadAtoms,compound_rdkit
90,0.002554847911008355,compound_morgan_bit_90,compound_morgan
341,0.002545905604260522,compound_morgan_bit_341,compound_morgan
316,0.0025123346013461766,compound_morgan_bit_316,compound_morgan
361,0.002510466864826481,compound_morgan_bit_361,compound_morgan
200,0.0024930344076078787,compound_morgan_bit_200,compound_morgan
150,0.002486700451491066,compound_morgan_bit_150,compound_morgan
570,0.0024528367382454694,compound_morgan_bit_570,compound_morgan
187,0.0024458920586937927,compound_morgan_bit_187,compound_morgan
951,0.0024399443393460984,compound_morgan_bit_951,compound_morgan
276,0.002429958790064713,compound_morgan_bit_276,compound_morgan
617,0.0023967941222654814,compound_morgan_bit_617,compound_morgan
887,0.002386624711181058,compound_morgan_bit_887,compound_morgan
2293,0.0023850472995624876,solvent_BertzCT,solvent_rdkit
613,0.0023634583310425086,compound_morgan_bit_613,compound_morgan
956,0.002357032049119444,compound_morgan_bit_956,compound_morgan
1296,0.0023286795766395327,solvent_morgan_bit_55,solvent_morgan
46,0.002321721928529716,compound_morgan_bit_46,compound_morgan
129,0.0023196113936560315,compound_morgan_bit_129,compound_morgan
60,0.002297266936620714,compound_morgan_bit_60,compound_morgan
934,0.002291705567008765,compound_morgan_bit_934,compound_morgan
367,0.0022861280732459056,compound_morgan_bit_367,compound_morgan
904,0.0022826176214870925,compound_morgan_bit_904,compound_morgan
882,0.002272721687837382,compound_morgan_bit_882,compound_morgan
610,0.0022701764517203114,compound_morgan_bit_610,compound_morgan
966,0.0022393092228650416,compound_morgan_bit_966,compound_morgan
573,0.0022375847831826996,compound_morgan_bit_573,compound_morgan
722,0.002236878905449939,compound_morgan_bit_722,compound_morgan
544,0.002230761854174427,compound_morgan_bit_544,compound_morgan
402,0.002225935508436161,compound_morgan_bit_402,compound_morgan
953,0.0022194919142258696,compound_morgan_bit_953,compound_morgan
1008,0.0022192024256965414,compound_morgan_bit_1008,compound_morgan
698,0.0022003353533319057,compound_morgan_bit_698,compound_morgan
201,0.002191518376536968,compound_morgan_bit_201,compound_morgan
348,0.0021866534317778754,compound_morgan_bit_348,compound_morgan
307,0.0021855804742847247,compound_morgan_bit_307,compound_morgan
691,0.0021669728051073567,compound_morgan_bit_691,compound_morgan
260,0.00215977931463564,compound_morgan_bit_260,compound_morgan
385,0.0021257085251378373,compound_morgan_bit_385,compound_morgan
1173,0.002109698385663643,compound_fr_NH2,compound_rdkit
32,0.0021065009543941465,compound_morgan_bit_32,compound_morgan
171,0.002103205093552764,compound_morgan_bit_171,compound_morgan
687,0.002095646127414943,compound_morgan_bit_687,compound_morgan
258,0.0020585945476052124,compound_morgan_bit_258,compound_morgan
98,0.0020567213178178984,compound_morgan_bit_98,compound_morgan
1136,0.0020544675830532844,compound_NumAmideBonds,compound_rdkit
2294,0.0020508452479824123,solvent_Chi0,solvent_rdkit
338,0.0020493652605364323,compound_morgan_bit_338,compound_morgan
166,0.002037046178973033,compound_morgan_bit_166,compound_morgan
1170,0.001997610910099873,compound_fr_Imine,compound_rdkit
156,0.0019955799791976335,compound_morgan_bit_156,compound_morgan
535,0.001985728558626534,compound_morgan_bit_535,compound_morgan
95,0.0019364965570748233,compound_morgan_bit_95,compound_morgan
1165,0.0019343248672067442,compound_fr_COO2,compound_rdkit
897,0.0019321785706483954,compound_morgan_bit_897,compound_morgan
921,0.0019116381498222323,compound_morgan_bit_921,compound_morgan
235,0.0018945286715604448,compound_morgan_bit_235,compound_morgan
589,0.0018727712355316283,compound_morgan_bit_589,compound_morgan
436,0.001871287524081399,compound_morgan_bit_436,compound_morgan
901,0.0018652006306707342,compound_morgan_bit_901,compound_morgan
927,0.0018581202753224493,compound_morgan_bit_927,compound_morgan
442,0.0018538709090682819,compound_morgan_bit_442,compound_morgan
978,0.0018481192615729368,compound_morgan_bit_978,compound_morgan
261,0.0018398321857284444,compound_morgan_bit_261,compound_morgan
694,0.0018360690734234343,compound_morgan_bit_694,compound_morgan
540,0.0018228503727612726,compound_morgan_bit_540,compound_morgan
673,0.0018169689564860568,compound_morgan_bit_673,compound_morgan
546,0.0018142221566017516,compound_morgan_bit_546,compound_morgan
751,0.0018038412850859067,compound_morgan_bit_751,compound_morgan
840,0.0017920412268964962,compound_morgan_bit_840,compound_morgan
1389,0.0017566287105131413,solvent_morgan_bit_148,solvent_morgan
363,0.0017516971339982712,compound_morgan_bit_363,compound_morgan
373,0.0017354778508465684,compound_morgan_bit_373,compound_morgan
785,0.001725168451308631,compound_morgan_bit_785,compound_morgan
2332,0.0017251071083502082,solvent_SMR_VSA6,solvent_rdkit
120,0.00170917262078228,compound_morgan_bit_120,compound_morgan
832,0.0017074463761913255,compound_morgan_bit_832,compound_morgan
895,0.0017032975005508311,compound_morgan_bit_895,compound_morgan
269,0.001700208807006466,compound_morgan_bit_269,compound_morgan
157,0.0016930026445836225,compound_morgan_bit_157,compound_morgan
20,0.0016869602862729326,compound_morgan_bit_20,compound_morgan
346,0.0016634064783943162,compound_morgan_bit_346,compound_morgan
827,0.001646188510990019,compound_morgan_bit_827,compound_morgan
797,0.0016296019226470712,compound_morgan_bit_797,compound_morgan
743,0.0016228640780536808,compound_morgan_bit_743,compound_morgan
9,0.0016212223428539068,compound_morgan_bit_9,compound_morgan
2323,0.001615156019806738,solvent_PEOE_VSA7,solvent_rdkit
448,0.0016140544236839989,compound_morgan_bit_448,compound_morgan
342,0.00161174090009544,compound_morgan_bit_342,compound_morgan
811,0.0015864404519311968,compound_morgan_bit_811,compound_morgan
923,0.001579797956662186,compound_morgan_bit_923,compound_morgan
987,0.0015619413842263082,compound_morgan_bit_987,compound_morgan
870,0.0015615335735413116,compound_morgan_bit_870,compound_morgan
371,0.0015501217563238842,compound_morgan_bit_371,compound_morgan
514,0.0015404940839053038,compound_morgan_bit_514,compound_morgan
1737,0.0015183470669350775,solvent_morgan_bit_496,solvent_morgan
308,0.0015114978006570336,compound_morgan_bit_308,compound_morgan
507,0.0015091190758564452,compound_morgan_bit_507,compound_morgan
530,0.0015079226450959542,compound_morgan_bit_530,compound_morgan
82,0.0015065789832081856,compound_morgan_bit_82,compound_morgan
212,0.0014917416372955826,compound_morgan_bit_212,compound_morgan
426,0.001483112203862756,compound_morgan_bit_426,compound_morgan
875,0.001481148792061069,compound_morgan_bit_875,compound_morgan
191,0.0014797456977334153,compound_morgan_bit_191,compound_morgan
689,0.0014720230714385199,compound_morgan_bit_689,compound_morgan
549,0.0014571128944160774,compound_morgan_bit_549,compound_morgan
822,0.0014534729163870387,compound_morgan_bit_822,compound_morgan
1321,0.0014468298091599293,solvent_morgan_bit_80,solvent_morgan
388,0.0014413945764582049,compound_morgan_bit_388,compound_morgan
703,0.0014337391070975542,compound_morgan_bit_703,compound_morgan
475,0.0014294222163243047,compound_morgan_bit_475,compound_morgan
349,0.0014234871569063913,compound_morgan_bit_349,compound_morgan
391,0.001417682305400723,compound_morgan_bit_391,compound_morgan
262,0.0014115667332763636,compound_morgan_bit_262,compound_morgan
805,0.001410704091948487,compound_morgan_bit_805,compound_morgan
116,0.0014099573666777336,compound_morgan_bit_116,compound_morgan
995,0.0014012420014478265,compound_morgan_bit_995,compound_morgan
72,0.001393404044308701,compound_morgan_bit_72,compound_morgan
619,0.0013894581953522542,compound_morgan_bit_619,compound_morgan
940,0.0013883734587352983,compound_morgan_bit_940,compound_morgan
1006,0.0013807672682182434,compound_morgan_bit_1006,compound_morgan
16,0.0013801415869676976,compound_morgan_bit_16,compound_morgan
127,0.0013744656705550276,compound_morgan_bit_127,compound_morgan
655,0.0013668668854855547,compound_morgan_bit_655,compound_morgan
866,0.0013614427244757613,compound_morgan_bit_866,compound_morgan
661,0.0013591442701672508,compound_morgan_bit_661,compound_morgan
1147,0.0013588726518237394,compound_NumSaturatedCarbocycles,compound_rdkit
716,0.001357450682496017,compound_morgan_bit_716,compound_morgan
441,0.0013499410509735816,compound_morgan_bit_441,compound_morgan
554,0.001345183733733393,compound_morgan_bit_554,compound_morgan
11,0.0013383174297284383,compound_morgan_bit_11,compound_morgan
521,0.0013382698827010446,compound_morgan_bit_521,compound_morgan
420,0.0013299131526973652,compound_morgan_bit_420,compound_morgan
627,0.001321491617565123,compound_morgan_bit_627,compound_morgan
1900,0.0013201076945356393,solvent_morgan_bit_659,solvent_morgan
334,0.0013161343498284575,compound_morgan_bit_334,compound_morgan
586,0.0013128102704202038,compound_morgan_bit_586,compound_morgan
868,0.0013122579521910257,compound_morgan_bit_868,compound_morgan
977,0.0013088496180825731,compound_morgan_bit_977,compound_morgan
146,0.0013081785175963283,compound_morgan_bit_146,compound_morgan
993,0.0013080571566363368,compound_morgan_bit_993,compound_morgan
2292,0.0012926191425161875,solvent_BalabanJ,solvent_rdkit
1668,0.0012682655851406317,solvent_morgan_bit_427,solvent_morgan
725,0.0012661704963895122,compound_morgan_bit_725,compound_morgan
208,0.0012535782666814985,compound_morgan_bit_208,compound_morgan
896,0.0012485883894804174,compound_morgan_bit_896,compound_morgan
804,0.0012469533191529659,compound_morgan_bit_804,compound_morgan
225,0.0012445554816804363,compound_morgan_bit_225,compound_morgan
106,0.0012430039016836747,compound_morgan_bit_106,compound_morgan
357,0.0012401526873960158,compound_morgan_bit_357,compound_morgan
944,0.0012217819743019726,compound_morgan_bit_944,compound_morgan
616,0.0012184752206511858,compound_morgan_bit_616,compound_morgan
364,0.0011967829730461263,compound_morgan_bit_364,compound_morgan
2,0.0011808756908676598,compound_morgan_bit_2,compound_morgan
869,0.001180570111127885,compound_morgan_bit_869,compound_morgan
890,0.0011798194097762335,compound_morgan_bit_890,compound_morgan
13,0.0011751869524422127,compound_morgan_bit_13,compound_morgan
791,0.0011646162133298736,compound_morgan_bit_791,compound_morgan
252,0.0011642487738261586,compound_morgan_bit_252,compound_morgan
219,0.0011631271586225195,compound_morgan_bit_219,compound_morgan
54,0.0011625585958422446,compound_morgan_bit_54,compound_morgan
394,0.0011430129679333692,compound_morgan_bit_394,compound_morgan
727,0.0011386283077289645,compound_morgan_bit_727,compound_morgan
1214,0.0011383688647964667,compound_fr_nitro,compound_rdkit
352,0.0011374704482264692,compound_morgan_bit_352,compound_morgan
638,0.0011267705907479632,compound_morgan_bit_638,compound_morgan
676,0.0011247998736454083,compound_morgan_bit_676,compound_morgan
714,0.001111007311214535,compound_morgan_bit_714,compound_morgan
660,0.0011031681720559063,compound_morgan_bit_660,compound_morgan
506,0.001095167473900397,compound_morgan_bit_506,compound_morgan
1020,0.001085301021089552,compound_morgan_bit_1020,compound_morgan
1216,0.0010743406843831843,compound_fr_nitro_arom_nonortho,compound_rdkit
949,0.0010723238281968956,compound_morgan_bit_949,compound_morgan
668,0.0010678683556965493,compound_morgan_bit_668,compound_morgan
81,0.001067197682986706,compound_morgan_bit_81,compound_morgan
640,0.0010543984490673636,compound_morgan_bit_640,compound_morgan
111,0.001051680405781421,compound_morgan_bit_111,compound_morgan
230,0.0010493528480574003,compound_morgan_bit_230,compound_morgan
774,0.0010443695192021603,compound_morgan_bit_774,compound_morgan
145,0.0010343979536364164,compound_morgan_bit_145,compound_morgan
900,0.00103143451536128,compound_morgan_bit_900,compound_morgan
84,0.0010277828295380833,compound_morgan_bit_84,compound_morgan
909,0.001025910739902343,compound_morgan_bit_909,compound_morgan
699,0.001014116259318384,compound_morgan_bit_699,compound_morgan
952,0.0010072233897138094,compound_morgan_bit_952,compound_morgan
809,0.0009933613453605907,compound_morgan_bit_809,compound_morgan
458,0.0009926827947100915,compound_morgan_bit_458,compound_morgan
333,0.0009833756110234216,compound_morgan_bit_333,compound_morgan
478,0.0009819093340824754,compound_morgan_bit_478,compound_morgan
186,0.000970674688279771,compound_morgan_bit_186,compound_morgan
2295,0.0009662718666442734,solvent_Chi0n,solvent_rdkit
177,0.0009619785726003731,compound_morgan_bit_177,compound_morgan
1013,0.0009534286835893034,compound_morgan_bit_1013,compound_morgan
659,0.0009519865050823966,compound_morgan_bit_659,compound_morgan
984,0.0009498901481537884,compound_morgan_bit_984,compound_morgan
750,0.0009477295867280848,compound_morgan_bit_750,compound_morgan
846,0.0009446229986266329,compound_morgan_bit_846,compound_morgan
730,0.0009395371804929066,compound_morgan_bit_730,compound_morgan
1525,0.0009384588058241922,solvent_morgan_bit_284,solvent_morgan
472,0.0009269314522960219,compound_morgan_bit_472,compound_morgan
681,0.0009256264819238364,compound_morgan_bit_681,compound_morgan
423,0.0009235213273405157,compound_morgan_bit_423,compound_morgan
398,0.0009193916297239121,compound_morgan_bit_398,compound_morgan
675,0.0009178519264175846,compound_morgan_bit_675,compound_morgan
581,0.000907409953206686,compound_morgan_bit_581,compound_morgan
422,0.0009074083004449267,compound_morgan_bit_422,compound_morgan
255,0.0009065431163131343,compound_morgan_bit_255,compound_morgan
924,0.0009051906497766947,compound_morgan_bit_924,compound_morgan
701,0.0009017441793032483,compound_morgan_bit_701,compound_morgan
511,0.0008993089971424618,compound_morgan_bit_511,compound_morgan
623,0.0008973479603342163,compound_morgan_bit_623,compound_morgan
216,0.0008673655162025779,compound_morgan_bit_216,compound_morgan
456,0.0008664935056936549,compound_morgan_bit_456,compound_morgan
322,0.0008635433400727029,compound_morgan_bit_322,compound_morgan
622,0.0008627559272253381,compound_morgan_bit_622,compound_morgan
1001,0.0008588740561788302,compound_morgan_bit_1001,compound_morgan
491,0.000848653268040936,compound_morgan_bit_491,compound_morgan
343,0.0008424318823608309,compound_morgan_bit_343,compound_morgan
981,0.0008423928821574588,compound_morgan_bit_981,compound_morgan
696,0.0008414619508686072,compound_morgan_bit_696,compound_morgan
2343,0.0008387279977452837,solvent_SlogP_VSA5,solvent_rdkit
28,0.0008378433937960082,compound_morgan_bit_28,compound_morgan
489,0.0008359006281900033,compound_morgan_bit_489,compound_morgan
393,0.0008329138301894256,compound_morgan_bit_393,compound_morgan
112,0.0008322405271027457,compound_morgan_bit_112,compound_morgan
251,0.0008230853104765611,compound_morgan_bit_251,compound_morgan
790,0.0008191389133397523,compound_morgan_bit_790,compound_morgan
477,0.0008171034247845034,compound_morgan_bit_477,compound_morgan
486,0.0008096901577636562,compound_morgan_bit_486,compound_morgan
781,0.0007993372147833514,compound_morgan_bit_781,compound_morgan
960,0.0007981600547975527,compound_morgan_bit_960,compound_morgan
360,0.0007820033687461639,compound_morgan_bit_360,compound_morgan
168,0.0007737385006942369,compound_morgan_bit_168,compound_morgan
149,0.0007701980352772869,compound_morgan_bit_149,compound_morgan
197,0.000765897199339828,compound_morgan_bit_197,compound_morgan
979,0.0007623397749644681,compound_morgan_bit_979,compound_morgan
38,0.000759130617415915,compound_morgan_bit_38,compound_morgan
439,0.0007568177484666424,compound_morgan_bit_439,compound_morgan
174,0.0007555684740515824,compound_morgan_bit_174,compound_morgan
410,0.0007537306324552951,compound_morgan_bit_410,compound_morgan
108,0.000747248776310893,compound_morgan_bit_108,compound_morgan
300,0.0007403768160983402,compound_morgan_bit_300,compound_morgan
42,0.0007390086009662715,compound_morgan_bit_42,compound_morgan
712,0.0007378087934772243,compound_morgan_bit_712,compound_morgan
275,0.0007321405330248327,compound_morgan_bit_275,compound_morgan
792,0.0007305021925326124,compound_morgan_bit_792,compound_morgan
384,0.0007275733366352656,compound_morgan_bit_384,compound_morgan
317,0.000727318609625617,compound_morgan_bit_317,compound_morgan
405,0.0007160610671410872,compound_morgan_bit_405,compound_morgan
206,0.0007146937919326155,compound_morgan_bit_206,compound_morgan
181,0.0007123355955408418,compound_morgan_bit_181,compound_morgan
711,0.000709648195399931,compound_morgan_bit_711,compound_morgan
165,0.0007025518509473265,compound_morgan_bit_165,compound_morgan
1769,0.0007004962978133614,solvent_morgan_bit_528,solvent_morgan
125,0.0006972180135988642,compound_morgan_bit_125,compound_morgan
284,0.000687357130571977,compound_morgan_bit_284,compound_morgan
1176,0.0006780747156309136,compound_fr_Ndealkylation2,compound_rdkit
47,0.0006733254224698789,compound_morgan_bit_47,compound_morgan
523,0.0006714313575290194,compound_morgan_bit_523,compound_morgan
601,0.0006691069741907249,compound_morgan_bit_601,compound_morgan
1891,0.0006681004473981196,solvent_morgan_bit_650,solvent_morgan
324,0.0006635040905262925,compound_morgan_bit_324,compound_morgan
961,0.0006604112481090851,compound_morgan_bit_961,compound_morgan
457,0.0006538329983615973,compound_morgan_bit_457,compound_morgan
10,0.0006520167901603581,compound_morgan_bit_10,compound_morgan
651,0.00064057416553165,compound_morgan_bit_651,compound_morgan
231,0.0006367918430291134,compound_morgan_bit_231,compound_morgan
147,0.0006350422493803235,compound_morgan_bit_147,compound_morgan
578,0.0006275543894880065,compound_morgan_bit_578,compound_morgan
710,0.0006155934987483252,compound_morgan_bit_710,compound_morgan
531,0.0006152150925496459,compound_morgan_bit_531,compound_morgan
375,0.000601337861122514,compound_morgan_bit_375,compound_morgan
337,0.0005893730859940823,compound_morgan_bit_337,compound_morgan
756,0.0005890967576534683,compound_morgan_bit_756,compound_morgan
561,0.000585052404426161,compound_morgan_bit_561,compound_morgan
595,0.0005812988684388036,compound_morgan_bit_595,compound_morgan
115,0.0005801375031738173,compound_morgan_bit_115,compound_morgan
678,0.0005781315716342208,compound_morgan_bit_678,compound_morgan
916,0.0005752683103899347,compound_morgan_bit_916,compound_morgan
877,0.0005625542785140783,compound_morgan_bit_877,compound_morgan
479,0.0005625449285710209,compound_morgan_bit_479,compound_morgan
860,0.0005513454599340318,compound_morgan_bit_860,compound_morgan
265,0.0005464053741043322,compound_morgan_bit_265,compound_morgan
21,0.0005452618972324276,compound_morgan_bit_21,compound_morgan
354,0.0005436243519184988,compound_morgan_bit_354,compound_morgan
998,0.000543605345346727,compound_morgan_bit_998,compound_morgan
739,0.0005424319857063072,compound_morgan_bit_739,compound_morgan
49,0.0005321096058295109,compound_morgan_bit_49,compound_morgan
94,0.0005314857502247071,compound_morgan_bit_94,compound_morgan
183,0.0005311721435929132,compound_morgan_bit_183,compound_morgan
975,0.0005266918995089052,compound_morgan_bit_975,compound_morgan
742,0.0005264372005511465,compound_morgan_bit_742,compound_morgan
1238,0.0005239926361226135,compound_fr_thiophene,compound_rdkit
311,0.0005115383563648544,compound_morgan_bit_311,compound_morgan
1017,0.0005114405274375758,compound_morgan_bit_1017,compound_morgan
257,0.0005088615361337441,compound_morgan_bit_257,compound_morgan
415,0.0005011541065805354,compound_morgan_bit_415,compound_morgan
233,0.0004975457071839659,compound_morgan_bit_233,compound_morgan
353,0.000495513363845627,compound_morgan_bit_353,compound_morgan
654,0.0004909313419970841,compound_morgan_bit_654,compound_morgan
318,0.0004891500804318576,compound_morgan_bit_318,compound_morgan
236,0.00047617316010745706,compound_morgan_bit_236,compound_morgan
515,0.00047130104415412245,compound_morgan_bit_515,compound_morgan
445,0.00045848948055395456,compound_morgan_bit_445,compound_morgan
780,0.0004550029742602375,compound_morgan_bit_780,compound_morgan
2273,0.00045338299627271955,solvent_ExactMolWt,solvent_rdkit
920,0.00044918314346463695,compound_morgan_bit_920,compound_morgan
66,0.0004408635308395905,compound_morgan_bit_66,compound_morgan
377,0.00043975953488533835,compound_morgan_bit_377,compound_morgan
3,0.0004385823603449822,compound_morgan_bit_3,compound_morgan
465,0.0004347658653749289,compound_morgan_bit_465,compound_morgan
332,0.0004345640068466807,compound_morgan_bit_332,compound_morgan
553,0.00042963390804801906,compound_morgan_bit_553,compound_morgan
155,0.0004252152550888683,compound_morgan_bit_155,compound_morgan
256,0.00042376366925513386,compound_morgan_bit_256,compound_morgan
745,0.0004216285764911855,compound_morgan_bit_745,compound_morgan
950,0.00042100256014765647,compound_morgan_bit_950,compound_morgan
326,0.0004174440230181218,compound_morgan_bit_326,compound_morgan
878,0.0004172856130041596,compound_morgan_bit_878,compound_morgan
605,0.0004149169872227935,compound_morgan_bit_605,compound_morgan
592,0.00041396220326478367,compound_morgan_bit_592,compound_morgan
777,0.00040944551428780953,compound_morgan_bit_777,compound_morgan
217,0.0004091778859008192,compound_morgan_bit_217,compound_morgan
8,0.0004090546813739252,compound_morgan_bit_8,compound_morgan
358,0.0004059913781004893,compound_morgan_bit_358,compound_morgan
1613,0.00040498732526500063,solvent_morgan_bit_372,solvent_morgan
419,0.0004045157463281837,compound_morgan_bit_419,compound_morgan
1011,0.0004017435078773798,compound_morgan_bit_1011,compound_morgan
35,0.00040081350629329367,compound_morgan_bit_35,compound_morgan
899,0.00039516640318364545,compound_morgan_bit_899,compound_morgan
937,0.00039437177203845386,compound_morgan_bit_937,compound_morgan
500,0.00039080576887282135,compound_morgan_bit_500,compound_morgan
958,0.00039059655795862136,compound_morgan_bit_958,compound_morgan
669,0.00038968555558110713,compound_morgan_bit_669,compound_morgan
665,0.0003875058864314969,compound_morgan_bit_665,compound_morgan
99,0.0003822080155090293,compound_morgan_bit_99,compound_morgan
762,0.0003799042968914255,compound_morgan_bit_762,compound_morgan
706,0.0003793693439779148,compound_morgan_bit_706,compound_morgan
865,0.000378962935438045,compound_morgan_bit_865,compound_morgan
755,0.00037606381820094406,compound_morgan_bit_755,compound_morgan
1009,0.00037549806940691434,compound_morgan_bit_1009,compound_morgan
906,0.00037499126890658285,compound_morgan_bit_906,compound_morgan
240,0.0003718543827979486,compound_morgan_bit_240,compound_morgan
104,0.0003704965044688347,compound_morgan_bit_104,compound_morgan
1990,0.00036969256921647503,solvent_morgan_bit_749,solvent_morgan
2360,0.00036185547628279045,solvent_VSA_EState1,solvent_rdkit
2358,0.00035897775449064695,solvent_EState_VSA8,solvent_rdkit
757,0.00035834413246269264,compound_morgan_bit_757,compound_morgan
917,0.00035575024190434204,compound_morgan_bit_917,compound_morgan
481,0.00035505663467975073,compound_morgan_bit_481,compound_morgan
734,0.0003523263525173991,compound_morgan_bit_734,compound_morgan
786,0.0003491975022263478,compound_morgan_bit_786,compound_morgan
968,0.00034196931996898237,compound_morgan_bit_968,compound_morgan
662,0.00033974525719519377,compound_morgan_bit_662,compound_morgan
327,0.0003377916721946637,compound_morgan_bit_327,compound_morgan
903,0.0003348091316272472,compound_morgan_bit_903,compound_morgan
232,0.0003346686633744676,compound_morgan_bit_232,compound_morgan
838,0.0003264988793130331,compound_morgan_bit_838,compound_morgan
163,0.0003263735895713127,compound_morgan_bit_163,compound_morgan
2291,0.00032532537128660867,solvent_AvgIpc,solvent_rdkit
136,0.00032278031836649164,compound_morgan_bit_136,compound_morgan
1207,0.0003224732978992694,compound_fr_ketone,compound_rdkit
766,0.0003191555772973823,compound_morgan_bit_766,compound_morgan
2349,0.00031835807119124293,solvent_EState_VSA1,solvent_rdkit
798,0.0003180342859565678,compound_morgan_bit_798,compound_morgan
280,0.0003142966181833324,compound_morgan_bit_280,compound_morgan
421,0.0003129725397136496,compound_morgan_bit_421,compound_morgan
621,0.00031160295604375915,compound_morgan_bit_621,compound_morgan
728,0.0003112542109996648,compound_morgan_bit_728,compound_morgan
226,0.000299522304170766,compound_morgan_bit_226,compound_morgan
243,0.0002975855968576754,compound_morgan_bit_243,compound_morgan
355,0.00029664738653237656,compound_morgan_bit_355,compound_morgan
912,0.0002935678484470538,compound_morgan_bit_912,compound_morgan
560,0.0002883467315554391,compound_morgan_bit_560,compound_morgan
556,0.00028811158369994024,compound_morgan_bit_556,compound_morgan
693,0.00028800768229637034,compound_morgan_bit_693,compound_morgan
973,0.000287486479747503,compound_morgan_bit_973,compound_morgan
418,0.00028745824296912885,compound_morgan_bit_418,compound_morgan
892,0.00028610112534589266,compound_morgan_bit_892,compound_morgan
624,0.00028535390358555595,compound_morgan_bit_624,compound_morgan
657,0.00028420398115384997,compound_morgan_bit_657,compound_morgan
528,0.0002839492589014417,compound_morgan_bit_528,compound_morgan
871,0.00028092703022275235,compound_morgan_bit_871,compound_morgan
176,0.00027838852992931816,compound_morgan_bit_176,compound_morgan
941,0.00027746802490427456,compound_morgan_bit_941,compound_morgan
580,0.00027643876362496957,compound_morgan_bit_580,compound_morgan
843,0.0002754031065825641,compound_morgan_bit_843,compound_morgan
848,0.0002734249329374035,compound_morgan_bit_848,compound_morgan
224,0.00027323789482027616,compound_morgan_bit_224,compound_morgan
697,0.0002723526189739404,compound_morgan_bit_697,compound_morgan
520,0.00027033769060548154,compound_morgan_bit_520,compound_morgan
223,0.00026894149326213884,compound_morgan_bit_223,compound_morgan
454,0.00026852632318046264,compound_morgan_bit_454,compound_morgan
249,0.0002675184138237626,compound_morgan_bit_249,compound_morgan
2090,0.00026696271059336153,solvent_morgan_bit_849,solvent_morgan
837,0.00026662578514745317,compound_morgan_bit_837,compound_morgan
850,0.00026355540898791315,compound_morgan_bit_850,compound_morgan
290,0.0002619267088081489,compound_morgan_bit_290,compound_morgan
403,0.00026156480206635804,compound_morgan_bit_403,compound_morgan
724,0.000256379251548066,compound_morgan_bit_724,compound_morgan
2155,0.0002553148963286527,solvent_morgan_bit_914,solvent_morgan
282,0.0002552804419856407,compound_morgan_bit_282,compound_morgan
310,0.00025426199079999477,compound_morgan_bit_310,compound_morgan
768,0.0002542206243478542,compound_morgan_bit_768,compound_morgan
686,0.00025397653971081943,compound_morgan_bit_686,compound_morgan
462,0.0002490022557247315,compound_morgan_bit_462,compound_morgan
159,0.0002436591792042252,compound_morgan_bit_159,compound_morgan
270,0.00024019221660994978,compound_morgan_bit_270,compound_morgan
2312,0.00023998236127195757,solvent_PEOE_VSA1,solvent_rdkit
1435,0.00023965469414256833,solvent_morgan_bit_194,solvent_morgan
85,0.00023812571929520952,compound_morgan_bit_85,compound_morgan
1018,0.00023696557472909795,compound_morgan_bit_1018,compound_morgan
653,0.00023682022457305568,compound_morgan_bit_653,compound_morgan
991,0.0002367640995921993,compound_morgan_bit_991,compound_morgan
79,0.00023601890389626437,compound_morgan_bit_79,compound_morgan
677,0.00023361920353294347,compound_morgan_bit_677,compound_morgan
532,0.0002327402124980377,compound_morgan_bit_532,compound_morgan
667,0.00022960368972538468,compound_morgan_bit_667,compound_morgan
867,0.0002294018375513183,compound_morgan_bit_867,compound_morgan
692,0.00022899479489837195,compound_morgan_bit_692,compound_morgan
12,0.00022770875931690587,compound_morgan_bit_12,compound_morgan
516,0.00022715129880997005,compound_morgan_bit_516,compound_morgan
297,0.00022677511756873442,compound_morgan_bit_297,compound_morgan
412,0.0002257833002808274,compound_morgan_bit_412,compound_morgan
859,0.00022345552540336473,compound_morgan_bit_859,compound_morgan
432,0.00022279980585464626,compound_morgan_bit_432,compound_morgan
965,0.0002185130887729374,compound_morgan_bit_965,compound_morgan
563,0.00021779398102652613,compound_morgan_bit_563,compound_morgan
122,0.00021753383218062024,compound_morgan_bit_122,compound_morgan
985,0.00021417296191818735,compound_morgan_bit_985,compound_morgan
496,0.00021333353595500128,compound_morgan_bit_496,compound_morgan
1779,0.00021155272488286727,solvent_morgan_bit_538,solvent_morgan
194,0.00021150320144707258,compound_morgan_bit_194,compound_morgan
567,0.0002112083998309752,compound_morgan_bit_567,compound_morgan
599,0.0002105206198141856,compound_morgan_bit_599,compound_morgan
372,0.0002101840373689875,compound_morgan_bit_372,compound_morgan
670,0.0002080305372379744,compound_morgan_bit_670,compound_morgan
434,0.00020760876716064336,compound_morgan_bit_434,compound_morgan
309,0.00020727992092998542,compound_morgan_bit_309,compound_morgan
395,0.00020717640817324764,compound_morgan_bit_395,compound_morgan
167,0.00020679715925302233,compound_morgan_bit_167,compound_morgan
435,0.00020665606037558376,compound_morgan_bit_435,compound_morgan
704,0.00020076023537365071,compound_morgan_bit_704,compound_morgan
160,0.00019944874464707647,compound_morgan_bit_160,compound_morgan
990,0.00019889803835997782,compound_morgan_bit_990,compound_morgan
1326,0.00019390551025888933,solvent_morgan_bit_85,solvent_morgan
368,0.00019313791105085904,compound_morgan_bit_368,compound_morgan
889,0.00019106931461177468,compound_morgan_bit_889,compound_morgan
91,0.00019025275126770288,compound_morgan_bit_91,compound_morgan
365,0.0001892382265951034,compound_morgan_bit_365,compound_morgan
620,0.00018686306923548253,compound_morgan_bit_620,compound_morgan
969,0.00018589504416417603,compound_morgan_bit_969,compound_morgan
119,0.000183221263643148,compound_morgan_bit_119,compound_morgan
196,0.0001819730088916716,compound_morgan_bit_196,compound_morgan
382,0.0001813809333173738,compound_morgan_bit_382,compound_morgan
568,0.00017694275553429455,compound_morgan_bit_568,compound_morgan
671,0.00017452865356863472,compound_morgan_bit_671,compound_morgan
874,0.00017353433329596042,compound_morgan_bit_874,compound_morgan
273,0.00017350419292512005,compound_morgan_bit_273,compound_morgan
702,0.00017323990343185846,compound_morgan_bit_702,compound_morgan
498,0.00017288227532316156,compound_morgan_bit_498,compound_morgan
336,0.00017232529683928408,compound_morgan_bit_336,compound_morgan
847,0.00017053618006264936,compound_morgan_bit_847,compound_morgan
380,0.00017043653570123624,compound_morgan_bit_380,compound_morgan
562,0.00016915356895980092,compound_morgan_bit_562,compound_morgan
37,0.0001661027639976934,compound_morgan_bit_37,compound_morgan
772,0.00016602119023896851,compound_morgan_bit_772,compound_morgan
735,0.00016263320554136377,compound_morgan_bit_735,compound_morgan
732,0.00016218280779898303,compound_morgan_bit_732,compound_morgan
469,0.00016086151516443104,compound_morgan_bit_469,compound_morgan
753,0.00016049000091519137,compound_morgan_bit_753,compound_morgan
369,0.00016014518661640432,compound_morgan_bit_369,compound_morgan
222,0.00015887070426684553,compound_morgan_bit_222,compound_morgan
5,0.0001579261070234762,compound_morgan_bit_5,compound_morgan
2048,0.0001552460252722272,solvent_morgan_bit_807,solvent_morgan
519,0.0001541781232734715,compound_morgan_bit_519,compound_morgan
997,0.00015416622216590328,compound_morgan_bit_997,compound_morgan
996,0.00015245799011111538,compound_morgan_bit_996,compound_morgan
131,0.00015191745475706006,compound_morgan_bit_131,compound_morgan
559,0.00015060244505960303,compound_morgan_bit_559,compound_morgan
817,0.00014911741727234728,compound_morgan_bit_817,compound_morgan
295,0.00014874755816167795,compound_morgan_bit_295,compound_morgan
65,0.00014760721766172996,compound_morgan_bit_65,compound_morgan
31,0.0001465522122695499,compound_morgan_bit_31,compound_morgan
834,0.00014559562479217467,compound_morgan_bit_834,compound_morgan
158,0.0001440912114994098,compound_morgan_bit_158,compound_morgan
401,0.0001416567161670219,compound_morgan_bit_401,compound_morgan
1234,0.00014159846378532142,compound_fr_term_acetylene,compound_rdkit
615,0.00014148921007352716,compound_morgan_bit_615,compound_morgan
1015,0.00013683071773913172,compound_morgan_bit_1015,compound_morgan
26,0.00013280120731602995,compound_morgan_bit_26,compound_morgan
557,0.00013084854824920258,compound_morgan_bit_557,compound_morgan
25,0.0001294520617204367,compound_morgan_bit_25,compound_morgan
1215,0.00012900006410100648,compound_fr_nitro_arom,compound_rdkit
536,0.0001288535755274938,compound_morgan_bit_536,compound_morgan
863,0.00012876730946561238,compound_morgan_bit_863,compound_morgan
948,0.00012749026582474835,compound_morgan_bit_948,compound_morgan
23,0.0001273469267359288,compound_morgan_bit_23,compound_morgan
597,0.00012276397442144668,compound_morgan_bit_597,compound_morgan
126,0.00012157421302322476,compound_morgan_bit_126,compound_morgan
44,0.000120004497305665,compound_morgan_bit_44,compound_morgan
245,0.00011786197968629288,compound_morgan_bit_245,compound_morgan
759,0.00011696429187247858,compound_morgan_bit_759,compound_morgan
2308,0.00011460888243910181,solvent_Kappa1,solvent_rdkit
637,0.00011360562939801786,compound_morgan_bit_637,compound_morgan
852,0.0001133122304307682,compound_morgan_bit_852,compound_morgan
299,0.00011321769386000539,compound_morgan_bit_299,compound_morgan
888,0.00011247635163311076,compound_morgan_bit_888,compound_morgan
14,0.00011183321375238622,compound_morgan_bit_14,compound_morgan
190,0.00010957230312319908,compound_morgan_bit_190,compound_morgan
733,0.0001080236851902384,compound_morgan_bit_733,compound_morgan
302,0.00010608402285804479,compound_morgan_bit_302,compound_morgan
406,0.00010333066150023934,compound_morgan_bit_406,compound_morgan
729,0.0001032404052033925,compound_morgan_bit_729,compound_morgan
144,0.00010289128611817494,compound_morgan_bit_144,compound_morgan
945,0.000102466180759908,compound_morgan_bit_945,compound_morgan
1444,0.00010239200059595143,solvent_morgan_bit_203,solvent_morgan
476,0.00010209303840694589,compound_morgan_bit_476,compound_morgan
789,0.00010065772860464201,compound_morgan_bit_789,compound_morgan
296,9.9326389486395e-05,compound_morgan_bit_296,compound_morgan
329,9.863756140460185e-05,compound_morgan_bit_329,compound_morgan
988,9.825167968410534e-05,compound_morgan_bit_988,compound_morgan
534,9.656737763514272e-05,compound_morgan_bit_534,compound_morgan
788,9.655675318482159e-05,compound_morgan_bit_788,compound_morgan
304,9.563366740652952e-05,compound_morgan_bit_304,compound_morgan
2368,9.547006798277285e-05,solvent_VSA_EState8,solvent_rdkit
955,9.194546474607036e-05,compound_morgan_bit_955,compound_morgan
253,8.990332284747247e-05,compound_morgan_bit_253,compound_morgan
971,8.938999400318905e-05,compound_morgan_bit_971,compound_morgan
2298,8.790960511029498e-05,solvent_Chi1n,solvent_rdkit
97,8.548437031413817e-05,compound_morgan_bit_97,compound_morgan
830,8.164833533641309e-05,compound_morgan_bit_830,compound_morgan
566,8.000767671927683e-05,compound_morgan_bit_566,compound_morgan
130,7.943311577907717e-05,compound_morgan_bit_130,compound_morgan
27,7.750276827380756e-05,compound_morgan_bit_27,compound_morgan
793,7.706877344405342e-05,compound_morgan_bit_793,compound_morgan
447,7.684304498637984e-05,compound_morgan_bit_447,compound_morgan
416,7.610098468776569e-05,compound_morgan_bit_416,compound_morgan
450,7.606982634577977e-05,compound_morgan_bit_450,compound_morgan
34,7.533853376497825e-05,compound_morgan_bit_34,compound_morgan
1796,7.529324648452084e-05,solvent_morgan_bit_555,solvent_morgan
118,7.344882026101804e-05,compound_morgan_bit_118,compound_morgan
719,7.308760163638916e-05,compound_morgan_bit_719,compound_morgan
763,7.194142045381537e-05,compound_morgan_bit_763,compound_morgan
1158,6.988451595748511e-05,compound_fr_Al_OH_noTert,compound_rdkit
409,6.974212176805267e-05,compound_morgan_bit_409,compound_morgan
663,6.939423830772243e-05,compound_morgan_bit_663,compound_morgan
2383,6.753126152873916e-05,solvent_NumHAcceptors,solvent_rdkit
632,6.689760450405064e-05,compound_morgan_bit_632,compound_morgan
211,6.609901013728411e-05,compound_morgan_bit_211,compound_morgan
443,6.389178626736055e-05,compound_morgan_bit_443,compound_morgan
2306,6.377651538424931e-05,solvent_HallKierAlpha,solvent_rdkit
124,6.36226358147125e-05,compound_morgan_bit_124,compound_morgan
964,6.350661950329176e-05,compound_morgan_bit_964,compound_morgan
600,6.332908237966018e-05,compound_morgan_bit_600,compound_morgan
604,6.22079001802307e-05,compound_morgan_bit_604,compound_morgan
400,6.2192769210714e-05,compound_morgan_bit_400,compound_morgan
602,6.099831949820967e-05,compound_morgan_bit_602,compound_morgan
404,6.0878723650090225e-05,compound_morgan_bit_404,compound_morgan
202,6.07037170129454e-05,compound_morgan_bit_202,compound_morgan
814,5.909001652716509e-05,compound_morgan_bit_814,compound_morgan
137,5.8761960882782984e-05,compound_morgan_bit_137,compound_morgan
857,5.866737995293222e-05,compound_morgan_bit_857,compound_morgan
819,5.823532507444418e-05,compound_morgan_bit_819,compound_morgan
812,5.6018291260653106e-05,compound_morgan_bit_812,compound_morgan
919,5.521250855932357e-05,compound_morgan_bit_919,compound_morgan
215,5.206783098238259e-05,compound_morgan_bit_215,compound_morgan
723,5.2050050447792345e-05,compound_morgan_bit_723,compound_morgan
504,5.1383365372381926e-05,compound_morgan_bit_504,compound_morgan
484,5.048500713043642e-05,compound_morgan_bit_484,compound_morgan
286,4.994610119158299e-05,compound_morgan_bit_286,compound_morgan
835,4.9843726491316226e-05,compound_morgan_bit_835,compound_morgan
773,4.877243990737261e-05,compound_morgan_bit_773,compound_morgan
52,4.828754230651161e-05,compound_morgan_bit_52,compound_morgan
494,4.5732797891074204e-05,compound_morgan_bit_494,compound_morgan
527,4.546395629225498e-05,compound_morgan_bit_527,compound_morgan
914,4.53083605841837e-05,compound_morgan_bit_914,compound_morgan
813,4.39223142302972e-05,compound_morgan_bit_813,compound_morgan
666,4.324833297943821e-05,compound_morgan_bit_666,compound_morgan
908,4.285003727440758e-05,compound_morgan_bit_908,compound_morgan
713,3.94481181156619e-05,compound_morgan_bit_713,compound_morgan
2290,3.746907817640801e-05,solvent_BCUT2D_MRLOW,solvent_rdkit
976,3.674418141226636e-05,compound_morgan_bit_976,compound_morgan
76,3.6353896204486717e-05,compound_morgan_bit_76,compound_morgan
930,3.516180117034484e-05,compound_morgan_bit_930,compound_morgan
306,3.4821963909830356e-05,compound_morgan_bit_306,compound_morgan
957,3.261901504901421e-05,compound_morgan_bit_957,compound_morgan
73,3.1680560725642596e-05,compound_morgan_bit_73,compound_morgan
954,3.111300293607915e-05,compound_morgan_bit_954,compound_morgan
50,3.085712982718753e-05,compound_morgan_bit_50,compound_morgan
335,2.5070774330136674e-05,compound_morgan_bit_335,compound_morgan
303,2.3894584013853606e-05,compound_morgan_bit_303,compound_morgan
1592,2.389218038819629e-05,solvent_morgan_bit_351,solvent_morgan
209,2.3364805836334e-05,compound_morgan_bit_209,compound_morgan
162,2.3198838039245638e-05,compound_morgan_bit_162,compound_morgan
731,2.3178491159591e-05,compound_morgan_bit_731,compound_morgan
88,2.3158860562516488e-05,compound_morgan_bit_88,compound_morgan
123,2.2886535942576374e-05,compound_morgan_bit_123,compound_morgan
1002,2.1143167107525226e-05,compound_morgan_bit_1002,compound_morgan
93,2.0207393892446703e-05,compound_morgan_bit_93,compound_morgan
705,1.9195352986602474e-05,compound_morgan_bit_705,compound_morgan
229,1.8379368260104822e-05,compound_morgan_bit_229,compound_morgan
815,1.690705785424345e-05,compound_morgan_bit_815,compound_morgan
464,1.6484336192039556e-05,compound_morgan_bit_464,compound_morgan
288,1.2935833909954782e-05,compound_morgan_bit_288,compound_morgan
267,9.62183127576748e-06,compound_morgan_bit_267,compound_morgan
362,7.184156021162966e-06,compound_morgan_bit_362,compound_morgan
688,6.648716335204772e-06,compound_morgan_bit_688,compound_morgan
213,5.359649895760032e-06,compound_morgan_bit_213,compound_morgan
947,3.931422351708269e-06,compound_morgan_bit_947,compound_morgan
999,1.5024560023324055e-06,compound_morgan_bit_999,compound_morgan
381,1.2830542939024557e-06,compound_morgan_bit_381,compound_morgan
312,7.571321394708421e-07,compound_morgan_bit_312,compound_morgan
1944,0.0,solvent_morgan_bit_703,solvent_morgan
1940,0.0,solvent_morgan_bit_699,solvent_morgan
1945,0.0,solvent_morgan_bit_704,solvent_morgan
1994,0.0,solvent_morgan_bit_753,solvent_morgan
1943,0.0,solvent_morgan_bit_702,solvent_morgan
1996,0.0,solvent_morgan_bit_755,solvent_morgan
1997,0.0,solvent_morgan_bit_756,solvent_morgan
1998,0.0,solvent_morgan_bit_757,solvent_morgan
1999,0.0,solvent_morgan_bit_758,solvent_morgan
1942,0.0,solvent_morgan_bit_701,solvent_morgan
1941,0.0,solvent_morgan_bit_700,solvent_morgan
2000,0.0,solvent_morgan_bit_759,solvent_morgan
1973,0.0,solvent_morgan_bit_732,solvent_morgan
1972,0.0,solvent_morgan_bit_731,solvent_morgan
1971,0.0,solvent_morgan_bit_730,solvent_morgan
1970,0.0,solvent_morgan_bit_729,solvent_morgan
1985,0.0,solvent_morgan_bit_744,solvent_morgan
1984,0.0,solvent_morgan_bit_743,solvent_morgan
1983,0.0,solvent_morgan_bit_742,solvent_morgan
1982,0.0,solvent_morgan_bit_741,solvent_morgan
1981,0.0,solvent_morgan_bit_740,solvent_morgan
1989,0.0,solvent_morgan_bit_748,solvent_morgan
1979,0.0,solvent_morgan_bit_738,solvent_morgan
1978,0.0,solvent_morgan_bit_737,solvent_morgan
1993,0.0,solvent_morgan_bit_752,solvent_morgan
1992,0.0,solvent_morgan_bit_751,solvent_morgan
1991,0.0,solvent_morgan_bit_750,solvent_morgan
1939,0.0,solvent_morgan_bit_698,solvent_morgan
1988,0.0,solvent_morgan_bit_747,solvent_morgan
1987,0.0,solvent_morgan_bit_746,solvent_morgan
1986,0.0,solvent_morgan_bit_745,solvent_morgan
2001,0.0,solvent_morgan_bit_760,solvent_morgan
1980,0.0,solvent_morgan_bit_739,solvent_morgan
1964,0.0,solvent_morgan_bit_723,solvent_morgan
1963,0.0,solvent_morgan_bit_722,solvent_morgan
1962,0.0,solvent_morgan_bit_721,solvent_morgan
1913,0.0,solvent_morgan_bit_672,solvent_morgan
1912,0.0,solvent_morgan_bit_671,solvent_morgan
1911,0.0,solvent_morgan_bit_670,solvent_morgan
1910,0.0,solvent_morgan_bit_669,solvent_morgan
1909,0.0,solvent_morgan_bit_668,solvent_morgan
1908,0.0,solvent_morgan_bit_667,solvent_morgan
1907,0.0,solvent_morgan_bit_666,solvent_morgan
1952,0.0,solvent_morgan_bit_711,solvent_morgan
1921,0.0,solvent_morgan_bit_680,solvent_morgan
1920,0.0,solvent_morgan_bit_679,solvent_morgan
1919,0.0,solvent_morgan_bit_678,solvent_morgan
1918,0.0,solvent_morgan_bit_677,solvent_morgan
1917,0.0,solvent_morgan_bit_676,solvent_morgan
1916,0.0,solvent_morgan_bit_675,solvent_morgan
1915,0.0,solvent_morgan_bit_674,solvent_morgan
1914,0.0,solvent_morgan_bit_673,solvent_morgan
1929,0.0,solvent_morgan_bit_688,solvent_morgan
1928,0.0,solvent_morgan_bit_687,solvent_morgan
1906,0.0,solvent_morgan_bit_665,solvent_morgan
1938,0.0,solvent_morgan_bit_697,solvent_morgan
1953,0.0,solvent_morgan_bit_712,solvent_morgan
1974,0.0,solvent_morgan_bit_733,solvent_morgan
1951,0.0,solvent_morgan_bit_710,solvent_morgan
1950,0.0,solvent_morgan_bit_709,solvent_morgan
1949,0.0,solvent_morgan_bit_708,solvent_morgan
1948,0.0,solvent_morgan_bit_707,solvent_morgan
1947,0.0,solvent_morgan_bit_706,solvent_morgan
1946,0.0,solvent_morgan_bit_705,solvent_morgan
1961,0.0,solvent_morgan_bit_720,solvent_morgan
1965,0.0,solvent_morgan_bit_724,solvent_morgan
1959,0.0,solvent_morgan_bit_718,solvent_morgan
1958,0.0,solvent_morgan_bit_717,solvent_morgan
1957,0.0,solvent_morgan_bit_716,solvent_morgan
1956,0.0,solvent_morgan_bit_715,solvent_morgan
1955,0.0,solvent_morgan_bit_714,solvent_morgan
1954,0.0,solvent_morgan_bit_713,solvent_morgan
1969,0.0,solvent_morgan_bit_728,solvent_morgan
1968,0.0,solvent_morgan_bit_727,solvent_morgan
1967,0.0,solvent_morgan_bit_726,solvent_morgan
1966,0.0,solvent_morgan_bit_725,solvent_morgan
1960,0.0,solvent_morgan_bit_719,solvent_morgan
2094,0.0,solvent_morgan_bit_853,solvent_morgan
2093,0.0,solvent_morgan_bit_852,solvent_morgan
2092,0.0,solvent_morgan_bit_851,solvent_morgan
2091,0.0,solvent_morgan_bit_850,solvent_morgan
2040,0.0,solvent_morgan_bit_799,solvent_morgan
2039,0.0,solvent_morgan_bit_798,solvent_morgan
2038,0.0,solvent_morgan_bit_797,solvent_morgan
2037,0.0,solvent_morgan_bit_796,solvent_morgan
2036,0.0,solvent_morgan_bit_795,solvent_morgan
2035,0.0,solvent_morgan_bit_794,solvent_morgan
2026,0.0,solvent_morgan_bit_785,solvent_morgan
2049,0.0,solvent_morgan_bit_808,solvent_morgan
2047,0.0,solvent_morgan_bit_806,solvent_morgan
2046,0.0,solvent_morgan_bit_805,solvent_morgan
2045,0.0,solvent_morgan_bit_804,solvent_morgan
2044,0.0,solvent_morgan_bit_803,solvent_morgan
2043,0.0,solvent_morgan_bit_802,solvent_morgan
2042,0.0,solvent_morgan_bit_801,solvent_morgan
2057,0.0,solvent_morgan_bit_816,solvent_morgan
2056,0.0,solvent_morgan_bit_815,solvent_morgan
2055,0.0,solvent_morgan_bit_814,solvent_morgan
2054,0.0,solvent_morgan_bit_813,solvent_morgan
2034,0.0,solvent_morgan_bit_793,solvent_morgan
2069,0.0,solvent_morgan_bit_828,solvent_morgan
2068,0.0,solvent_morgan_bit_827,solvent_morgan
2067,0.0,solvent_morgan_bit_826,solvent_morgan
2066,0.0,solvent_morgan_bit_825,solvent_morgan
2081,0.0,solvent_morgan_bit_840,solvent_morgan
2080,0.0,solvent_morgan_bit_839,solvent_morgan
2079,0.0,solvent_morgan_bit_838,solvent_morgan
2078,0.0,solvent_morgan_bit_837,solvent_morgan
2077,0.0,solvent_morgan_bit_836,solvent_morgan
2076,0.0,solvent_morgan_bit_835,solvent_morgan
2095,0.0,solvent_morgan_bit_854,solvent_morgan
2074,0.0,solvent_morgan_bit_833,solvent_morgan
2089,0.0,solvent_morgan_bit_848,solvent_morgan
2088,0.0,solvent_morgan_bit_847,solvent_morgan
2087,0.0,solvent_morgan_bit_846,solvent_morgan
2086,0.0,solvent_morgan_bit_845,solvent_morgan
2085,0.0,solvent_morgan_bit_844,solvent_morgan
2084,0.0,solvent_morgan_bit_843,solvent_morgan
2083,0.0,solvent_morgan_bit_842,solvent_morgan
2082,0.0,solvent_morgan_bit_841,solvent_morgan
2097,0.0,solvent_morgan_bit_856,solvent_morgan
2096,0.0,solvent_morgan_bit_855,solvent_morgan
2075,0.0,solvent_morgan_bit_834,solvent_morgan
2012,0.0,solvent_morgan_bit_771,solvent_morgan
2011,0.0,solvent_morgan_bit_770,solvent_morgan
2010,0.0,solvent_morgan_bit_769,solvent_morgan
2025,0.0,solvent_morgan_bit_784,solvent_morgan
2024,0.0,solvent_morgan_bit_783,solvent_morgan
2023,0.0,solvent_morgan_bit_782,solvent_morgan
2022,0.0,solvent_morgan_bit_781,solvent_morgan
2021,0.0,solvent_morgan_bit_780,solvent_morgan
2020,0.0,solvent_morgan_bit_779,solvent_morgan
2019,0.0,solvent_morgan_bit_778,solvent_morgan
2053,0.0,solvent_morgan_bit_812,solvent_morgan
2033,0.0,solvent_morgan_bit_792,solvent_morgan
2032,0.0,solvent_morgan_bit_791,solvent_morgan
2031,0.0,solvent_morgan_bit_790,solvent_morgan
2030,0.0,solvent_morgan_bit_789,solvent_morgan
2029,0.0,solvent_morgan_bit_788,solvent_morgan
2028,0.0,solvent_morgan_bit_787,solvent_morgan
2027,0.0,solvent_morgan_bit_786,solvent_morgan
1927,0.0,solvent_morgan_bit_686,solvent_morgan
1977,0.0,solvent_morgan_bit_736,solvent_morgan
1976,0.0,solvent_morgan_bit_735,solvent_morgan
1975,0.0,solvent_morgan_bit_734,solvent_morgan
2018,0.0,solvent_morgan_bit_777,solvent_morgan
2052,0.0,solvent_morgan_bit_811,solvent_morgan
2051,0.0,solvent_morgan_bit_810,solvent_morgan
2050,0.0,solvent_morgan_bit_809,solvent_morgan
2065,0.0,solvent_morgan_bit_824,solvent_morgan
2064,0.0,solvent_morgan_bit_823,solvent_morgan
2063,0.0,solvent_morgan_bit_822,solvent_morgan
2062,0.0,solvent_morgan_bit_821,solvent_morgan
2061,0.0,solvent_morgan_bit_820,solvent_morgan
2060,0.0,solvent_morgan_bit_819,solvent_morgan
2059,0.0,solvent_morgan_bit_818,solvent_morgan
2058,0.0,solvent_morgan_bit_817,solvent_morgan
2013,0.0,solvent_morgan_bit_772,solvent_morgan
2008,0.0,solvent_morgan_bit_767,solvent_morgan
2007,0.0,solvent_morgan_bit_766,solvent_morgan
2006,0.0,solvent_morgan_bit_765,solvent_morgan
2005,0.0,solvent_morgan_bit_764,solvent_morgan
2004,0.0,solvent_morgan_bit_763,solvent_morgan
2003,0.0,solvent_morgan_bit_762,solvent_morgan
2002,0.0,solvent_morgan_bit_761,solvent_morgan
2017,0.0,solvent_morgan_bit_776,solvent_morgan
2016,0.0,solvent_morgan_bit_775,solvent_morgan
2015,0.0,solvent_morgan_bit_774,solvent_morgan
2014,0.0,solvent_morgan_bit_773,solvent_morgan
2009,0.0,solvent_morgan_bit_768,solvent_morgan
1835,0.0,solvent_morgan_bit_594,solvent_morgan
1834,0.0,solvent_morgan_bit_593,solvent_morgan
1785,0.0,solvent_morgan_bit_544,solvent_morgan
1784,0.0,solvent_morgan_bit_543,solvent_morgan
1783,0.0,solvent_morgan_bit_542,solvent_morgan
1782,0.0,solvent_morgan_bit_541,solvent_morgan
1781,0.0,solvent_morgan_bit_540,solvent_morgan
1780,0.0,solvent_morgan_bit_539,solvent_morgan
1778,0.0,solvent_morgan_bit_537,solvent_morgan
1937,0.0,solvent_morgan_bit_696,solvent_morgan
1792,0.0,solvent_morgan_bit_551,solvent_morgan
1791,0.0,solvent_morgan_bit_550,solvent_morgan
1790,0.0,solvent_morgan_bit_549,solvent_morgan
1789,0.0,solvent_morgan_bit_548,solvent_morgan
1788,0.0,solvent_morgan_bit_547,solvent_morgan
1787,0.0,solvent_morgan_bit_546,solvent_morgan
1786,0.0,solvent_morgan_bit_545,solvent_morgan
1801,0.0,solvent_morgan_bit_560,solvent_morgan
1800,0.0,solvent_morgan_bit_559,solvent_morgan
1799,0.0,solvent_morgan_bit_558,solvent_morgan
1793,0.0,solvent_morgan_bit_552,solvent_morgan
1825,0.0,solvent_morgan_bit_584,solvent_morgan
1824,0.0,solvent_morgan_bit_583,solvent_morgan
1823,0.0,solvent_morgan_bit_582,solvent_morgan
1822,0.0,solvent_morgan_bit_581,solvent_morgan
1821,0.0,solvent_morgan_bit_580,solvent_morgan
1820,0.0,solvent_morgan_bit_579,solvent_morgan
1819,0.0,solvent_morgan_bit_578,solvent_morgan
1818,0.0,solvent_morgan_bit_577,solvent_morgan
1833,0.0,solvent_morgan_bit_592,solvent_morgan
1832,0.0,solvent_morgan_bit_591,solvent_morgan
1836,0.0,solvent_morgan_bit_595,solvent_morgan
1830,0.0,solvent_morgan_bit_589,solvent_morgan
1829,0.0,solvent_morgan_bit_588,solvent_morgan
1828,0.0,solvent_morgan_bit_587,solvent_morgan
1827,0.0,solvent_morgan_bit_586,solvent_morgan
1826,0.0,solvent_morgan_bit_585,solvent_morgan
1841,0.0,solvent_morgan_bit_600,solvent_morgan
1840,0.0,solvent_morgan_bit_599,solvent_morgan
1839,0.0,solvent_morgan_bit_598,solvent_morgan
1838,0.0,solvent_morgan_bit_597,solvent_morgan
1837,0.0,solvent_morgan_bit_596,solvent_morgan
1831,0.0,solvent_morgan_bit_590,solvent_morgan
1758,0.0,solvent_morgan_bit_517,solvent_morgan
1757,0.0,solvent_morgan_bit_516,solvent_morgan
1756,0.0,solvent_morgan_bit_515,solvent_morgan
1755,0.0,solvent_morgan_bit_514,solvent_morgan
1754,0.0,solvent_morgan_bit_513,solvent_morgan
1768,0.0,solvent_morgan_bit_527,solvent_morgan
1767,0.0,solvent_morgan_bit_526,solvent_morgan
1766,0.0,solvent_morgan_bit_525,solvent_morgan
1765,0.0,solvent_morgan_bit_524,solvent_morgan
1764,0.0,solvent_morgan_bit_523,solvent_morgan
1798,0.0,solvent_morgan_bit_557,solvent_morgan
1762,0.0,solvent_morgan_bit_521,solvent_morgan
1777,0.0,solvent_morgan_bit_536,solvent_morgan
1776,0.0,solvent_morgan_bit_535,solvent_morgan
1775,0.0,solvent_morgan_bit_534,solvent_morgan
1774,0.0,solvent_morgan_bit_533,solvent_morgan
1773,0.0,solvent_morgan_bit_532,solvent_morgan
1772,0.0,solvent_morgan_bit_531,solvent_morgan
1771,0.0,solvent_morgan_bit_530,solvent_morgan
1770,0.0,solvent_morgan_bit_529,solvent_morgan
1721,0.0,solvent_morgan_bit_480,solvent_morgan
1763,0.0,solvent_morgan_bit_522,solvent_morgan
1797,0.0,solvent_morgan_bit_556,solvent_morgan
1795,0.0,solvent_morgan_bit_554,solvent_morgan
1794,0.0,solvent_morgan_bit_553,solvent_morgan
1809,0.0,solvent_morgan_bit_568,solvent_morgan
1808,0.0,solvent_morgan_bit_567,solvent_morgan
1807,0.0,solvent_morgan_bit_566,solvent_morgan
1806,0.0,solvent_morgan_bit_565,solvent_morgan
1805,0.0,solvent_morgan_bit_564,solvent_morgan
1804,0.0,solvent_morgan_bit_563,solvent_morgan
1803,0.0,solvent_morgan_bit_562,solvent_morgan
1759,0.0,solvent_morgan_bit_518,solvent_morgan
1753,0.0,solvent_morgan_bit_512,solvent_morgan
1752,0.0,solvent_morgan_bit_511,solvent_morgan
1751,0.0,solvent_morgan_bit_510,solvent_morgan
1750,0.0,solvent_morgan_bit_509,solvent_morgan
1749,0.0,solvent_morgan_bit_508,solvent_morgan
1748,0.0,solvent_morgan_bit_507,solvent_morgan
1747,0.0,solvent_morgan_bit_506,solvent_morgan
1746,0.0,solvent_morgan_bit_505,solvent_morgan
1761,0.0,solvent_morgan_bit_520,solvent_morgan
1760,0.0,solvent_morgan_bit_519,solvent_morgan
1802,0.0,solvent_morgan_bit_561,solvent_morgan
1888,0.0,solvent_morgan_bit_647,solvent_morgan
1887,0.0,solvent_morgan_bit_646,solvent_morgan
1886,0.0,solvent_morgan_bit_645,solvent_morgan
1885,0.0,solvent_morgan_bit_644,solvent_morgan
1884,0.0,solvent_morgan_bit_643,solvent_morgan
1883,0.0,solvent_morgan_bit_642,solvent_morgan
1882,0.0,solvent_morgan_bit_641,solvent_morgan
1897,0.0,solvent_morgan_bit_656,solvent_morgan
1896,0.0,solvent_morgan_bit_655,solvent_morgan
1895,0.0,solvent_morgan_bit_654,solvent_morgan
1810,0.0,solvent_morgan_bit_569,solvent_morgan
1893,0.0,solvent_morgan_bit_652,solvent_morgan
1892,0.0,solvent_morgan_bit_651,solvent_morgan
1890,0.0,solvent_morgan_bit_649,solvent_morgan
1905,0.0,solvent_morgan_bit_664,solvent_morgan
1904,0.0,solvent_morgan_bit_663,solvent_morgan
1903,0.0,solvent_morgan_bit_662,solvent_morgan
1902,0.0,solvent_morgan_bit_661,solvent_morgan
1901,0.0,solvent_morgan_bit_660,solvent_morgan
1899,0.0,solvent_morgan_bit_658,solvent_morgan
1898,0.0,solvent_morgan_bit_657,solvent_morgan
1894,0.0,solvent_morgan_bit_653,solvent_morgan
1926,0.0,solvent_morgan_bit_685,solvent_morgan
1925,0.0,solvent_morgan_bit_684,solvent_morgan
1924,0.0,solvent_morgan_bit_683,solvent_morgan
1923,0.0,solvent_morgan_bit_682,solvent_morgan
1922,0.0,solvent_morgan_bit_681,solvent_morgan
2070,0.0,solvent_morgan_bit_829,solvent_morgan
1936,0.0,solvent_morgan_bit_695,solvent_morgan
1935,0.0,solvent_morgan_bit_694,solvent_morgan
1934,0.0,solvent_morgan_bit_693,solvent_morgan
1933,0.0,solvent_morgan_bit_692,solvent_morgan
1889,0.0,solvent_morgan_bit_648,solvent_morgan
1931,0.0,solvent_morgan_bit_690,solvent_morgan
1930,0.0,solvent_morgan_bit_689,solvent_morgan
1881,0.0,solvent_morgan_bit_640,solvent_morgan
1880,0.0,solvent_morgan_bit_639,solvent_morgan
1879,0.0,solvent_morgan_bit_638,solvent_morgan
1878,0.0,solvent_morgan_bit_637,solvent_morgan
1877,0.0,solvent_morgan_bit_636,solvent_morgan
1876,0.0,solvent_morgan_bit_635,solvent_morgan
1875,0.0,solvent_morgan_bit_634,solvent_morgan
1874,0.0,solvent_morgan_bit_633,solvent_morgan
1932,0.0,solvent_morgan_bit_691,solvent_morgan
1863,0.0,solvent_morgan_bit_622,solvent_morgan
1862,0.0,solvent_morgan_bit_621,solvent_morgan
1861,0.0,solvent_morgan_bit_620,solvent_morgan
1860,0.0,solvent_morgan_bit_619,solvent_morgan
1859,0.0,solvent_morgan_bit_618,solvent_morgan
1858,0.0,solvent_morgan_bit_617,solvent_morgan
1873,0.0,solvent_morgan_bit_632,solvent_morgan
1872,0.0,solvent_morgan_bit_631,solvent_morgan
1871,0.0,solvent_morgan_bit_630,solvent_morgan
1870,0.0,solvent_morgan_bit_629,solvent_morgan
1849,0.0,solvent_morgan_bit_608,solvent_morgan
1868,0.0,solvent_morgan_bit_627,solvent_morgan
1867,0.0,solvent_morgan_bit_626,solvent_morgan
1866,0.0,solvent_morgan_bit_625,solvent_morgan
1817,0.0,solvent_morgan_bit_576,solvent_morgan
1816,0.0,solvent_morgan_bit_575,solvent_morgan
1815,0.0,solvent_morgan_bit_574,solvent_morgan
1814,0.0,solvent_morgan_bit_573,solvent_morgan
1813,0.0,solvent_morgan_bit_572,solvent_morgan
1812,0.0,solvent_morgan_bit_571,solvent_morgan
1811,0.0,solvent_morgan_bit_570,solvent_morgan
1869,0.0,solvent_morgan_bit_628,solvent_morgan
1848,0.0,solvent_morgan_bit_607,solvent_morgan
1847,0.0,solvent_morgan_bit_606,solvent_morgan
1846,0.0,solvent_morgan_bit_605,solvent_morgan
328,0.0,compound_morgan_bit_328,compound_morgan
331,0.0,compound_morgan_bit_331,compound_morgan
330,0.0,compound_morgan_bit_330,compound_morgan
281,0.0,compound_morgan_bit_281,compound_morgan
279,0.0,compound_morgan_bit_279,compound_morgan
1845,0.0,solvent_morgan_bit_604,solvent_morgan
1844,0.0,solvent_morgan_bit_603,solvent_morgan
1864,0.0,solvent_morgan_bit_623,solvent_morgan
1842,0.0,solvent_morgan_bit_601,solvent_morgan
1857,0.0,solvent_morgan_bit_616,solvent_morgan
1856,0.0,solvent_morgan_bit_615,solvent_morgan
1855,0.0,solvent_morgan_bit_614,solvent_morgan
1854,0.0,solvent_morgan_bit_613,solvent_morgan
1853,0.0,solvent_morgan_bit_612,solvent_morgan
1852,0.0,solvent_morgan_bit_611,solvent_morgan
1851,0.0,solvent_morgan_bit_610,solvent_morgan
1850,0.0,solvent_morgan_bit_609,solvent_morgan
1865,0.0,solvent_morgan_bit_624,solvent_morgan
1843,0.0,solvent_morgan_bit_602,solvent_morgan
2334,0.0,solvent_SMR_VSA8,solvent_rdkit
2333,0.0,solvent_SMR_VSA7,solvent_rdkit
2330,0.0,solvent_SMR_VSA4,solvent_rdkit
2345,0.0,solvent_SlogP_VSA7,solvent_rdkit
2344,0.0,solvent_SlogP_VSA6,solvent_rdkit
2341,0.0,solvent_SlogP_VSA3,solvent_rdkit
2339,0.0,solvent_SlogP_VSA12,solvent_rdkit
2338,0.0,solvent_SlogP_VSA11,solvent_rdkit
2353,0.0,solvent_EState_VSA3,solvent_rdkit
2127,0.0,solvent_morgan_bit_886,solvent_morgan
2351,0.0,solvent_EState_VSA11,solvent_rdkit
2350,0.0,solvent_EState_VSA10,solvent_rdkit
2348,0.0,solvent_TPSA,solvent_rdkit
2347,0.0,solvent_SlogP_VSA9,solvent_rdkit
2346,0.0,solvent_SlogP_VSA8,solvent_rdkit
2297,0.0,solvent_Chi1,solvent_rdkit
133,0.0,compound_morgan_bit_133,compound_morgan
143,0.0,compound_morgan_bit_143,compound_morgan
141,0.0,compound_morgan_bit_141,compound_morgan
89,0.0,compound_morgan_bit_89,compound_morgan
2352,0.0,solvent_EState_VSA2,solvent_rdkit
2384,0.0,solvent_NumHDonors,solvent_rdkit
2382,0.0,solvent_NumBridgeheadAtoms,solvent_rdkit
2381,0.0,solvent_NumAtomStereoCenters,solvent_rdkit
2380,0.0,solvent_NumAromaticRings,solvent_rdkit
2379,0.0,solvent_NumAromaticHeterocycles,solvent_rdkit
2378,0.0,solvent_NumAromaticCarbocycles,solvent_rdkit
2329,0.0,solvent_SMR_VSA3,solvent_rdkit
2328,0.0,solvent_SMR_VSA2,solvent_rdkit
2327,0.0,solvent_SMR_VSA10,solvent_rdkit
83,0.0,compound_morgan_bit_83,compound_morgan
2335,0.0,solvent_SMR_VSA9,solvent_rdkit
103,0.0,compound_morgan_bit_103,compound_morgan
101,0.0,compound_morgan_bit_101,compound_morgan
100,0.0,compound_morgan_bit_100,compound_morgan
113,0.0,compound_morgan_bit_113,compound_morgan
110,0.0,compound_morgan_bit_110,compound_morgan
109,0.0,compound_morgan_bit_109,compound_morgan
57,0.0,compound_morgan_bit_57,compound_morgan
55,0.0,compound_morgan_bit_55,compound_morgan
2337,0.0,solvent_SlogP_VSA10,solvent_rdkit
2336,0.0,solvent_SlogP_VSA1,solvent_rdkit
96,0.0,compound_morgan_bit_96,compound_morgan
169,0.0,compound_morgan_bit_169,compound_morgan
164,0.0,compound_morgan_bit_164,compound_morgan
173,0.0,compound_morgan_bit_173,compound_morgan
179,0.0,compound_morgan_bit_179,compound_morgan
178,0.0,compound_morgan_bit_178,compound_morgan
193,0.0,compound_morgan_bit_193,compound_morgan
189,0.0,compound_morgan_bit_189,compound_morgan
205,0.0,compound_morgan_bit_205,compound_morgan
153,0.0,compound_morgan_bit_153,compound_morgan
152,0.0,compound_morgan_bit_152,compound_morgan
87,0.0,compound_morgan_bit_87,compound_morgan
2261,0.0,solvent_morgan_bit_1020,solvent_morgan
2260,0.0,solvent_morgan_bit_1019,solvent_morgan
2259,0.0,solvent_morgan_bit_1018,solvent_morgan
2258,0.0,solvent_morgan_bit_1017,solvent_morgan
2275,0.0,solvent_NumRadicalElectrons,solvent_rdkit
2233,0.0,solvent_morgan_bit_992,solvent_morgan
2232,0.0,solvent_morgan_bit_991,solvent_morgan
2231,0.0,solvent_morgan_bit_990,solvent_morgan
2230,0.0,solvent_morgan_bit_989,solvent_morgan
210,0.0,compound_morgan_bit_210,compound_morgan
151,0.0,compound_morgan_bit_151,compound_morgan
86,0.0,compound_morgan_bit_86,compound_morgan
2305,0.0,solvent_Chi4v,solvent_rdkit
2304,0.0,solvent_Chi4n,solvent_rdkit
2303,0.0,solvent_Chi3v,solvent_rdkit
2302,0.0,solvent_Chi3n,solvent_rdkit
2300,0.0,solvent_Chi2n,solvent_rdkit
2313,0.0,solvent_PEOE_VSA10,solvent_rdkit
2309,0.0,solvent_Kappa2,solvent_rdkit
2307,0.0,solvent_Ipc,solvent_rdkit
2321,0.0,solvent_PEOE_VSA5,solvent_rdkit
154,0.0,compound_morgan_bit_154,compound_morgan
2319,0.0,solvent_PEOE_VSA3,solvent_rdkit
2318,0.0,solvent_PEOE_VSA2,solvent_rdkit
2317,0.0,solvent_PEOE_VSA14,solvent_rdkit
2316,0.0,solvent_PEOE_VSA13,solvent_rdkit
2315,0.0,solvent_PEOE_VSA12,solvent_rdkit
2314,0.0,solvent_PEOE_VSA11,solvent_rdkit
2264,0.0,solvent_morgan_bit_1023,solvent_morgan
2263,0.0,solvent_morgan_bit_1022,solvent_morgan
2262,0.0,solvent_morgan_bit_1021,solvent_morgan
161,0.0,compound_morgan_bit_161,compound_morgan
2320,0.0,solvent_PEOE_VSA4,solvent_rdkit
2417,0.0,solvent_fr_Ndealkylation2,solvent_rdkit
2393,0.0,solvent_Phi,solvent_rdkit
2415,0.0,solvent_fr_N_O,solvent_rdkit
2414,0.0,solvent_fr_NH2,solvent_rdkit
2413,0.0,solvent_fr_NH1,solvent_rdkit
2412,0.0,solvent_fr_NH0,solvent_rdkit
2411,0.0,solvent_fr_Imine,solvent_rdkit
2410,0.0,solvent_fr_HOCCN,solvent_rdkit
2361,0.0,solvent_VSA_EState10,solvent_rdkit
2432,0.0,solvent_fr_benzodiazepine,solvent_rdkit
2385,0.0,solvent_NumHeteroatoms,solvent_rdkit
1023,0.0,compound_morgan_bit_1023,compound_morgan
1034,0.0,compound_NumRadicalElectrons,compound_rdkit
982,0.0,compound_morgan_bit_982,compound_morgan
1066,0.0,compound_Ipc,compound_rdkit
1016,0.0,compound_morgan_bit_1016,compound_morgan
1014,0.0,compound_morgan_bit_1014,compound_morgan
19,0.0,compound_morgan_bit_19,compound_morgan
18,0.0,compound_morgan_bit_18,compound_morgan
30,0.0,compound_morgan_bit_30,compound_morgan
29,0.0,compound_morgan_bit_29,compound_morgan
1010,0.0,compound_morgan_bit_1010,compound_morgan
2392,0.0,solvent_NumUnspecifiedAtomStereoCenters,solvent_rdkit
2391,0.0,solvent_NumSpiroAtoms,solvent_rdkit
2390,0.0,solvent_NumSaturatedRings,solvent_rdkit
2389,0.0,solvent_NumSaturatedHeterocycles,solvent_rdkit
2388,0.0,solvent_NumSaturatedCarbocycles,solvent_rdkit
2387,0.0,solvent_NumRotatableBonds,solvent_rdkit
2386,0.0,solvent_NumHeterocycles,solvent_rdkit
2401,0.0,solvent_fr_Ar_COO,solvent_rdkit
2400,0.0,solvent_fr_ArN,solvent_rdkit
2399,0.0,solvent_fr_Al_OH_noTert,solvent_rdkit
2402,0.0,solvent_fr_Ar_N,solvent_rdkit
2397,0.0,solvent_fr_Al_COO,solvent_rdkit
2396,0.0,solvent_MolMR,solvent_rdkit
2394,0.0,solvent_RingCount,solvent_rdkit
2409,0.0,solvent_fr_C_S,solvent_rdkit
2408,0.0,solvent_fr_C_O_noCOO,solvent_rdkit
2407,0.0,solvent_fr_C_O,solvent_rdkit
2406,0.0,solvent_fr_COO2,solvent_rdkit
2405,0.0,solvent_fr_COO,solvent_rdkit
2404,0.0,solvent_fr_Ar_OH,solvent_rdkit
2403,0.0,solvent_fr_Ar_NH,solvent_rdkit
2398,0.0,solvent_fr_Al_OH,solvent_rdkit
2424,0.0,solvent_fr_amide,solvent_rdkit
2423,0.0,solvent_fr_allylic_oxid,solvent_rdkit
2422,0.0,solvent_fr_alkyl_halide,solvent_rdkit
2357,0.0,solvent_EState_VSA7,solvent_rdkit
2356,0.0,solvent_EState_VSA6,solvent_rdkit
2355,0.0,solvent_EState_VSA5,solvent_rdkit
2354,0.0,solvent_EState_VSA4,solvent_rdkit
2369,0.0,solvent_VSA_EState9,solvent_rdkit
2367,0.0,solvent_VSA_EState7,solvent_rdkit
2366,0.0,solvent_VSA_EState6,solvent_rdkit
40,0.0,compound_morgan_bit_40,compound_morgan
2364,0.0,solvent_VSA_EState4,solvent_rdkit
2363,0.0,solvent_VSA_EState3,solvent_rdkit
2362,0.0,solvent_VSA_EState2,solvent_rdkit
2377,0.0,solvent_NumAmideBonds,solvent_rdkit
2376,0.0,solvent_NumAliphaticRings,solvent_rdkit
2375,0.0,solvent_NumAliphaticHeterocycles,solvent_rdkit
2374,0.0,solvent_NumAliphaticCarbocycles,solvent_rdkit
2373,0.0,solvent_NOCount,solvent_rdkit
2372,0.0,solvent_NHOHCount,solvent_rdkit
2371,0.0,solvent_HeavyAtomCount,solvent_rdkit
2365,0.0,solvent_VSA_EState5,solvent_rdkit
43,0.0,compound_morgan_bit_43,compound_morgan
2457,0.0,solvent_fr_nitro_arom_nonortho,solvent_rdkit
2456,0.0,solvent_fr_nitro_arom,solvent_rdkit
2455,0.0,solvent_fr_nitro,solvent_rdkit
2454,0.0,solvent_fr_nitrile,solvent_rdkit
2421,0.0,solvent_fr_alkyl_carbamate,solvent_rdkit
2420,0.0,solvent_fr_aldehyde,solvent_rdkit
2419,0.0,solvent_fr_SH,solvent_rdkit
2418,0.0,solvent_fr_Nhpyrrole,solvent_rdkit
2433,0.0,solvent_fr_bicyclic,solvent_rdkit
2425,0.0,solvent_fr_amidine,solvent_rdkit
2431,0.0,solvent_fr_benzene,solvent_rdkit
2430,0.0,solvent_fr_barbitur,solvent_rdkit
2429,0.0,solvent_fr_azo,solvent_rdkit
2428,0.0,solvent_fr_azide,solvent_rdkit
2427,0.0,solvent_fr_aryl_methyl,solvent_rdkit
2426,0.0,solvent_fr_aniline,solvent_rdkit
2441,0.0,solvent_fr_halogen,solvent_rdkit
70,0.0,compound_morgan_bit_70,compound_morgan
75,0.0,compound_morgan_bit_75,compound_morgan
74,0.0,compound_morgan_bit_74,compound_morgan
1005,0.0,compound_morgan_bit_1005,compound_morgan
2130,0.0,solvent_morgan_bit_889,solvent_morgan
2145,0.0,solvent_morgan_bit_904,solvent_morgan
2144,0.0,solvent_morgan_bit_903,solvent_morgan
2143,0.0,solvent_morgan_bit_902,solvent_morgan
2142,0.0,solvent_morgan_bit_901,solvent_morgan
2141,0.0,solvent_morgan_bit_900,solvent_morgan
2140,0.0,solvent_morgan_bit_899,solvent_morgan
2139,0.0,solvent_morgan_bit_898,solvent_morgan
2138,0.0,solvent_morgan_bit_897,solvent_morgan
228,0.0,compound_morgan_bit_228,compound_morgan
2152,0.0,solvent_morgan_bit_911,solvent_morgan
2151,0.0,solvent_morgan_bit_910,solvent_morgan
2150,0.0,solvent_morgan_bit_909,solvent_morgan
2149,0.0,solvent_morgan_bit_908,solvent_morgan
2148,0.0,solvent_morgan_bit_907,solvent_morgan
2147,0.0,solvent_morgan_bit_906,solvent_morgan
2146,0.0,solvent_morgan_bit_905,solvent_morgan
2161,0.0,solvent_morgan_bit_920,solvent_morgan
2160,0.0,solvent_morgan_bit_919,solvent_morgan
2159,0.0,solvent_morgan_bit_918,solvent_morgan
2153,0.0,solvent_morgan_bit_912,solvent_morgan
2184,0.0,solvent_morgan_bit_943,solvent_morgan
2183,0.0,solvent_morgan_bit_942,solvent_morgan
2182,0.0,solvent_morgan_bit_941,solvent_morgan
2181,0.0,solvent_morgan_bit_940,solvent_morgan
2180,0.0,solvent_morgan_bit_939,solvent_morgan
2179,0.0,solvent_morgan_bit_938,solvent_morgan
2178,0.0,solvent_morgan_bit_937,solvent_morgan
2193,0.0,solvent_morgan_bit_952,solvent_morgan
2192,0.0,solvent_morgan_bit_951,solvent_morgan
2191,0.0,solvent_morgan_bit_950,solvent_morgan
2131,0.0,solvent_morgan_bit_890,solvent_morgan
2189,0.0,solvent_morgan_bit_948,solvent_morgan
2188,0.0,solvent_morgan_bit_947,solvent_morgan
2187,0.0,solvent_morgan_bit_946,solvent_morgan
2186,0.0,solvent_morgan_bit_945,solvent_morgan
2137,0.0,solvent_morgan_bit_896,solvent_morgan
2136,0.0,solvent_morgan_bit_895,solvent_morgan
2135,0.0,solvent_morgan_bit_894,solvent_morgan
2134,0.0,solvent_morgan_bit_893,solvent_morgan
2133,0.0,solvent_morgan_bit_892,solvent_morgan
2132,0.0,solvent_morgan_bit_891,solvent_morgan
2190,0.0,solvent_morgan_bit_949,solvent_morgan
2107,0.0,solvent_morgan_bit_866,solvent_morgan
2106,0.0,solvent_morgan_bit_865,solvent_morgan
2121,0.0,solvent_morgan_bit_880,solvent_morgan
2120,0.0,solvent_morgan_bit_879,solvent_morgan
2119,0.0,solvent_morgan_bit_878,solvent_morgan
2118,0.0,solvent_morgan_bit_877,solvent_morgan
2117,0.0,solvent_morgan_bit_876,solvent_morgan
2116,0.0,solvent_morgan_bit_875,solvent_morgan
2115,0.0,solvent_morgan_bit_874,solvent_morgan
2114,0.0,solvent_morgan_bit_873,solvent_morgan
2158,0.0,solvent_morgan_bit_917,solvent_morgan
2128,0.0,solvent_morgan_bit_887,solvent_morgan
1720,0.0,solvent_morgan_bit_479,solvent_morgan
2126,0.0,solvent_morgan_bit_885,solvent_morgan
2125,0.0,solvent_morgan_bit_884,solvent_morgan
2124,0.0,solvent_morgan_bit_883,solvent_morgan
2123,0.0,solvent_morgan_bit_882,solvent_morgan
2122,0.0,solvent_morgan_bit_881,solvent_morgan
2073,0.0,solvent_morgan_bit_832,solvent_morgan
2072,0.0,solvent_morgan_bit_831,solvent_morgan
2071,0.0,solvent_morgan_bit_830,solvent_morgan
2129,0.0,solvent_morgan_bit_888,solvent_morgan
2157,0.0,solvent_morgan_bit_916,solvent_morgan
2156,0.0,solvent_morgan_bit_915,solvent_morgan
2154,0.0,solvent_morgan_bit_913,solvent_morgan
2105,0.0,solvent_morgan_bit_864,solvent_morgan
2104,0.0,solvent_morgan_bit_863,solvent_morgan
2103,0.0,solvent_morgan_bit_862,solvent_morgan
2102,0.0,solvent_morgan_bit_861,solvent_morgan
277,0.0,compound_morgan_bit_277,compound_morgan
274,0.0,compound_morgan_bit_274,compound_morgan
287,0.0,compound_morgan_bit_287,compound_morgan
2108,0.0,solvent_morgan_bit_867,solvent_morgan
298,0.0,compound_morgan_bit_298,compound_morgan
2101,0.0,solvent_morgan_bit_860,solvent_morgan
2100,0.0,solvent_morgan_bit_859,solvent_morgan
2099,0.0,solvent_morgan_bit_858,solvent_morgan
2098,0.0,solvent_morgan_bit_857,solvent_morgan
2113,0.0,solvent_morgan_bit_872,solvent_morgan
2112,0.0,solvent_morgan_bit_871,solvent_morgan
2111,0.0,solvent_morgan_bit_870,solvent_morgan
2110,0.0,solvent_morgan_bit_869,solvent_morgan
2109,0.0,solvent_morgan_bit_868,solvent_morgan
293,0.0,compound_morgan_bit_293,compound_morgan
2234,0.0,solvent_morgan_bit_993,solvent_morgan
2249,0.0,solvent_morgan_bit_1008,solvent_morgan
2248,0.0,solvent_morgan_bit_1007,solvent_morgan
2247,0.0,solvent_morgan_bit_1006,solvent_morgan
2246,0.0,solvent_morgan_bit_1005,solvent_morgan
2245,0.0,solvent_morgan_bit_1004,solvent_morgan
2244,0.0,solvent_morgan_bit_1003,solvent_morgan
2243,0.0,solvent_morgan_bit_1002,solvent_morgan
2242,0.0,solvent_morgan_bit_1001,solvent_morgan
2257,0.0,solvent_morgan_bit_1016,solvent_morgan
2185,0.0,solvent_morgan_bit_944,solvent_morgan
2255,0.0,solvent_morgan_bit_1014,solvent_morgan
2254,0.0,solvent_morgan_bit_1013,solvent_morgan
2253,0.0,solvent_morgan_bit_1012,solvent_morgan
2252,0.0,solvent_morgan_bit_1011,solvent_morgan
2251,0.0,solvent_morgan_bit_1010,solvent_morgan
2250,0.0,solvent_morgan_bit_1009,solvent_morgan
2201,0.0,solvent_morgan_bit_960,solvent_morgan
2200,0.0,solvent_morgan_bit_959,solvent_morgan
2199,0.0,solvent_morgan_bit_958,solvent_morgan
2198,0.0,solvent_morgan_bit_957,solvent_morgan
2256,0.0,solvent_morgan_bit_1015,solvent_morgan
227,0.0,compound_morgan_bit_227,compound_morgan
238,0.0,compound_morgan_bit_238,compound_morgan
234,0.0,compound_morgan_bit_234,compound_morgan
184,0.0,compound_morgan_bit_184,compound_morgan
244,0.0,compound_morgan_bit_244,compound_morgan
264,0.0,compound_morgan_bit_264,compound_morgan
263,0.0,compound_morgan_bit_263,compound_morgan
272,0.0,compound_morgan_bit_272,compound_morgan
268,0.0,compound_morgan_bit_268,compound_morgan
266,0.0,compound_morgan_bit_266,compound_morgan
2235,0.0,solvent_morgan_bit_994,solvent_morgan
2229,0.0,solvent_morgan_bit_988,solvent_morgan
2228,0.0,solvent_morgan_bit_987,solvent_morgan
2227,0.0,solvent_morgan_bit_986,solvent_morgan
2226,0.0,solvent_morgan_bit_985,solvent_morgan
2241,0.0,solvent_morgan_bit_1000,solvent_morgan
2240,0.0,solvent_morgan_bit_999,solvent_morgan
2239,0.0,solvent_morgan_bit_998,solvent_morgan
2238,0.0,solvent_morgan_bit_997,solvent_morgan
2237,0.0,solvent_morgan_bit_996,solvent_morgan
2236,0.0,solvent_morgan_bit_995,solvent_morgan
214,0.0,compound_morgan_bit_214,compound_morgan
2222,0.0,solvent_morgan_bit_981,solvent_morgan
2221,0.0,solvent_morgan_bit_980,solvent_morgan
2220,0.0,solvent_morgan_bit_979,solvent_morgan
2219,0.0,solvent_morgan_bit_978,solvent_morgan
2218,0.0,solvent_morgan_bit_977,solvent_morgan
2169,0.0,solvent_morgan_bit_928,solvent_morgan
2168,0.0,solvent_morgan_bit_927,solvent_morgan
2167,0.0,solvent_morgan_bit_926,solvent_morgan
2166,0.0,solvent_morgan_bit_925,solvent_morgan
2165,0.0,solvent_morgan_bit_924,solvent_morgan
2197,0.0,solvent_morgan_bit_956,solvent_morgan
2163,0.0,solvent_morgan_bit_922,solvent_morgan
2162,0.0,solvent_morgan_bit_921,solvent_morgan
2177,0.0,solvent_morgan_bit_936,solvent_morgan
2176,0.0,solvent_morgan_bit_935,solvent_morgan
2175,0.0,solvent_morgan_bit_934,solvent_morgan
2174,0.0,solvent_morgan_bit_933,solvent_morgan
2173,0.0,solvent_morgan_bit_932,solvent_morgan
2172,0.0,solvent_morgan_bit_931,solvent_morgan
2171,0.0,solvent_morgan_bit_930,solvent_morgan
2170,0.0,solvent_morgan_bit_929,solvent_morgan
2164,0.0,solvent_morgan_bit_923,solvent_morgan
2196,0.0,solvent_morgan_bit_955,solvent_morgan
2195,0.0,solvent_morgan_bit_954,solvent_morgan
2194,0.0,solvent_morgan_bit_953,solvent_morgan
2209,0.0,solvent_morgan_bit_968,solvent_morgan
2208,0.0,solvent_morgan_bit_967,solvent_morgan
2207,0.0,solvent_morgan_bit_966,solvent_morgan
2206,0.0,solvent_morgan_bit_965,solvent_morgan
2205,0.0,solvent_morgan_bit_964,solvent_morgan
2204,0.0,solvent_morgan_bit_963,solvent_morgan
2203,0.0,solvent_morgan_bit_962,solvent_morgan
2223,0.0,solvent_morgan_bit_982,solvent_morgan
2217,0.0,solvent_morgan_bit_976,solvent_morgan
2216,0.0,solvent_morgan_bit_975,solvent_morgan
2215,0.0,solvent_morgan_bit_974,solvent_morgan
2214,0.0,solvent_morgan_bit_973,solvent_morgan
2213,0.0,solvent_morgan_bit_972,solvent_morgan
2212,0.0,solvent_morgan_bit_971,solvent_morgan
2211,0.0,solvent_morgan_bit_970,solvent_morgan
2210,0.0,solvent_morgan_bit_969,solvent_morgan
2225,0.0,solvent_morgan_bit_984,solvent_morgan
2224,0.0,solvent_morgan_bit_983,solvent_morgan
2202,0.0,solvent_morgan_bit_961,solvent_morgan
1297,0.0,solvent_morgan_bit_56,solvent_morgan
1295,0.0,solvent_morgan_bit_54,solvent_morgan
1294,0.0,solvent_morgan_bit_53,solvent_morgan
1293,0.0,solvent_morgan_bit_52,solvent_morgan
1292,0.0,solvent_morgan_bit_51,solvent_morgan
1291,0.0,solvent_morgan_bit_50,solvent_morgan
1290,0.0,solvent_morgan_bit_49,solvent_morgan
1241,0.0,solvent_morgan_bit_0,solvent_morgan
1240,0.0,compound_fr_urea,compound_rdkit
449,0.0,compound_morgan_bit_449,compound_morgan
1715,0.0,solvent_morgan_bit_474,solvent_morgan
455,0.0,compound_morgan_bit_455,compound_morgan
461,0.0,compound_morgan_bit_461,compound_morgan
460,0.0,compound_morgan_bit_460,compound_morgan
1237,0.0,compound_fr_thiocyan,compound_rdkit
1236,0.0,compound_fr_thiazole,compound_rdkit
1235,0.0,compound_fr_tetrazole,compound_rdkit
1249,0.0,solvent_morgan_bit_8,solvent_morgan
1248,0.0,solvent_morgan_bit_7,solvent_morgan
1247,0.0,solvent_morgan_bit_6,solvent_morgan
1246,0.0,solvent_morgan_bit_5,solvent_morgan
444,0.0,compound_morgan_bit_444,compound_morgan
1273,0.0,solvent_morgan_bit_32,solvent_morgan
1272,0.0,solvent_morgan_bit_31,solvent_morgan
1271,0.0,solvent_morgan_bit_30,solvent_morgan
1270,0.0,solvent_morgan_bit_29,solvent_morgan
1269,0.0,solvent_morgan_bit_28,solvent_morgan
1267,0.0,solvent_morgan_bit_26,solvent_morgan
1266,0.0,solvent_morgan_bit_25,solvent_morgan
1281,0.0,solvent_morgan_bit_40,solvent_morgan
1280,0.0,solvent_morgan_bit_39,solvent_morgan
1279,0.0,solvent_morgan_bit_38,solvent_morgan
1282,0.0,solvent_morgan_bit_41,solvent_morgan
1277,0.0,solvent_morgan_bit_36,solvent_morgan
1276,0.0,solvent_morgan_bit_35,solvent_morgan
1275,0.0,solvent_morgan_bit_34,solvent_morgan
1289,0.0,solvent_morgan_bit_48,solvent_morgan
1288,0.0,solvent_morgan_bit_47,solvent_morgan
1287,0.0,solvent_morgan_bit_46,solvent_morgan
1286,0.0,solvent_morgan_bit_45,solvent_morgan
1285,0.0,solvent_morgan_bit_44,solvent_morgan
1284,0.0,solvent_morgan_bit_43,solvent_morgan
1283,0.0,solvent_morgan_bit_42,solvent_morgan
1278,0.0,solvent_morgan_bit_37,solvent_morgan
466,0.0,compound_morgan_bit_466,compound_morgan
480,0.0,compound_morgan_bit_480,compound_morgan
488,0.0,compound_morgan_bit_488,compound_morgan
485,0.0,compound_morgan_bit_485,compound_morgan
495,0.0,compound_morgan_bit_495,compound_morgan
493,0.0,compound_morgan_bit_493,compound_morgan
440,0.0,compound_morgan_bit_440,compound_morgan
438,0.0,compound_morgan_bit_438,compound_morgan
1205,0.0,compound_fr_isocyan,compound_rdkit
1204,0.0,compound_fr_imide,compound_rdkit
1245,0.0,solvent_morgan_bit_4,solvent_morgan
1217,0.0,compound_fr_nitroso,compound_rdkit
1212,0.0,compound_fr_morpholine,compound_rdkit
1224,0.0,compound_fr_phos_ester,compound_rdkit
1223,0.0,compound_fr_phos_acid,compound_rdkit
1222,0.0,compound_fr_phenol_noOrthoHbond,compound_rdkit
1221,0.0,compound_fr_phenol,compound_rdkit
1219,0.0,compound_fr_oxime,compound_rdkit
1218,0.0,compound_fr_oxazole,compound_rdkit
1233,0.0,compound_fr_sulfone,compound_rdkit
1232,0.0,compound_fr_sulfonamd,compound_rdkit
1202,0.0,compound_fr_hdrzone,compound_rdkit
1244,0.0,solvent_morgan_bit_3,solvent_morgan
1243,0.0,solvent_morgan_bit_2,solvent_morgan
1257,0.0,solvent_morgan_bit_16,solvent_morgan
1256,0.0,solvent_morgan_bit_15,solvent_morgan
1255,0.0,solvent_morgan_bit_14,solvent_morgan
1254,0.0,solvent_morgan_bit_13,solvent_morgan
1253,0.0,solvent_morgan_bit_12,solvent_morgan
1252,0.0,solvent_morgan_bit_11,solvent_morgan
1251,0.0,solvent_morgan_bit_10,solvent_morgan
1250,0.0,solvent_morgan_bit_9,solvent_morgan
467,0.0,compound_morgan_bit_467,compound_morgan
1264,0.0,solvent_morgan_bit_23,solvent_morgan
1263,0.0,solvent_morgan_bit_22,solvent_morgan
1262,0.0,solvent_morgan_bit_21,solvent_morgan
1261,0.0,solvent_morgan_bit_20,solvent_morgan
1260,0.0,solvent_morgan_bit_19,solvent_morgan
1259,0.0,solvent_morgan_bit_18,solvent_morgan
1258,0.0,solvent_morgan_bit_17,solvent_morgan
1209,0.0,compound_fr_lactam,compound_rdkit
1208,0.0,compound_fr_ketone_Topliss,compound_rdkit
1206,0.0,compound_fr_isothiocyan,compound_rdkit
1265,0.0,solvent_morgan_bit_24,solvent_morgan
1386,0.0,solvent_morgan_bit_145,solvent_morgan
1337,0.0,solvent_morgan_bit_96,solvent_morgan
1336,0.0,solvent_morgan_bit_95,solvent_morgan
1335,0.0,solvent_morgan_bit_94,solvent_morgan
1334,0.0,solvent_morgan_bit_93,solvent_morgan
417,0.0,compound_morgan_bit_417,compound_morgan
433,0.0,compound_morgan_bit_433,compound_morgan
431,0.0,compound_morgan_bit_431,compound_morgan
1333,0.0,solvent_morgan_bit_92,solvent_morgan
1332,0.0,solvent_morgan_bit_91,solvent_morgan
1322,0.0,solvent_morgan_bit_81,solvent_morgan
1330,0.0,solvent_morgan_bit_89,solvent_morgan
1345,0.0,solvent_morgan_bit_104,solvent_morgan
1344,0.0,solvent_morgan_bit_103,solvent_morgan
1343,0.0,solvent_morgan_bit_102,solvent_morgan
1342,0.0,solvent_morgan_bit_101,solvent_morgan
1341,0.0,solvent_morgan_bit_100,solvent_morgan
1340,0.0,solvent_morgan_bit_99,solvent_morgan
1339,0.0,solvent_morgan_bit_98,solvent_morgan
1338,0.0,solvent_morgan_bit_97,solvent_morgan
1353,0.0,solvent_morgan_bit_112,solvent_morgan
1331,0.0,solvent_morgan_bit_90,solvent_morgan
1362,0.0,solvent_morgan_bit_121,solvent_morgan
1377,0.0,solvent_morgan_bit_136,solvent_morgan
1375,0.0,solvent_morgan_bit_134,solvent_morgan
1374,0.0,solvent_morgan_bit_133,solvent_morgan
1373,0.0,solvent_morgan_bit_132,solvent_morgan
1372,0.0,solvent_morgan_bit_131,solvent_morgan
1371,0.0,solvent_morgan_bit_130,solvent_morgan
1370,0.0,solvent_morgan_bit_129,solvent_morgan
1385,0.0,solvent_morgan_bit_144,solvent_morgan
1384,0.0,solvent_morgan_bit_143,solvent_morgan
1387,0.0,solvent_morgan_bit_146,solvent_morgan
1382,0.0,solvent_morgan_bit_141,solvent_morgan
1381,0.0,solvent_morgan_bit_140,solvent_morgan
1380,0.0,solvent_morgan_bit_139,solvent_morgan
1379,0.0,solvent_morgan_bit_138,solvent_morgan
1378,0.0,solvent_morgan_bit_137,solvent_morgan
1393,0.0,solvent_morgan_bit_152,solvent_morgan
1392,0.0,solvent_morgan_bit_151,solvent_morgan
1391,0.0,solvent_morgan_bit_150,solvent_morgan
1390,0.0,solvent_morgan_bit_149,solvent_morgan
1388,0.0,solvent_morgan_bit_147,solvent_morgan
1383,0.0,solvent_morgan_bit_142,solvent_morgan
1313,0.0,solvent_morgan_bit_72,solvent_morgan
1312,0.0,solvent_morgan_bit_71,solvent_morgan
1311,0.0,solvent_morgan_bit_70,solvent_morgan
1310,0.0,solvent_morgan_bit_69,solvent_morgan
1309,0.0,solvent_morgan_bit_68,solvent_morgan
1308,0.0,solvent_morgan_bit_67,solvent_morgan
1307,0.0,solvent_morgan_bit_66,solvent_morgan
1306,0.0,solvent_morgan_bit_65,solvent_morgan
1320,0.0,solvent_morgan_bit_79,solvent_morgan
1319,0.0,solvent_morgan_bit_78,solvent_morgan
1352,0.0,solvent_morgan_bit_111,solvent_morgan
1317,0.0,solvent_morgan_bit_76,solvent_morgan
1316,0.0,solvent_morgan_bit_75,solvent_morgan
1315,0.0,solvent_morgan_bit_74,solvent_morgan
1314,0.0,solvent_morgan_bit_73,solvent_morgan
1329,0.0,solvent_morgan_bit_88,solvent_morgan
1328,0.0,solvent_morgan_bit_87,solvent_morgan
1327,0.0,solvent_morgan_bit_86,solvent_morgan
1325,0.0,solvent_morgan_bit_84,solvent_morgan
1324,0.0,solvent_morgan_bit_83,solvent_morgan
1323,0.0,solvent_morgan_bit_82,solvent_morgan
1318,0.0,solvent_morgan_bit_77,solvent_morgan
1351,0.0,solvent_morgan_bit_110,solvent_morgan
1350,0.0,solvent_morgan_bit_109,solvent_morgan
1349,0.0,solvent_morgan_bit_108,solvent_morgan
1348,0.0,solvent_morgan_bit_107,solvent_morgan
1347,0.0,solvent_morgan_bit_106,solvent_morgan
1346,0.0,solvent_morgan_bit_105,solvent_morgan
1361,0.0,solvent_morgan_bit_120,solvent_morgan
1360,0.0,solvent_morgan_bit_119,solvent_morgan
1359,0.0,solvent_morgan_bit_118,solvent_morgan
1358,0.0,solvent_morgan_bit_117,solvent_morgan
1298,0.0,solvent_morgan_bit_57,solvent_morgan
1356,0.0,solvent_morgan_bit_115,solvent_morgan
1355,0.0,solvent_morgan_bit_114,solvent_morgan
1354,0.0,solvent_morgan_bit_113,solvent_morgan
1305,0.0,solvent_morgan_bit_64,solvent_morgan
1304,0.0,solvent_morgan_bit_63,solvent_morgan
1303,0.0,solvent_morgan_bit_62,solvent_morgan
1302,0.0,solvent_morgan_bit_61,solvent_morgan
1301,0.0,solvent_morgan_bit_60,solvent_morgan
1300,0.0,solvent_morgan_bit_59,solvent_morgan
1299,0.0,solvent_morgan_bit_58,solvent_morgan
1357,0.0,solvent_morgan_bit_116,solvent_morgan
911,0.0,compound_morgan_bit_911,compound_morgan
907,0.0,compound_morgan_bit_907,compound_morgan
856,0.0,compound_morgan_bit_856,compound_morgan
854,0.0,compound_morgan_bit_854,compound_morgan
936,0.0,compound_morgan_bit_936,compound_morgan
933,0.0,compound_morgan_bit_933,compound_morgan
931,0.0,compound_morgan_bit_931,compound_morgan
943,0.0,compound_morgan_bit_943,compound_morgan
942,0.0,compound_morgan_bit_942,compound_morgan
938,0.0,compound_morgan_bit_938,compound_morgan
1231,0.0,compound_fr_sulfide,compound_rdkit
959,0.0,compound_morgan_bit_959,compound_morgan
963,0.0,compound_morgan_bit_963,compound_morgan
962,0.0,compound_morgan_bit_962,compound_morgan
972,0.0,compound_morgan_bit_972,compound_morgan
992,0.0,compound_morgan_bit_992,compound_morgan
986,0.0,compound_morgan_bit_986,compound_morgan
1000,0.0,compound_morgan_bit_1000,compound_morgan
17,0.0,compound_morgan_bit_17,compound_morgan
24,0.0,compound_morgan_bit_24,compound_morgan
6,0.0,compound_morgan_bit_6,compound_morgan
886,0.0,compound_morgan_bit_886,compound_morgan
802,0.0,compound_morgan_bit_802,compound_morgan
810,0.0,compound_morgan_bit_810,compound_morgan
758,0.0,compound_morgan_bit_758,compound_morgan
821,0.0,compound_morgan_bit_821,compound_morgan
820,0.0,compound_morgan_bit_820,compound_morgan
818,0.0,compound_morgan_bit_818,compound_morgan
828,0.0,compound_morgan_bit_828,compound_morgan
826,0.0,compound_morgan_bit_826,compound_morgan
839,0.0,compound_morgan_bit_839,compound_morgan
836,0.0,compound_morgan_bit_836,compound_morgan
883,0.0,compound_morgan_bit_883,compound_morgan
844,0.0,compound_morgan_bit_844,compound_morgan
851,0.0,compound_morgan_bit_851,compound_morgan
864,0.0,compound_morgan_bit_864,compound_morgan
862,0.0,compound_morgan_bit_862,compound_morgan
861,0.0,compound_morgan_bit_861,compound_morgan
873,0.0,compound_morgan_bit_873,compound_morgan
879,0.0,compound_morgan_bit_879,compound_morgan
823,0.0,compound_morgan_bit_823,compound_morgan
1093,0.0,compound_SMR_VSA8,compound_rdkit
885,0.0,compound_morgan_bit_885,compound_morgan
845,0.0,compound_morgan_bit_845,compound_morgan
2479,0.0,solvent_fr_thiophene,solvent_rdkit
2478,0.0,solvent_fr_thiocyan,solvent_rdkit
2477,0.0,solvent_fr_thiazole,solvent_rdkit
2476,0.0,solvent_fr_tetrazole,solvent_rdkit
2475,0.0,solvent_fr_term_acetylene,solvent_rdkit
2474,0.0,solvent_fr_sulfone,solvent_rdkit
2416,0.0,solvent_fr_Ndealkylation1,solvent_rdkit
2440,0.0,solvent_fr_guanido,solvent_rdkit
2439,0.0,solvent_fr_furan,solvent_rdkit
2438,0.0,solvent_fr_ether,solvent_rdkit
7,0.0,compound_morgan_bit_7,compound_morgan
2436,0.0,solvent_fr_epoxide,solvent_rdkit
2435,0.0,solvent_fr_dihydropyridine,solvent_rdkit
2434,0.0,solvent_fr_diazo,solvent_rdkit
2449,0.0,solvent_fr_ketone_Topliss,solvent_rdkit
2448,0.0,solvent_fr_ketone,solvent_rdkit
2447,0.0,solvent_fr_isothiocyan,solvent_rdkit
2446,0.0,solvent_fr_isocyan,solvent_rdkit
2445,0.0,solvent_fr_imide,solvent_rdkit
2444,0.0,solvent_fr_imidazole,solvent_rdkit
2443,0.0,solvent_fr_hdrzone,solvent_rdkit
2437,0.0,solvent_fr_ester,solvent_rdkit
2453,0.0,solvent_fr_morpholine,solvent_rdkit
2452,0.0,solvent_fr_methoxy,solvent_rdkit
2451,0.0,solvent_fr_lactone,solvent_rdkit
2450,0.0,solvent_fr_lactam,solvent_rdkit
2465,0.0,solvent_fr_phos_ester,solvent_rdkit
2464,0.0,solvent_fr_phos_acid,solvent_rdkit
2463,0.0,solvent_fr_phenol_noOrthoHbond,solvent_rdkit
2462,0.0,solvent_fr_phenol,solvent_rdkit
2461,0.0,solvent_fr_para_hydroxylation,solvent_rdkit
2460,0.0,solvent_fr_oxime,solvent_rdkit
2480,0.0,solvent_fr_unbrch_alkane,solvent_rdkit
2458,0.0,solvent_fr_nitroso,solvent_rdkit
2473,0.0,solvent_fr_sulfonamd,solvent_rdkit
2472,0.0,solvent_fr_sulfide,solvent_rdkit
2471,0.0,solvent_fr_quatN,solvent_rdkit
2470,0.0,solvent_fr_pyridine,solvent_rdkit
2469,0.0,solvent_fr_prisulfonamd,solvent_rdkit
2468,0.0,solvent_fr_priamide,solvent_rdkit
2467,0.0,solvent_fr_piperzine,solvent_rdkit
2466,0.0,solvent_fr_piperdine,solvent_rdkit
2481,0.0,solvent_fr_urea,solvent_rdkit
2459,0.0,solvent_fr_oxazole,solvent_rdkit
1188,0.0,compound_fr_azo,compound_rdkit
1187,0.0,compound_fr_azide,compound_rdkit
1199,0.0,compound_fr_guanido,compound_rdkit
1198,0.0,compound_fr_furan,compound_rdkit
1195,0.0,compound_fr_epoxide,compound_rdkit
1194,0.0,compound_fr_dihydropyridine,compound_rdkit
533,0.0,compound_morgan_bit_533,compound_morgan
545,0.0,compound_morgan_bit_545,compound_morgan
543,0.0,compound_morgan_bit_543,compound_morgan
552,0.0,compound_morgan_bit_552,compound_morgan
808,0.0,compound_morgan_bit_808,compound_morgan
505,0.0,compound_morgan_bit_505,compound_morgan
502,0.0,compound_morgan_bit_502,compound_morgan
577,0.0,compound_morgan_bit_577,compound_morgan
576,0.0,compound_morgan_bit_576,compound_morgan
572,0.0,compound_morgan_bit_572,compound_morgan
584,0.0,compound_morgan_bit_584,compound_morgan
583,0.0,compound_morgan_bit_583,compound_morgan
593,0.0,compound_morgan_bit_593,compound_morgan
590,0.0,compound_morgan_bit_590,compound_morgan
587,0.0,compound_morgan_bit_587,compound_morgan
551,0.0,compound_morgan_bit_551,compound_morgan
1228,0.0,compound_fr_prisulfonamd,compound_rdkit
1227,0.0,compound_fr_priamide,compound_rdkit
1226,0.0,compound_fr_piperzine,compound_rdkit
1174,0.0,compound_fr_N_O,compound_rdkit
501,0.0,compound_morgan_bit_501,compound_morgan
513,0.0,compound_morgan_bit_513,compound_morgan
509,0.0,compound_morgan_bit_509,compound_morgan
508,0.0,compound_morgan_bit_508,compound_morgan
518,0.0,compound_morgan_bit_518,compound_morgan
517,0.0,compound_morgan_bit_517,compound_morgan
1189,0.0,compound_fr_barbitur,compound_rdkit
524,0.0,compound_morgan_bit_524,compound_morgan
473,0.0,compound_morgan_bit_473,compound_morgan
470,0.0,compound_morgan_bit_470,compound_morgan
1184,0.0,compound_fr_amidine,compound_rdkit
1183,0.0,compound_fr_amide,compound_rdkit
1180,0.0,compound_fr_alkyl_carbamate,compound_rdkit
1179,0.0,compound_fr_aldehyde,compound_rdkit
1178,0.0,compound_fr_SH,compound_rdkit
1193,0.0,compound_fr_diazo,compound_rdkit
1191,0.0,compound_fr_benzodiazepine,compound_rdkit
525,0.0,compound_morgan_bit_525,compound_morgan
685,0.0,compound_morgan_bit_685,compound_morgan
682,0.0,compound_morgan_bit_682,compound_morgan
631,0.0,compound_morgan_bit_631,compound_morgan
700,0.0,compound_morgan_bit_700,compound_morgan
708,0.0,compound_morgan_bit_708,compound_morgan
707,0.0,compound_morgan_bit_707,compound_morgan
717,0.0,compound_morgan_bit_717,compound_morgan
664,0.0,compound_morgan_bit_664,compound_morgan
1106,0.0,compound_SlogP_VSA9,compound_rdkit
737,0.0,compound_morgan_bit_737,compound_morgan
1160,0.0,compound_fr_Ar_COO,compound_rdkit
752,0.0,compound_morgan_bit_752,compound_morgan
748,0.0,compound_morgan_bit_748,compound_morgan
747,0.0,compound_morgan_bit_747,compound_morgan
754,0.0,compound_morgan_bit_754,compound_morgan
765,0.0,compound_morgan_bit_765,compound_morgan
764,0.0,compound_morgan_bit_764,compound_morgan
770,0.0,compound_morgan_bit_770,compound_morgan
779,0.0,compound_morgan_bit_779,compound_morgan
787,0.0,compound_morgan_bit_787,compound_morgan
800,0.0,compound_morgan_bit_800,compound_morgan
744,0.0,compound_morgan_bit_744,compound_morgan
1159,0.0,compound_fr_ArN,compound_rdkit
1157,0.0,compound_fr_Al_OH,compound_rdkit
1156,0.0,compound_fr_Al_COO,compound_rdkit
1169,0.0,compound_fr_HOCCN,compound_rdkit
1168,0.0,compound_fr_C_S,compound_rdkit
1164,0.0,compound_fr_COO,compound_rdkit
1163,0.0,compound_fr_Ar_OH,compound_rdkit
596,0.0,compound_morgan_bit_596,compound_morgan
594,0.0,compound_morgan_bit_594,compound_morgan
614,0.0,compound_morgan_bit_614,compound_morgan
680,0.0,compound_morgan_bit_680,compound_morgan
611,0.0,compound_morgan_bit_611,compound_morgan
618,0.0,compound_morgan_bit_618,compound_morgan
569,0.0,compound_morgan_bit_569,compound_morgan
626,0.0,compound_morgan_bit_626,compound_morgan
635,0.0,compound_morgan_bit_635,compound_morgan
634,0.0,compound_morgan_bit_634,compound_morgan
649,0.0,compound_morgan_bit_649,compound_morgan
647,0.0,compound_morgan_bit_647,compound_morgan
644,0.0,compound_morgan_bit_644,compound_morgan
643,0.0,compound_morgan_bit_643,compound_morgan
642,0.0,compound_morgan_bit_642,compound_morgan
612,0.0,compound_morgan_bit_612,compound_morgan
1628,0.0,solvent_morgan_bit_387,solvent_morgan
1627,0.0,solvent_morgan_bit_386,solvent_morgan
1626,0.0,solvent_morgan_bit_385,solvent_morgan
1641,0.0,solvent_morgan_bit_400,solvent_morgan
1640,0.0,solvent_morgan_bit_399,solvent_morgan
1639,0.0,solvent_morgan_bit_398,solvent_morgan
1638,0.0,solvent_morgan_bit_397,solvent_morgan
1637,0.0,solvent_morgan_bit_396,solvent_morgan
1636,0.0,solvent_morgan_bit_395,solvent_morgan
1635,0.0,solvent_morgan_bit_394,solvent_morgan
1363,0.0,solvent_morgan_bit_122,solvent_morgan
1649,0.0,solvent_morgan_bit_408,solvent_morgan
1648,0.0,solvent_morgan_bit_407,solvent_morgan
1647,0.0,solvent_morgan_bit_406,solvent_morgan
1646,0.0,solvent_morgan_bit_405,solvent_morgan
1645,0.0,solvent_morgan_bit_404,solvent_morgan
1644,0.0,solvent_morgan_bit_403,solvent_morgan
1643,0.0,solvent_morgan_bit_402,solvent_morgan
1642,0.0,solvent_morgan_bit_401,solvent_morgan
1593,0.0,solvent_morgan_bit_352,solvent_morgan
1591,0.0,solvent_morgan_bit_350,solvent_morgan
1634,0.0,solvent_morgan_bit_393,solvent_morgan
1677,0.0,solvent_morgan_bit_436,solvent_morgan
1676,0.0,solvent_morgan_bit_435,solvent_morgan
1675,0.0,solvent_morgan_bit_434,solvent_morgan
1674,0.0,solvent_morgan_bit_433,solvent_morgan
1625,0.0,solvent_morgan_bit_384,solvent_morgan
1624,0.0,solvent_morgan_bit_383,solvent_morgan
1623,0.0,solvent_morgan_bit_382,solvent_morgan
1622,0.0,solvent_morgan_bit_381,solvent_morgan
340,0.0,compound_morgan_bit_340,compound_morgan
339,0.0,compound_morgan_bit_339,compound_morgan
1629,0.0,solvent_morgan_bit_388,solvent_morgan
359,0.0,compound_morgan_bit_359,compound_morgan
366,0.0,compound_morgan_bit_366,compound_morgan
1621,0.0,solvent_morgan_bit_380,solvent_morgan
1620,0.0,solvent_morgan_bit_379,solvent_morgan
1619,0.0,solvent_morgan_bit_378,solvent_morgan
1618,0.0,solvent_morgan_bit_377,solvent_morgan
1633,0.0,solvent_morgan_bit_392,solvent_morgan
1632,0.0,solvent_morgan_bit_391,solvent_morgan
1631,0.0,solvent_morgan_bit_390,solvent_morgan
1630,0.0,solvent_morgan_bit_389,solvent_morgan
351,0.0,compound_morgan_bit_351,compound_morgan
1614,0.0,solvent_morgan_bit_373,solvent_morgan
1612,0.0,solvent_morgan_bit_371,solvent_morgan
1611,0.0,solvent_morgan_bit_370,solvent_morgan
1610,0.0,solvent_morgan_bit_369,solvent_morgan
1561,0.0,solvent_morgan_bit_320,solvent_morgan
1560,0.0,solvent_morgan_bit_319,solvent_morgan
1559,0.0,solvent_morgan_bit_318,solvent_morgan
1558,0.0,solvent_morgan_bit_317,solvent_morgan
1557,0.0,solvent_morgan_bit_316,solvent_morgan
1556,0.0,solvent_morgan_bit_315,solvent_morgan
1590,0.0,solvent_morgan_bit_349,solvent_morgan
1554,0.0,solvent_morgan_bit_313,solvent_morgan
1569,0.0,solvent_morgan_bit_328,solvent_morgan
1568,0.0,solvent_morgan_bit_327,solvent_morgan
1567,0.0,solvent_morgan_bit_326,solvent_morgan
1566,0.0,solvent_morgan_bit_325,solvent_morgan
1565,0.0,solvent_morgan_bit_324,solvent_morgan
1564,0.0,solvent_morgan_bit_323,solvent_morgan
1563,0.0,solvent_morgan_bit_322,solvent_morgan
1562,0.0,solvent_morgan_bit_321,solvent_morgan
1577,0.0,solvent_morgan_bit_336,solvent_morgan
1555,0.0,solvent_morgan_bit_314,solvent_morgan
1589,0.0,solvent_morgan_bit_348,solvent_morgan
1588,0.0,solvent_morgan_bit_347,solvent_morgan
1587,0.0,solvent_morgan_bit_346,solvent_morgan
1586,0.0,solvent_morgan_bit_345,solvent_morgan
1600,0.0,solvent_morgan_bit_359,solvent_morgan
1599,0.0,solvent_morgan_bit_358,solvent_morgan
1598,0.0,solvent_morgan_bit_357,solvent_morgan
1597,0.0,solvent_morgan_bit_356,solvent_morgan
1596,0.0,solvent_morgan_bit_355,solvent_morgan
1595,0.0,solvent_morgan_bit_354,solvent_morgan
1615,0.0,solvent_morgan_bit_374,solvent_morgan
1609,0.0,solvent_morgan_bit_368,solvent_morgan
1608,0.0,solvent_morgan_bit_367,solvent_morgan
1607,0.0,solvent_morgan_bit_366,solvent_morgan
1606,0.0,solvent_morgan_bit_365,solvent_morgan
1605,0.0,solvent_morgan_bit_364,solvent_morgan
1604,0.0,solvent_morgan_bit_363,solvent_morgan
1603,0.0,solvent_morgan_bit_362,solvent_morgan
1602,0.0,solvent_morgan_bit_361,solvent_morgan
1617,0.0,solvent_morgan_bit_376,solvent_morgan
1616,0.0,solvent_morgan_bit_375,solvent_morgan
1594,0.0,solvent_morgan_bit_353,solvent_morgan
1744,0.0,solvent_morgan_bit_503,solvent_morgan
1743,0.0,solvent_morgan_bit_502,solvent_morgan
1742,0.0,solvent_morgan_bit_501,solvent_morgan
1741,0.0,solvent_morgan_bit_500,solvent_morgan
1740,0.0,solvent_morgan_bit_499,solvent_morgan
1739,0.0,solvent_morgan_bit_498,solvent_morgan
1738,0.0,solvent_morgan_bit_497,solvent_morgan
1689,0.0,solvent_morgan_bit_448,solvent_morgan
1688,0.0,solvent_morgan_bit_447,solvent_morgan
1687,0.0,solvent_morgan_bit_446,solvent_morgan
1678,0.0,solvent_morgan_bit_437,solvent_morgan
1685,0.0,solvent_morgan_bit_444,solvent_morgan
1684,0.0,solvent_morgan_bit_443,solvent_morgan
1683,0.0,solvent_morgan_bit_442,solvent_morgan
1682,0.0,solvent_morgan_bit_441,solvent_morgan
1697,0.0,solvent_morgan_bit_456,solvent_morgan
1696,0.0,solvent_morgan_bit_455,solvent_morgan
1695,0.0,solvent_morgan_bit_454,solvent_morgan
1694,0.0,solvent_morgan_bit_453,solvent_morgan
1693,0.0,solvent_morgan_bit_452,solvent_morgan
1692,0.0,solvent_morgan_bit_451,solvent_morgan
1686,0.0,solvent_morgan_bit_445,solvent_morgan
1719,0.0,solvent_morgan_bit_478,solvent_morgan
1718,0.0,solvent_morgan_bit_477,solvent_morgan
1717,0.0,solvent_morgan_bit_476,solvent_morgan
1716,0.0,solvent_morgan_bit_475,solvent_morgan
2442,0.0,solvent_fr_hdrzine,solvent_rdkit
1714,0.0,solvent_morgan_bit_473,solvent_morgan
1729,0.0,solvent_morgan_bit_488,solvent_morgan
1728,0.0,solvent_morgan_bit_487,solvent_morgan
1727,0.0,solvent_morgan_bit_486,solvent_morgan
1726,0.0,solvent_morgan_bit_485,solvent_morgan
1745,0.0,solvent_morgan_bit_504,solvent_morgan
1724,0.0,solvent_morgan_bit_483,solvent_morgan
1723,0.0,solvent_morgan_bit_482,solvent_morgan
1722,0.0,solvent_morgan_bit_481,solvent_morgan
1736,0.0,solvent_morgan_bit_495,solvent_morgan
1735,0.0,solvent_morgan_bit_494,solvent_morgan
1734,0.0,solvent_morgan_bit_493,solvent_morgan
1733,0.0,solvent_morgan_bit_492,solvent_morgan
1732,0.0,solvent_morgan_bit_491,solvent_morgan
1731,0.0,solvent_morgan_bit_490,solvent_morgan
1730,0.0,solvent_morgan_bit_489,solvent_morgan
1725,0.0,solvent_morgan_bit_484,solvent_morgan
1652,0.0,solvent_morgan_bit_411,solvent_morgan
1651,0.0,solvent_morgan_bit_410,solvent_morgan
1650,0.0,solvent_morgan_bit_409,solvent_morgan
1665,0.0,solvent_morgan_bit_424,solvent_morgan
1664,0.0,solvent_morgan_bit_423,solvent_morgan
1663,0.0,solvent_morgan_bit_422,solvent_morgan
1662,0.0,solvent_morgan_bit_421,solvent_morgan
1661,0.0,solvent_morgan_bit_420,solvent_morgan
1660,0.0,solvent_morgan_bit_419,solvent_morgan
1659,0.0,solvent_morgan_bit_418,solvent_morgan
1691,0.0,solvent_morgan_bit_450,solvent_morgan
1673,0.0,solvent_morgan_bit_432,solvent_morgan
1672,0.0,solvent_morgan_bit_431,solvent_morgan
1671,0.0,solvent_morgan_bit_430,solvent_morgan
1670,0.0,solvent_morgan_bit_429,solvent_morgan
1669,0.0,solvent_morgan_bit_428,solvent_morgan
1667,0.0,solvent_morgan_bit_426,solvent_morgan
1666,0.0,solvent_morgan_bit_425,solvent_morgan
1681,0.0,solvent_morgan_bit_440,solvent_morgan
1680,0.0,solvent_morgan_bit_439,solvent_morgan
1679,0.0,solvent_morgan_bit_438,solvent_morgan
1658,0.0,solvent_morgan_bit_417,solvent_morgan
1690,0.0,solvent_morgan_bit_449,solvent_morgan
1705,0.0,solvent_morgan_bit_464,solvent_morgan
1704,0.0,solvent_morgan_bit_463,solvent_morgan
1703,0.0,solvent_morgan_bit_462,solvent_morgan
1702,0.0,solvent_morgan_bit_461,solvent_morgan
1701,0.0,solvent_morgan_bit_460,solvent_morgan
1700,0.0,solvent_morgan_bit_459,solvent_morgan
1699,0.0,solvent_morgan_bit_458,solvent_morgan
1698,0.0,solvent_morgan_bit_457,solvent_morgan
1713,0.0,solvent_morgan_bit_472,solvent_morgan
1653,0.0,solvent_morgan_bit_412,solvent_morgan
1711,0.0,solvent_morgan_bit_470,solvent_morgan
1710,0.0,solvent_morgan_bit_469,solvent_morgan
1709,0.0,solvent_morgan_bit_468,solvent_morgan
1708,0.0,solvent_morgan_bit_467,solvent_morgan
1707,0.0,solvent_morgan_bit_466,solvent_morgan
1706,0.0,solvent_morgan_bit_465,solvent_morgan
1657,0.0,solvent_morgan_bit_416,solvent_morgan
1656,0.0,solvent_morgan_bit_415,solvent_morgan
1655,0.0,solvent_morgan_bit_414,solvent_morgan
1654,0.0,solvent_morgan_bit_413,solvent_morgan
1712,0.0,solvent_morgan_bit_471,solvent_morgan
344,0.0,compound_morgan_bit_344,compound_morgan
1429,0.0,solvent_morgan_bit_188,solvent_morgan
1428,0.0,solvent_morgan_bit_187,solvent_morgan
1427,0.0,solvent_morgan_bit_186,solvent_morgan
1426,0.0,solvent_morgan_bit_185,solvent_morgan
1441,0.0,solvent_morgan_bit_200,solvent_morgan
1440,0.0,solvent_morgan_bit_199,solvent_morgan
1439,0.0,solvent_morgan_bit_198,solvent_morgan
1438,0.0,solvent_morgan_bit_197,solvent_morgan
1437,0.0,solvent_morgan_bit_196,solvent_morgan
1576,0.0,solvent_morgan_bit_335,solvent_morgan
1434,0.0,solvent_morgan_bit_193,solvent_morgan
1449,0.0,solvent_morgan_bit_208,solvent_morgan
1448,0.0,solvent_morgan_bit_207,solvent_morgan
1447,0.0,solvent_morgan_bit_206,solvent_morgan
1446,0.0,solvent_morgan_bit_205,solvent_morgan
1445,0.0,solvent_morgan_bit_204,solvent_morgan
1443,0.0,solvent_morgan_bit_202,solvent_morgan
1442,0.0,solvent_morgan_bit_201,solvent_morgan
1457,0.0,solvent_morgan_bit_216,solvent_morgan
1456,0.0,solvent_morgan_bit_215,solvent_morgan
1436,0.0,solvent_morgan_bit_195,solvent_morgan
1466,0.0,solvent_morgan_bit_225,solvent_morgan
1481,0.0,solvent_morgan_bit_240,solvent_morgan
1480,0.0,solvent_morgan_bit_239,solvent_morgan
1479,0.0,solvent_morgan_bit_238,solvent_morgan
1478,0.0,solvent_morgan_bit_237,solvent_morgan
1477,0.0,solvent_morgan_bit_236,solvent_morgan
1476,0.0,solvent_morgan_bit_235,solvent_morgan
1475,0.0,solvent_morgan_bit_234,solvent_morgan
1474,0.0,solvent_morgan_bit_233,solvent_morgan
1489,0.0,solvent_morgan_bit_248,solvent_morgan
396,0.0,compound_morgan_bit_396,compound_morgan
1487,0.0,solvent_morgan_bit_246,solvent_morgan
1486,0.0,solvent_morgan_bit_245,solvent_morgan
1485,0.0,solvent_morgan_bit_244,solvent_morgan
1484,0.0,solvent_morgan_bit_243,solvent_morgan
1483,0.0,solvent_morgan_bit_242,solvent_morgan
1433,0.0,solvent_morgan_bit_192,solvent_morgan
1432,0.0,solvent_morgan_bit_191,solvent_morgan
1431,0.0,solvent_morgan_bit_190,solvent_morgan
1430,0.0,solvent_morgan_bit_189,solvent_morgan
370,0.0,compound_morgan_bit_370,compound_morgan
1488,0.0,solvent_morgan_bit_247,solvent_morgan
1416,0.0,solvent_morgan_bit_175,solvent_morgan
1415,0.0,solvent_morgan_bit_174,solvent_morgan
1414,0.0,solvent_morgan_bit_173,solvent_morgan
1413,0.0,solvent_morgan_bit_172,solvent_morgan
1412,0.0,solvent_morgan_bit_171,solvent_morgan
1411,0.0,solvent_morgan_bit_170,solvent_morgan
1410,0.0,solvent_morgan_bit_169,solvent_morgan
1425,0.0,solvent_morgan_bit_184,solvent_morgan
1424,0.0,solvent_morgan_bit_183,solvent_morgan
1423,0.0,solvent_morgan_bit_182,solvent_morgan
1455,0.0,solvent_morgan_bit_214,solvent_morgan
1421,0.0,solvent_morgan_bit_180,solvent_morgan
1420,0.0,solvent_morgan_bit_179,solvent_morgan
1419,0.0,solvent_morgan_bit_178,solvent_morgan
1418,0.0,solvent_morgan_bit_177,solvent_morgan
1369,0.0,solvent_morgan_bit_128,solvent_morgan
1368,0.0,solvent_morgan_bit_127,solvent_morgan
1367,0.0,solvent_morgan_bit_126,solvent_morgan
1366,0.0,solvent_morgan_bit_125,solvent_morgan
1365,0.0,solvent_morgan_bit_124,solvent_morgan
1364,0.0,solvent_morgan_bit_123,solvent_morgan
1422,0.0,solvent_morgan_bit_181,solvent_morgan
1454,0.0,solvent_morgan_bit_213,solvent_morgan
1453,0.0,solvent_morgan_bit_212,solvent_morgan
1452,0.0,solvent_morgan_bit_211,solvent_morgan
1451,0.0,solvent_morgan_bit_210,solvent_morgan
1450,0.0,solvent_morgan_bit_209,solvent_morgan
1401,0.0,solvent_morgan_bit_160,solvent_morgan
1400,0.0,solvent_morgan_bit_159,solvent_morgan
1399,0.0,solvent_morgan_bit_158,solvent_morgan
1398,0.0,solvent_morgan_bit_157,solvent_morgan
1397,0.0,solvent_morgan_bit_156,solvent_morgan
1417,0.0,solvent_morgan_bit_176,solvent_morgan
1395,0.0,solvent_morgan_bit_154,solvent_morgan
1394,0.0,solvent_morgan_bit_153,solvent_morgan
1409,0.0,solvent_morgan_bit_168,solvent_morgan
1408,0.0,solvent_morgan_bit_167,solvent_morgan
1407,0.0,solvent_morgan_bit_166,solvent_morgan
1406,0.0,solvent_morgan_bit_165,solvent_morgan
1405,0.0,solvent_morgan_bit_164,solvent_morgan
1404,0.0,solvent_morgan_bit_163,solvent_morgan
1403,0.0,solvent_morgan_bit_162,solvent_morgan
1402,0.0,solvent_morgan_bit_161,solvent_morgan
1396,0.0,solvent_morgan_bit_155,solvent_morgan
1536,0.0,solvent_morgan_bit_295,solvent_morgan
1535,0.0,solvent_morgan_bit_294,solvent_morgan
1534,0.0,solvent_morgan_bit_293,solvent_morgan
1533,0.0,solvent_morgan_bit_292,solvent_morgan
1532,0.0,solvent_morgan_bit_291,solvent_morgan
1531,0.0,solvent_morgan_bit_290,solvent_morgan
1530,0.0,solvent_morgan_bit_289,solvent_morgan
1545,0.0,solvent_morgan_bit_304,solvent_morgan
1544,0.0,solvent_morgan_bit_303,solvent_morgan
1543,0.0,solvent_morgan_bit_302,solvent_morgan
1467,0.0,solvent_morgan_bit_226,solvent_morgan
1541,0.0,solvent_morgan_bit_300,solvent_morgan
1540,0.0,solvent_morgan_bit_299,solvent_morgan
1539,0.0,solvent_morgan_bit_298,solvent_morgan
1553,0.0,solvent_morgan_bit_312,solvent_morgan
1552,0.0,solvent_morgan_bit_311,solvent_morgan
1551,0.0,solvent_morgan_bit_310,solvent_morgan
1550,0.0,solvent_morgan_bit_309,solvent_morgan
1548,0.0,solvent_morgan_bit_307,solvent_morgan
1547,0.0,solvent_morgan_bit_306,solvent_morgan
1546,0.0,solvent_morgan_bit_305,solvent_morgan
1542,0.0,solvent_morgan_bit_301,solvent_morgan
1575,0.0,solvent_morgan_bit_334,solvent_morgan
1574,0.0,solvent_morgan_bit_333,solvent_morgan
1573,0.0,solvent_morgan_bit_332,solvent_morgan
1572,0.0,solvent_morgan_bit_331,solvent_morgan
1571,0.0,solvent_morgan_bit_330,solvent_morgan
1570,0.0,solvent_morgan_bit_329,solvent_morgan
1585,0.0,solvent_morgan_bit_344,solvent_morgan
1584,0.0,solvent_morgan_bit_343,solvent_morgan
1583,0.0,solvent_morgan_bit_342,solvent_morgan
1582,0.0,solvent_morgan_bit_341,solvent_morgan
1537,0.0,solvent_morgan_bit_296,solvent_morgan
1580,0.0,solvent_morgan_bit_339,solvent_morgan
1579,0.0,solvent_morgan_bit_338,solvent_morgan
1578,0.0,solvent_morgan_bit_337,solvent_morgan
1529,0.0,solvent_morgan_bit_288,solvent_morgan
1528,0.0,solvent_morgan_bit_287,solvent_morgan
1527,0.0,solvent_morgan_bit_286,solvent_morgan
1526,0.0,solvent_morgan_bit_285,solvent_morgan
1524,0.0,solvent_morgan_bit_283,solvent_morgan
1523,0.0,solvent_morgan_bit_282,solvent_morgan
1522,0.0,solvent_morgan_bit_281,solvent_morgan
1581,0.0,solvent_morgan_bit_340,solvent_morgan
1520,0.0,solvent_morgan_bit_279,solvent_morgan
1519,0.0,solvent_morgan_bit_278,solvent_morgan
1518,0.0,solvent_morgan_bit_277,solvent_morgan
1517,0.0,solvent_morgan_bit_276,solvent_morgan
1516,0.0,solvent_morgan_bit_275,solvent_morgan
1515,0.0,solvent_morgan_bit_274,solvent_morgan
1514,0.0,solvent_morgan_bit_273,solvent_morgan
1465,0.0,solvent_morgan_bit_224,solvent_morgan
1464,0.0,solvent_morgan_bit_223,solvent_morgan
1463,0.0,solvent_morgan_bit_222,solvent_morgan
1497,0.0,solvent_morgan_bit_256,solvent_morgan
1461,0.0,solvent_morgan_bit_220,solvent_morgan
1460,0.0,solvent_morgan_bit_219,solvent_morgan
1459,0.0,solvent_morgan_bit_218,solvent_morgan
1458,0.0,solvent_morgan_bit_217,solvent_morgan
1473,0.0,solvent_morgan_bit_232,solvent_morgan
1472,0.0,solvent_morgan_bit_231,solvent_morgan
1471,0.0,solvent_morgan_bit_230,solvent_morgan
1470,0.0,solvent_morgan_bit_229,solvent_morgan
1469,0.0,solvent_morgan_bit_228,solvent_morgan
1468,0.0,solvent_morgan_bit_227,solvent_morgan
1462,0.0,solvent_morgan_bit_221,solvent_morgan
1496,0.0,solvent_morgan_bit_255,solvent_morgan
1495,0.0,solvent_morgan_bit_254,solvent_morgan
1494,0.0,solvent_morgan_bit_253,solvent_morgan
1493,0.0,solvent_morgan_bit_252,solvent_morgan
1492,0.0,solvent_morgan_bit_251,solvent_morgan
1491,0.0,solvent_morgan_bit_250,solvent_morgan
1490,0.0,solvent_morgan_bit_249,solvent_morgan
1505,0.0,solvent_morgan_bit_264,solvent_morgan
1504,0.0,solvent_morgan_bit_263,solvent_morgan
1503,0.0,solvent_morgan_bit_262,solvent_morgan
1506,0.0,solvent_morgan_bit_265,solvent_morgan
1501,0.0,solvent_morgan_bit_260,solvent_morgan
1500,0.0,solvent_morgan_bit_259,solvent_morgan
1499,0.0,solvent_morgan_bit_258,solvent_morgan
1498,0.0,solvent_morgan_bit_257,solvent_morgan
1513,0.0,solvent_morgan_bit_272,solvent_morgan
1512,0.0,solvent_morgan_bit_271,solvent_morgan
1511,0.0,solvent_morgan_bit_270,solvent_morgan
1510,0.0,solvent_morgan_bit_269,solvent_morgan
1509,0.0,solvent_morgan_bit_268,solvent_morgan
1508,0.0,solvent_morgan_bit_267,solvent_morgan
1507,0.0,solvent_morgan_bit_266,solvent_morgan
1502,0.0,solvent_morgan_bit_261,solvent_morgan
