Smiles,solvent,ppm_values
CC(C)C(B1Nc2cccc3cccc(c23)N1)B1OC(C)(C)C(C)(C)O1,[2H]C(Cl)(Cl)Cl,34.0
COc1ccc(C(=[NH2+])[B-](F)(F)F)cc1,[2H]C([2H])([2H])C(=O)C([2H])([2H])[2H],0.15
Cc1ccc(C)c(OCCCC(C)(C)C(=O)OCCC[C@H](CCCCc2ccccc2)B2OC(C)(C)C(C)(C)O2)c1,[2H]C(Cl)(Cl)Cl,34.07
FC(F)(F)c1cccc(C(F)(F)F)c1B(Cl)Cl,[2H]C(Cl)(Cl)Cl,57.5
CC1(C)OB([C@@H](Cc2cccc(F)c2)N2CCOC2=O)OC1(C)C,[2H]C(Cl)(Cl)Cl,32.04
CCNC(=O)[BH2-][n+]1ccccc1,[2H]c1c([2H])c([2H])c([2H])c([2H])c1[2H],-14.21
Cc1ccc(C(B(c2c(F)c(F)c(F)c(F)c2F)c2c(F)c(F)c(F)c(F)c2F)C(c2ccccc2)[Si](C)(C)C)cc1,[2H]c1c([2H])c([2H])c([2H])c([2H])c1[2H],78.5
O=C1NB(c2cccc3ccccc23)Nc2ccccc21,[2H]C([2H])([2H])S(=O)C([2H])([2H])[2H],32.03
CC1(C)OB(c2sccc2Br)OC1(C)C,[2H]C(Cl)(Cl)Cl,28.7
CC1(C)OB(OCc2ccco2)OC1(C)C,[2H]C(Cl)(Cl)Cl,22.31
c1cnc2cc(NB(Nc3ccc4cccnc4c3)Nc3ccc4cccnc4c3)ccc2c1,[2H]c1c([2H])c([2H])c(C([2H])([2H])[2H])c([2H])c1[2H],24.7
CC1(C)OB([C@@H]2[C@H](B3OC(C)(C)C(C)(C)O3)[C@@]2(C)c2cccc3ccccc23)OC1(C)C,[2H]C(Cl)(Cl)Cl,33.2
CCCCC[C@H](NC(=O)c1ccsc1)B1OC(C)(C)C(C)(C)O1,[2H]C(Cl)(Cl)Cl,17.3
[N-]=[N+]=N[B-](c1c(F)cccc1F)(c1c(F)cccc1F)[n+]1ccccc1,[2H]C(Cl)(Cl)Cl,-2.5
CC1=C(C)N(CC(C)(C)C)B(Br)N1CCC(C)(C)C,[2H]c1c([2H])c([2H])c([2H])c([2H])c1[2H],21.0
CC([SiH3])B(CC[SiH3])C(C)[SiH3],[2H]c1c([2H])c([2H])c([2H])c([2H])c1[2H],79.7
CC/N=C(/C1=[N+](CC)[B-](C(F)(F)F)(C(F)(F)F)[N+](C)(C)[B-]1(C(F)(F)F)C(F)(F)F)N(C)C,[2H]C(Cl)(Cl)Cl,-2.0
CCCCCCN(CCCCCC)C(=O)c1ccc(B2OC(C)(C)C(C)(C)O2)s1,[2H]C(Cl)(Cl)Cl,28.6
Cc1ccc(-c2ccc3n2[B-](F)(c2ccccc2)[N+]2=C(C#C[Si](C(C)C)(C(C)C)C(C)C)C=CC2=C3c2ccccc2)cc1,[2H]C(Cl)(Cl)Cl,4.6
C[N+]1(C)CCC[B-]12C=CC=CC2,[2H]C(Cl)(Cl)Cl,-3.2
CC(C)O[P+]([BH2-]C(Cl)Cl)(OC(C)C)OC(C)C,[2H]C(Cl)(Cl)Cl,-26.2
CC1(C)OB(C(CC(=O)[Si](C)(C)C)c2ccccc2OC(F)(F)F)OC1(C)C,[2H]C(Cl)(Cl)Cl,32.5
C[C@@H]1C(=O)C[C@@]1(B1OC(C)(C)C(C)(C)O1)c1ccc(Br)cc1,[2H]C(Cl)(Cl)Cl,33.0
Cn1c(B2OC(C)(C)C(C)(C)O2)cc2ccccc21,[2H]C(Cl)(Cl)Cl,29.7
O=C1O[B-](c2ccccc2)(c2ccccc2)[n+]2ccccc21,[2H]C(Cl)(Cl)Cl,9.3
C[N+]1(C)[BH2-]Oc2ccccc2C1,[2H]c1c([2H])c([2H])c([2H])c([2H])c1[2H],1.8
COC(=O)c1ccnc([BH2-][N+](C)(C)C)c1,[2H]C(Cl)(Cl)Cl,-3.2
CC[Si](CC)(CC)C(C)B1OC(C)(C)C(C)(C)O1,[2H]C(Cl)(Cl)Cl,34.7
CCCCCCC[C@H](NC(=O)c1ccccc1)B1OC(C)(C)C(C)(C)O1,[2H]C(Cl)(Cl)Cl,18.3
CC1(C)OB(C(CCc2nc(-c3ccccc3)c(-c3ccccc3)o2)B2OC(C)(C)C(C)(C)O2)OC1(C)C,[2H]C(Cl)(Cl)Cl,33.6
Cc1cccc([C@@]2(C)[C@H](B3OC(C)(C)C(C)(C)O3)[C@@H]2c2ccccc2C)c1,[2H]C(Cl)(Cl)Cl,33.5
OB1Oc2ccccc2C2=C1c1ccccc1C2,[2H]C(Cl)(Cl)Cl,26.89
CN(C)C(=O)c1c(Cl)cccc1B1OC(C)(C)C(C)(C)O1,[2H]C(Cl)(Cl)Cl,30.5
COC(=O)c1ccc(B2OC(C)(C)C(C)(C)O2)cc1,[2H]C(Cl)(Cl)Cl,30.94
CC1(C)OB(C2(c3ccccc3)CCCCC2)OC1(C)C,[2H]C(Cl)(Cl)Cl,31.06
C[N+](C)(C)[BH2-]c1cc(C#N)ccc1C#N,[2H]C(Cl)(Cl)Cl,-3.3
C=CC(=C)Nc1ccc(B2OC(C)(C)C(C)(C)O2)cc1,[2H]c1c([2H])c([2H])c([2H])c([2H])c1[2H],30.8
CC(C)N(C(=O)c1ccccc1B1OB(c2ccccc2C(=O)N(C(C)C)C(C)C)OB(c2ccccc2C(=O)N(C(C)C)C(C)C)O1)C(C)C,[2H]C(Cl)(Cl)Cl,21.0
CC1(C)OB(C[Si](C)(C)CCOC(=O)CCC(=O)c2ccc(-c3ccccc3)cc2)OC1(C)C,[2H]C(Cl)(Cl)Cl,33.5
CC1(C)OB(c2ccccc2CN2CCCC2)OC1=O,[2H]OC([2H])([2H])[2H],8.0
CB1C=CCc2ccccc21,[2H]C1([2H])OC([2H])([2H])C([2H])([2H])C1([2H])[2H],62.6
CCCN1B(/C(=C\C(C)(C)C)c2cccc(OC)c2)C(Br)=Cc2ccccc21,[2H]C(Cl)(Cl)Cl,37.07
C=C(CB1OC(C)(C)C(C)(C)O1)c1cc(C)ccc1C,[2H]C(Cl)(Cl)Cl,22.44
CC1(C)OC[C@@H]([C@H](CC(C2CO[C@@H]3OCO[C@H]23)C(C)(C)C(=O)[O-])[C@@H](NC(=O)c2ccccc2)B2OC(C)(C)C(C)(C)O2)O1,[2H]C(Cl)(Cl)Cl,17.5
BrCCCCB(C1CCCCC1)C1CCCCC1,[2H]c1c([2H])c([2H])c([2H])c([2H])c1[2H],82.4
C[N+]1(C)[B-](C(F)(F)F)(C(F)(F)F)C1(c1ccccc1)c1ccccc1,[2H]C(Cl)(Cl)Cl,-14.0
Brc1ccc(B(O[Si](c2ccccc2)(c2ccccc2)c2ccccc2)O[Si](c2ccccc2)(c2ccccc2)c2ccccc2)cc1,[2H]C(Cl)(Cl)Cl,27.4
C=CC(O)(B1OC(=O)CN(C)CC(=O)O1)c1ccc(OC)c(Br)c1,[2H]C([2H])([2H])C(=O)C([2H])([2H])[2H],9.96
CC1(C)OB(COc2ccccc2)OC1(C)C,[2H]C(Cl)(Cl)Cl,30.44
CC#C[Si](C)(C)CB1OC(C)(C)C(C)(C)O1,[2H]C(Cl)(Cl)Cl,33.31
CC(C)c1ccc2ccccc2c1BN1C(C)(C)CCCC1(C)C,[2H]C(Cl)(Cl)Cl,42.0
Fc1ccc([B-]2(F)n3c(Cl)ccc3C(c3ccccc3)=C3C=CC(Cl)=[N+]32)cc1,[2H]C(Cl)(Cl)Cl,2.37
CC(C)(O)C[N+](C)(C)[BH2-]C#N,[2H]C(Cl)(Cl)Cl,-13.55
CC(C)(C)[Si](C)(C)Oc1ccc(B(O)O)cc1,[2H]C(Cl)(Cl)Cl,28.0
CC(C)N(B(I)I)C(C)C,[2H]C(Cl)(Cl)Cl,-1.0
COC(=O)C[C@H](B1OC(C)(C)C(C)(C)O1)c1ccccc1,[2H]C(Cl)(Cl)Cl,33.2
CC1(B2OC(C)(C)C(C)(C)O2)C(B2OC(C)(C)C(C)(C)O2)C1c1cccc(Cl)c1,[2H]C(Cl)(Cl)Cl,32.8
CC[B-]1(CC)n2c3ccccc3c[n+]2[B-](CC)(CC)n2c3ccccc3c[n+]21,[2H]C(Cl)(Cl)Cl,4.29
CC(C)(C)NB(F)Oc1c(C(C)(C)C)cccc1C(C)(C)C,[2H]C(Cl)(Cl)Cl,18.9
F[B-]1(c2ccccc2)n2c(Nc3ccc(Nc4ccc5n4[B-](F)(c4ccccc4)[N+]4=C(Cl)C=CC4=C5c4ccccc4)cc3)ccc2C(c2ccccc2)=C2C=CC(Cl)=[N+]21,[2H]C(Cl)(Cl)Cl,3.44
CCOP(=O)(OCC)c1cccc(B2OC(C)(C)C(C)(C)O2)c1OC,[2H]C(Cl)(Cl)Cl,30.7
c1cc2n(c1)[B-]1(CCC2)C2CCCC1CCC2,[2H]c1c([2H])c([2H])c([2H])c([2H])c1[2H],-8.2
COC(=O)[C@@H](Cc1ccccc1)NC(=O)C(F)(F)CC(I)[B-]12OC(=O)C[N+]1(C)CC(=O)O2,[2H]C([2H])([2H])S(=O)C([2H])([2H])[2H],10.72
COc1ccc2ccccc2c1B1C(c2c(OC)ccc3ccccc23)=Cc2ccccc2N1Cc1ccc(Cl)cc1,[2H]C(Cl)(Cl)Cl,41.2
CB(N=[N+]=[N-])C1(C)CCCCCC1,[2H]C(Cl)(Cl)Cl,63.4
CC1(C)OB([C@]2(c3ccccc3)C[C@H](c3ccc4ccccc4c3-c3ncnc4ccccc34)C2)OC1(C)C,[2H]C(Cl)(Cl)Cl,34.3
C[Si]1(C)OB(c2ccc(Br)cc2)O[Si](C)(C)O1,[2H]C(Cl)(Cl)Cl,27.0
CC(C)(C)C#CB1Oc2ccccc2O1,[2H]C(Cl)(Cl)Cl,24.0
Cc1ccc2c(c1)N(CCCN1B(c3ccccc3)Oc3ccc(C)cc31)B(c1ccccc1)O2,[2H]C(Cl)(Cl)Cl,34.2
CC1(C)OB(c2cccc3[nH]ccc23)OC1(C)C,[2H]C(Cl)(Cl)Cl,31.05
C/C(=C\c1ccccc1)C(O)/C(=C/c1ccccc1)B1OC(C)(C)C(C)(C)O1,[2H]C(Cl)(Cl)Cl,30.5
CC1(C)OB([C@]2(c3ccc(-c4ccccc4)cc3)C[C@H](c3ccc4ccccc4c3-c3nccc4ccccc34)C2)OC1(C)C,[2H]C(Cl)(Cl)Cl,33.6
OB(O)c1ccc2ccccc2c1-c1c(Br)ccc2ccccc12,[2H]C(Cl)(Cl)Cl,29.5
Cc1ccccc1CCCC(C)(CB1OC(C)(C)C(C)(C)O1)/C(=N/N1CCCCC1)C(F)(F)F,[2H]C(Cl)(Cl)Cl,33.9
[BH3-][PH+](Oc1c(C(C)(C)C)cc(C(C)(C)C)cc1C(C)(C)C)c1ccccc1,[2H]C(Cl)(Cl)Cl,-40.7
CCCC[C@@H](Cc1ccccc1)B1OC(C)(C)C(C)(C)O1,[2H]C(Cl)(Cl)Cl,34.2
C[N+](C)(C)[BH2-]c1nc2ccccc2n(CC2CC2)c1=O,[2H]C(Cl)(Cl)Cl,-6.0
COc1cccc(/C(=C/C(C)(C)Cc2ccccc2)B2C(Br)=Cc3ccccc3N2C2CCCC2)c1,[2H]C(Cl)(Cl)Cl,37.27
C[N+](C)([BH2-]C#N)CCCCCCCCCCCCCC[N+](C)(C)[BH2-]C#N,[2H]C(Cl)(Cl)Cl,-14.9
CC1(C)OB(C2(Cl)CC2(c2ccccc2)c2ccccc2)OC1(C)C,[2H]C(Cl)(Cl)Cl,30.9
Cc1cc([BH2-][N+](C)(C)C)cc(C)n1,[2H]OC([2H])([2H])[2H],-2.0
CC(O)CCc1ccc(OCC(O)CB2OC(C)(C)C(C)(C)O2)cc1,[2H]C(Cl)(Cl)Cl,33.35
COP(=O)(OC)[C@@H]([BH2-][P+](C)(c1ccccc1)c1ccccc1)c1ccc(C)c([N+](=O)[O-])c1,[2H]C(Cl)(Cl)Cl,-26.09
COC(=O)C(O[Si](OC(CC(C)C)CC(C)C)(OC(CC(C)C)CC(C)C)OC(CC(C)C)CC(C)C)c1ccc(B2OC(C)(C)CC(C)(C)O2)cc1Br,[2H]C(Cl)(Cl)Cl,25.6
CCCCC[C@H](B1OC(C)(C)C(C)(C)O1)N1CCOC1=O,[2H]C(Cl)(Cl)Cl,32.3
CCCCCCOCCCCC(C)(CB1OC(C)(C)C(C)(C)O1)/C(=N/N1CCCCC1)C(F)(F)F,[2H]C(Cl)(Cl)Cl,34.4
Cc1cc(C)cc([C@]2(B3OC(C)(C)C(C)(C)O3)C[C@@H](c3ccc4ccccc4c3-c3nccc4ccccc34)C2)c1,[2H]C(Cl)(Cl)Cl,36.2
Cc1cc(B2OC(C)(C)C(C)(C)O2)c(C[SiH](C)C)c(B2OC(C)(C)C(C)(C)O2)c1,[2H]C(Cl)(Cl)Cl,32.05
CC1(C)OB(/C(=C/CCc2ccccc2)N2CCOC2=O)OC1(C)C,[2H]C(Cl)(Cl)Cl,28.72
CC1(C)OB(/C(=C\c2ccccc2)C(O)C2OC2c2ccccc2)OC1(C)C,[2H]C(Cl)(Cl)Cl,30.2
CC(=O)C([I+]c1ccccc1)=P(c1ccccc1)(c1ccccc1)c1ccccc1.F[B-](F)(F)F,[2H]C([2H])([2H])S(=O)C([2H])([2H])[2H],-1.22
C[Si](C)(C)N1[C+](c2ccc([C+]3N([Si](C)(C)C)[B-](Cl)(c4ccccc4)N3[Si](C)(C)C)cc2)N([Si](C)(C)C)[B-]1(Cl)c1ccccc1,[2H]C(Cl)(Cl)Cl,9.05
C[N+](C)(C)[BH2-]c1cc(Cl)c2ccccc2n1,[2H]C(Cl)(Cl)Cl,-3.7
CCCCOCCCCB1OC(C)(C)C(C)(C)O1,[2H]C(Cl)(Cl)Cl,33.5
CCCC#C[B-](c1ccccc1)(c1ccccc1)c1ccccc1.C[N+](C)(C)C,[2H]C([2H])([2H])S(=O)C([2H])([2H])[2H],-13.4
COC(=O)C[BH-](c1n(C(C)C)cc[n+]1C(C)C)C(C(=O)OC)c1ccccc1,[2H]C(Cl)(Cl)Cl,-16.56
CC1(C)OB(OCc2ccccc2Br)OC1(C)C,[2H]C(Cl)(Cl)Cl,22.4
c1ccc(NB2N(c3ccccc3)CCN2c2ccccc2)cc1,[2H]c1c([2H])c([2H])c([2H])c([2H])c1[2H],23.0
CC(C)C1[NH2+][B-](c2ccccc2)(c2ccccc2)OC1=O,[2H]C([2H])([2H])S(=O)C([2H])([2H])[2H],6.3
CC(=O)/C=C\c1cccc(B2OC(C)(C)C(C)(C)O2)c1,[2H]C(Cl)(Cl)Cl,30.6
CCC(C)NB1C2CCCC1CCC2,[2H]c1c([2H])c([2H])c([2H])c([2H])c1[2H],48.1
CC(CCCN1C(=O)c2ccccc2C1=O)CB1OC(C)(C)C(C)(C)O1,[2H]C(Cl)(Cl)Cl,34.0
[BH3-][P+]1(CCC=C)CCCCCC1,[2H]C(Cl)(Cl)Cl,-37.58
CC(C)(C)/C=C(\B1C(Br)=Cc2ccccc2N1C1CCCC1)c1cccc(C(=O)[O-])c1[C@@H]1C[C@@H]2CC[C@@]1(C)C2(C)C,[2H]C(Cl)(Cl)Cl,37.2
Fc1c(F)c(F)c([B-](Cl)(c2ccccc2[NH+](c2ccccc2)c2ccccc2)c2c(F)c(F)c(F)c(F)c2F)c(F)c1F,[2H]C([2H])(Cl)Cl,-2.2
CC1(C)OB([C@H]2[C@H]3C[C@@H]4[C@H]([C@@H]3c3ccc(C(F)(F)F)cc3)[C@@H]42)OC1(C)C,[2H]C(Cl)(Cl)Cl,33.3
Cc1cccc(C=C(B2OC(C)(C)C(C)(C)O2)B2OC(C)(C)C(C)(C)O2)c1,[2H]C(Cl)(Cl)Cl,30.6
C=CC(O)(B1OC(=O)CN(C)CC(=O)O1)c1ccc(C(F)(F)F)cc1,[2H]C([2H])([2H])C(=O)C([2H])([2H])[2H],9.87
CCB(CC)c1cccc(B(CC)CC)c1,[2H]c1c([2H])c([2H])c([2H])c([2H])c1[2H],67.5
c1ccc(N2CCc3ccccc3C2B2C3CCCC2CCC3)nc1,[2H]C(Cl)(Cl)Cl,0.2
C[N+]12CC[N+]([B-](F)(F)F)(CC1)CC2.F[B-](F)(F)F,[2H]O[2H],-20.8
CC1(C)OB(N2CCN(C3OC(C)(C)C(C)(C)O3)c3ccccc32)OC1(C)C,[2H]c1c([2H])c([2H])c([2H])c([2H])c1[2H],24.1
CC(B(CC[Si](C)(Cl)Cl)C(C)[Si](C)(Cl)Cl)[Si](C)(Cl)Cl,[2H]c1c([2H])c([2H])c([2H])c([2H])c1[2H],80.0
CC1(C)OB(/C=C/c2ccc(Br)cc2)OC1(C)C,[2H]C(Cl)(Cl)Cl,29.6
COC(=O)c1ccc(C=C=CC(B2OC(C)(C)C(C)(C)O2)B2OC(C)(C)C(C)(C)O2)cc1,[2H]C(Cl)(Cl)Cl,33.2
CN1CC(=O)OB(C(CBr)C(=O)c2ccc(Cl)cc2)OC(=O)C1,[2H]C([2H])([2H])C#N,10.27
CCCC[P+](CCCC)(CCCC)[B-](C(Cl)Cl)(C(Cl)Cl)C(Cl)Cl,[2H]c1c([2H])c([2H])c(C([2H])([2H])[2H])c([2H])c1[2H],-9.3
CCO[Si](OCC)(OCC)c1cc(F)c(B2OC(C)(C)CC(C)(C)O2)cc1OC,[2H]C(Cl)(Cl)Cl,25.9
CC1(C)OB([C@H]2[C@H]3C[C@@H]4[C@H]([C@@H]3c3cccc(OCc5ccccc5)c3)[C@@H]42)OC1(C)C,[2H]C(Cl)(Cl)Cl,33.4
COc1cccc(CCC[C@@](C)(CB2OC(C)(C)C(C)(C)O2)/C(=N/N2CCCCC2)C(F)(F)F)c1,[2H]C(Cl)(Cl)Cl,33.8
C(B(C=P(c1ccccc1)(c1ccccc1)c1ccccc1)c1ccccc1)=P(c1ccccc1)(c1ccccc1)c1ccccc1,[2H]c1c([2H])c([2H])c([2H])c([2H])c1[2H],50.0
C=C(B1OC(C)(C)C(C)(C)O1)[C@](C)(B1OC(C)(C)C(C)(C)O1)c1ccc(O[Si](C)(C)C(C)(C)C)cc1,[2H]C(Cl)(Cl)Cl,32.1
CCOC(=O)c1nc2ccccc2cc1B1OC(C)(C)C(C)(C)O1,[2H]C(Cl)(Cl)Cl,30.6
CCCC/C=C\B1OC(C)(C)C(C)(C)O1,[2H]C(Cl)(Cl)Cl,18.3
COc1ccc2nc(C)cc(B3OC(C)(C)C(C)(C)O3)c2c1,[2H]C(Cl)(Cl)Cl,31.09
CC1C([BH2-][n+]2ccc(N(C)C)cc2)CC2CC1C2(C)C,[2H]C(Cl)(Cl)Cl,-2.3
CCOC(=O)C(F)(F)[C@H](CCN1C(=O)c2ccccc2C1=O)C(I)[B-]12OC(=O)C[N+]1(C)CC(=O)O2,[2H]C([2H])([2H])S(=O)C([2H])([2H])[2H],10.23
COC(=O)C[BH2-]N1C=C(C)C=C(C)C1,[2H]C(Cl)(Cl)Cl,-6.09
CCCC/C(B1OC(C)(C)C(C)(C)O1)=C(\c1ccc(C)cc1)c1c(C(=O)OC2COC2)ccc2ccc(OC)cc12,[2H]C(Cl)(Cl)Cl,29.71
CCCCC=C=CC(B1OC(C)(C)C(C)(C)O1)B1OC(C)(C)C(C)(C)O1,[2H]C(Cl)(Cl)Cl,33.1
CCOC(=O)[B-](Br)(Br)[N+](C)(C)C,[2H]C(Cl)(Cl)Cl,0.93
CC1(C)OB(OCc2ccc(Cl)cc2)OC1(C)C,[2H]C(Cl)(Cl)Cl,22.05
COc1cc(B2OC(C)(C)C(C)(C)O2)cc(OC)c1OC,[2H]C(Cl)(Cl)Cl,30.64
C[C@H](CCC1(B2OC(C)(C)C(C)(C)O2)CC(c2ccc3ccccc3c2-c2nccc3ccccc23)C1)[C@H]1CC[C@H]2[C@@H]3CC[C@@H]4C[C@H](O[Si](C)(C)C(C)(C)C)CC[C@]4(C)[C@H]3CC[C@]12C,[2H]C(Cl)(Cl)Cl,34.9
COP(=O)(OC)[C@@H]([BH2-][P+](C)(c1ccccc1)c1ccccc1)c1ccc2c(c1)Cc1ccccc1-2,[2H]C(Cl)(Cl)Cl,-25.8
CCCCCCCCCCCC[N+](C)([BH2-]C#N)CB1OC(C)(C)C(C)(C)O1,[2H]C(Cl)(Cl)Cl,-15.3
C[SiH2]CCB(C(C)[SiH2]C)C(C)[SiH2]C,[2H]c1c([2H])c([2H])c([2H])c([2H])c1[2H],80.3
C=CCB1Oc2ccc3ccccc3c2-c2c(ccc3ccccc23)O1,[2H]C(Cl)(Cl)Cl,28.2
C[N+](C)(C)C.Fc1ccc(SCCC#C[B-](c2ccccc2)(c2ccccc2)c2ccccc2)cc1,[2H]C([2H])([2H])S(=O)C([2H])([2H])[2H],-13.4
CC([BH2-][N+](C)(C)C)c1ccccc1,[2H]C(Cl)(Cl)Cl,0.75
c1ccc(CNB2OCCO2)cc1,[2H]C(Cl)(Cl)Cl,25.7
c1ccc2c(c1)OB(c1cc(B3Oc4ccccc4S3)cc(B3Oc4ccccc4S3)c1)S2,[2H]C(Cl)(Cl)Cl,51.0
CCCC[B-]1(CC)CCCC2=[N+]1CC=C2,[2H]c1c([2H])c([2H])c([2H])c([2H])c1[2H],-5.1
CN1CC(=O)OB(C(CO)C(=O)C2CC2)OC(=O)C1,[2H]C([2H])([2H])C(=O)C([2H])([2H])[2H],11.08
ClB(Cl)Oc1c(-c2ccccc2)cccc1-c1ccccc1,[2H]C(Cl)(Cl)Cl,31.3
[BH3-][NH+](C(C)C)C(C)(C)C,[2H]c1c([2H])c([2H])c([2H])c([2H])c1[2H],-23.72
O=S1(=Nc2ccc3n2[B-](F)(c2ccccc2)[N+]2=C(Cl)C=CC2=C3c2ccccc2)c2ccccc2-c2ccccc21,[2H]C(Cl)(Cl)Cl,3.7
CC1(C)OB(N(Cc2ccccc2)C(=S)P(c2ccccc2)c2ccccc2)OC1(C)C,[2H]C(Cl)(Cl)Cl,24.5
Cc1ccc([C@]2(B3OC(C)(C)C(C)(C)O3)CC(=O)[C@H]2C)cc1,[2H]C(Cl)(Cl)Cl,33.1
CC(=O)C([I+]c1ccc(Cl)cc1)=P(c1ccccc1)(c1ccccc1)c1ccccc1.F[B-](F)(F)F,[2H]C([2H])([2H])S(=O)C([2H])([2H])[2H],-1.22
CC(C)C([NH+](C)C)[B-](O)(C(F)(F)F)C(F)(F)F,[2H]C([2H])([2H])C#N,-9.2
Cc1ccc(C2CC2B2OC(C)(C)C(C)(C)O2)cc1,[2H]C(Cl)(Cl)Cl,33.22
Cc1ccc(S(=O)(=O)N2B(CCCBr)OC(c3ccccc3)(c3ccccc3)[C@@H]2c2ccccc2)cc1,[2H]C(Cl)(Cl)Cl,34.3
COc1ccc(C(C(B(c2c(F)c(F)c(F)c(F)c2F)c2c(F)c(F)c(F)c(F)c2F)c2ccccc2)[Si](C)(C)C)cc1,[2H]c1c([2H])c([2H])c([2H])c([2H])c1[2H],74.9
C[Si](C)(C)CCCCCCB(c1c(F)c(F)c(F)c(F)c1F)c1c(F)c(F)c(F)c(F)c1F,[2H]c1c([2H])c([2H])c([2H])c([2H])c1[2H],73.6
CC1(C)OB(CC[C@@H](CB2OC(C)(C)C(C)(C)O2)c2ccc(OC(=O)c3ccccc3)cc2)OC1(C)C,[2H]C(Cl)(Cl)Cl,34.7
[NH2+]=C(c1ccc(Cl)cc1)[B-](F)(F)F,[2H]C([2H])([2H])C(=O)C([2H])([2H])[2H],-0.01
COc1ccc(C([NH3+])[B-](F)(F)F)cc1,[2H]C([2H])([2H])S(=O)C([2H])([2H])[2H],2.39
CCOc1ccc2ccccc2c1B1C(Br)=Cc2ccccc2N1Cc1ccccc1,[2H]C(Cl)(Cl)Cl,38.22
N#Cc1ccc(C([NH3+])[B-](F)(F)F)cc1,[2H]OC([2H])([2H])[2H],2.27
CO[B-]12Oc3c(I)cc(I)cc3C=[N+]1c1cccc(c1)[B-]1(OC)Oc3c(I)cc(I)cc3C=[N+]1c1cccc(c1)[B-]1(OC)Oc3c(I)cc(I)cc3C=[N+]1c1cccc2c1,[2H]C([2H])([2H])S(=O)C([2H])([2H])[2H],1.7
COCOc1ccccc1[B-]([NH3+])(c1ccccc1OCOC)c1ccccc1OCOC,[2H]C1([2H])OC([2H])([2H])C([2H])([2H])C1([2H])[2H],-5.03
COc1ccc(-c2ccc3cc(C(=O)OCCC[C@H](CCCCc4ccccc4)B4OC(C)(C)C(C)(C)O4)ccc3c2)cc1C12C[C@H]3C[C@@H](C1)C[C@@H](C2)C3,[2H]C(Cl)(Cl)Cl,34.12
[BH3-]N([Si](C)(C)C)[P+](c1ccccc1)(c1ccccc1)c1ccccc1,[2H]C([2H])(Cl)Cl,-16.4
c1ccc(B2Oc3ccc4ccccc4c3-c3c(ccc4ccccc34)O2)cc1,[2H]C(Cl)(Cl)Cl,26.4
CC(C)N(C(=O)O[C@@H](Cc1ccc(C(F)(F)F)cc1)B1OC(C)(C)C(C)(C)O1)C(C)C,[2H]C(Cl)(Cl)Cl,12.58
Br[Mg]CCCB1C2CCCC1CCC2,[2H]c1c([2H])c([2H])c([2H])c([2H])c1[2H],78.2
C[N+]1(C)c2ccccc2C(c2ccccc2)(c2ccccc2)O[B-]1(Cl)Cl,[2H]C(Cl)(Cl)Cl,8.6
CCB(CC)c1ccccc1B(CC)CC,[2H]c1c([2H])c([2H])c([2H])c([2H])c1[2H],80.8
Cc1ccc(C2C(B3OC(C)(C)C(C)(C)O3)C2(C)B2OC(C)(C)C(C)(C)O2)cc1,[2H]C(Cl)(Cl)Cl,32.5
CC(C)CC(CC(C)C)Oc1c([SiH3])c(C2CC2)c(OC(CC(C)C)CC(C)C)c(B2OC(C)(C)CC(C)(C)O2)c1OC(CC(C)C)CC(C)C,[2H]C(Cl)(Cl)Cl,26.3
CC(C)N(B(Cl)B(Cl)N(C(C)C)C(C)C)C(C)C,[2H]c1c([2H])c([2H])c([2H])c([2H])c1[2H],38.1
CC(C)N(B1B(N(C(C)C)C(C)C)B(N(C(C)C)C(C)C)B1N(C(C)C)C(C)C)C(C)C,[2H]c1c([2H])c([2H])c([2H])c([2H])c1[2H],65.0
C=CCCCCCCCC[B-](F)(F)F.CCCC[N+](CCCC)(CCCC)CCCC,[2H]C(Cl)(Cl)Cl,5.5
CN1CC(=O)OB(c2cc(S(=O)(=O)c3ccccc3)c(N)s2)OC(=O)C1,[2H]C([2H])([2H])S(=O)C([2H])([2H])[2H],9.97
CB(Cl)C(P(Cl)Cl)([Si](C)(C)C)[Si](C)(C)C,[2H]C(Cl)(Cl)Cl,70.6
C(#C[B-](c1ccccc1)(c1ccccc1)c1ccccc1)CCCOc1ccccc1.C[N+](C)(C)C,[2H]C([2H])([2H])S(=O)C([2H])([2H])[2H],-13.4
NC1Nc2[nH]c3ccccc3[n+]2[B-](F)(F)N1,[2H]C([2H])([2H])S(=O)C([2H])([2H])[2H],0.8
CC1(C)CCCC(C)(C)N1B1P(C(C)(C)C)B(N2C(C)(C)CCCC2(C)C)P1C(C)(C)C,[2H]c1c([2H])c([2H])c([2H])c([2H])c1[2H],63.2
COC(=O)[B-](Cl)(CCl)[N+](C)(C)C,[2H]C(Cl)(Cl)Cl,0.0
Cc1ccc(S(=O)(=O)N2CC(B3OC(C)(C)C(C)(C)O3)c3cc(-c4ccccc4)ccc32)cc1,[2H]C(Cl)(Cl)Cl,32.52
CC1(C)OB(CCCCCCn2ccc3ccccc32)OC1(C)C,[2H]C(Cl)(Cl)Cl,34.38
CC1(C)OB(C2(Cl)CC2c2ccccc2)OC1(C)C,[2H]C(Cl)(Cl)Cl,32.4
CC1(C)OB(/C(=C/c2ccccc2)CC(=O)OCCCc2ccccc2)OC1(C)C,[2H]C(Cl)(Cl)Cl,30.19
COC(=O)c1ccc(B2OC(C)(C)CC(C)(C)O2)cc1,[2H]C(Cl)(Cl)Cl,26.13
CCCCC[C@H](NC(=O)c1ccc(C(=O)OC)cc1)B1OC(C)(C)C(C)(C)O1,[2H]C(Cl)(Cl)Cl,21.8
CC1(C)CC(C)(C)OB(c2ccc(Br)cc2)O1,[2H]C(Cl)(Cl)Cl,26.3
FB(c1c(C(F)(F)F)cc(C(F)(F)F)cc1C(F)(F)F)c1c(C(F)(F)F)cc(C(F)(F)F)cc1C(F)(F)F,[2H]C(Cl)(Cl)Cl,46.6
Fc1ccc([B-]2(c3ccc(F)cc3)c3ccccc3Nc3cccc[n+]32)cc1,[2H]C([2H])([2H])C(=O)C([2H])([2H])[2H],-1.67
COC(=O)C[BH-](c1n(C)cc[n+]1C)C(C(=O)OC)c1ccc(C)cc1,[2H]C(Cl)(Cl)Cl,-16.7
NCC[NH2+][B-](O)(c1cc(F)c(F)c(F)c1)c1cc(F)c(F)c(F)c1,[2H]C(Cl)(Cl)Cl,1.0
C=C(CCc1ccccc1)CC(C)(C(=O)OC)C(B1OC(C)(C)C(C)(C)O1)c1ccccc1,[2H]C(Cl)(Cl)Cl,33.1
CC(C)(C)N(B1OC(C)(C)C(C)(C)O1)C(=O)P(c1ccccc1)c1ccccc1,[2H]C(Cl)(Cl)Cl,25.2
O=C(NCc1ccccc1)Oc1ccc2n1[B-](F)(c1ccccc1)[N+]1=C(Cl)C=CC1=C2c1ccccc1,[2H]C(Cl)(Cl)Cl,3.28
CC(C)C(B(c1ccco1)c1ccco1)C(C)C,[2H]c1c([2H])c([2H])c([2H])c([2H])c1[2H],30.0
CCC1=C(C)C2=C(C)c3c(C)c(CC)c(C)n3[B-](c3ccc(OC)cc3)(c3ccc(OC)cc3)[N+]2=C1C,[2H]C(Cl)(Cl)Cl,2.6
CB(Cl)c1ccccc1B(Cl)Cl,[2H]c1c([2H])c([2H])c([2H])c([2H])c1[2H],33.0
COc1ccc2ccc(C(=O)OC3COC3)c(/C(=C(/CCCCOC(=O)c3ccc(C)cc3)B3OC(C)(C)C(C)(C)O3)c3ccccc3)c2c1,[2H]C(Cl)(Cl)Cl,31.12
COc1ccc(-c2ccc3n2[B-](F)(c2ccccc2)[N+]2=C(c4ccc(C)cc4)C=CC2=C3c2ccccc2)cc1,[2H]C(Cl)(Cl)Cl,4.36
CC1(C)OB(c2cc3c(cc2[Si](C)(C)C)CCC3)OC1(C)C,[2H]c1c([2H])c([2H])c([2H])c([2H])c1[2H],31.0
CCN(CC)B(OC(C)C)N(CC)CC,[2H]c1c([2H])c([2H])c([2H])c([2H])c1[2H],24.9
CCCC/C(B1OC(C)(C)C(C)(C)O1)=C(\c1ccc(C(=O)O[C@@H]2C[C@H]3CC[C@]2(C)C3(C)C)cc1)c1c(C(=O)OC2COC2)ccc2ccc(OC)cc12,[2H]C(Cl)(Cl)Cl,31.91
CCN(CC)B(C1B(N(CC)CC)C([Si](C)(C)C)([Si](C)(C)C)B1N(CC)CC)C(C)(C)C,[2H]C(Cl)(Cl)Cl,45.0
C[Si](C)(C)[N+](=[B-](c1c(F)c(F)c(F)c(F)c1F)c1c(F)c(F)c(F)c(F)c1F)[Si](C)(C)C,[2H]c1c([2H])c([2H])c([2H])c([2H])c1[2H],43.6
CC1(C)OB(CC(B2OC(C)(C)C(C)(C)O2)c2ccc(C(F)(F)F)cc2)OC1(C)C,[2H]C(Cl)(Cl)Cl,33.8
Cc1ccc(C(=O)C(CO)B2OC(=O)CN(C)CC(=O)O2)cc1,[2H]C([2H])([2H])C(=O)C([2H])([2H])[2H],11.3
Cc1ccc(S(=O)(=O)N2B(C3CCCC3)OC(c3ccccc3)(c3ccccc3)[C@@H]2c2ccccc2)cc1,[2H]C(Cl)(Cl)Cl,36.8
Cc1ccc(C(C(B(c2c(F)c(F)c(F)c(F)c2F)c2c(F)c(F)c(F)c(F)c2F)c2ccccc2)[Si](C)(C)C)cc1,[2H]c1c([2H])c([2H])c([2H])c([2H])c1[2H],77.1
COc1cc(C)cc(B2OC(C)(C)C(C)(C)O2)c1,[2H]C(Cl)(Cl)Cl,30.9
CCCCOB1OC(C)(C)C(C)(C)O1,[2H]C(Cl)(Cl)Cl,22.06
NCC[NH2+][B-]1(c2cc(F)c(F)c(F)c2)OB(c2cc(F)c(F)c(F)c2)OB(c2cc(F)c(F)c(F)c2)O1,[2H]C(Cl)(Cl)Cl,19.0
COc1ccc(B2OC(C)(C)C(C)(C)O2)c(C(=O)N(C)C)c1,[2H]C(Cl)(Cl)Cl,30.72
C=CC1CC(B2OC(C)(C)C(C)(C)O2)=C[C@H]1C(=O)OCC(C)CC,[2H]C(Cl)(Cl)Cl,28.7
C[Si](C)(C)C(CB(c1c(F)c(F)c(F)c(F)c1F)c1c(F)c(F)c(F)c(F)c1F)c1ccccc1,[2H]c1c([2H])c([2H])c([2H])c([2H])c1[2H],73.0
CCCCCC(B(c1c(F)c(F)c(F)c(F)c1F)c1c(F)c(F)c(F)c(F)c1F)[Si](C)(C)C,[2H]c1c([2H])c([2H])c([2H])c([2H])c1[2H],71.7
Fc1c(F)c(F)c([B-](c2c(F)c(F)c(F)c(F)c2F)(c2c(F)c(F)c(F)c(F)c2F)[n+]2cnc[n+]([B-](c3c(F)c(F)c(F)c(F)c3F)(c3c(F)c(F)c(F)c(F)c3F)c3c(F)c(F)c(F)c(F)c3F)c2)c(F)c1F,[2H]C([2H])(Cl)Cl,4.5
[Cl-].[NH3+]C(B(O)O)c1ccc(F)cc1,[2H]OC([2H])([2H])[2H],28.17
CCC1(CC)OB(/C(=C/S(=O)(=O)F)CCCOC(=O)C2CCC2)OC1(CC)CC,[2H]C(Cl)(Cl)Cl,29.37
CCCC/C(B1OC(C)(C)C(C)(C)O1)=C(\c1ccc2c(c1)c1ccccc1n2-c1ccccc1)c1c(C(=O)OC2COC2)ccc2ccc(OC)cc12,[2H]C(Cl)(Cl)Cl,32.51
COc1cccc(C#CC2=Cc3ccccc3N(C3CCCC3)B2/C(=C\C(C)(C)C)c2cccc(OC)c2)c1,[2H]C(Cl)(Cl)Cl,38.68
[BH3-][P+](c1ccccc1)(c1ccccc1)C(C(=O)OC)c1ccccc1,[2H]C(Cl)(Cl)Cl,-38.51
CCc1ccc(C2C(B3OC(C)(C)C(C)(C)O3)C2(C)B2OC(C)(C)C(C)(C)O2)cc1,[2H]C(Cl)(Cl)Cl,32.4
Cc1cc(=O)oc2cc(OCCCOc3ccc(B4OCC(C)(C)CO4)c(C=O)c3)ccc12,[2H]C(Cl)(Cl)Cl,27.98
Cn1c(B2OC(C)(C)C(C)(C)O2)cc2ccc(F)cc21,[2H]C(Cl)(Cl)Cl,30.21
CCCCCCCC/C(=C/B1OC(C)(C)C(C)(C)O1)[Si](C)(C)OC(C)C,[2H]C(Cl)(Cl)Cl,29.7
CCCC/C(B1OC(C)(C)C(C)(C)O1)=C(\c1ccccc1)c1c(C(=O)OC2CCCCC2)ccc2ccc(OC)cc12,[2H]C(Cl)(Cl)Cl,31.35
CC12CCCC1(C)OB(/C=C/c1ccccc1)O2,[2H]C(Cl)(Cl)Cl,29.7
CCCC[Si](CCCC)(CCCC)OB(O[Si](CCCC)(CCCC)CCCC)c1ccccc1,[2H]C(Cl)(Cl)Cl,26.2
CC(C)(C)OC(=O)N1CC(C(CCCCc2ccccc2)B2OC(C)(C)C(C)(C)O2)C1,[2H]C(Cl)(Cl)Cl,35.28
Cc1ccccc1B1SSB(c2ccccc2C)S1,[2H]c1c([2H])c([2H])c([2H])c([2H])c1[2H],64.8
Cc1cc(C)c(B(B(c2c(C)cc(C)cc2C)c2c(C)cc(C)cc2C)c2ccccc2)c(C)c1,[2H]c1c([2H])c([2H])c([2H])c([2H])c1[2H],90.5
C[N+]12CC(=O)O[B-]1(C(Br)CC(F)(F)C(=O)NCc1ccccc1)OC(=O)C2,[2H]C([2H])([2H])S(=O)C([2H])([2H])[2H],10.07
CN1c2ccccc2S[B-]12NC(N)=Nc1[nH+]c3ccccc3n12,[2H]C([2H])([2H])S(=O)C([2H])([2H])[2H],0.6
N#Cc1ccc([B-]2(F)n3c(Cl)ccc3C(c3ccccc3)=C3C=CC(Cl)=[N+]32)cc1,[2H]C(Cl)(Cl)Cl,3.68
F[B-]1(c2ccccc2)n2c(Nc3cccc(Cl)c3Cl)ccc2C(c2ccccc2)=C2C=CC(Cl)=[N+]21,[2H]C(Cl)(Cl)Cl,4.11
Cc1ccc([C@]2(B3OC(C)(C)C(C)(C)O3)C[C@@H](c3ccc4ccccc4c3-c3nccc4ccccc34)C2)s1,[2H]C(Cl)(Cl)Cl,34.6
CCOc1ccc2ccccc2c1B1C=Cc2ccccc2N1Cc1ccccc1,[2H]C(Cl)(Cl)Cl,37.84
C[Si@@]1(c2ccccc2)OB(c2ccccc2)O[Si@@](C)(c2ccccc2)O1,[2H]C(Cl)(Cl)Cl,27.7
Cc1cccc([C@H]2[C@@H](B3OC(C)(C)C(C)(C)O3)[C@]2(C)c2ccccc2)c1,[2H]C(Cl)(Cl)Cl,32.9
COc1cccc2cc3cccc(OC)c3c(B3Oc4ccccc4O3)c12,[2H]C(Cl)(Cl)Cl,28.0
CC(C)(C)OC(=O)N1CCC2(CC1)[C@H](B1OC(C)(C)C(C)(C)O1)[C@@H]2B1OC(C)(C)C(C)(C)O1,[2H]C(Cl)(Cl)Cl,31.9
CC(C)CC(CC(C)C)O[Si](ON=Cc1ccc(B2OC(C)(C)CC(C)(C)O2)cc1Cl)(OC(CC(C)C)CC(C)C)OC(CC(C)C)CC(C)C,[2H]C(Cl)(Cl)Cl,26.6
CC(C)[N+](=C1O[B-](c2ccccc2)(c2ccccc2)C(=[N+](C(C)C)C(C)C)O[B-]1(c1ccccc1)c1ccccc1)C(C)C,[2H]C(Cl)(Cl)Cl,1.8
CC[C@@H]1N(S(=O)(=O)c2ccc(C)cc2)B([C@@H](Sc2ccccc2)C2CCCCC2)OC1(C1CCCCC1)C1CCCCC1,[2H]C(Cl)(Cl)Cl,34.3
C=CCN(CC)B(C=C)c1ccccc1,[2H]c1c([2H])c([2H])c([2H])c([2H])c1[2H],39.4
C[NH+](C)C1B(O)Oc2ccccc21.[Cl-],[2H]OC([2H])([2H])[2H],16.6
CC1(C)OB(C23CC(S(N)(=O)=O)(C2)C3)OC1(C)C,[2H]C([2H])([2H])S(=O)C([2H])([2H])[2H],29.5
C#CB1C(Br)=C(c2ccccc2)c2ccccc2N1C1CCCC1,[2H]C(Cl)(Cl)Cl,26.67
CC1(C)OB(CC(c2ccc(F)cc2)c2c(F)c(F)c(C#N)c(F)c2F)OC1(C)C,[2H]C(Cl)(Cl)Cl,33.1
CC(C)(C)[Si](C)(C)Oc1ccc(-c2ccc3n2[B-](F)(c2ccccc2)[N+]2=C(Cl)C=CC2=C3c2ccccc2)cc1,[2H]C(Cl)(Cl)Cl,4.3
CC(C)c1cc(C(C)CB2OC(C)(C)C(C)(C)O2)cc(C(C)CB2OC(C)(C)C(C)(C)O2)c1,[2H]c1c([2H])c([2H])c([2H])c([2H])c1[2H],32.9
CC(C)c1ccc(/C=C(/B2OC(C)(C)C(C)(C)O2)N2CCOC2=O)cc1,[2H]C(Cl)(Cl)Cl,29.66
CCCCCCCCCC(O)C[N+](C)(C)[BH2-]C#N,[2H]C(Cl)(Cl)Cl,-16.7
COc1cccc(C2=Cc3ccccc3N(C(C)C)B2c2c(OC)ccc3ccccc23)c1,[2H]C(Cl)(Cl)Cl,39.1
[BH2-2]C(C(=O)c1ccc(OC)cc1)c1n(C)c2ccccc2[n+]1C,[2H]C(Cl)(Cl)Cl,-27.21
CN(C)B(B(N(C)C)n1cccc1)n1cccc1,[2H]c1c([2H])c([2H])c([2H])c([2H])c1[2H],37.0
CC(C)(C)c1ccc([B-]2(c3ccc(C(C)(C)C)cc3)Oc3ccc(-c4c(F)c(F)c(F)c(F)c4F)c4ccc[n+]2c34)cc1,[2H]C(Cl)(Cl)Cl,12.0
Nc1cccc([B-]23Oc4cc[n+](cc4O2)[B-]2(c4cccc(N)c4)Oc4cc[n+](cc4O2)[B-]2(c4cccc(N)c4)Oc4cc[n+](cc4O2)[B-]2(c4cccc(N)c4)Oc4cc[n+](cc4O2)[B-]2(c4cccc(N)c4)Oc4cc[n+]3cc4O2)c1,[2H]C(Cl)(Cl)Cl,13.0
[BH3-][N+](C)(C)Cc1ccc(C#N)cc1,[2H]C1([2H])OC([2H])([2H])C([2H])([2H])C1([2H])[2H],-6.44
CCCCCCCCC[N+](C)([BH2-]C#N)CB1OC(C)(C)C(C)(C)O1,[2H]C(Cl)(Cl)Cl,-14.6
CCOC(=O)N1B(c2ccc3ccccc3c2)OC(C2CCCCC2)(C2CCCCC2)C1C(C)C,[2H]C(Cl)(Cl)Cl,33.2
CCCC/C=C(/B1OC(C)(C)C(C)(C)O1)N1CCOC1=O,[2H]C(Cl)(Cl)Cl,28.97
CCCC/C(B1OC(C)(C)C(C)(C)O1)=C(\c1ccccc1)c1c(C(=O)OC2COC2)cc(C)c2ccccc12,[2H]C(Cl)(Cl)Cl,30.2
[2H]C([2H])(B1OC(C)(C)C(C)(C)O1)B1OC(C)(C)C(C)(C)O1,[2H]C(Cl)(Cl)Cl,33.5
COc1cc(B2OC(C)(C)C(C)(C)O2)c(C[SiH](C(C)C)C(C)C)c(B2OC(C)(C)C(C)(C)O2)c1,[2H]C(Cl)(Cl)Cl,31.78
CN(C)[Si](C)(C)B1OC(C)(C)C(C)(C)O1,[2H]C(Cl)(Cl)Cl,33.8
C1CC2CCCC(C1)[B-]21O[C+]([C+]2O[B-]3([OH+][B@-]4(O2)C2CCCC4CCC2)[C@H]2CCC[C@H]3CCC2)O[B@-]2([OH+]1)[C@H]1CCC[C@H]2CCC1,[2H]C([2H])([2H])S(=O)C([2H])([2H])[2H],19.1
CSc1ccc(B2OC(C3CCCCC3)(C3CCCCC3)[C@H](C(C)C)N2S(=O)(=O)c2ccc(C)cc2)cc1,[2H]C(Cl)(Cl)Cl,33.0
COC(=O)C12CC(C(=O)N[C@@H](CCCCc3ccccc3)B3OC(C)(C)C(C)(C)O3)(C1)C2,[2H]C(Cl)(Cl)Cl,24.5
COCCOc1cc(B2OC(C)(C)CC(C)(C)O2)ccc1C=NO[Si](OC(CC(C)C)CC(C)C)(OC(CC(C)C)CC(C)C)OC(CC(C)C)CC(C)C,[2H]C(Cl)(Cl)Cl,25.9
CCC1=C(C)C2=C(C)c3c(C)c(CC)c(C)n3[B-](F)(c3ccccc3)[N+]2=C1C,[2H]C(Cl)(Cl)Cl,5.7
C=C(CCBr)B1Nc2cccc3cccc(c23)N1,[2H]C(Cl)(Cl)Cl,28.2
COc1ccc(C(c2ccc(OC)cc2)c2ccc[n+]3c2-c2cccc(Cl)c2[BH2-]3)cc1,[2H]C(Cl)(Cl)Cl,-0.51
[BH3-][P+](C)(C(C)=C(c1ccccc1)c1ccccc1)c1ccccc1,[2H]C(Cl)(Cl)Cl,-32.1
CC1(C)OB(CC(c2ccc(COCc3ccccc3)cc2)c2c(F)c(F)c(C#N)c(F)c2F)OC1(C)C,[2H]C(Cl)(Cl)Cl,34.1
c1cc2c(B3Oc4ccccc4O3)c(c1)COCCOCCOCCOCCOCCOC2,[2H]C([2H])(Cl)Cl,30.0
Cc1cc(C)c(B(B(c2c(C)cc(C)cc2C)N(C(C)C)C(C)C)N(C(C)C)C(C)C)c(C)c1,[2H]C(Cl)(Cl)Cl,46.3
c1ccc(C2OB(c3ccccc3CN3CCCC3)OC2c2ccccc2)cc1,[2H]OC([2H])([2H])[2H],9.0
COC(=O)C[BH-](c1n(C)cc[n+]1C)C(C(=O)OC)c1ccc(F)cc1,[2H]C(Cl)(Cl)Cl,16.41
CC1=CB(O)Oc2cc3c(cc21)[C@H]1CC[C@]2(C)C(=O)CC[C@H]2[C@@H]1CC3,[2H]OC([2H])([2H])[2H],26.6
CC(C)(C)OC(=O)N1CC2(B3OC(C)(C)C(C)(C)O3)CC1(CO)C2,[2H]C(Cl)(Cl)Cl,32.0
C=CCB(CC=C)/C(CC=C)=C(/[SiH2]C)[Si](C)(C)C,[2H]c1c([2H])c([2H])c([2H])c([2H])c1[2H],81.3
c1ccc2c(c1)-c1ccccc1[B-]21c2ccc3ncccc3c2Nc2cccc[n+]21,[2H]C([2H])([2H])S(=O)C([2H])([2H])[2H],-1.82
CC(OB1OC(C)(C)C(C)(C)O1)c1ccc(Br)cc1,[2H]C(Cl)(Cl)Cl,22.09
C=C(B1OC(C)(C)C(C)(C)O1)[C@](C)(B1OC(C)(C)C(C)(C)O1)c1ccc(Oc2ccccc2C)cc1,[2H]C(Cl)(Cl)Cl,32.0
CC(C)[NH+](Cc1ccccc1[B-](F)(F)F)C(C)C,[2H]C([2H])([2H])C#N,1.9
Cc1ccc(NC2=[N+]3C(=C(c4ccccc4)c4ccc(Nc5ccc6sccc6c5)n4[B-]3(F)c3ccccc3)C=C2)cc1,[2H]C(Cl)(Cl)Cl,3.04
C1=[N+]2CCO[B@@-]34Oc5ccccc5C=[N+]3CCO[B@-]2(Oc2ccccc21)O4,[2H]C(Cl)(Cl)Cl,5.6
C[N+](C)(C)C.Clc1ccc(OCCCC#C[B-](c2ccccc2)(c2ccccc2)c2ccccc2)cc1,[2H]C([2H])([2H])S(=O)C([2H])([2H])[2H],-13.3
c1ccc(B2OC3C(OB(c4ccccc4)OC3(c3ccccc3)c3ccccc3)C(c3ccccc3)(c3ccccc3)O2)cc1,[2H]C(Cl)(Cl)Cl,27.0
CCCC[Mg]N(B(CCCC)N1C(C)(C)CCCC1(C)C)C(C)(C)C,[2H]c1c([2H])c([2H])c([2H])c([2H])c1[2H],37.6
c1ccc(P(c2ccccc2)(c2ccccc2)=[N+]2[B-]3(Oc4ccccc4O3)[N+](=P(c3ccccc3)(c3ccccc3)c3ccccc3)[B-]23Oc2ccccc2O3)cc1,[2H]c1c([2H])c([2H])c([2H])c([2H])c1[2H],8.4
CC1(C)OB(c2ccc(B3NC(=O)c4ccccc4N3)cc2)OC1(C)C,[2H]C([2H])([2H])S(=O)C([2H])([2H])[2H],31.49
NC1=Nc2[nH]c3ccccc3[n+]2[B-](c2ccccc2)(c2ccccc2)N1,[2H]C([2H])([2H])S(=O)C([2H])([2H])[2H],-2.5
Cc1cc(C)c(-c2cccc(-c3c(C)cc(C)cc3C)c2B(Br)Br)c(C)c1,[2H]c1c([2H])c([2H])c([2H])c([2H])c1[2H],61.7
CC(C)N=C(N(B1OC(C)(C)C(C)(C)O1)C(C)C)P(c1ccccc1)c1ccccc1,[2H]C(Cl)(Cl)Cl,21.6
CC(C)/C=C(/B1OC(C)(C)C(C)(C)O1)N1CCOC1=O,[2H]C(Cl)(Cl)Cl,28.85
[BH3-][P@@+]1(c2ccccc2)[C@@H]2C=C[C@H]1[C@@H]1[C@H]2C=CP1(=O)c1ccccc1,[2H]C(Cl)(Cl)Cl,-35.1
CO[B-]12OCC[N+]1=Cc1cc(C(C)(C)C)cc(C(C)(C)C)c1O2,[2H]C(Cl)(Cl)Cl,2.38
CC1(C)OB(C2(c3ccccc3)CC(c3ccc4ccc([C@H]5C[C@](B6OC(C)(C)C(C)(C)O6)(c6ccccc6)C5)cc4c3-c3nccc4ccccc34)C2)OC1(C)C,[2H]C(Cl)(Cl)Cl,36.2
CC1(C)OB(OC(=O)P(c2ccccc2)c2ccccc2)OC1(C)C,[2H]c1c([2H])c([2H])c([2H])c([2H])c1[2H],22.7
C=CC1CC(B2OC(C)(C)C(C)(C)O2)=CC1C(=O)OC(C)(C)C,[2H]C(Cl)(Cl)Cl,29.1
CCSc1ccc2ccccc2c1B1C(c2cccc(OC)c2)=Cc2ccccc2N1Cc1ccccc1,[2H]C(Cl)(Cl)Cl,36.8
COC(=O)[BH-](C#N)[N+]1(C)CCOCC1,[2H]C(Cl)(Cl)Cl,-13.6
CC(=O)c1ccc(C2CC2B2OC(C)(C)C(C)(C)O2)cc1,[2H]C(Cl)(Cl)Cl,32.58
C=CCCB1OC(C)(C)C(C)(C)O1,[2H]C(Cl)(Cl)Cl,33.89
COc1ccc2ccccc2c1B1C(Br)=Cc2ccccc2N1C(C)C,[2H]C(Cl)(Cl)Cl,37.9
CCCC[P+](CCCC)(CCCC)[BH-](C(Cl)Cl)C(Cl)Cl,[2H]c1c([2H])c([2H])c(C([2H])([2H])[2H])c([2H])c1[2H],-13.5
COc1ccc2ccccc2c1B1C(c2ccc3c(c2)OCCO3)=Cc2ccccc2N1Cc1ccccc1,[2H]C(Cl)(Cl)Cl,41.2
CN(C)c1ccc(C(CB2OC(C)(C)C(C)(C)O2)c2c(F)c(F)c(C#N)c(F)c2F)cc1,[2H]C(Cl)(Cl)Cl,33.3
CO[B-](F)(F)c1ccccc1[NH+]1C(C)(C)CCCC1(C)C,[2H]C(Cl)(Cl)Cl,3.4
CCCCCC/C(=C\B1OC(C)(C)C(C)(C)O1)[Si](C)(C)OC(C)C,[2H]C(Cl)(Cl)Cl,29.3
CCCCC[C@@H](CCCc1ccc(Br)cc1)B1OC(C)(C)C(C)(C)O1,[2H]C(Cl)(Cl)Cl,33.59
CCC(=O)Nc1ccc2n1[B-](F)(c1ccccc1)[N+]1=C(Cl)C=CC1=C2c1ccccc1,[2H]C(Cl)(Cl)Cl,3.24
CC1=CB(O)Oc2c1ccc(F)c2Br,[2H]OC([2H])([2H])[2H],27.06
CC1(C)OB(N=P(C(C)(C)C)(C(C)(C)C)C(C)(C)C)OC1(C)C,[2H]c1c([2H])c([2H])c([2H])c([2H])c1[2H],23.4
COc1cccc(/C(=C/C(C)(C)C)B2C(Br)=Cc3ccccc3N2c2ccccc2)c1,[2H]C(Cl)(Cl)Cl,34.57
CC(C)(C)c1cc(C(C)(C)C)c(NB(Cl)Oc2c(C(C)(C)C)cccc2C(C)(C)C)c(C(C)(C)C)c1,[2H]C(Cl)(Cl)Cl,25.6
CC(C)O[Si](C)(C)B1OC(C)(C)C(C)(C)O1,[2H]C(Cl)(Cl)Cl,33.1
C#CC[B-]1(CC#C)c2ccccc2-c2ccc(N3CCCCCC3)c[n+]21,[2H]C(Cl)(Cl)Cl,-1.0
C=C1C[B-](=[N+](C)C)Cc2ccccc21,[2H]C(Cl)(Cl)Cl,44.8
Cc1cc(C)c(B(B(c2c(C)cc(C)cc2C)n2cccc2)n2cccc2)c(C)c1,[2H]C(Cl)(Cl)Cl,60.0
Cc1ccc(C2=[N+]3C(=C(c4ccccc4)c4ccc(Cl)n4[B-]3(F)c3ccc4ccccc4c3)C=C2)cc1,[2H]C(Cl)(Cl)Cl,4.53
CC(C)[C@@H]1CC[C@@H](C)C[C@H]1OC(=O)CCCCC(NC(=O)c1ccccc1)B1OC(C)(C)C(C)(C)O1,[2H]C(Cl)(Cl)Cl,17.2
C[N+](C)(C)[BH2-]c1nc2ccccc2n(CCOC(=O)CCc2nc(-c3ccccc3)c(-c3ccccc3)o2)c1=O,[2H]C(Cl)(Cl)Cl,-6.3
F[B-]1(c2ccccc2)n2c(ccc2-c2ccc3c(c2)OCO3)C(c2ccccc2)=C2C=CC(Cl)=[N+]21,[2H]C(Cl)(Cl)Cl,3.85
CC(c1ccccc1)N1C=CN(C(C)c2ccccc2)B1Br,[2H]C(Cl)(Cl)Cl,19.0
CNc1ccc(B2OC(C)(C)C(C)(C)O2)cc1F,[2H]C(Cl)(Cl)Cl,30.84
CC(C)(C)OC(=O)N1CCC([C@]2(B3OC(C)(C)C(C)(C)O3)C[C@@H](c3ccc4ccccc4c3-c3nccc4ccccc34)C2)CC1,[2H]C(Cl)(Cl)Cl,37.8
C[N+](C)(C)[BH2-]CC(=O)N1c2ccccc2Sc2ccccc21,[2H]C(Cl)(Cl)Cl,-4.09
COc1ccc(CCC(C)(B2OC(C)(C)C(C)(C)O2)C23CC(c4ccc(C(C)(C)C)cc4)(C2)C3)cc1,[2H]C(Cl)(Cl)Cl,34.6
CCCC(=O)C([I+]c1ccccc1)=P(c1ccccc1)(c1ccccc1)c1ccccc1.F[B-](F)(F)F,[2H]C([2H])([2H])S(=O)C([2H])([2H])[2H],-1.19
[BH3-][N+]1(Cc2ccccc2)CCCC1,[2H]C1([2H])OC([2H])([2H])C([2H])([2H])C1([2H])[2H],-11.8
Cc1cc(C)c(-c2cccc(-c3c(C)cc(C)cc3C)c2NB(Br)N2C(C)(C)CCCC2(C)C)c(C)c1,[2H]c1c([2H])c([2H])c([2H])c([2H])c1[2H],30.2
C[N+]1(C)[BH2-][N+](C)(C)[BH2-]1,[2H]C(Cl)(Cl)Cl,4.75
CSc1ccc(CNB2OCCO2)cc1,[2H]C(Cl)(Cl)Cl,25.3
CC1(C)OB(c2cc3c(cc2-c2ccccc2)CCCCC3)OC1(C)C,[2H]c1c([2H])c([2H])c([2H])c([2H])c1[2H],31.0
CCB(N([Al](CC)CC)C(C)(C)C)N1C(C)(C)CCCC1(C)C,[2H]c1c([2H])c([2H])c([2H])c([2H])c1[2H],37.9
Cc1ccc(S(=O)(=O)N2B(C3[C@H]4C[C@@H]5C[C@@H](C[C@H]3C5)C4)OC(c3ccccc3)(c3ccccc3)[C@@H]2c2ccccc2)cc1,[2H]C(Cl)(Cl)Cl,37.1
C[N+](C)(C)[B@@-](Cl)(C#N)C(Cl)Cl,[2H]C(Cl)(Cl)Cl,-2.3
CN1N=Cc2ccccc2B1O,[2H]O[2H],26.8
C=CC(O)(CCCCCCCCC(=O)OC)B1OC(=O)CN(C)CC(=O)O1,[2H]C([2H])([2H])C(=O)C([2H])([2H])[2H],10.33
CC[NH+](CC)C1B(O)Oc2ccccc21.[Cl-],[2H]OC([2H])([2H])[2H],16.0
C[N+]1(C)P(C([Si](C)(C)C)[Si](C)(C)C)N([Si](C)(C)C)[B-]1(C(F)(F)F)C(F)(F)F,[2H]C(Cl)(Cl)Cl,-4.9
CC1(C)OB(/C(=C/c2cccc(F)c2)N2CCOC2=O)OC1(C)C,[2H]C(Cl)(Cl)Cl,29.38
Cc1ccc(N2[C+](N(C)C)Nc3ccc(C)cc3[B-]2(C(F)(F)F)C(F)(F)F)cc1,[2H]C([2H])([2H])C(=O)C([2H])([2H])[2H],-10.8
CCCN1C(=O)c2ccccc2C(C(=O)O)C1c1ccc(B2OC(C)(C)C(C)(C)O2)cc1,[2H]C(Cl)(Cl)Cl,30.5
CC(C)(C)C1=C2C[C@H]3C[C@@H]4CB(C[C@@H](C4)C3)C2=C(C(C)(C)C)[Si]1(C)C,[2H]C(Cl)(Cl)Cl,86.3
CC[B-]1(CC)[OH+][B-]2(CC)O[B-]3(CC)[OH+][B-](CC)(CC)c4cccc([n+]43)-c3cccc1[n+]32,[2H]C([2H])(Cl)Cl,9.2
Cc1cc(B2OC(C)(C)C(C)(C)O2)c2cc(Cl)ccc2n1,[2H]C(Cl)(Cl)Cl,30.6
CC1(C)OB(c2cnc3cc(Cl)ccc3c2Cl)OC1(C)C,[2H]C(Cl)(Cl)Cl,30.32
CC(C)=CCC[C@@H](C)CC[C@H](OC(=O)N(C(C)C)C(C)C)B1OC(C)(C)C(C)(C)O1,[2H]C(Cl)(Cl)Cl,12.59
Cc1cc(C)c(-c2cccc(-c3c(C)cc(C)cc3C)c2NB(Cl)N2C(C)(C)CCCC2(C)C)c(C)c1,[2H]c1c([2H])c([2H])c([2H])c([2H])c1[2H],31.0
CC1(C)OB(N2C=CCc3cccc(Br)c32)OC1(C)C,[2H]c1c([2H])c([2H])c([2H])c([2H])c1[2H],24.1
Cc1ccc(CCCCC(C)(CB2OC(C)(C)C(C)(C)O2)/C(=N/N2CCCCC2)C(F)(F)F)cc1,[2H]C(Cl)(Cl)Cl,33.5
CC1(C)COB2OCC(C)(C)N2BN1,[2H]C(Cl)(Cl)Cl,25.1
CC1=Cc2ccccc2N(B2OC(C)(C)C(C)(C)O2)C1,[2H]c1c([2H])c([2H])c([2H])c([2H])c1[2H],24.1
CCCCC(C)(B1Nc2cccc3cccc(c23)N1)B1OC(C)(C)C(C)(C)O1,[2H]C(Cl)(Cl)Cl,34.7
C#CB1C(Br)=Cc2ccccc2N1C(C)C,[2H]C(Cl)(Cl)Cl,26.15
CC1(C)OB(c2cc(C(F)(F)F)cc(C(F)(F)F)c2)OC1(C)C,[2H]C(Cl)(Cl)Cl,29.8
CC(C)[C@H]1C(=O)O[B@-]2(c3ccccc3)Oc3ccccc3C[NH+]12,[2H]C(Cl)(Cl)Cl,5.15
[BH3-][NH+](CCCC)C(C)(C)C,[2H]C(Cl)(Cl)Cl,-20.26
CCN(CC)B1CCC[Si]1(C)C,[2H]c1c([2H])c([2H])c([2H])c([2H])c1[2H],54.3
Cc1cc(CCB2OC(C)C(C)O2)cc(F)c1C,[2H]C(Cl)(Cl)Cl,33.77
CCCC[Si](CCCC)(CCCC)OB1OB(O[Si](CCCC)(CCCC)CCCC)OB(O[Si](CCCC)(CCCC)CCCC)O1,[2H]C(Cl)(Cl)Cl,19.0
CCCC/C(B1OC(C)(C)C(C)(C)O1)=C(\c1ccc2oc3ccccc3c2c1)c1c(C(=O)OC2COC2)ccc2ccc(OC)cc12,[2H]C(Cl)(Cl)Cl,31.36
c1ccc(-c2ccccc2OB2Oc3ccccc3-c3ccccc3O2)c(OB2Oc3ccccc3-c3ccccc3O2)c1,[2H]C(Cl)(Cl)Cl,19.3
CC(C)(C)NB(Cl)Oc1c(-c2ccccc2)cccc1-c1ccccc1,[2H]C(Cl)(Cl)Cl,23.5
COB(OC)c1c2c(OC)cccc2cc2cccc(OC)c12,[2H]C(Cl)(Cl)Cl,27.0
BC(C)c1ccc2ccccc2c1,[2H]C(Cl)(Cl)Cl,-1.04
C[P+](C)(C)[B-]1(Cl)Oc2ccccc2O1,[2H]c1c([2H])c([2H])c(C([2H])([2H])[2H])c([2H])c1[2H],11.1
CCCC/C(B1OC(C)(C)C(C)(C)O1)=C(\c1ccc(C(C)=O)cc1)c1c(C(=O)OC2COC2)ccc2ccc(OC)cc12,[2H]C(Cl)(Cl)Cl,31.99
CC1(C)OB(/C(=C/c2ccccc2)N2C(=O)OC[C@@H]2c2ccccc2)OC1(C)C,[2H]C(Cl)(Cl)Cl,30.1
Cc1ccc2c(B3OC(C)(C)C(C)(C)O3)cc(Br)cc2n1,[2H]C(Cl)(Cl)Cl,30.73
C(=C/c1ccccc1)\B(C1CCCCC1)C1CCCCC1,[2H]C1([2H])OC([2H])([2H])C([2H])([2H])C1([2H])[2H],72.0
CC1(C)[C@@H]2C[C@H]3OB(c4ccc5ccccc5c4)O[C@@]3(C)[C@H]1C2,[2H]C(Cl)(Cl)Cl,30.4
CC1(C)OB(C(C=C=Cc2ccccc2)(Cc2ccccc2)B2OC(C)(C)C(C)(C)O2)OC1(C)C,[2H]C(Cl)(Cl)Cl,33.5
C#CCn1c([BH2-][N+](C)(C)C)nc(=O)n(CC#C)c1=O,[2H]C(Cl)(Cl)Cl,-6.9
CC(C)(C)c1cc(Br)cc(C(C)(C)CB2OC(C)(C)C(C)(C)O2)c1,[2H]C(Cl)(Cl)Cl,32.1
[BH3-][P+](C)(C1=CCCCC1)c1ccccc1,[2H]C(Cl)(Cl)Cl,-35.6
C[Si](C)(C)[NH+]1[B-](c2c(F)c(F)c(F)c(F)c2F)(c2c(F)c(F)c(F)c(F)c2F)[NH+]([Si](C)(C)C)[B-]1(c1c(F)c(F)c(F)c(F)c1F)c1c(F)c(F)c(F)c(F)c1F,[2H]c1c([2H])c([2H])c([2H])c([2H])c1[2H],-2.8
Cc1ccc(Nc2ccc3n2[B-](F)(c2ccccc2)[N+]2=C(Cl)C=CC2=C3c2ccc(Cl)cc2)cc1,[2H]C(Cl)(Cl)Cl,-3.75
C#CB1C(Br)=Cc2cc(C(C)(C)C)ccc2N1C1CCCC1,[2H]C(Cl)(Cl)Cl,27.37
CC1(C)OB(c2cc(C(F)(F)F)ccc2Nc2ccccc2)OC1(C)C,[2H]c1c([2H])c([2H])c([2H])c([2H])c1[2H],31.0
CCCCB1O[Si](c2ccccc2)(c2ccccc2)OB(CCCC)O[Si](c2ccccc2)(c2ccccc2)O1,[2H]C(Cl)(Cl)Cl,25.6
Cc1n(C)cc[n+]1C.c1ncn([BH-](n2cncn2)n2cncn2)n1,[2H]C([2H])([2H])S(=O)C([2H])([2H])[2H],-0.4
COc1ccc(CC[C@H](OC(=O)N(C(C)C)C(C)C)B2OC(C)(C)C(C)(C)O2)cc1,[2H]C(Cl)(Cl)Cl,12.86
Cc1cccnc1-c1c2ccccc2ccc1[C@H]1C[C@](B2OC(C)(C)C(C)(C)O2)(c2ccccc2)C1,[2H]C(Cl)(Cl)Cl,33.6
[2H][Si](C)(C)Cc1ccccc1B1OC(C)(C)C(C)(C)O1,[2H]C(Cl)(Cl)Cl,31.15
C=CCB(CC=C)/C(CC=C)=C(/[SiH3])[Si](C)(C)C,[2H]c1c([2H])c([2H])c([2H])c([2H])c1[2H],81.1
CC[N+](CC)(CC)[B-]1(Cl)Oc2ccccc2O1,[2H]C(Cl)(Cl)Cl,13.3
C=C(CB1OC(C)(C)C(C)(C)O1)c1ccc(C)cc1,[2H]C(Cl)(Cl)Cl,22.4
F[B-]1(c2ccccc2)n2c(Cl)ccc2C(c2ccccc2)=C2C=CC(Cl)=[N+]21,[2H]C(Cl)(Cl)Cl,3.75
C#CB1Oc2ccccc2-c2ccccc2O1,[2H]C(Cl)(Cl)Cl,15.9
COC(=O)[BH-](C(Cl)Cl)[N+](C)(C)C,[2H]C(Cl)(Cl)Cl,-4.5
Cn1cc[n+]2c1[B-]1(/C(=C/C(C)(C)C)[Si]2(C)C)C2CCCC1CCC2,[2H]c1c([2H])c([2H])c([2H])c([2H])c1[2H],-9.1
Cc1ccc2c(c1)N(B1OC(C)(C)C(C)(C)O1)CC=C2,[2H]c1c([2H])c([2H])c([2H])c([2H])c1[2H],24.0
OB(O)c1c(F)c(F)cc(F)c1F,[2H]C([2H])([2H])C(=O)C([2H])([2H])[2H],27.21
CC(C)(C)c1cccc(C(C)(C)C)c1OB(Cl)N[Si](C)(C)C,[2H]C(Cl)(Cl)Cl,27.2
C#CB1Oc2ccccc2O1,[2H]C(Cl)(Cl)Cl,24.1
CCCC/C(B1OC(C)(C)C(C)(C)O1)=C(\c1ccc2c(c1)OCO2)c1c(C(=O)OC2COC2)ccc2ccc(OC)cc12,[2H]C(Cl)(Cl)Cl,31.34
COc1ccc2ccccc2c1B1C(c2ccc3c(c2)CC[C@@H]2[C@@H]3CC[C@]3(C)C(=O)CC[C@@H]23)=Cc2ccccc2N1Cc1ccccc1,[2H]C(Cl)(Cl)Cl,42.0
COC1(C#CC2(OC)OB(C)C2([Si](C)(C)C)[Si](C)(C)C)OB(C)C1([Si](C)(C)C)[Si](C)(C)C,[2H]C(Cl)(Cl)Cl,53.8
CC1(C)OB(CC(c2ccc(OCc3ccccc3)cc2)c2c(F)c(F)c(C#N)c(F)c2F)OC1(C)C,[2H]C(Cl)(Cl)Cl,32.4
C[C@H]1c2ccccc2[B-]2(OCC(c3ccccc3)(c3ccccc3)O2)[N+]1(C)C,[2H]C(Cl)(Cl)Cl,14.2
CC(=O)N(Bc1ccccn1)c1cc(C)c(C)c(C)c1,[2H]C(Cl)(Cl)Cl,-5.66
c1cc(CNB2OCCO2)ccn1,[2H]C(Cl)(Cl)Cl,24.01
CC(C)(C)B1C2CCCC1CCC2,[2H]c1c([2H])c([2H])c([2H])c([2H])c1[2H],85.6
Fc1ccc2c(c1Cl)[BH2-][n+]1ccccc1-2,[2H]C(Cl)(Cl)Cl,-8.43
[BH3-][P+]1(Cl)N(Cc2ccccc2OC)[C@H]2CCCC[C@@H]2N1Cc1ccccc1OC,[2H]C(Cl)(Cl)Cl,-36.2
CCCCCB1OC(C)(C)C(C)(C)O1,[2H]C(Cl)(Cl)Cl,34.21
COc1cccc(/C(=C/C(C)(C)C)B2C(Br)=Cc3ccc(C)cc3N2C2CCCC2)c1,[2H]C(Cl)(Cl)Cl,39.75
COP(=O)(OC)[C@@H]([BH2-][P+](C)(c1ccccc1)c1ccccc1)c1ccc(F)c(Cl)c1,[2H]C(Cl)(Cl)Cl,-26.1
CC(C)N(C(=O)O[C@@H](Cc1ccc(N2CCN(c3ccccc3)CC2)cc1)B1OC(C)(C)C(C)(C)O1)C(C)C,[2H]C(Cl)(Cl)Cl,12.88
Cc1ccc(C(C)OB2OC(C)(C)C(C)(C)O2)cc1,[2H]C(Cl)(Cl)Cl,22.2
CS(=O)(=O)OCC1=CB(O)Oc2ccccc21,[2H]OC([2H])([2H])[2H],26.75
C=CC[Si](C)(C)CB1OC(C)(C)C(C)(C)O1,[2H]C(Cl)(Cl)Cl,33.63
CC(=NO[Si](OC(CC(C)C)CC(C)C)(OC(CC(C)C)CC(C)C)OC(CC(C)C)CC(C)C)c1cc(F)c(B2OC(C)(C)CC(C)(C)O2)cc1Br,[2H]C(Cl)(Cl)Cl,25.2
CC(C)[Si](C#CC12CC(B3OC(C)(C)C(C)(C)O3)(CN1C(=O)OC(C)(C)C)C2)(C(C)C)C(C)C,[2H]C(Cl)(Cl)Cl,32.1
C[N+](C)(C)[B-](C(F)=C(F)F)(C(F)(F)F)C(F)(F)F,[2H]C(Cl)(Cl)Cl,-9.0
Cc1ccc(Nc2ccc3n2[B-](F)(c2ccccc2)[N+]2=C(Cl)C=CC2=C3c2ccsc2)cc1,[2H]C(Cl)(Cl)Cl,3.51
[BH3-][NH+](CCC)C(C)C,[2H]C(Cl)(Cl)Cl,-18.32
CB(C)N=P(C(C)(C)C)(C(C)(C)C)C(C)(C)C,[2H]c1c([2H])c([2H])c([2H])c([2H])c1[2H],45.0
Cc1ccc(C(O)C[N+](C)(C)[BH2-]C#N)cc1,[2H]C(Cl)(Cl)Cl,-13.3
C[N+](C)(C)[BH2-]c1cc(C#N)ccn1,[2H]C(Cl)(Cl)Cl,-3.5
Fc1c(F)c(F)c([B-]2(c3c(F)c(F)c(F)c(F)c3F)C=COC(c3ccccc3)=[O+]2)c(F)c1F,[2H]C([2H])(Cl)Cl,5.9
C=CCC1CB(OC(C)C)C=C(CCC)C1,[2H]C(Cl)(Cl)Cl,46.2
CCCCCC/C=C/[B-]12OC(=O)C[N+]1(C)CC(=O)O2,[2H]C([2H])([2H])S(=O)C([2H])([2H])[2H],10.16
Cc1cc(F)cnc1-c1c2ccccc2ccc1[C@H]1C[C@](B2OC(C)(C)C(C)(C)O2)(c2ccccc2)C1,[2H]C(Cl)(Cl)Cl,35.3
O=Cc1ccccc1B(O)O,[2H]O[2H],30.3
CC1(C)OB(CC(c2ccc(SC(F)(F)F)cc2)c2c(F)c(F)c(F)c(F)c2C#N)OC1(C)C,[2H]C(Cl)(Cl)Cl,33.3
CC1(C)OB(CCc2ccc(Cl)cc2)OC1(C)C,[2H]C(Cl)(Cl)Cl,33.9
O=C(CBc1ccccn1)N(c1ccccc1)c1ccccc1,[2H]C(Cl)(Cl)Cl,-5.8
c1cc(B(c2cccs2)c2cccs2)nc(-c2cccc(B(c3cccs3)c3cccs3)n2)c1,[2H]C1([2H])OC([2H])([2H])C([2H])([2H])C1([2H])[2H],1.0
CC1OB([Si](C)(C)c2ccccc2)OC1(C)C,[2H]c1c([2H])c([2H])c([2H])c([2H])c1[2H],31.7
C=CC1CC(B2OC(C)(C)C(C)(C)O2)=CC1(C(=O)OC)C(O)c1ccc(CBr)cc1,[2H]C(Cl)(Cl)Cl,28.5
CCC(=O)CC(C)B1OC(C)(C)C(C)(C)O1,[2H]C(Cl)(Cl)Cl,34.08
Cc1cnc(-c2c3ccccc3ccc2[C@H]2C[C@](B3OC(C)(C)C(C)(C)O3)(c3ccccc3)C2)c(C)c1,[2H]C(Cl)(Cl)Cl,34.1
CCOP(=O)(OCC)c1cc(B2OC(C)(C)C(C)(C)O2)ccc1C,[2H]C(Cl)(Cl)Cl,30.9
C[B-]1=[N+]2C(C(C)(C)C)C[B-](C)=[N+]2C(C(C)(C)C)C1,[2H]C(Cl)(Cl)Cl,39.0
CC(=NO[Si](OC(CC(C)C)CC(C)C)(OC(CC(C)C)CC(C)C)OC(CC(C)C)CC(C)C)c1ccc(B2OC(C)(C)CC(C)(C)O2)cc1Cl,[2H]C(Cl)(Cl)Cl,25.6
OB(c1c(C(F)(F)F)cccc1C(F)(F)F)c1c(C(F)(F)F)cccc1C(F)(F)F,[2H]C(Cl)(Cl)Cl,45.1
COc1ccc2ccc(C(=O)O[C@H]3C[C@@H](C)CC[C@@H]3C(C)C)c(/C(=C(\B3OC(C)(C)C(C)(C)O3)c3ccccc3)c3ccccc3)c2c1,[2H]C(Cl)(Cl)Cl,29.23
Cc1cccc(C)c1N1C=CN(c2c(C)cccc2C)B1Br,[2H]c1c([2H])c([2H])c([2H])c([2H])c1[2H],19.2
C[N+](C)(C)[B-](C(Cl)Cl)(C(Cl)Cl)C(Cl)Cl,[2H]C(Cl)(Cl)Cl,-4.0
C[SiH](C)CCC[Si](C)(C)NB1C2CCCC1CCC2,[2H]c1c([2H])c([2H])c([2H])c([2H])c1[2H],55.7
CC1(C)OB(Cc2ccccc2)OC1(C)C,[2H]C(Cl)(Cl)Cl,34.07
CC1(C)OB(c2ccc([C@@H]3[C@H](C(=O)O)c4ccccc4C(=O)N3c3ccc(Br)cc3)cc2)OC1(C)C,[2H]C([2H])([2H])S(=O)C([2H])([2H])[2H],27.7
COc1ccc(CCC[C@H](B2OC(C)(C)C(C)(C)O2)C(C)C)cc1,[2H]C(Cl)(Cl)Cl,34.85
CC(C)(C)N1CCN(C(C)(C)C)B1c1cc(B2N(C(C)(C)C)CCN2C(C)(C)C)cc(B2N(C(C)(C)C)CCN2C(C)(C)C)c1,[2H]c1c([2H])c([2H])c([2H])c([2H])c1[2H],31.1
CP(C)c1ccccc1B1OC(C)(C)C(C)(C)O1,[2H]C(Cl)(Cl)Cl,31.3
CC1(C)COB2N1B1OCC(C)(C)N1B1OCC(C)(C)N21,[2H]C(Cl)(Cl)Cl,28.8
C=C(B1OC(C)(C)C(C)(C)O1)[C@](C)(B1OC(C)(C)C(C)(C)O1)c1ccc(OCc2ccccc2)cc1,[2H]C(Cl)(Cl)Cl,32.0
C[N+](C)(C)C.Cc1ccc(OCCCC#C[B-](c2ccccc2)(c2ccccc2)c2ccccc2)cc1,[2H]C([2H])([2H])S(=O)C([2H])([2H])[2H],-12.4
C(#Cc1ccccc1)B1Oc2ccccc2S1,[2H]C(Cl)(Cl)Cl,38.0
CCCCCCCCC(=O)NCc1ccc2c(c1)OB(O)C=C2C,[2H]OC([2H])([2H])[2H],27.08
CCCN(CCC)S(=O)(=O)c1ccc(B2OC(C)(C)C(C)(C)O2)cc1,[2H]C(Cl)(Cl)Cl,30.43
CB(C)C(B(C)C)([Si](C)(C)C)[Si](C)(C)C,[2H]C(Cl)(Cl)Cl,82.9
FB(F)C(F)=C(F)F,[2H]c1c([2H])c([2H])c(C([2H])([2H])[2H])c([2H])c1[2H],21.8
O=C1NB(c2ccc3c(c2)OCO3)Nc2ccccc21,[2H]C([2H])([2H])S(=O)C([2H])([2H])[2H],30.77
CC(C)(C)P(=[N+]1[B-](F)(F)[N+](=P(C(C)(C)C)(C(C)(C)C)C(C)(C)C)[B-]1(F)F)(C(C)(C)C)C(C)(C)C,[2H]C([2H])(Cl)Cl,11.8
COc1cc(OC)cc([C@H]([BH2-][P+](C)(c2ccccc2)c2ccccc2)P(=O)(OC)OC)c1,[2H]C(Cl)(Cl)Cl,-26.05
CCB(CC)/C(CC)=C(/C=C\C#C[Si](C)(C)C)[Si](C)(C)C,[2H]c1c([2H])c([2H])c([2H])c([2H])c1[2H],84.1
Cc1ccc(C)c(CCB2OC(C)(C)C(C)(C)O2)c1,[2H]C(Cl)(Cl)Cl,34.03
C[N+](C)(C)[BH2-]c1ccc2cn[nH]c2n1,[2H]C(Cl)(Cl)Cl,-2.47
c1ccc2c(c1)OB(C(B1Oc3ccccc3O1)=C(B1Oc3ccccc3O1)B1Oc3ccccc3O1)O2,[2H]OC([2H])([2H])[2H],29.9
C[N+](C)(C)C.F/C(=C(/F)C(F)(F)F)[B-](C(F)(F)F)(C(F)(F)F)C(F)(F)F,[2H]C([2H])([2H])C#N,-19.1
C[SiH](C)Cc1cc2ccccc2cc1B1OC(C)(C)C(C)(C)O1,[2H]C(Cl)(Cl)Cl,31.17
c1ccc2cc3c(cc2c1)OB(c1c(B2Oc4cc5ccccc5cc4O2)c(B2Oc4cc5ccccc5cc4O2)c(B2Oc4cc5ccccc5cc4O2)c(B2Oc4cc5ccccc5cc4O2)c1B1Oc2cc4ccccc4cc2O1)O3,[2H]OC([2H])([2H])[2H],28.3
[BH3-][PH+](C(C)c1ccccc1)C(C)c1ccccc1,[2H]C(Cl)(Cl)Cl,-44.94
CC1(C)OB(C(CC(=O)[Si](C)(C)C(C)(C)C)Cc2ccccc2)OC1(C)C,[2H]C(Cl)(Cl)Cl,35.6
COc1ccc(CCB2OC(C)(C)C(C)(C)O2)cc1,[2H]C(Cl)(Cl)Cl,33.82
NC1=[NH+]c2[nH]c3ccccc3[n+]2[B-](c2ccccc2)(c2ccccc2)N1.[Cl-],[2H]C([2H])([2H])S(=O)C([2H])([2H])[2H],-1.5
OB1NN=Cc2ccccc21,[2H]O[2H],27.5
CC1CCB(N[Si](C)(C)CC[SiH](C)C)C1,[2H]c1c([2H])c([2H])c([2H])c([2H])c1[2H],58.3
c1ccc(CN2c3nccc[n+]3C[B-]23C2CCCC3CCC2)cc1,[2H]C(Cl)(Cl)Cl,-1.44
CN(CB1C2CCCC1CCC2)c1ccc(F)cn1,[2H]C(Cl)(Cl)Cl,-0.94
CC1(C)OB(CC(Cc2ccccc2)B2OC(C)(C)C(C)(C)O2)OC1(C)C,[2H]C(Cl)(Cl)Cl,34.3
C[C@@H]1C(=O)C[C@@]1(B1OC(C)(C)C(C)(C)O1)c1ccc(-c2ccccc2)cc1,[2H]C(Cl)(Cl)Cl,33.2
CCCCCCC(=O)/C(B1OC(=O)CN(C)CC(=O)O1)=C(\Br)CCCCC,[2H]C([2H])([2H])C(=O)C([2H])([2H])[2H],9.31
CC1=[N+]2CCOCCO[B-]3(c4ccccc4)Oc4ccccc4C(C)=[N+]3CCOCCO[B-]2(c2ccccc2)Oc2ccccc21,[2H]C(Cl)(Cl)Cl,7.7
C=C(C)CC/C=C(\CO[Si](C)(C)C(C)(C)C)CB1OC(C)(C)C(C)(C)O1,[2H]c1c([2H])c([2H])c([2H])c([2H])c1[2H],33.6
Fc1c(F)c(F)c([B-](c2c(F)c(F)c(F)c(F)c2F)(c2c(F)c(F)c(F)c(F)c2F)[PH+](c2ccccc2)c2ccccc2)c(F)c1F,[2H]c1c([2H])c([2H])c([2H])c([2H])c1[2H],-9.4
CC(C)B(C1=CCc2ccccc21)C(C)C,[2H]C(Cl)(Cl)Cl,54.0
C=CC/C(=C\B(N(CC)CC)N(CC)CC)CCC,[2H]C(Cl)(Cl)Cl,30.75
CC#CC(O)(B1OC(=O)CN(C)CC(=O)O1)c1ccccc1C,[2H]C([2H])([2H])C(=O)C([2H])([2H])[2H],9.91
O=C1NB(c2cccc(Cl)n2)Nc2ccccc21,[2H]C([2H])([2H])S(=O)C([2H])([2H])[2H],29.17
ClC(Cl)[BH-](Br)[P+](c1ccccc1)(c1ccccc1)c1ccccc1,[2H]C(Cl)(Cl)Cl,-11.5
C[Si](C)(C)C12C=CC([Si](C)(C)C)(B3C4C[C@@H]5C[C@H](C4)C[C@@H](C5)C31)C13C[C@@H]4C[C@H](CB12)C[C@@H](C4)C3,[2H]c1c([2H])c([2H])c([2H])c([2H])c1[2H],81.2
CC(=O)C([I+]c1ccccc1)=P(c1ccc(C)cc1)(c1ccc(C)cc1)c1ccc(C)cc1.F[B-](F)(F)F,[2H]C([2H])([2H])S(=O)C([2H])([2H])[2H],-1.19
C[C@@H]1C(=O)C[C@@]1(B1OC(C)(C)C(C)(C)O1)c1cccc(Br)c1,[2H]C(Cl)(Cl)Cl,33.0
CCCCB(CCCC)OS(C)(=O)=O,[2H]c1c([2H])c([2H])c([2H])c([2H])c1[2H],59.2
COC(=O)[C@H](N1C(=O)c2ccccc2C1=O)C(C)(C)CB1OC(C)(C)C(C)(C)O1,[2H]C(Cl)(Cl)Cl,33.4
CC([BH2-][N+](C)(C)C)c1cccc(Br)c1,[2H]C(Cl)(Cl)Cl,0.65
CC1(C)OB(c2ccccc2-c2ccccc2)OC1(C)C,[2H]C(Cl)(Cl)Cl,31.73
O=C1NB(c2c3ccccc3cc3ccccc23)Nc2ccccc21,[2H]C([2H])([2H])S(=O)C([2H])([2H])[2H],33.8
[BH3-][NH2+]c1ccccc1,[2H]c1c([2H])c([2H])c([2H])c([2H])c1[2H],-16.2
C=CCC/C(B1OC(C)(C)C(C)(C)O1)=C(/C#C[Si](C)(C)C)c1ccccc1,[2H]C(Cl)(Cl)Cl,31.4
Clc1ccc(CNB2OCCO2)cc1,[2H]C(Cl)(Cl)Cl,25.6
CC(OB1OC(C)(C)C(C)(C)O1)c1ccc([N+](=O)[O-])cc1,[2H]c1c([2H])c([2H])c([2H])c([2H])c1[2H],21.84
C[B-]1=[N+](C(C)C)C(C)(C)C1([Si](C)(C)C)[Si](C)(C)C,[2H]C(Cl)(Cl)Cl,45.9
CCCC/C(B1OC(C)(C)C(C)(C)O1)=C(\c1ccsc1)c1c(C(=O)OC2COC2)ccc2ccc(OC)cc12,[2H]C(Cl)(Cl)Cl,29.99
CC[NH+](CC)[BH-](C#N)C(=O)OC,[2H]C(Cl)(Cl)Cl,-16.7
CC(CCCBr)CB1OC(C)(C)C(C)(C)O1,[2H]C(Cl)(Cl)Cl,33.8
CC1(C)OB(CC(O)COc2ccc(Br)cc2)OC1(C)C,[2H]C(Cl)(Cl)Cl,33.53
C=C(C)CB(F)F,[2H]C(Cl)(Cl)Cl,27.6
CC(C)(C)/N=C/[C@@H]1C(=C(c2ccccc2)c2ccccc2)OB(N)N1C(C)(C)C,[2H]C([2H])([2H])S(=O)C([2H])([2H])[2H],25.2
[BH3-]P(=O)([O-])COCCn1cnc2c(N)ncnc21,[2H]C([2H])([2H])S(=O)C([2H])([2H])[2H],-31.4
COc1ccc2ccc(C(=O)OC[C@H]3O[C@H]4OC(C)(C)O[C@H]4[C@@H]4OC(C)(C)O[C@@H]43)c(/C(=C(\B3OC(C)(C)C(C)(C)O3)c3ccccc3)c3ccccc3)c2c1,[2H]C(Cl)(Cl)Cl,31.0
CC(C)[SiH](Cc1ccccc1B1OC(C)(C)C(C)(C)O1)C(C)C,[2H]C(Cl)(Cl)Cl,31.69
CC1(C)OB(c2ccccc2N)OC1(C)C,[2H]C(Cl)(Cl)Cl,31.12
CCC1=CCN(C(C)=O)CC1B1OC(C)(C)C(C)(C)O1,[2H]C(Cl)(Cl)Cl,32.5
O=C(O)c1ccccc1[NH+](Cc1ccccc1)[B-](O)(c1ccccc1)c1ccccc1,[2H]C(Cl)(Cl)Cl,4.0
Cc1cc(C)c(C2=C3C=CC(Cl)=[N+]3[B-](F)(c3ccccc3)n3c(Cl)ccc32)c(C)c1,[2H]C(Cl)(Cl)Cl,3.78
Fc1ccc(B2C=Cc3ccccc3N2)c(Br)c1,[2H]C(Cl)(Cl)Cl,34.2
CC1(C)OB(c2ccccc2C(F)(F)F)OC1(C)C,[2H]C(Cl)(Cl)Cl,30.8
C=C(CC(=O)OCCCc1ccccc1)B1OC(C)(C)C(C)(C)O1,[2H]C(Cl)(Cl)Cl,29.69
CC([BH2-][N+](C)(C)C)c1ccc2cc(Br)ccc2c1,[2H]C(Cl)(Cl)Cl,0.62
CC1=[N+]2CCOCCO[B-]2(c2ccccc2)Oc2ccccc21,[2H]C([2H])([2H])S(=O)C([2H])([2H])[2H],7.5
[BH3-][P+]1(c2ccccc2)CC=CC1,[2H]C(Cl)(Cl)Cl,-36.13
COc1cccc(/C(=C/C(C)(C)C)B2C(c3ccccc3)=Cc3ccccc3N2C2CCCC2)c1,[2H]C(Cl)(Cl)Cl,38.38
COc1cccc(/C(=C/C(C)(C)C)B2C(Br)=Cc3cc(C(C)(C)C)ccc3N2C2CCCC2)c1,[2H]C(Cl)(Cl)Cl,39.42
Cc1ccc(C=C(B2OC(C)(C)C(C)(C)O2)B2OC(C)(C)C(C)(C)O2)cc1,[2H]C(Cl)(Cl)Cl,30.7
C#C[B-]1(C#Cc2cc3ccc4cccc5ccc(c2)c3c45)n2c(C)c(CC)c(C)c2C(C)=C2C(C)=C(CC)C(C)=[N+]21,[2H]C(Cl)(Cl)Cl,-10.1
CC(C)N(B(c1ccc(B(N(C(C)C)C(C)C)N(C(C)C)C(C)C)n1C)N(C(C)C)C(C)C)C(C)C,[2H]c1c([2H])c([2H])c([2H])c([2H])c1[2H],33.7
CCCC/C(B1OC(C)(C)C(C)(C)O1)=C(\c1ccc(C(=O)Oc2c(C)c(C)c3c(c2C)CC[C@@](C)(CCC[C@H](C)CCC[C@H](C)CCCC(C)C)O3)cc1)c1c(C(=O)OC2COC2)ccc2ccc(OC)cc12,[2H]C(Cl)(Cl)Cl,31.9
CC(C)(C)c1ccc(/C(=C\B2Nc3cccc4cccc(c34)N2)[Si](C)(C)C)cc1,[2H]C(Cl)(Cl)Cl,27.2
CC(C)CC(CC(C)C)O[Si](Cc1ccc(B2OC(C)(C)CC(C)(C)O2)c(F)c1F)(OC(CC(C)C)CC(C)C)OC(CC(C)C)CC(C)C,[2H]C(Cl)(Cl)Cl,25.8
COc1ccc2cc(C)ccc2c1B1C(Br)=Cc2ccccc2N1Cc1ccccc1,[2H]C(Cl)(Cl)Cl,37.4
C[N+](C)(C)[B-](Br)(Br)C(=O)OCCCl,[2H]C(Cl)(Cl)Cl,0.79
Cc1cccc2c(CCB3OC(C)C(C)O3)ccc(C)c12,[2H]C(Cl)(Cl)Cl,34.08
C(=Nc1ccccc1)c1ccc([B-]23Oc4cc[n+](cc4O2)[B-]2(c4cccc(C=Nc5ccccc5)c4)Oc4cc[n+](cc4O2)[B-]2(c4cccc(C=Nc5ccccc5)c4)Oc4cc[n+](cc4O2)[B-]2(c4cccc(C=Nc5ccccc5)c4)Oc4cc[n+](cc4O2)[B-]2(c4cccc(C=Nc5ccccc5)c4)Oc4cc[n+]3cc4O2)cc1,[2H]C(Cl)(Cl)Cl,13.2
CC1(C)OB([C@H]2[C@H]3C[C@@H]4[C@H]([C@@H]3c3cnc(N5CCCCC5)nc3)[C@@H]42)OC1(C)C,[2H]C(Cl)(Cl)Cl,33.4
CC(C)[Si](C)(C)/C(=C\B1OC(C)(C)C(C)(C)O1)c1ccccc1,[2H]C(Cl)(Cl)Cl,29.8
CN1CC(=O)OB(/C(=C/c2ccc(C(F)(F)F)cc2)B2OC(C)(C)C(C)(C)O2)OC(=O)C1,[2H]C(Cl)(Cl)Cl,31.1
C[C@@H](C1CCCCC1)N1C=CN([C@@H](C)C2CCCCC2)B1NC(C)(C)C,[2H]C(Cl)(Cl)Cl,22.1
Cn1cc[n+]2c1[Si](C)(C)/C(=C\C(C)(C)C)[B-]21C2CCCC1CCC2,[2H]c1c([2H])c([2H])c([2H])c([2H])c1[2H],2.0
CCCCCCCCCCCCCCCCCCOC(=O)[C@@]1(C)CC[C@]2(C)CC[C@]3(C)C(=CC(=O)[C@@H]4[C@@]5(C)CC[C@H](OC(=O)C(F)(F)CC(Br)[B-]67OC(=O)C[N+]6(C)CC(=O)O7)C(C)(C)[C@@H]5CC[C@]43C)[C@@H]2C1,[2H]C([2H])([2H])S(=O)C([2H])([2H])[2H],9.53
CC1(C)OB(C(=Cc2c3ccccc3cc3ccccc23)B2OC(C)(C)C(C)(C)O2)OC1(C)C,[2H]C(Cl)(Cl)Cl,31.9
[N-]=[N+]=[N+]1[B-](c2c(F)c(F)c(F)c(F)c2F)(c2c(F)c(F)c(F)c(F)c2F)[N+](=[N+]=[N-])[B-]1(c1c(F)c(F)c(F)c(F)c1F)c1c(F)c(F)c(F)c(F)c1F,[2H]c1c([2H])c([2H])c(C([2H])([2H])[2H])c([2H])c1[2H],43.9
CC(C)N(B1OB(N(C(C)C)C(C)C)C2c3ccccc3C=CC12)C(C)C,[2H]C(Cl)(Cl)Cl,36.3
CC(C)O[Si](C)(C)/C(=C\B1OC(C)(C)C(C)(C)O1)CCCCl,[2H]C(Cl)(Cl)Cl,30.6
[N-]=[N+]=NB1CCCCCCC1,[2H]C(Cl)(Cl)Cl,64.3
C=CCB(CC=C)/C(CC=C)=C(\[SiH](C(C)C)C(C)C)[Si](C)(C)C,[2H]c1c([2H])c([2H])c([2H])c([2H])c1[2H],55.6
CC1OB(C([Si](C)(C)C)([Si](C)(C)C)[Si](C)(C)C)OB(C([Si](C)(C)C)([Si](C)(C)C)[Si](C)(C)C)N1C,[2H]c1c([2H])c([2H])c([2H])c([2H])c1[2H],33.1
CCCCCC(CCCN(Cc1ccccc1)C(=O)[O-])B1OC(C)(C)C(C)(C)O1,[2H]C(Cl)(Cl)Cl,34.46
CC(C)c1ccc(C[C@H](B2OC(C)(C)C(C)(C)O2)N2CCOC2=O)cc1,[2H]C(Cl)(Cl)Cl,31.43
CCCCC[C@H](NC(=O)c1ccccc1)B1OC(C)(C)C(C)(C)O1,[2H]C(Cl)(Cl)Cl,17.8
Cc1cccc(/C=C/B2OC(C)(C)C(C)(C)O2)c1,[2H]C(Cl)(Cl)Cl,30.3
NC(=O)C(Cc1ccccc1)[NH2+][BH2-]C(=O)O,[2H]C([2H])([2H])S(=O)C([2H])([2H])[2H],-27.0
C1CC2CCCC(C1)[B-]21O[C+]([C+]2O[B-]3([OH+][B@-]4(O2)C2CCCC4CCC2)[C@H]2CCC[C@H]3CCC2)O[B@-]2([OH+]1)[C@H]1CCC[C@H]2CCC1,[2H]C(Cl)(Cl)Cl,52.3
N#C[BH-](CCl)[P+](c1ccccc1)(c1ccccc1)c1ccccc1,[2H]C(Cl)(Cl)Cl,-22.7
Cc1cc(B2OC(C)(C)C(C)(C)O2)c2ccc(Cl)cc2n1,[2H]C(Cl)(Cl)Cl,30.9
CC1(C)OB(C[C@@](C)(CCC2CCCCC2)/C(=N/N2CCCCC2)C(F)(F)F)OC1(C)C,[2H]C(Cl)(Cl)Cl,33.6
C[N+]12CC(=O)O[B-]1(C(Br)CC(F)(F)C(=O)NCc1ccccc1Cl)OC(=O)C2,[2H]C([2H])([2H])S(=O)C([2H])([2H])[2H],10.2
C[N+](C)(C)C.Cc1cc(C)cc(OCCCC#C[B-](c2ccccc2)(c2ccccc2)c2ccccc2)c1,[2H]C([2H])([2H])S(=O)C([2H])([2H])[2H],-12.4
C=C[B-]1(F)n2c(Cl)ccc2C(c2ccccc2)=C2C=CC(c3ccc(C)cc3)=[N+]21,[2H]C(Cl)(Cl)Cl,3.6
COc1cccc(B2NC(=O)c3ccccc3N2)c1,[2H]C([2H])([2H])S(=O)C([2H])([2H])[2H],29.17
CC1=[N+](c2c(F)c(F)c(F)c(F)c2F)[B-](c2c(F)c(F)c(F)c(F)c2F)(c2c(F)c(F)c(F)c(F)c2F)N1c1c(C(C)C)cccc1C(C)C,[2H]c1c([2H])c([2H])c(C([2H])([2H])[2H])c([2H])c1[2H],7.52
CCS(=O)(=O)N1S(=O)[N+](C)(C)[B-]1(C(F)(F)F)C(F)(F)F,[2H]C(Cl)(Cl)Cl,-3.0
C[N+]12CCCCC1CO[B-]2(c1ccccc1)c1ccccc1,[2H]C([2H])([2H])S(=O)C([2H])([2H])[2H],10.0
COc1ccc(CCC[C@H](CCCCOC(C)=O)B2OC(C)(C)C(C)(C)O2)cc1,[2H]C(Cl)(Cl)Cl,33.78
C=C(B1Nc2cccc3cccc(c23)N1)c1ccccc1,[2H]C(Cl)(Cl)Cl,29.0
CC(C)N(B1c2ccc(s2)B(N(C(C)C)C(C)C)c2ccc(s2)B(N(C(C)C)C(C)C)c2ccc(s2)B(N(C(C)C)C(C)C)c2ccc1s2)C(C)C,[2H]C(Cl)(Cl)Cl,40.0
C(=Nc1ccccc1)c1cc(C=Nc2ccccc2)cc([B-]23Oc4cc[n+](cc4O2)[B-]2(c4cc(C=Nc5ccccc5)cc(C=Nc5ccccc5)c4)Oc4cc[n+](cc4O2)[B-]2(c4cc(C=Nc5ccccc5)cc(C=Nc5ccccc5)c4)Oc4cc[n+](cc4O2)[B-]2(c4cc(C=Nc5ccccc5)cc(C=Nc5ccccc5)c4)Oc4cc[n+]3cc4O2)c1,[2H]C(Cl)(Cl)Cl,13.6
CC1(C)OB(/C(=C\c2ccc3ccccc3c2)B2Nc3cccc4cccc(c34)N2)OC1(C)C,[2H]C(Cl)(Cl)Cl,28.6
Cc1cc(C)c(P(B(Cl)C([Si](C)(C)C)([Si](C)(C)C)[Si](C)(C)C)c2c(C)cc(C)cc2C)c(C)c1,[2H]c1c([2H])c([2H])c([2H])c([2H])c1[2H],73.2
CC(C)[C@@H]1N(S(=O)(=O)c2ccc(C(F)(F)F)cc2)B(c2ccc3ccccc3c2)OC1(C1CCCCC1)C1CCCCC1,[2H]C(Cl)(Cl)Cl,33.1
Fc1c(F)c(F)c(B(NB(c2c(F)c(F)c(F)c(F)c2F)c2c(F)c(F)c(F)c(F)c2F)c2c(F)c(F)c(F)c(F)c2F)c(F)c1F,[2H]C([2H])(Cl)Cl,-9.7
CCOP(=O)(OCC)[C@@H]([BH2-][P+](C)(c1ccccc1)c1ccccc1)c1ccccc1,[2H]C(Cl)(Cl)Cl,-26.75
Cc1ccc2c(c1)OB(c1cc(B3Oc4ccc(C)cc4O3)cc(B3Oc4ccc(C)cc4O3)c1)O2,[2H]OC([2H])([2H])[2H],29.6
Cc1ccc2c(c1)OBO2,[2H]c1c([2H])c([2H])c([2H])c([2H])c1[2H],29.5
CCC/C(C#Cc1ccccc1)=C(\CCC)B1OC(C)(C)C(C)(C)O1,[2H]c1c([2H])c([2H])c([2H])c([2H])c1[2H],30.0
[BH3-][NH2+]C,[2H]c1c([2H])c([2H])c([2H])c([2H])c1[2H],-18.4
COc1ccc(CCCB2OC(C)(C)C(C)(C)O2)cc1,[2H]C(Cl)(Cl)Cl,34.88
Cc1cccc2cc(CCB3OC(C)C(C)O3)cc(C)c12,[2H]C(Cl)(Cl)Cl,33.79
CB1O[C@H](c2ccccc2)[C@H](C)N1C,[2H]C(Cl)(Cl)Cl,34.0
COC(=O)c1nnc(Cl)c([BH2-][N+](C)(C)C)c1Cl,[2H]C(Cl)(Cl)Cl,-6.2
CCCCCCCCCCCCCCC(C)(CB1OC(C)(C)C(C)(C)O1)/C(=N/N1CCCCC1)C(F)(F)F,[2H]C(Cl)(Cl)Cl,33.9
CC[B-]1(CC)OC(C2CCCCC2)(C2CCCCC2)c2ccccc2[N+]1(C)C,[2H]C(Cl)(Cl)Cl,6.9
C[Si@@H](CCC[C@@H](B1OC(C)(C)C(C)(C)O1)c1cccc(Cl)c1)c1ccccc1,[2H]C(Cl)(Cl)Cl,32.91
CB(C)C1c2ccccc2-c2ccccc21,[2H]c1c([2H])c([2H])c([2H])c([2H])c1[2H],83.8
Cc1ccc(C=C=CC(B2OC(C)(C)C(C)(C)O2)B2OC(C)(C)C(C)(C)O2)cc1,[2H]C(Cl)(Cl)Cl,33.0
CCO[Si](OCC)(OCC)c1cc(F)c(B2OC(C)(C)CC(C)(C)O2)c(Cl)c1,[2H]C(Cl)(Cl)Cl,24.5
CC(C)(C)/C=C(/B1C2CCCC1CCC2)[Si](C)(C)Cl,[2H]c1c([2H])c([2H])c([2H])c([2H])c1[2H],82.1
CC1(C)OB([C@]2(C3CCCC3)C[C@H](c3ccc4ccccc4c3-c3nccc4ccccc34)C2)OC1(C)C,[2H]C(Cl)(Cl)Cl,35.5
COc1ccc2ccc(C(=O)OC3COC3)c(/C(=C(/CCCCI)B3OC(C)(C)C(C)(C)O3)c3ccccc3)c2c1,[2H]C(Cl)(Cl)Cl,30.14
C=C(C)CC(C)(C(=O)OC)C(B1OC(C)(C)C(C)(C)O1)c1ccccc1,[2H]C(Cl)(Cl)Cl,32.3
CCCCC[C@H](NC(=O)Cc1ccc2c(c1)C(=O)c1ccccc1CO2)B1OC(C)(C)C(C)(C)O1,[2H]C(Cl)(Cl)Cl,22.4
CCCCB1OC(c2ccccc2)(c2ccccc2)[C@H](c2ccccc2)N1S(=O)(=O)c1ccc(C)cc1,[2H]C(Cl)(Cl)Cl,37.5
CCC1(B2OC(C)(C)C(C)(C)O2)C(B2OC(C)(C)C(C)(C)O2)C1c1ccccc1,[2H]C(Cl)(Cl)Cl,32.5
CCC1=C(C)[Si](C)(C)n2c3ccccc3n[n+]2[B-]1(CC)CC,[2H]c1c([2H])c([2H])c([2H])c([2H])c1[2H],3.6
CCCC/C(B1OC(C)(C)C(C)(C)O1)=C(\c1ccccc1)c1c(C(=O)OCc2ccc(F)cc2)ccc2ccc(OC)cc12,[2H]C(Cl)(Cl)Cl,31.31
CC(C)N(B(Nc1ccccc1)C1=CCc2ccccc21)C(C)C,[2H]C([2H])(Cl)Cl,28.2
CC(C)N(B(Cl)OB(Cl)N(C(C)C)C(C)C)C(C)C,[2H]C(Cl)(Cl)Cl,23.9
CC(C)CC([NH3+])[B-](F)(F)F,[2H]OC([2H])([2H])[2H],2.96
CCO[Si](OCC)(OCC)c1cc(F)c(B2OC(C)(C)CC(C)(C)O2)cc1OCOC,[2H]C(Cl)(Cl)Cl,25.5
F[B-]1(c2ccccc2)n2c(Cl)ccc2C(c2ccccc2)=C2C=CC(c3ccc(Cl)cc3)=[N+]21,[2H]C(Cl)(Cl)Cl,4.03
CCB(CC)NC(C)(C)C,[2H]c1c([2H])c([2H])c(C([2H])([2H])[2H])c([2H])c1[2H],46.5
CC(C)[NH2+]C(C)C.[BH3-][P](=O)OC,[2H]O[2H],-41.86
C[N+]12CC(=O)O[B-]1(C(Br)CC(F)(F)c1ccc(Br)cc1)OC(=O)C2,[2H]C([2H])([2H])S(=O)C([2H])([2H])[2H],9.97
CC(C)N(C(=O)c1ccccc1B1OC(C)(C)C(C)(C)O1)C(C)C,[2H]C(Cl)(Cl)Cl,29.98
CCOP(=O)(OCC)c1ccccc1B1OC(C)(C)C(C)(C)O1,[2H]C(Cl)(Cl)Cl,30.7
COc1ccc(C2C(B3OC(C)(C)C(C)(C)O3)C2(C)B2OC(C)(C)C(C)(C)O2)cc1,[2H]C(Cl)(Cl)Cl,32.5
COc1ccc(C#N)c(OCC[N+]23CC(=O)O[B-]2(c2ccccc2)OC(=O)C3)c1,[2H]C([2H])([2H])C#N,12.3
OB(O)c1c(C(F)(F)F)cccc1C(F)(F)F,[2H]C(Cl)(Cl)Cl,26.7
CCC1(CC)OB(/C(=C/S(=O)(=O)F)c2ccc(-c3ccccc3)cc2)OC1(CC)CC,[2H]C(Cl)(Cl)Cl,29.23
Cc1ccc(B2NC(=O)c3ccccc3N2)cc1,[2H]C([2H])([2H])S(=O)C([2H])([2H])[2H],30.6
C1=COB(c2ccccc2)C=C1,[2H]C(Cl)(Cl)Cl,39.6
C1=[N+]2c3ccccc3O[B-]2(c2ccc([B-]34Oc5ccccc5C=[N+]3c3ccccc3O4)cc2)Oc2ccccc21,[2H]C([2H])([2H])S(=O)C([2H])([2H])[2H],7.6
[NH2+]=C(c1ccc(C(F)(F)F)cc1)[B-](F)(F)F,[2H]C([2H])([2H])C(=O)C([2H])([2H])[2H],-0.04
CC1(C)OB(C[Si](C)(C)CCOC(=O)c2ccco2)OC1(C)C,[2H]C(Cl)(Cl)Cl,33.6
[BH3-][P+](C)(c1ccccc1)c1ccccc1,[2H]C(Cl)(Cl)Cl,-39.29
CC1(C)OB([C@@H]2[C@H](c3ccc(Cl)cc3)[C@@]2(C)c2ccccc2)OC1(C)C,[2H]C(Cl)(Cl)Cl,32.7
CC(C)(C)c1cc2c(c(C(C)(C)C)c1)O[B-]1(Br)OCCC[N+]1=C2,[2H]C(Cl)(Cl)Cl,9.7
CC1(C)OB(C(CCc2ccc(Cl)cc2)B2OC(C)(C)C(C)(C)O2)OC1(C)C,[2H]C(Cl)(Cl)Cl,34.2
CCCCc1csc(C#C[B-]2(C#Cc3scc(CCCC)c3CCCC)n3c(C)c(CC)c(C)c3C=C3C(C)=C(CC)C(C)=[N+]32)c1CCCC,[2H]C(Cl)(Cl)Cl,-9.24
CCCC[n+]1ccn(C)c1C.c1ncn([BH-](n2cncn2)n2cncn2)n1,[2H]C([2H])([2H])S(=O)C([2H])([2H])[2H],-0.43
[BH3-][PH+](Cc1ccccc1)c1ccccc1,[2H]c1c([2H])c([2H])c([2H])c([2H])c1[2H],-36.8
N#C[BH-](C(=O)O)[n+]1ccccc1,[2H]O[2H],-13.6
CC1(C)OB(C23COC(CBr)(C2)C3)OC1(C)C,[2H]C(Cl)(Cl)Cl,31.9
COc1ccc(C2=Cc3ccccc3N(Cc3ccccc3)B2c2c(OC)ccc3ccccc23)cc1F,[2H]C(Cl)(Cl)Cl,40.0
C[N+](C)(C)[BH2-]c1nc2ccccc2c(=O)n1CCC1=CCCCC1,[2H]C(Cl)(Cl)Cl,-7.8
CCCCC[C@@H](CCCOc1ccccc1)B1OC(C)(C)C(C)(C)O1,[2H]C(Cl)(Cl)Cl,34.21
CCOP(CN=[N+]=[N-])(OCC)=[O+][B-](Cl)(Cl)C1CCCCC1,[2H]C(Cl)(Cl)Cl,11.7
Brc1ccc2c(c1)B1Nc3ccccc3C=C1C(c1ccccc1)=C2c1ccccc1,[2H]C(Cl)(Cl)Cl,29.0
C[N+](C)(C)[BH2-]CC(=O)Nc1cccc2c1oc1ccccc12,[2H]C(Cl)(Cl)Cl,-3.57
COC(=O)c1cc2ccccc2c([BH2-][N+](C)(C)C)n1,[2H]C(Cl)(Cl)Cl,-5.6
CC(C)CC(CC(C)C)O[Si](ON=C1CCOc2cc(B3OC(C)(C)CC(C)(C)O3)ccc21)(OC(CC(C)C)CC(C)C)OC(CC(C)C)CC(C)C,[2H]C(Cl)(Cl)Cl,27.1
CC1(C)OB([C@@H](Cc2ccccc2)N2C(=O)OC[C@@H]2c2ccccc2)OC1(C)C,[2H]C(Cl)(Cl)Cl,31.95
CC(C)(C)[PH+](C(C)(C)C)C(C)(C)C.c1ccc([BH-](c2ccccc2)c2ccccc2)cc1,[2H]C([2H])(Cl)Cl,4.62
Cc1c(C)[n+](C)c(B2N(C(C)(C)C)C=CN2C(C)(C)C)n1C,[2H]C(Cl)(Cl)Cl,15.3
CCC(C)(c1ccccc1)N1C=CN(C(C)(CC)c2ccccc2)B1Br,[2H]c1c([2H])c([2H])c([2H])c([2H])c1[2H],19.0
CC(C)OC(=O)c1ccccc1OCC(O)CB1OC(C)(C)C(C)(C)O1,[2H]C(Cl)(Cl)Cl,33.23
CC1(C)OB(c2cc3c(cc2-c2ccccc2)CCCC3)OC1(C)C,[2H]c1c([2H])c([2H])c([2H])c([2H])c1[2H],31.0
ClC1=[N+]2C(=C(c3ccccc3)c3ccc(Cl)n3[B-]2(OCc2ccccc2)c2ccccc2)C=C1,[2H]C(Cl)(Cl)Cl,5.42
CC1(C)OB(C[Si](C)(C)CCOC(=O)c2ccc(Cl)cc2)OC1(C)C,[2H]C(Cl)(Cl)Cl,32.5
Fc1cccc(F)c1B(Cl)c1c(F)cccc1F,[2H]c1c([2H])c([2H])c([2H])c([2H])c1[2H],60.5
CCc1cc(B2OC(C)(C)CC(C)(C)O2)ccc1[Si](OC(CC(C)C)CC(C)C)(OC(CC(C)C)CC(C)C)OC(CC(C)C)CC(C)C,[2H]C(Cl)(Cl)Cl,27.0
C[N+](C)(C)[BH2-]c1nc2ccccc2c(=O)n1Cc1ccc(Cl)cc1,[2H]C(Cl)(Cl)Cl,-7.9
CC1(C)OB(C(CCC#C[Si](C)(C)C)B2OC(C)(C)C(C)(C)O2)OC1(C)C,[2H]C(Cl)(Cl)Cl,33.1
CC(C)C[C@H](B1OC(C)(C)C(C)(C)O1)N1C(=O)O[C@H](c2ccccc2)[C@@H]1c1ccccc1,[2H]C(Cl)(Cl)Cl,32.69
[BH3-][n+]1c(N=C(N)N)[nH]c2ccccc21,[2H]C([2H])([2H])S(=O)C([2H])([2H])[2H],-20.5
F[B-]1(F)N(c2cccc(C(F)(F)F)c2)c2n/c(=c3/nc4c([nH]3)=[N+](c3cccc(C(F)(F)F)c3)[B-](F)(F)N4c3cccc(C(F)(F)F)c3)[nH]c2=[N+]1c1cccc(C(F)(F)F)c1,[2H]C([2H])(Cl)Cl,10.18
COc1ccc(B2OC(C)(C)C(C)(C)O2)cc1,[2H]C(Cl)(Cl)Cl,30.56
CO[B-]12OCCC[N+]1=Cc1cc(C(C)(C)C)cc(C(C)(C)C)c1O2,[2H]C(Cl)(Cl)Cl,2.0
[BH3-]c1n2c(c3[n+]1[C@@H]1c4ccccc4C[C@H]1O3)O[C@@H]1Cc3ccccc3[C@@H]12,[2H]C(Cl)(Cl)Cl,-35.3
Cc1ccc(C2=[N+]3C(=C(c4ccccc4)c4ccc(Cl)n4[B-]3(F)c3ccccc3)C=C2)cc1,[2H]C(Cl)(Cl)Cl,4.08
OB1C=C/C(=C\c2ccc3ccccc3c2)[C@H](c2ccccc2)O1,[2H]C(Cl)(Cl)Cl,27.4
CC1(C)OB(C#CB2OC(C)(C)C(C)(C)O2)OC1(C)C,[2H]C(Cl)(Cl)Cl,23.3
CC1(C)OB(C2CCC(Cl)C2)OC1(C)C,[2H]C(Cl)(Cl)Cl,33.3
C[N+](C)(C)[B-](c1ccccc1F)(C(F)(F)F)C(F)(F)F,[2H]C(Cl)(Cl)Cl,-7.0
COc1ccc2c(c1)c(CC(=O)OCCC[C@H](CCCCCOc1ccccc1)B1OC(C)(C)C(C)(C)O1)c(C)n2C(=O)c1ccc(Cl)cc1,[2H]C(Cl)(Cl)Cl,36.5
CC1(C)OB(/C(Cl)=C\c2ccccc2)OC1(C)C,[2H]C(Cl)(Cl)Cl,28.0
OB1C=C/C(=C\c2ccccc2)[C@H](c2ccccc2)O1,[2H]C(Cl)(Cl)Cl,27.4
COc1ccc2ccc(C(=O)c3ccccc3)c(/C(=C(\B3OC(C)(C)C(C)(C)O3)c3ccccc3)c3ccccc3)c2c1,[2H]C(Cl)(Cl)Cl,30.34
COc1ccc(/C(=C/C(C)(C)C)B2C(Br)=Cc3ccccc3N2C2CCCC2)cc1,[2H]C(Cl)(Cl)Cl,38.69
C[SiH](C)Cc1c(B2OC(C)(C)C(C)(C)O2)cccc1B1OC(C)(C)C(C)(C)O1,[2H]C(Cl)(Cl)Cl,31.35
CC1(C)OB([C@]2(c3ccc4c(c3)OCO4)C[C@H](c3ccc4ccccc4c3-c3nccc4ccccc34)C2)OC1(C)C,[2H]C(Cl)(Cl)Cl,33.9
COc1cccc(C2=Cc3ccc(F)cc3N(Cc3ccccc3)B2c2c(OC)ccc3ccccc23)c1,[2H]C(Cl)(Cl)Cl,40.7
CC1B(c2ccccc2)N(C(C)C)N(C(C)C)B1c1ccccc1,[2H]c1c([2H])c([2H])c([2H])c([2H])c1[2H],46.0
c1ccc(B(c2cccs2)c2cccs2)cc1,[2H]c1c([2H])c([2H])c([2H])c([2H])c1[2H],49.0
CCOC(=O)C(C)[BH2-]c1n(C)cc(C)[n+]1C,[2H]C(Cl)(Cl)Cl,-24.2
CCC1(CC)OB(C(C)(C)C)N(S(=O)(=O)c2ccc(C)cc2)[C@H]1c1ccccc1,[2H]C(Cl)(Cl)Cl,36.8
CC1=CCN(B2OC(C)(C)C(C)(C)O2)C=C1,[2H]c1c([2H])c([2H])c([2H])c([2H])c1[2H],23.8
Cc1ccc2c(B3OC(C)(C)C(C)(C)O3)cc(Cl)cc2n1,[2H]C(Cl)(Cl)Cl,30.64
CC1(C)OB(c2ccc3c(c2)C2CCCCC2C(=O)N3)OC1(C)C,[2H]C(Cl)(Cl)Cl,30.25
Cc1n[nH]c2nc(Cl)cc([BH2-][N+](C)(C)C)c12,[2H]C(Cl)(Cl)Cl,-4.7
COc1cccc(B2Nc3cccc4cccc(c34)N2)c1,[2H]C(Cl)(Cl)Cl,30.1
Cc1cc(C)c([Si](Cl)(B2OC(C)(C)C(C)(C)O2)c2c(C([Si](C)(C)C)[Si](C)(C)C)cc(C([Si](C)(C)C)[Si](C)(C)C)cc2C([Si](C)(C)C)[Si](C)(C)C)c(C)c1,[2H]C(Cl)(Cl)Cl,33.1
CC1(C)OB([C@]2(c3ccc(Cl)cc3)C[C@H](c3ccc4ccccc4c3-c3nccc4ccccc34)C2)OC1(C)C,[2H]C(Cl)(Cl)Cl,34.6
[BH3-][N+](C)(C)Cc1ccccc1,[2H]C(Cl)(Cl)Cl,-9.46
C=CCn1c(=O)nc([BH2-][N+](C)(C)C)n(Cc2ccccc2)c1=O,[2H]C(Cl)(Cl)Cl,-6.9
Cc1cc(C)c(N2B(Oc3c(C(C)(C)C)cccc3C(C)(C)C)N(c3c(C)cc(C)cc3C)B2Oc2c(C(C)(C)C)cccc2C(C)(C)C)c(C)c1,[2H]C(Cl)(Cl)Cl,25.6
[BH3-][P+](C[C@@H](C(=O)CCC)P(=O)(c1ccccc1)c1ccccc1)(c1ccccc1)c1ccccc1,[2H]C(Cl)(Cl)Cl,-41.0
C#CB1Oc2ccc(C)cc2O1,[2H]C(Cl)(Cl)Cl,24.3
CCC1(CC)OB(/C(=C/S(=O)(=O)F)c2ccc(C)cc2)OC1(CC)CC,[2H]C(Cl)(Cl)Cl,29.18
CCC1(CC)OB(/C(=C/S(=O)(=O)F)CCCOC(=O)C2CC(F)(F)C2)OC1(CC)CC,[2H]C(Cl)(Cl)Cl,29.01
CCC[Si](CCC)(CCC)OB(O[Si](CCC)(CCC)CCC)c1ccc(C)cc1,[2H]C(Cl)(Cl)Cl,26.3
C(#Cc1ccccc1)B(C#Cc1ccccc1)C#Cc1ccccc1,[2H]c1c([2H])c([2H])c([2H])c([2H])c1[2H],0.03
COc1cccc([C@H]([BH2-][P+](C)(c2ccccc2)c2ccccc2)P(=O)(OC)OC)c1,[2H]C(Cl)(Cl)Cl,-26.15
COc1ccc2ccc(C(=O)OC3COC3)c(/C(=C(/CCCCOS(=O)(=O)c3ccc(C)cc3)B3OC(C)(C)C(C)(C)O3)c3ccccc3)c2c1,[2H]C(Cl)(Cl)Cl,31.79
CCCC/C(B1OC(C)(C)C(C)(C)O1)=C(\c1ccc(Cl)c(Cl)c1)c1c(C(=O)OC2COC2)ccc2ccc(OC)cc12,[2H]C(Cl)(Cl)Cl,29.45
COc1ccc2ccccc2c1B1C(c2coc3ccccc23)=Cc2ccccc2N1Cc1ccccc1,[2H]C(Cl)(Cl)Cl,40.8
CC(C)CN(CC(C)C)B1OB(N(CC(C)C)CC(C)C)B(N(CC(C)C)CC(C)C)OB1N(CC(C)C)CC(C)C,[2H]C(Cl)(Cl)Cl,34.6
COc1ccc(S(=O)(=O)N2B(c3ccc4ccccc4c3)OC(C3CCCCC3)(C3CCCCC3)[C@@H]2C(C)C)cc1,[2H]C(Cl)(Cl)Cl,33.1
Cc1cccc([B@@-]23OCC[N+]4=Cc5ccccc5O[B@@-]4(c4cccc(C)c4)OCC[N+]2=Cc2ccccc2O3)c1,[2H]C(Cl)(Cl)Cl,3.5
CCCCCCN(CCCCCC)C(=O)c1cc(B2OC(C)(C)C(C)(C)O2)ccc1C(=O)OC,[2H]C(Cl)(Cl)Cl,29.6
CCOC(=O)/C=C/c1ccc(C)c(B2OC(C)(C)C(C)(C)O2)c1,[2H]C(Cl)(Cl)Cl,31.3
CC(NB1N(C(C)(C)C)C=CN1C(C)(C)C)c1ccccc1,[2H]c1c([2H])c([2H])c([2H])c([2H])c1[2H],22.3
C=CC1CC(B2OC(C)(C)C(C)(C)O2)=CC1(C(=O)OC)C(O)c1ccc(C)c(C)c1,[2H]C(Cl)(Cl)Cl,29.0
CCCCCC#CB1C2CCCC(CCC2)C1[Si](C)(C)C,[2H]c1c([2H])c([2H])c([2H])c([2H])c1[2H],73.0
CCC1OC1(C)C(O)C1(B2OC(C)(C)C(C)(C)O2)OC1C(C)(C)C,[2H]C(Cl)(Cl)Cl,30.0
CCCCB1N([C@@H](C)C2CCCCC2)C=CN1[C@@H](C)C1CCCCC1,[2H]c1c([2H])c([2H])c([2H])c([2H])c1[2H],26.4
COc1ccc2c(c1)B(O)O[Si](C)(C)C2,[2H]C(Cl)(Cl)Cl,27.91
c1cc(CCCB2C3CCCC2CCC3)[nH]c1CCCB1C2CCCC1CCC2,[2H]c1c([2H])c([2H])c([2H])c([2H])c1[2H],88.2
CC1(C)OB(OCc2ccc(C#N)cc2)OC1(C)C,[2H]C(Cl)(Cl)Cl,22.32
COC(=O)c1ccc([C@H]([BH2-][P+](C)(c2ccccc2)c2ccccc2)P(=O)(OC)OC)cc1,[2H]C(Cl)(Cl)Cl,-26.79
C[N+](C)([BH2-]C#N)CC(O)/C=C/c1ccccc1,[2H]C(Cl)(Cl)Cl,-13.13
CN(C(=O)CCC[C@]1(B2OC(C)(C)C(C)(C)O2)C[C@@H](c2ccc3ccccc3c2-c2nccc3ccccc23)C1)c1ccccc1,[2H]C(Cl)(Cl)Cl,36.0
B1Oc2cc3ccccc3cc2O1,[2H]C(Cl)(Cl)Cl,29.2
CC(C)C1=NB(c2c(F)c(F)c(F)c(F)c2F)N(C(C)(C)C)B(c2c(F)c(F)c(F)c(F)c2F)N1C(C)(C)C,[2H]C(Cl)(Cl)Cl,28.0
C/C(=C1\CC2C[C@H]3CB1C[C@@H](C2)C3)[Si](C)(C)[Si](C)(C)/C(C)=C1/CC2C[C@H]3CB1C[C@@H](C2)C3,[2H]C(Cl)(Cl)Cl,82.5
CCCC/C(B1OC(C)(C)C(C)(C)O1)=C(\c1ccccc1)c1c(C(=O)OCc2ccc(SC)cc2)ccc2ccc(OC)cc12,[2H]C(Cl)(Cl)Cl,30.0
C[N+](C)(C)[BH2-]c1c(N)cnnc1Cl,[2H]C(Cl)(Cl)Cl,-7.7
COc1ccc(Nc2ccc3n2[B-](F)(c2ccccc2)[N+]2=C(c4ccc(C)cc4)C=CC2=C3c2ccccc2)cc1,[2H]C(Cl)(Cl)Cl,3.7
Cc1ccc(C)n1B(n1c(C)ccc1C)n1c(C)ccc1C,[2H]c1c([2H])c([2H])c([2H])c([2H])c1[2H],30.5
COc1ccc(CCCC(C)(CB2OC(C)(C)C(C)(C)O2)/C(=N/N2CCCCC2)C(F)(F)F)cc1,[2H]C(Cl)(Cl)Cl,32.7
COC(=O)c1ccc(B2O[C@H]3C[C@H]4C[C@H](C4(C)C)[C@@]3(C)O2)cc1,[2H]C(Cl)(Cl)Cl,30.11
COc1ccc(/C(=C/C(C)(C)C)B2C(Br)=Cc3ccccc3N2C2CCCC2)cn1,[2H]C(Cl)(Cl)Cl,37.03
CC(C)=CCC[C@H](C)CC[C@H](OC(=O)N(C(C)C)C(C)C)B1OC(C)(C)C(C)(C)O1,[2H]C(Cl)(Cl)Cl,12.59
CN(c1ccccc1)c1cc(B2OC(C)(C)C(C)(C)O2)cc(C(F)(F)F)c1,[2H]c1c([2H])c([2H])c([2H])c([2H])c1[2H],30.3
C[B-](C1=C(C)C(C)=C(C)C1C)=[N+]([Si](C)(C)C)[Si](C)(C)C,[2H]c1c([2H])c([2H])c([2H])c([2H])c1[2H],44.2
Cc1cc2ccccc2c([BH2-][N+](C)(C)C)n1,[2H]C(Cl)(Cl)Cl,-5.4
C=CC/C(=C\B(N(CC)CC)N(CC)CC)c1ccccc1,[2H]C(Cl)(Cl)Cl,34.4
CCCCN1B(c2c(OC)ccc3ccccc23)C=Cc2ccccc21,[2H]C(Cl)(Cl)Cl,36.85
COc1ccc(C(O)CC/C(=C/B2OC(C)(C)C(C)(C)O2)CCCCl)cc1,[2H]C(Cl)(Cl)Cl,30.15
C[N+]1=Cc2ccccc2B(O)O1.[Cl-],[2H]C([2H])([2H])C#N,4.5
CCO[Si](OCC)(OCC)c1cc(F)c(B2OC(C)(C)CC(C)(C)O2)cc1COc1cc(C)cc(C)c1,[2H]C(Cl)(Cl)Cl,26.1
CCCC/C=C\B(F)F,[2H]C(Cl)(Cl)Cl,23.76
CN(C)C(=O)c1ncccc1B1OC(C)(C)C(C)(C)O1,[2H]C(Cl)(Cl)Cl,30.6
COC(=O)[BH-](C#N)[N+](C)(C)c1ccncc1,[2H]C(Cl)(Cl)Cl,-14.3
CC(=O)c1ccccc1B1OCC(c2ccccc2)(c2ccccc2)O1,[2H]C(Cl)(Cl)Cl,31.6
Cc1ccc(C2=[N+]3C(=C(c4ccccc4)c4ccc(Cl)n4[B-]3(C#N)c3ccccc3)C=C2)cc1,[2H]C(Cl)(Cl)Cl,-6.56
N#Cc1ccc(C(=[NH2+])[B-](F)(F)F)cc1,[2H]C([2H])([2H])C(=O)C([2H])([2H])[2H],-0.07
CC(B1NB(C(C)[Si](C)(Cl)Cl)NB(C(C)[Si](C)(Cl)Cl)N1)[Si](C)(Cl)Cl,[2H]C(Cl)(Cl)Cl,30.23
C=C(C)C1=Cc2ccccc2N(Cc2ccccc2)B1c1c(OC)ccc2ccccc12,[2H]C(Cl)(Cl)Cl,39.8
CCCCCCN(CCCCCC)C(=O)c1cccc(B2OC(C)CC(C)(C)O2)c1C(F)(F)F,[2H]C(Cl)(Cl)Cl,26.2
Cc1ccccc1-c1cccc(-c2ccccc2C)c1[BH2-][n+]1ccccc1,[2H]c1c([2H])c([2H])c([2H])c([2H])c1[2H],-6.1
CCN(CC)B1C=CCc2ccccc21,[2H]c1c([2H])c([2H])c([2H])c([2H])c1[2H],33.6
C[C@@H]1C(=O)C[C@@]1(B1OC(C)(C)C(C)(C)O1)c1ccccc1,[2H]C(Cl)(Cl)Cl,33.2
CC(C)(C)c1ccc(C23CC(B(O)O)(C2)C3)cc1,[2H]C([2H])([2H])C(=O)C([2H])([2H])[2H],28.4
Cc1ccc(C2=[N+]3C(=C(c4ccccc4)c4ccc(Cl)n4[B-]3(F)c3ccc(C#N)cc3)C=C2)cc1,[2H]C(Cl)(Cl)Cl,3.58
C#C[Si](C)(C)CB1OC(C)(C)C(C)(C)O1,[2H]C(Cl)(Cl)Cl,32.48
[BH3-][NH2+]CCCCCCC,[2H]c1c([2H])c([2H])c([2H])c([2H])c1[2H],-20.0
CCC(B(c1c(F)c(F)c(F)c(F)c1F)c1c(F)c(F)c(F)c(F)c1F)[Si](C)(C)C,[2H]c1c([2H])c([2H])c([2H])c([2H])c1[2H],72.2
COc1cc(C[C@H](OC(=O)N(C(C)C)C(C)C)B2OC(C)(C)C(C)(C)O2)ccc1OC(=O)C(C)(C)C,[2H]C(Cl)(Cl)Cl,12.68
c1ccc(C2Cc3cccc(B4C5CCCC4CCC5)c3N2)nc1,[2H]C(Cl)(Cl)Cl,-2.48
Cc1cc(C)c(C)c(B2c3ccc(s3)C(C)c3ccc(s3)B(c3c(C)c(C)cc(C)c3C)c3ccc(s3)C(C)c3ccc2s3)c1C,[2H]C(Cl)(Cl)Cl,70.0
CC(C)(C)OC(=O)n1cccc1-c1ccc2n1[B-](F)(c1ccccc1)[N+]1=C(Cl)C=CC1=C2c1ccccc1,[2H]C(Cl)(Cl)Cl,3.93
C[C@]12CC[C@H]3[C@@H](CCC4=CC(=O)CC[C@@]43C)[C@@H]1CC[C@@H]2OC(=O)C(F)(F)CC(Br)[B-]12OC(=O)C[N+]1(C)CC(=O)O2,[2H]C([2H])([2H])S(=O)C([2H])([2H])[2H],10.16
CC1=C(C)N(C)C(=C2CCC3BC2CCC3)N1C,[2H]C([2H])(Cl)Cl,-16.84
Cn1cc(B2OC(C)(C)C(C)(C)O2)c2cc(F)ccc21,[2H]C(Cl)(Cl)Cl,30.03
COc1ccc(CC(B(c2c(F)c(F)c(F)c(F)c2F)c2c(F)c(F)c(F)c(F)c2F)[Si](C)(C)C)cc1,[2H]c1c([2H])c([2H])c([2H])c([2H])c1[2H],72.6
CC1=CB(O)n2ccc3cccc1c32,[2H]OC([2H])([2H])[2H],28.36
CC(C)c1ccc(CC(C)C(B2OC(C)(C)C(C)(C)O2)B2OC(C)(C)C(C)(C)O2)cc1,[2H]C(Cl)(Cl)Cl,33.1
Cc1cc(C)cc(B2OC(C)(C)C(C)(C)O2)c1,[2H]C(Cl)(Cl)Cl,31.52
CCB(C#CB(CC)CC)CC,[2H]c1c([2H])c([2H])c([2H])c([2H])c1[2H],72.0
CCC1(CC)OB(/C(=C/S(=O)(=O)F)c2ccc(F)cc2)OC1(CC)CC,[2H]C(Cl)(Cl)Cl,29.33
CCCCCCC1(C(O)/C(=C/c2ccccc2)B2OC(C)(C)C(C)(C)O2)OC1c1ccccc1,[2H]C(Cl)(Cl)Cl,30.1
Oc1ccc(B2Nc3cccc4cccc(c34)N2)cc1,[2H]C(Cl)(Cl)Cl,30.0
CC(C)[C@H](CCCCc1ccccc1)B1OC(C)(C)C(C)(C)O1,[2H]C(Cl)(Cl)Cl,34.97
CCCCCCC[NH+]1[BH2-][NH+](CCCCCCC)[BH2-][NH+](CCCCCCC)[BH2-]1,[2H]C(Cl)(Cl)Cl,-6.3
Cc1ccccc1C(=O)CCB1OC(C)(C)C(C)(C)O1,[2H]C(Cl)(Cl)Cl,30.7
Brc1ccccc1B1C=Cc2ccccc2N1,[2H]C(Cl)(Cl)Cl,34.1
CC(B1Oc2ccccc2O1)(B1Oc2ccccc2O1)B1Oc2ccccc2O1,[2H]c1c([2H])c([2H])c([2H])c([2H])c1[2H],35.4
Fc1c(F)c(F)c(B(c2c(F)c(F)c(F)c(F)c2F)c2c(F)c(F)c(F)c(F)c2F)c(F)c1F,[2H]c1c([2H])c([2H])c([2H])c([2H])c1[2H],58.0
CC1(C)OB(C[Si](C)(C)CCl)OC1(C)C,[2H]C(Cl)(Cl)Cl,32.47
CC1(C)OB(c2ccc3ccccc3c2-c2c(B3OC(C)(C)C(C)(C)O3)ccc3ccccc23)OC1(C)C,[2H]C(Cl)(Cl)Cl,31.1
COc1cccc(C2=Cc3ccccc3N(C3CCCC3)B2/C(=C\C(C)(C)C)c2cccc(OC)c2)c1,[2H]C(Cl)(Cl)Cl,38.2
COc1ccnc([BH2-][N+](C)(C)C)c1,[2H]C(Cl)(Cl)Cl,-5.0
COB1C[C@H]2C[C@@H]3C[C@H](C2)CC1(C([Si](C)(C)C)[Si](C)(C)C)C3,[2H]C(Cl)(Cl)Cl,54.4
CC#CC[B-]1(CC#CC)c2ccccc2-c2ccc(N(c3ccccc3)c3ccccc3)c[n+]21,[2H]C(Cl)(Cl)Cl,0.7
C[SiH](C)CC[Si](C)(C)NB1C2CCCCC1CCC2,[2H]c1c([2H])c([2H])c([2H])c([2H])c1[2H],55.0
C(#C[B-](c1ccccc1)(c1ccccc1)c1ccccc1)CCCOCc1ccccc1.C[N+](C)(C)C,[2H]C([2H])([2H])S(=O)C([2H])([2H])[2H],-13.4
COc1cc(C)c(OC)c(C)c1B1OC(=O)CN(C)CC(=O)O1,[2H]C([2H])([2H])C(=O)C([2H])([2H])[2H],12.3
CC[B-](CC)(CC)[n+]1ccc(C(C)(C)C)cc1,[2H]C(Cl)(Cl)Cl,1.8
CC1=CB(O)Oc2cc(C(F)(F)F)ccc21,[2H]OC([2H])([2H])[2H],26.77
COc1ccc2c(B3OC(C)(C)C(C)(C)O3)cc(C)nc2c1,[2H]C(Cl)(Cl)Cl,30.95
CCOC(=O)C(CB1OC(C)(C)C(C)(C)O1)CN(Cc1ccccc1)Cc1ccccc1,[2H]C(Cl)(Cl)Cl,33.63
CC(C)[C@@H]1CC[C@@H](C)C[C@H]1OC(=O)CCCC[C@H](NC(=O)c1ccccc1)B1OC(C)(C)C(C)(C)O1,[2H]C(Cl)(Cl)Cl,17.2
CC(C)N(B(Nc1ccccc1)C1c2ccccc2-c2ccccc21)C(C)C,[2H]C(Cl)(Cl)Cl,30.8
[BH3-][P+](C)(C)C[P+]([BH3-])(C)C,[2H]c1c([2H])c([2H])c([2H])c([2H])c1[2H],-36.2
Cc1ncn(B(N2C(C)(C)CCCC2(C)C)n2cnc(C)c2C)c1C,[2H]C([2H])(Cl)Cl,28.5
OB(O)C1(Cl)[C@@H]2CCCC[C@@H]21,[2H]C(Cl)(Cl)Cl,31.1
[Cl-].[NH3+]C(Cc1ccccc1)B(O)O,[2H]OC([2H])([2H])[2H],28.6
F[B-]1(c2cc(C(F)(F)F)cc(C(F)(F)F)c2)c2ccccc2Nc2cccc[n+]21,[2H]C([2H])([2H])C(=O)C([2H])([2H])[2H],3.51
O=C1NB(c2ccc(O)cc2)Nc2ccccc21,[2H]C([2H])([2H])S(=O)C([2H])([2H])[2H],31.3
CC1(C)OB(Nc2ccccc2)OC1(C)C,[2H]c1c([2H])c([2H])c([2H])c([2H])c1[2H],24.1
c1ccc([B-]2(c3ccccc3)OC[C@H]3CCCC[N@H+]32)cc1,[2H]C(Cl)(Cl)Cl,7.0
COC(=O)c1cccc(/C(=C/C(C)(C)C)B2C(Br)=Cc3ccccc3N2C2CCCC2)c1,[2H]C(Cl)(Cl)Cl,35.5
CC[B-]1(CC)OC(c2ccccc2)(c2ccccc2)Cc2ccccc2[N+]1(C)C,[2H]C(Cl)(Cl)Cl,7.9
CN1C=CN(C)C1=C1CCC2BC1CCC2,[2H]C([2H])(Cl)Cl,-16.88
Cc1ccccc1[C@]1(B2OC(C)(C)C(C)(C)O2)CC(=O)[C@H]1C,[2H]C(Cl)(Cl)Cl,33.6
CO[B-]12Oc3cc(O)ccc3C=[N+]1c1cccc(c1)[B-]1(OC)Oc3cc(O)ccc3C=[N+]1c1cccc(c1)[B-]1(OC)Oc3cc(O)ccc3C=[N+]1c1cccc2c1,[2H]C([2H])([2H])S(=O)C([2H])([2H])[2H],2.3
CCC(C)N(B1OB1N(C(C)CC)C(C)CC)C(C)CC,[2H]C(Cl)(Cl)Cl,36.2
O=C1NB(c2ccsc2)Nc2ccccc21,[2H]C([2H])([2H])S(=O)C([2H])([2H])[2H],28.02
C[N+](C)(C)[BH2-]c1cc(-c2ccc(F)cc2)c2ccccc2n1,[2H]C(Cl)(Cl)Cl,-3.4
C/C(=[N+]1\N=C(C(C)(C)C)C[B-]1(F)F)C(C)(C)C,[2H]C(Cl)(Cl)Cl,9.7
CC(C)(C)N(B(c1ccccc1)c1ccccc1)B(c1ccccc1)N1C(C)(C)CCCC1(C)C,[2H]c1c([2H])c([2H])c([2H])c([2H])c1[2H],43.1
CN1CC(=O)OB(C(C)(CSc2nc3ccccc3s2)C(=O)c2ccccc2)OC(=O)C1,[2H]C([2H])([2H])C(=O)C([2H])([2H])[2H],11.18
[BH2-]1[P+](c2ccccc2)(c2ccccc2)[BH2-][P+](c2ccccc2)(c2ccccc2)[BH2-][P+](c2ccccc2)(c2ccccc2)[BH2-][P+]1(c1ccccc1)c1ccccc1,[2H]C(Cl)(Cl)Cl,-31.2
CC[C@@H]1N(S(=O)(=O)c2ccc(C)cc2)B([C@@H](Sc2ccccc2)C(C)C)OC1(C1CCCCC1)C1CCCCC1,[2H]C(Cl)(Cl)Cl,33.3
COc1ccc(CCC[C@H](CCCCCOc2ccccc2)B2OC(C)(C)C(C)(C)O2)cc1,[2H]C(Cl)(Cl)Cl,35.5
CC1(C)OB(/C(=C/C2CCCCC2)N2C(=O)O[C@H](c3ccccc3)[C@@H]2c2ccccc2)OC1(C)C,[2H]C(Cl)(Cl)Cl,28.8
CC1(C)OB([C@@H](CCCc2ccccc2)N2CCOC2=O)OC1(C)C,[2H]C(Cl)(Cl)Cl,32.02
CC1(C)OB([Si@](OCc2ccccc2)(c2ccccc2)C(C)(C)C)OC1(C)C,[2H]C(Cl)(Cl)Cl,33.2
Cc1cc(B2OC(C)(C)C(C)(C)O2)c2ccc(C#N)cc2n1,[2H]C(Cl)(Cl)Cl,30.6
COc1ccc2ccc(C(=O)OC3COC3)c(/C(=C(\B3OC(C)(C)C(C)(C)O3)c3cccc(C)c3)c3cccc(C)c3)c2c1,[2H]C(Cl)(Cl)Cl,30.36
CC#CC(O)(B1OC(=O)CN(C)CC(=O)O1)C1CC1,[2H]C([2H])([2H])C(=O)C([2H])([2H])[2H],10.2
CN1CC(=O)OB(C(CO)C(=O)c2cccc(C#N)c2)OC(=O)C1,[2H]C([2H])([2H])C(=O)C([2H])([2H])[2H],11.1
COc1cccc(C(=O)c2cc(B3OC(=O)CN(C)CC(=O)O3)sc2N)c1,[2H]C([2H])([2H])C#N,10.1
CC1(C)OB(C(CC(=O)[Si](C)(C)C)c2ccccc2C(F)(F)F)OC1(C)C,[2H]C(Cl)(Cl)Cl,32.4
C/C(=C/B(O)O)c1ccccc1N(C)C,[2H]OC([2H])([2H])[2H],28.3
CCCC/C(B1OC(C)(C)C(C)(C)O1)=C(\c1ccccc1)c1c(C(=O)OC2COC2)ccc2cc(Cl)ccc12,[2H]C(Cl)(Cl)Cl,29.19
CCCCC[C@H](NC(=O)C1CN(C(=O)OCc2ccccc2)C1)B1OC(C)(C)C(C)(C)O1,[2H]C(Cl)(Cl)Cl,27.9
CN(C)c1ccc(COB2OC(C)(C)C(C)(C)O2)cc1,[2H]C(Cl)(Cl)Cl,22.3
F[B-](F)(F)F.F[B-](F)(F)[N+]12CC[N+](CCl)(CC1)CC2,[2H]O[2H],-20.9
CN(C)C(=O)c1ccccc1B1OC(C)(C)C(C)(C)O1,[2H]C(Cl)(Cl)Cl,29.6
Cc1ccccc1COB1OC(C)(C)C(C)(C)O1,[2H]C(Cl)(Cl)Cl,22.4
CC1(C)OB([C@]2(c3ccc4sccc4c3)C[C@H](c3ccc4ccccc4c3-c3nccc4ccccc34)C2)OC1(C)C,[2H]C(Cl)(Cl)Cl,34.1
C[SiH](C)Cc1c(B2OC(C)(C)C(C)(C)O2)cc(-c2ccccc2)cc1B1OC(C)(C)C(C)(C)O1,[2H]C(Cl)(Cl)Cl,32.25
Cc1c(C(=O)[O-])cccc1/C(=C/C(C)(C)C)B1C(Br)=Cc2ccccc2N1C1CCCC1,[2H]C(Cl)(Cl)Cl,35.5
CC1C2(CC1(B1OC(C)(C)C(C)(C)O1)c1ccccc1)OCCO2,[2H]C(Cl)(Cl)Cl,33.0
Cc1ccc(NC2=[N+]3C(=C(c4ccccc4)c4ccc(NCc5ccccc5)n4[B-]3(F)c3ccccc3)C=C2)cc1,[2H]C(Cl)(Cl)Cl,3.42
CCB1O[Si](C)(C)[C@H]([Si](C)(C)C)C1(CC)CC,[2H]c1c([2H])c([2H])c([2H])c([2H])c1[2H],59.2
CC(C)(C)c1cc2c(c(C(C)(C)C)c1)O[B-](Br)(Br)[N+](CCCCCC[N+]1=Cc3cc(C(C)(C)C)cc(C(C)(C)C)c3O[B-]1(Br)Br)=C2,[2H]C(Cl)(Cl)Cl,2.02
COc1ccc2ccc(C(=O)OC3CC3)c(/C(=C(\B3OC(C)(C)C(C)(C)O3)c3ccccc3)c3ccccc3)c2c1,[2H]C(Cl)(Cl)Cl,30.91
COc1ccc(CN(B2OC(C)(C)C(C)(C)O2)c2ccccc2)cc1,[2H]c1c([2H])c([2H])c([2H])c([2H])c1[2H],25.2
CC(CCCC1CCCCC1)(CB1OC(C)(C)C(C)(C)O1)/C(=N/N1CCCCC1)C(F)(F)F,[2H]C(Cl)(Cl)Cl,32.9
Cc1ccccc1-n1ccnc1C(=O)CCc1ccc(B2OC(C)(C)C(C)(C)O2)cc1,[2H]C(Cl)(Cl)Cl,30.7
CC(NB1N(C(C)c2ccccc2)C=CN1C(C)(C)C)c1ccccc1,[2H]C(Cl)(Cl)Cl,21.6
C[N+]12CC(=O)O[B-]1(CCC(F)(F)C(=O)NCc1ccccc1)OC(=O)C2,[2H]C([2H])([2H])S(=O)C([2H])([2H])[2H],12.84
COc1ccc2c(c1)C=C(Br)B(c1c(OC)ccc3ccccc13)N2Cc1ccccc1,[2H]C(Cl)(Cl)Cl,39.2
CC1(C)OB([C@]2(c3ccc(C(F)(F)F)cc3)C[C@@H](c3ccc4ccccc4c3-c3nccc4ccccc34)C2)OC1(C)C,[2H]C(Cl)(Cl)Cl,34.4
CC(C)N(B1CCC[Si]1(C)C)C(C)C,[2H]c1c([2H])c([2H])c([2H])c([2H])c1[2H],53.2
CCCCP(CCCC)(CCCC)=[N+]1[B-]2(Oc3ccccc3O2)[N+](=P(CCCC)(CCCC)CCCC)[B-]12Oc1ccccc1O2,[2H]c1c([2H])c([2H])c([2H])c([2H])c1[2H],6.0
C=CC[n+]1ccn(C)c1[BH2-]C(C)C(=O)OCC,[2H]C(Cl)(Cl)Cl,-24.6
CC[N+]1(CC)Cc2ccccc2O[B-]1(Cl)Cl,[2H]c1c([2H])c([2H])c([2H])c([2H])c1[2H],7.7
CC1(C)OB(C2CC=CCC2)OC1(C)C,[2H]C(Cl)(Cl)Cl,33.33
C=S1N(S(=C)(=C)C(C)C)[B-](C(F)(F)F)(C(F)(F)F)[N+]1(C)C,[2H]C(Cl)(Cl)Cl,-3.3
CO[B-]12n3c4ccc3C(c3ccc(Br)cc3)=c3ccc(n31)=C(c1ccc(Br)cc1)C1=[N+]2C(=C4c2ccc(Br)cc2)C=C1,[2H]C(Cl)(Cl)Cl,-15.3
COc1ccc2c(c1)c(B1OC(C)(C)C(C)(C)O1)cn2C,[2H]C(Cl)(Cl)Cl,30.14
C[N+](C)(C)[BH2-]c1nc(O)c2c(F)cccc2n1,[2H]C(Cl)(Cl)Cl,-7.2
COc1cccc(OCC(O)CB2OC(C)(C)C(C)(C)O2)c1,[2H]C(Cl)(Cl)Cl,33.3
CC(C)N(B1CCC[Si]1(c1ccccc1)c1ccccc1)C(C)C,[2H]c1c([2H])c([2H])c([2H])c([2H])c1[2H],53.3
CC#CB(N(C)C)N(C)C,[2H]C(Cl)(Cl)Cl,23.8
Cc1c(C)c2c(c(C)c1OC(=O)CCC(B1OC(C)(C)C(C)(C)O1)B1OC(C)(C)C(C)(C)O1)CC[C@@](C)(CCC[C@H](C)CCC[C@H](C)CCCC(C)C)O2,[2H]C(Cl)(Cl)Cl,32.8
CC1NB(C([Si](C)(C)C)([Si](C)(C)C)[Si](C)(C)C)OB(C([Si](C)(C)C)([Si](C)(C)C)[Si](C)(C)C)O1,[2H]c1c([2H])c([2H])c([2H])c([2H])c1[2H],31.3
C[N+](C)(C)[BH2-]c1cc(O)c2ccc(Cl)cc2n1,[2H]C(Cl)(Cl)Cl,-3.0
CC1(C)OB(CCC=C=Cc2ccccc2)OC1(C)C,[2H]C(Cl)(Cl)Cl,33.9
Cc1cc[n+]2c(c1)-c1ccccc1[BH2-]2,[2H]C(Cl)(Cl)Cl,-8.46
CN1CC(=O)OB(C/C=C(\C#N)C(=O)NCc2ccccc2)OC(=O)C1,[2H]C([2H])([2H])S(=O)C([2H])([2H])[2H],11.7
Cc1ccc(CC(C)(C)B2OC(C)C(C)O2)cc1C,[2H]C(Cl)(Cl)Cl,34.6
F[B-](F)(F)c1ccccc1C[P+](c1ccccc1)(c1ccccc1)c1ccccc1,[2H]C([2H])([2H])S(=O)C([2H])([2H])[2H],3.07
C=C(B1OC(C)(C)C(C)(C)O1)c1cc2c(cc1C)C(C)(C)CCC2(C)C,[2H]C(Cl)(Cl)Cl,30.1
CCOC(=O)c1c(C)cc([BH2-][N+](C)(C)C)nc1C,[2H]C(Cl)(Cl)Cl,-3.6
CCO[Si](OCC)(OCC)c1cc(F)c(B2OC(C)(C)CC(C)(C)O2)cc1C,[2H]C(Cl)(Cl)Cl,25.8
CC#C[B@-]1(Cl)[N+](C)(C)[B@-](Cl)(C#CC)[N+]1(C)C,[2H]c1c([2H])c([2H])c([2H])c([2H])c1[2H],3.8
C[Si](C)(Cl)CCCB(Cl)Cl,[2H]c1c([2H])c([2H])c([2H])c([2H])c1[2H],62.1
C[N+](C)(C)[B-](C#N)(C#N)C#N,[2H]C(Cl)(Cl)Cl,8.54
CC(C)N(B(c1ccccc1)N(C(C)C)C(C)C)C(C)C,[2H]C(Cl)(Cl)Cl,37.5
CCCC/C(B1OC(C)(C)C(C)(C)O1)=C(\c1ccc(C(=O)O[C@H]2CC[C@@]3(C)C(=CC[C@H]4[C@@H]5CC[C@H]([C@H](C)CCCC(C)C)[C@@]5(C)CC[C@@H]43)C2)cc1)c1c(C(=O)OC2COC2)ccc2ccc(OC)cc12,[2H]C(Cl)(Cl)Cl,32.63
CC1(C)OB(CC(B2OC(C)(C)C(C)(C)O2)C2CCCC2)OC1(C)C,[2H]C(Cl)(Cl)Cl,33.1
C[SiH](C)C1=C(B2C3CCCC2CCC3)CCC[Si]1(c1ccccc1)c1ccccc1,[2H]c1c([2H])c([2H])c([2H])c([2H])c1[2H],70.8
Cc1ccc(C[SiH](C)C)c(B2OC(C)(C)C(C)(C)O2)c1,[2H]C(Cl)(Cl)Cl,31.19
CC1(C)OB(CCc2ccc(-c3ccccc3)cc2)OC1(C)C,[2H]C(Cl)(Cl)Cl,34.58
COc1ccc2ccccc2c1B1C(c2ccc(-n3c4ccccc4c4ccccc43)cc2)=Cc2ccccc2N1Cc1ccccc1,[2H]C(Cl)(Cl)Cl,41.7
Cc1ccc([C@]2(B3OC(C)(C)C(C)(C)O3)C[C@H](c3ccc4ccccc4c3-c3nccc4ccccc34)C2)cc1,[2H]C(Cl)(Cl)Cl,33.4
COC(=O)C(OS(=O)(=O)c1ccc([N+](=O)[O-])cc1)c1ccc(B2OC(C)(C)CC(C)(C)O2)cc1Cl,[2H]C(Cl)(Cl)Cl,25.3
CC1=CB(O)n2c3ccccc3c3cccc1c32,[2H]OC([2H])([2H])[2H],29.12
CC1(C)c2ccccc2[B-]2(OCC(c3ccccc3)(c3ccccc3)O2)[N+]1(C)C,[2H]C(Cl)(Cl)Cl,14.3
Cn1ccnc1[B-](c1ccccc1)(c1ccccc1)c1ccccc1,[2H]c1c([2H])c([2H])c([2H])c([2H])c1[2H],-9.4
CC1(C)OB(/C(=C/c2ccccc2)N(Cc2ccccc2)S(C)(=O)=O)OC1(C)C,[2H]C(Cl)(Cl)Cl,29.76
C[N+](C)(C)[BH2-]C(c1ccccc1)c1c(F)c(F)c(F)c(F)c1F,[2H]C(Cl)(Cl)Cl,-1.63
C=C(B1OC(C)(C)C(C)(C)O1)C(CN(Cc1ccccc1)Cc1ccccc1)C1CCCCC1,[2H]C(Cl)(Cl)Cl,30.23
C/C(=C\c1ccccc1)C(O)/C(=C/C(C)(C)C)B1OC(C)(C)C(C)(C)O1,[2H]C(Cl)(Cl)Cl,30.0
C[N+]1(C)C(c2ccc(F)cc2)[B-]1(C(F)(F)F)C(F)(F)F,[2H]C(Cl)(Cl)Cl,-14.6
CCCC/C(B1OC(C)(C)C(C)(C)O1)=C(\c1ccccc1)c1c(C(=O)OC2COC2)ccc2cc(OC)ccc12,[2H]C(Cl)(Cl)Cl,30.43
C#CCn1c(=O)c([BH2-][N+](C)(C)C)nc2ccccc21,[2H]C(Cl)(Cl)Cl,-6.1
Cc1cc(C)c([PH+](c2c(C)cc(C)cc2C)c2c(C)cc(C)cc2C)c(C)c1.Fc1c(F)c(F)c([BH-](c2c(F)c(F)c(F)c(F)c2F)c2c(F)c(F)c(F)c(F)c2F)c(F)c1F,[2H]c1c([2H])c([2H])c([2H])c([2H])c1[2H],-25.5
CCC1(CC)OB(/C(=C/S(=O)(=O)F)c2ccccc2C)OC1(CC)CC,[2H]C(Cl)(Cl)Cl,28.76
Cc1cccc(B2OC(C)(C)C(C)(C)O2)c1C[SiH](C)C,[2H]C(Cl)(Cl)Cl,31.61
CC1(C)OB([C@@H]([NH3+])C2CCCCC2)OC1(C)C.[Cl-],[2H]C(Cl)(Cl)Cl,33.1
C[N+](C)(C)[BH2-]CC(=O)Nc1ccsc1,[2H]C(Cl)(Cl)Cl,-3.69
C[C@@H]1[C@@H](c2ccccc2)O[B@@-]2(C3CCCC(CCC3)C2[Si](C)(C)C)[NH+]1C,[2H]c1c([2H])c([2H])c([2H])c([2H])c1[2H],55.2
Cc1cc(B2OC(C)(C)C(C)(C)O2)c2ccc(Br)cc2n1,[2H]C(Cl)(Cl)Cl,30.88
CC1(C)OB(c2cc3c(cc2CCCCc2cc4c(cc2B2OC(C)(C)C(C)(C)O2)CCCC4)CCCC3)OC1(C)C,[2H]c1c([2H])c([2H])c([2H])c([2H])c1[2H],31.0
COP(=O)(OC)[C@@H]([BH2-][P+](C)(c1ccccc1)c1ccccc1)c1ccc(OCc2ccccc2)cc1,[2H]C(Cl)(Cl)Cl,-25.98
CO[B-]12Oc3ccccc3[N+]1=Cc1cc(C(C)(C)C)cc(C(C)(C)C)c1O2,[2H]C(Cl)(Cl)Cl,5.09
CC1(C)OB(/C(=C\c2ccccc2)C(O)/C(Br)=C/c2ccccc2)OC1(C)C,[2H]C(Cl)(Cl)Cl,30.2
COc1ccc2c(c1)C=CB(c1c(OC)ccc3ccccc13)N2Cc1ccccc1,[2H]C(Cl)(Cl)Cl,36.92
Cc1cccc(B2OC(C)(C)C(C)(C)O2)c1,[2H]C(Cl)(Cl)Cl,31.0
COC(=O)c1ccc2c(-c3nccc4ccccc34)c([C@H]3C[C@](B4OC(C)(C)C(C)(C)O4)(c4ccccc4)C3)ccc2c1,[2H]C(Cl)(Cl)Cl,35.3
CC1(C)COB(c2ccc(B3Nc4cccc5cccc(c45)N3)cc2)OC1,[2H]C(Cl)(Cl)Cl,32.3
CC#CC(C)(O)B1OC(=O)CN(C)CC(=O)O1,[2H]C([2H])([2H])C(=O)C([2H])([2H])[2H],10.2
[BH2-](n1ccc2ccccc21)[O+]1CCCC1,[2H]C1([2H])OC([2H])([2H])C([2H])([2H])C1([2H])[2H],2.6
CC1(C)OB(OCc2cccc(Br)c2)OC1(C)C,[2H]C(Cl)(Cl)Cl,22.27
C=CC1CC(B2OC(C)(C)C(C)(C)O2)=CC12C(=O)OC2c1ccccc1Br,[2H]C(Cl)(Cl)Cl,29.1
CCC1=C(C)C2=C(C)c3c(C)c(CC)c(C)n3[B-](C#CC#C[B-]3(C#C[Si](C)(C)C)n4c(C)c(CC)c(C)c4C(C)=C4C(C)=C(CC)C(C)=[N+]43)(C#C[Si](C)(C)C)[N+]2=C1C,[2H]C(Cl)(Cl)Cl,-10.9
CN1N=Cc2ccccc2B1O,[2H]C([2H])([2H])C#N,28.0
F[B-]1(c2ccccc2)n2c(Nc3cccc(Br)c3)ccc2C(c2ccccc2)=C2C=CC(Cl)=[N+]21,[2H]C(Cl)(Cl)Cl,3.31
CC(=O)OC1=CC=CN(B2OC(C)(C)C(C)(C)O2)C1,[2H]c1c([2H])c([2H])c([2H])c([2H])c1[2H],23.9
CC(C)CCC[C@@H](C)[C@H]1CC[C@H]2[C@@H]3CC=C4C[C@@H](OC(=O)CCC[C@]5(B6OC(C)(C)C(C)(C)O6)C[C@@H](c6ccc7ccccc7c6-c6nccc7ccccc67)C5)CC[C@]4(C)[C@H]3CC[C@]12C,[2H]C(Cl)(Cl)Cl,38.8
CC1(C)OB(CCCc2ccccc2)OC1(C)C,[2H]C(Cl)(Cl)Cl,33.91
BrB(Br)c1ccc(-c2ccc(B(Br)Br)s2)s1,[2H]C(Cl)(Cl)Cl,47.1
CN(C)B1C(c2ccccc2)C=CC1c1ccccc1,[2H]C(Cl)(Cl)Cl,49.0
CC(C)(C)NC(=O)C(F)(F)CC(Br)[B-]12OC(=O)C[N+]1(C)CC(=O)O2,[2H]C([2H])([2H])S(=O)C([2H])([2H])[2H],9.78
[BH3-][n+]1c(N=C(N)N)n(C)c2ccccc21,[2H]C([2H])([2H])S(=O)C([2H])([2H])[2H],-21.8
COc1cc(N)c(B2OC(C)(C)C(C)(C)O2)cc1C(F)(F)F,[2H]C(Cl)(Cl)Cl,30.65
CCO[Si](OCC)(OCC)c1ccc(B2OC(C)(C)CC(C)(C)O2)cc1OCc1cc(OC)cc(OC)c1,[2H]C(Cl)(Cl)Cl,25.1
CC1(C)CCCC(C)(C)N1B(n1ccnc1)n1ccnc1,[2H]C([2H])(Cl)Cl,28.2
C/C1=C/C[P+](C)(C)c2ccccc2[B-]2(O1)OC(C)(C)C(C)(C)O2,[2H]C([2H])([2H])C#N,6.6
[BH3-][P+](C/C=C\C)(c1ccccc1)c1ccccc1,[2H]C(Cl)(Cl)Cl,-39.0
[NH3+]C(c1ccc2c(c1)OCO2)[B-](F)(F)F,[2H]OC([2H])([2H])[2H],2.59
CCCCC[C@@H](CCCOC(=O)c1ccc(I)cc1)B1OC(C)(C)C(C)(C)O1,[2H]C(Cl)(Cl)Cl,36.03
CC(C)N(B1c2ccc(n2C)B(N(C(C)C)C(C)C)c2ccc(n2C)B(N(C(C)C)C(C)C)c2ccc(n2C)B(N(C(C)C)C(C)C)c2ccc1n2C)C(C)C,[2H]C(Cl)(Cl)Cl,33.0
CC1(C)OB(c2cc3c(cc2-c2ccccc2)COC3)OC1(C)C,[2H]c1c([2H])c([2H])c([2H])c([2H])c1[2H],31.0
CC(C)(CCl)CB1OC(C)(C)C(C)(C)O1,[2H]C(Cl)(Cl)Cl,33.2
ClB(OB(Cl)N(C1CCCCC1)C1CCCCC1)N(C1CCCCC1)C1CCCCC1,[2H]C(Cl)(Cl)Cl,23.9
CC1(C)OB(OCC=Cc2ccccc2)OC1(C)C,[2H]C(Cl)(Cl)Cl,22.2
CCCC[N+](CCCC)(CCCC)CCCC.COC(=O)/C=C/c1ccc([B-](F)(F)F)o1,[2H]C(Cl)(Cl)Cl,-0.72
CCCCCCC(C)(CB1OC(C)(C)C(C)(C)O1)C(=O)C(F)(F)F,[2H]C(Cl)(Cl)Cl,32.7
CCCC[C@@H](C)B1OC(C2CCCCC2)(C2CCCCC2)[C@H](CC)N1S(=O)(=O)c1ccc(C)cc1,[2H]C(Cl)(Cl)Cl,36.9
CC/C=C(\C)C(O)/C(=C/C(C)(C)C)B1OC(C)(C)C(C)(C)O1,[2H]C(Cl)(Cl)Cl,37.0
C=CCN1C(=O)c2ccccc2C(C(=O)O)C1c1ccc(B2OC(C)(C)C(C)(C)O2)cc1,[2H]C(Cl)(Cl)Cl,30.8
COc1ccc(C(CB2OC(C)(C)C(C)(C)O2)c2c(F)c(F)c(C#N)c(F)c2F)cc1,[2H]C(Cl)(Cl)Cl,33.3
CC(C)(C)[NH2+][B-](c1c(F)c(F)c(F)c(F)c1F)(c1c(F)c(F)c(F)c(F)c1F)C1c2ccccc2-c2ccccc21,[2H]C(Cl)(Cl)Cl,-4.2
CCCCCCN(CCCCCC)C(=O)c1cc(B2OC(C)(C)C(C)(C)O2)cc(-c2ccccc2)c1,[2H]C(Cl)(Cl)Cl,32.5
Cc1c(C)c2c(c(C)c1OC(=O)CCC/C=C/B1OC(C)(C)C(C)(C)O1)CC[C@@](C)(CCC[C@H](C)CCC[C@H](C)CCCC(C)C)O2,[2H]C(Cl)(Cl)Cl,29.9
CC(C)(C)C(=O)N[C@@H](CCCCOCc1ccccc1)B1OC(C)(C)C(C)(C)O1,[2H]C(Cl)(Cl)Cl,15.8
CCN1COB(C([Si](C)(C)C)([Si](C)(C)C)[Si](C)(C)C)OB1C([Si](C)(C)C)([Si](C)(C)C)[Si](C)(C)C,[2H]c1c([2H])c([2H])c([2H])c([2H])c1[2H],31.7
OB(O)c1c(F)cc(F)cc1F,[2H]C([2H])([2H])C(=O)C([2H])([2H])[2H],27.76
CC(B(CCC[SiH](C)C)C(C)[SiH](C)C)[SiH](C)C,[2H]c1c([2H])c([2H])c([2H])c([2H])c1[2H],81.1
COc1ccc([C@H]([BH2-][P+](C)(c2ccccc2)c2ccccc2)P(=O)(OC)OC)cc1,[2H]C(Cl)(Cl)Cl,-26.16
CCCC/C(B1OC(C)(C)C(C)(C)O1)=C(\c1cc(OC)cc(OC)c1)c1c(C(=O)OC2COC2)ccc2ccc(OC)cc12,[2H]C(Cl)(Cl)Cl,31.02
CC(C)O[P+](OC(C)C)(OC(C)C)[B-](C(Cl)Cl)(C(Cl)Cl)C(Cl)Cl,[2H]C(Cl)(Cl)Cl,-8.8
CC(C)(C)CNc1cc(B2Nc3cccc4cccc(c34)N2)c(NCC(C)(C)C)cc1B1Nc2cccc3cccc(c23)N1,[2H]C([2H])(Cl)Cl,30.4
c1ccc([B-]2(c3ccccc3)Oc3ccc(-c4ccc(-c5cc(-c6ccc(-c7ccc8c9c7ccc[n+]9[B-](c7ccccc7)(c7ccccc7)O8)cc6)cc(-c6ccc(-c7ccc8c9c7ccc[n+]9[B-](c7ccccc7)(c7ccccc7)O8)cc6)c5)cc4)c4ccc[n+]2c34)cc1,[2H]C(Cl)(Cl)Cl,12.3
[NH2+]=C(c1ccc(-c2ccccc2)cc1)[B-](F)(F)F,[2H]C([2H])([2H])C(=O)C([2H])([2H])[2H],0.12
CC1c2ccc(o2)B(N(C(C)C)C(C)C)c2ccc(s2)C(C)c2ccc(s2)B(N(C(C)C)C(C)C)c2ccc1s2,[2H]C(Cl)(Cl)Cl,39.0
CC1(C)OB(N2CC=Cc3cccc(Br)c32)OC1(C)C,[2H]c1c([2H])c([2H])c([2H])c([2H])c1[2H],24.1
CCC1(CC)OB(/C(=C/S(=O)(=O)F)c2ccc(Oc3ccccc3)cc2)OC1(CC)CC,[2H]C(Cl)(Cl)Cl,29.21
C#CB1C(Br)=Cc2ccccc2N1c1ccccc1,[2H]C(Cl)(Cl)Cl,26.06
Cn1c(B2OC(C)(C)C(C)(C)O2)cc2ccc(Cl)cc21,[2H]C(Cl)(Cl)Cl,29.88
CC[SiH](CC)C(C)c1c(B2OC(C)(C)C(C)(C)O2)cc(C[C@@H]2COC(C)(C)N2C(=O)OC(C)(C)C)cc1B1OC(C)(C)C(C)(C)O1,[2H]C(Cl)(Cl)Cl,32.27
CC(C)(C)c1ccc(B(Br)c2ccc(C(C)(C)C)cc2)cc1,[2H]C(Cl)(Cl)Cl,64.8
Cc1ccc(B2Nc3cccc4cccc(c34)N2)cc1,[2H]C(Cl)(Cl)Cl,29.7
CCOc1cc(B2OC(C)(C)CC(C)(C)O2)ccc1C=O,[2H]C(Cl)(Cl)Cl,26.3
CC1(C)OB(C2CCCCCC2B2OC(C)(C)C(C)(C)O2)OC1(C)C,[2H]C(Cl)(Cl)Cl,34.6
Cc1ccc(C2=C(c3ccc(C)cc3)c3ccccc3B3Nc4ccccc4C=C32)cc1,[2H]C(Cl)(Cl)Cl,30.7
[BH3-][PH+](c1ccccc1)c1ccccc1OC,[2H]c1c([2H])c([2H])c([2H])c([2H])c1[2H],-36.2
CC(C)(O)C(C)(C)O.OB(Cl)C[C@H]1CCC[NH2+]1,[2H]C(Cl)(Cl)Cl,32.1
CC1(C)OB(CC(c2ccccc2OCc2ccccc2)c2c(F)c(F)c(C#N)c(F)c2F)OC1(C)C,[2H]C(Cl)(Cl)Cl,33.1
C[C@H]1[C@@H](c2ccccc2)O[B-](c2ccccc2)(c2ccccc2)[N@H+]1C,[2H]C(Cl)(Cl)Cl,5.0
[BH3-][n+]1cc(C)cc(C)c1,[2H]C(Cl)(Cl)Cl,-12.59
CC/C(I)=C(\CC)B1Oc2ccccc2O1,[2H]C(Cl)(Cl)Cl,31.1
c1ccn(B(n2cccc2)n2cccc2)c1,[2H]c1c([2H])c([2H])c([2H])c([2H])c1[2H],27.5
CC(C)[C@H]1COc2c3[n+](c([BH-]4C5CCCC4CCC5)n21)[C@@H](C(C)C)CO3,[2H]C1([2H])OC([2H])([2H])C([2H])([2H])C1([2H])[2H],-19.1
c1ccc2c(B3Nc4cccc5cccc(c45)N3)cccc2c1,[2H]C(Cl)(Cl)Cl,30.7
CC(C)Oc1nc2cc3ccccc3cc2nc1[BH2-][N+](C)(C)C,[2H]C(Cl)(Cl)Cl,-6.0
CC1(C)OB(OCc2cccc3ccccc23)OC1(C)C,[2H]C(Cl)(Cl)Cl,22.5
Cl[Si](Cl)(Cl)CB1NB(C[Si](Cl)(Cl)Cl)NB(C[Si](Cl)(Cl)Cl)N1,[2H]c1c([2H])c([2H])c([2H])c([2H])c1[2H],32.8
C/C(Br)=C(\B1OC(=O)CN(C)CC(=O)O1)C(=O)c1ccc(Br)cc1,[2H]C([2H])([2H])C#N,9.38
CC1(C)OB([C@]2(C)C[C@H](c3ccc4ccccc4c3-c3nccc4ccccc34)C2)OC1(C)C,[2H]C(Cl)(Cl)Cl,35.5
[BH3-][P+](c1ccccc1)(c1ccccc1)C1CCC(=O)C1,[2H]C(Cl)(Cl)Cl,-39.59
COC(=O)C[BH-](c1n(C)cc[n+]1C)C(C)c1ccc(Br)cc1,[2H]C(Cl)(Cl)Cl,-16.5
CC1=[N+]2C(=C(c3ccccc3)c3ccc(Cl)n3[B-]2(F)c2ccccc2)C=C1,[2H]C(Cl)(Cl)Cl,3.75
COc1ccc2ccccc2c1B1C(c2ccsc2)=Cc2ccccc2N1Cc1ccccc1,[2H]C(Cl)(Cl)Cl,40.3
CCO[Si](OCC)(OCC)c1cc(F)c(B2OC(C)(C)CC(C)(C)O2)c(F)c1,[2H]C(Cl)(Cl)Cl,25.6
C=Cc1cccc(B2Nc3cccc4cccc(c34)N2)c1,[2H]C(Cl)(Cl)Cl,29.9
CB1O/C(=N/c2ccccc2)C1([Si](C)(C)C)[Si](C)(C)C,[2H]C(Cl)(Cl)Cl,57.3
Cn1cc[n+]2c1[B-](F)(F)n1cc[n+](C)c1[B-]2(F)F,[2H]C(Cl)(Cl)Cl,0.5
CC1(C)COB(CC(O)CN(c2ccccc2)c2ccccc2)OC1,[2H]C(Cl)(Cl)Cl,29.66
COc1ccc([B-]2(c3ccc(C(F)(F)F)cc3)c3ccccc3Nc3cccc[n+]32)cc1,[2H]C([2H])([2H])C(=O)C([2H])([2H])[2H],-1.53
CC1(C)OB(C(CC(=O)[Si](C)(C)C)c2cccc(Br)c2)OC1(C)C,[2H]C(Cl)(Cl)Cl,32.6
CCC1OC1(C)C(O)C1(B2OC(C)(C)C(C)(C)O2)OC1c1ccccc1,[2H]C(Cl)(Cl)Cl,29.4
COc1ccc(C2CC2B2OC(C)(C)C(C)(C)O2)cc1,[2H]C(Cl)(Cl)Cl,33.02
COc1ccc2ccccc2c1B1C(Br)=Cc2ccc(F)cc2N1Cc1ccccc1,[2H]C(Cl)(Cl)Cl,40.2
[NH3+]C(Cc1ccccc1)[B-](F)(F)F,[2H]OC([2H])([2H])[2H],2.85
CC#CC[B-]1(CC#CC)c2ccccc2-c2ccc(-c3ccccc3)c[n+]21,[2H]C(Cl)(Cl)Cl,-0.6
C[Si](C)(C)C1(B(c2ccccc2)C2([Si](C)(C)C)C=Cc3ccccc32)C=Cc2ccccc21,[2H]c1c([2H])c([2H])c([2H])c([2H])c1[2H],52.8
CCCCCCCC(=O)n1c2ccccc2c2cccc(B3OC(C)(C)C(C)(C)O3)c21,[2H]C([2H])(Cl)Cl,21.8
CC(CCC1CCCC1)(CB1OC(C)(C)C(C)(C)O1)/C(=N/N1CCCCC1)C(F)(F)F,[2H]C(Cl)(Cl)Cl,33.4
Cc1cc([BH2-][N+](C)(C)C)c2ccccc2n1,[2H]C(Cl)(Cl)Cl,-4.3
[BH3-][n+]1c(C)c(C)n(C)c1[Si](C)(C)C,[2H]c1c([2H])c([2H])c([2H])c([2H])c1[2H],-19.7
FC(F)(F)c1cc([B-]2(c3cc4ccccc4o3)c3ccccc3Nc3cccc[n+]32)cc(C(F)(F)F)c1,[2H]C([2H])([2H])C(=O)C([2H])([2H])[2H],-4.66
COc1ccc2ccccc2c1B1C(c2ccccc2)=Cc2ccccc2N1Cc1ccccc1,[2H]C(Cl)(Cl)Cl,40.5
COc1cccc2c(/C(=C(\B3OC(C)(C)C(C)(C)O3)c3ccccc3)c3ccccc3)c(C(=O)OC3COC3)ccc12,[2H]C(Cl)(Cl)Cl,30.9
[2H][C@H](CCCCCC)[C@@H](NC(=O)c1ccccc1)B1OC(C)(C)C(C)(C)O1,[2H]C(Cl)(Cl)Cl,18.0
C[N+](C)(C)[BH2-]c1nc2ccccc2c(=O)n1C1CC1,[2H]C(Cl)(Cl)Cl,-7.4
CCCC(C)CB1OC(C)(C)C(C)(C)O1,[2H]C(Cl)(Cl)Cl,33.36
CC[SiH](CC)C(C)c1c(B2OC(C)(C)C(C)(C)O2)cccc1B1OC(C)(C)C(C)(C)O1,[2H]C(Cl)(Cl)Cl,31.86
Cc1cc(C)c(B(c2cc(B(c3c(C)cc(C)cc3C)c3c(C)cc(C)cc3C)cc(B(c3c(C)cc(C)cc3C)c3c(C)cc(C)cc3C)c2)c2c(C)cc(C)cc2C)c(C)c1,[2H]c1c([2H])c([2H])c(C([2H])([2H])[2H])c([2H])c1[2H],88.0
CC1(C)OB(CC(c2ccc(N3CCOCC3)cc2)c2c(F)c(F)c(C#N)c(F)c2F)OC1(C)C,[2H]C(Cl)(Cl)Cl,32.5
Cn1cn[n+](N)c1.[BH2-](n1cncn1)n1cncn1,[2H]C([2H])([2H])S(=O)C([2H])([2H])[2H],-6.3
COC(=O)CCCC[C@@H](CCCc1ccc(OC)cc1)B1OC(C)(C)C(C)(C)O1,[2H]C(Cl)(Cl)Cl,36.32
O=C1C[NH+]2Cc3ccccc3O[B@@-]2(c2ccccc2)O1,[2H]C([2H])([2H])S(=O)C([2H])([2H])[2H],5.66
CC1(C)OB(OC2C3CC4CC(C3)CC2C4)OC1(C)C,[2H]C(Cl)(Cl)Cl,21.9
CC1(C)OB(N(Cc2ccccn2)c2ccccc2)OC1(C)C,[2H]c1c([2H])c([2H])c([2H])c([2H])c1[2H],25.2
CCCCCCN(CCCCCC)C(=O)c1cc(B2OC(C)(C)C(C)(C)O2)ccc1C(F)(F)F,[2H]C(Cl)(Cl)Cl,30.5
CC1(C)OB(/C=C(\CCCCl)CCC(O)c2ccccc2)OC1(C)C,[2H]C(Cl)(Cl)Cl,29.87
C[C@@H]1[NH2+][B-](c2ccccc2)(c2ccccc2)O[C@@H]1c1ccccc1,[2H]C(Cl)(Cl)Cl,7.4
Cc1ccc(CCB2OC(C)(C)C(C)(C)O2)cc1,[2H]C(Cl)(Cl)Cl,34.11
CC1(C)OB([Si](C)(C)N2CCCC2)OC1(C)C,[2H]C(Cl)(Cl)Cl,33.7
CC1(C)OB(CC(B2OC(C)(C)C(C)(C)O2)c2ccc(O)cc2)OC1(C)C,[2H]C(Cl)(Cl)Cl,33.6
CC#CC(O)(B1OC(=O)CN(C)CC(=O)O1)c1ccc(Br)cc1,[2H]C([2H])([2H])C(=O)C([2H])([2H])[2H],9.61
CC1(C)OB(C23CC(CO)(C2)C3)OC1(C)C,[2H]C(Cl)(Cl)Cl,30.4
CC(C)CC(CC(C)C)O[Si](Oc1ccc(B2OC(C)(C)CC(C)(C)O2)cc1CNC(=O)OC(C)(C)C)(OC(CC(C)C)CC(C)C)OC(CC(C)C)CC(C)C,[2H]C(Cl)(Cl)Cl,26.7
CC1(C)OB(c2ccc3ccccc3c2-c2cccc3ccccc23)OC1(C)C,[2H]C(Cl)(Cl)Cl,30.8
Nc1cccc([B@@-]23OCC[N+]4=Cc5ccccc5O[B@@-]4(c4cccc(N)c4)OCC[N+]2=Cc2ccccc2O3)c1,[2H]C([2H])([2H])S(=O)C([2H])([2H])[2H],2.8
CC(C)(C)N1C=CN(C(C)(C)C)[C]1B(c1c(F)c(F)c(F)c(F)c1F)c1c(F)c(F)c(F)c(F)c1F,[2H]C([2H])(Cl)Cl,-22.9
CN1CC(=O)OB(c2cc3c(-c4ccccc4)c4c(nc3s2)CCCC4)OC(=O)C1,[2H]C([2H])([2H])C#N,10.9
CC(C)(C)B1N(B(N([Si](C)(C)C)[Si](C)(C)C)C(C)(C)C)B(C(C)(C)C)N1C(C)(C)C,[2H]C(Cl)(Cl)Cl,41.9
CCCC[N+](CCCC)(CCCC)CCCC.O[B-](F)(c1c(F)c(F)c(F)c(F)c1F)c1c(F)c(F)c(F)c(F)c1F,[2H]C([2H])(Cl)Cl,1.3
COc1ccccc1C(C)OB1OC(C)(C)C(C)(C)O1,[2H]C(Cl)(Cl)Cl,22.14
CC(C)[C@@H]1CC[C@@H](C)C[C@H]1Oc1cc(B2OC(C)(C)C(C)(C)O2)c(C[SiH](C)C)c(B2OC(C)(C)C(C)(C)O2)c1,[2H]C(Cl)(Cl)Cl,32.03
C(#Cc1ccc2c(c1)B1Nc3ccccc3C=C1C(c1ccccc1)=C2c1ccccc1)c1ccccc1,[2H]C(Cl)(Cl)Cl,31.1
COP(=O)(OC)[C@@H]([BH2-][P+](C)(c1ccccc1)c1ccccc1)c1ccccc1,[2H]C(Cl)(Cl)Cl,-26.4
O=S(=O)(O[B@@-]12CCCC3=[N+]1[C@@H](C=C3)CCC2)C(F)(F)F,[2H]c1c([2H])c([2H])c([2H])c([2H])c1[2H],13.9
C=C(C)[C@]1(B2OC(C)(C)C(C)(C)O2)C[C@@H](c2ccc3ccccc3c2-c2nccc3ccccc23)C1,[2H]C(Cl)(Cl)Cl,34.3
F[B-]1(c2ccccc2)n2c(Cl)ccc2C(c2ccccc2)=C2C=CC(c3ccc4ccccc4c3)=[N+]21,[2H]C(Cl)(Cl)Cl,4.25
CC1(C)OB(N2CC=Cc3cc(Br)ccc32)OC1(C)C,[2H]c1c([2H])c([2H])c([2H])c([2H])c1[2H],24.6
C=C(B1OC(C)(C)C(C)(C)O1)C(B1OC(C)(C)C(C)(C)O1)(c1ccccc1)c1ccccc1C,[2H]C(Cl)(Cl)Cl,32.2
C[N+](C)(CC(O)c1ccccc1)[BH-](C(F)(F)F)C(F)(F)F,[2H]C(Cl)(Cl)Cl,-8.0
C[Si](C)(C)C1=CC(B(c2ccccc2)c2ccccc2)c2ccccc21,[2H]c1c([2H])c([2H])c([2H])c([2H])c1[2H],61.4
CC(NC(=O)C(F)(F)CC(Br)[B-]12OC(=O)C[N+]1(C)CC(=O)O2)C12C[C@H]3C[C@H](C1)C[C@@H](C2)C3,[2H]C([2H])([2H])S(=O)C([2H])([2H])[2H],10.45
COC(=O)c1cccc(B2OC(C)(C)C(C)(C)O2)c1,[2H]C(Cl)(Cl)Cl,31.3
CC(C)(C)B1N(C(C)(C)C)B(C(C)(C)C)C12CC2(C)C,[2H]c1c([2H])c([2H])c([2H])c([2H])c1[2H],45.7
CC1(C)OB(/C(=C\c2ccccc2)c2ccccc2)OC1(C)C,[2H]C(Cl)(Cl)Cl,31.8
Clc1ccc(C(c2ccc(Cl)cc2)c2ccc[n+]3c2-c2cccc(Cl)c2[BH2-]3)cc1,[2H]C(Cl)(Cl)Cl,-0.24
CCCCN(B1OC(C)(C)C(C)(C)O1)B1OC(C)(C)C(C)(C)O1,[2H]c1c([2H])c([2H])c([2H])c([2H])c1[2H],21.6
CC(C)(C)c1cc2c(c(C(C)(C)C)c1)OBO2,[2H]c1c([2H])c([2H])c([2H])c([2H])c1[2H],29.8
C[C@H]1[C@@H](c2ccccc2)O[B-](c2ccccc2)(c2ccccc2)[N+]1(C)C,[2H]C(Cl)(Cl)Cl,5.5
CCCCCCCC[Si@]1(C)OB(c2ccc(Br)cc2)O[Si@@](C)(CCCCCCCC)OB(c2ccc(Br)cc2)O1,[2H]C(Cl)(Cl)Cl,25.3
ClB1N(c2ccccc2)C=NN1c1ccccc1,[2H]C([2H])(Cl)Cl,22.8
Cc1ccnc([BH2-][N+](C)(C)C)c1,[2H]C(Cl)(Cl)Cl,-5.2
c1ccc(B2O[Si](c3ccccc3)(c3ccccc3)OB(c3ccccc3)O[Si](c3ccccc3)(c3ccccc3)O2)cc1,[2H]C(Cl)(Cl)Cl,29.1
C[N+]12CCCC(CO[B-]1(c1ccccc1)c1ccccc1)C2,[2H]C([2H])([2H])S(=O)C([2H])([2H])[2H],2.0
COc1ccccc1B1NC(=O)c2ccccc2N1,[2H]C([2H])([2H])S(=O)C([2H])([2H])[2H],30.09
C=C(B1Oc2ccccc2O1)B1Oc2ccccc2O1,[2H]c1c([2H])c([2H])c([2H])c([2H])c1[2H],32.2
COc1cccc(B2NC(=O)c3ccccc3N2)n1,[2H]C([2H])([2H])S(=O)C([2H])([2H])[2H],29.03
[BH3-][P+]([C@H](C)c1ccccc1)([C@H](C)c1ccccc1)[C@@H](C)c1ccccc1,[2H]C(Cl)(Cl)Cl,-43.36
FB(F)/C(F)=C(\F)C(F)(F)C(F)(F)C(F)(F)C(F)(F)C(F)(F)C(F)(F)F,[2H]c1c([2H])c([2H])c(C([2H])([2H])[2H])c([2H])c1[2H],20.66
c1ccc(B2Oc3ccccc3N2CCN2B(c3ccccc3)Oc3ccccc32)cc1,[2H]C(Cl)(Cl)Cl,32.5
Cn1c(=O)c([BH2-][N+](C)(C)C)nc2cc(Cl)ccc21,[2H]C(Cl)(Cl)Cl,-6.1
CCO[Si](OC(CC(C)C)CC(C)C)(OC(CC(C)C)CC(C)C)c1ccc(B2OC(C)(C)CC(C)(C)O2)cc1CC,[2H]C(Cl)(Cl)Cl,27.3
C=CCB1CCC[Si@@H](C)C([Si](C)(C)C)=C1CC=C,[2H]c1c([2H])c([2H])c([2H])c([2H])c1[2H],71.5
OB1ON=Cc2ccccc21,[2H]OC([2H])([2H])[2H],24.6
CCCCCC#CC(O)(CCCCCC)B1OC(=O)CN(C)CC(=O)O1,[2H]C([2H])([2H])C#N,9.92
COc1ccc2ccc(C(=O)OC3COC3)c(/C(=C(/CCCCO[Si](C)(C)C(C)(C)C)B3OC(C)(C)C(C)(C)O3)c3ccccc3)c2c1,[2H]C(Cl)(Cl)Cl,31.0
C[Si](Cl)(Cl)CB1NB(C[Si](C)(Cl)Cl)NB(C[Si](C)(Cl)Cl)N1,[2H]c1c([2H])c([2H])c([2H])c([2H])c1[2H],34.1
CC(C)(C)c1cccc(C(C)(C)C)c1OB1N(C(C)(C)C)B(Oc2c(C(C)(C)C)cccc2C(C)(C)C)N1C(C)(C)C,[2H]C(Cl)(Cl)Cl,25.0
COC(=O)N(c1ccccc1)C(Cc1ccccc1)B1OC(C)(C)C(C)(C)O1,[2H]C(Cl)(Cl)Cl,23.85
CC(C)C[NH2+][B-]1(c2ccccc2)O[Si](c2ccccc2)(c2ccccc2)OB(c2ccccc2)O[Si](c2ccccc2)(c2ccccc2)O1,[2H]C(Cl)(Cl)Cl,18.6
Cc1cc(B2OC(C)(C)C(C)(C)O2)c2ccc([Si](C)(C)C)cc2n1,[2H]C(Cl)(Cl)Cl,31.82
COc1ccc(F)cc1B1OC(C2CCCCC2)(C2CCCCC2)[C@@H](c2ccccc2)N1S(=O)(=O)c1ccc(C)cc1,[2H]C(Cl)(Cl)Cl,32.0
CC(CCC(=O)OC[C@H]1O[C@@H]2OC(C)(C)O[C@@H]2[C@H]2OC(C)(C)O[C@H]21)CB1OC(C)(C)C(C)(C)O1,[2H]C(Cl)(Cl)Cl,34.3
C(=C(/B(C1CCCCC1)C1CCCCC1)c1ccccc1)\c1ccccc1,[2H]c1c([2H])c([2H])c(C([2H])([2H])[2H])c([2H])c1[2H],76.0
CC(C)O[Si](C)(C)/C(=C\B1OC(C)(C)C(C)(C)O1)C1CCCCC1,[2H]C(Cl)(Cl)Cl,30.1
CC#CC(O)(B1OC(=O)CN(C)CC(=O)O1)c1ccc(C(=O)NC(C)C)cc1,[2H]C([2H])([2H])C(=O)C([2H])([2H])[2H],9.68
CC(C)(C)N1C=CN(C(C)(C)C)B1C#CB1N(C(C)(C)C)C=CN1C(C)(C)C,[2H]c1c([2H])c([2H])c([2H])c([2H])c1[2H],16.8
CCN(B1OC(C)(C)C(C)(C)O1)C(=O)P(c1ccccc1)c1ccccc1,[2H]C(Cl)(Cl)Cl,24.5
CB(C)c1c(B(C)C)c([B-](C)(C)[n+]2ccccc2)c(B(C)C)c(B(C)C)c1[B-](C)(C)[n+]1ccccc1,[2H]C1([2H])OC([2H])([2H])C([2H])([2H])C1([2H])[2H],55.4
CO[Si](C)(C)B1OC(C)(C)C(C)(C)O1,[2H]C(Cl)(Cl)Cl,33.1
CC1(C)OB([C@@H]([NH3+])Cc2cn(Cc3ccccc3)c3ccccc23)OC1(C)C.[Cl-],[2H]C([2H])([2H])S(=O)C([2H])([2H])[2H],33.1
O=[N+]([O-])c1ccc(CNB2OCCO2)cc1,[2H]C(Cl)(Cl)Cl,25.6
CCCC/C(B1OC(C)(C)C(C)(C)O1)=C(\c1ccc(OC(F)F)cc1)c1c(C(=O)OC2COC2)ccc2ccc(OC)cc12,[2H]C(Cl)(Cl)Cl,31.31
Cc1ccc(CCCC(C)(CB2OC(C)(C)C(C)(C)O2)/C(=N/N2CCCCC2)C(F)(F)F)cc1,[2H]C(Cl)(Cl)Cl,33.7
COc1ccc(COC(=O)c2ccc3ccc(OC)cc3c2/C(=C(\B2OC(C)(C)C(C)(C)O2)c2ccccc2)c2ccccc2)cc1,[2H]C(Cl)(Cl)Cl,31.15
Cc1cc(C)nc([BH2-][N+](C)(C)C)n1,[2H]C(Cl)(Cl)Cl,-4.5
C=CCC(C)(C(=O)OC)C(B1OC(C)(C)C(C)(C)O1)c1ccc(Cl)cc1,[2H]C(Cl)(Cl)Cl,32.6
Fc1c(F)c(F)c([B-](c2c(F)c(F)c(F)c(F)c2F)(c2c(F)c(F)c(F)c(F)c2F)[PH+](C2CCCCC2)C2CCCCC2)c(F)c1F,[2H]c1c([2H])c([2H])c([2H])c([2H])c1[2H],-13.5
CC1(C)OB(c2ccc(C(=O)c3ccccc3)cc2)OC1(C)C,[2H]C(Cl)(Cl)Cl,30.66
CCC1(CC)OB(/C(=C/S(=O)(=O)F)CCCOC(=O)[C@@H]2C[C@H]2c2ccccc2)OC1(CC)CC,[2H]C(Cl)(Cl)Cl,29.06
COc1cc(B2OC(C)(C)CC(C)(C)O2)cc(OC)c1[Si](OC)(OC)OC,[2H]C(Cl)(Cl)Cl,25.7
CCO[Si](OCC)(OCC)c1cc(F)c(B2OC(C)(C)CC(C)(C)O2)cc1COC,[2H]C(Cl)(Cl)Cl,26.31
COc1ccc(C(B2OC(C)(C)C(C)(C)O2)C(B2OC(C)(C)C(C)(C)O2)B2OC(C)(C)C(C)(C)O2)cc1,[2H]C(Cl)(Cl)Cl,33.2
CC(OB1OC(C)(C)C(C)(C)O1)c1ccccc1Br,[2H]C(Cl)(Cl)Cl,22.15
CCCC/C(B1OC(C)(C)C(C)(C)O1)=C(\c1ccc(F)cc1)c1c(C(=O)OC2COC2)ccc2ccc(OC)cc12,[2H]C(Cl)(Cl)Cl,30.46
CCCCN1B(c2c(OC)ccc3ccccc23)C(Br)=Cc2ccccc21,[2H]C(Cl)(Cl)Cl,37.8
F[B-]1(c2ccccc2)n2c(Cl)ccc2C(c2ccccc2)=C2C=CC(C#Cc3ccccc3)=[N+]21,[2H]C(Cl)(Cl)Cl,4.14
COc1ccc(C2=[N+]3C(=C(c4ccccc4)c4ccc(Nc5ccc(C)cc5)n4[B-]3(F)c3ccccc3)C=C2)cc1,[2H]C(Cl)(Cl)Cl,4.63
c1cc[n+]([B-]23C[C@H]4C[C@@H](C2)C[C@@H](C3)C4)cc1,[2H]C(Cl)(Cl)Cl,-3.7
CC(C)(CB1OC(C)(C)C(C)(C)O1)c1csc2ccccc12,[2H]C(Cl)(Cl)Cl,32.29
CCOC(=O)[C@]1(c2ccc(Cl)c(Cl)c2)C[C@@]1(B1Nc2cccc3cccc(c23)N1)B1OC(C)(C)C(C)(C)O1,[2H]C(Cl)(Cl)Cl,32.1
COc1ccc(CN2CCc3ccccc3[C@@H]2CB2Nc3cccc4cccc(c34)N2)cc1,[2H]C(Cl)(Cl)Cl,31.6
C=CC1CC(B2OC(C)(C)C(C)(C)O2)=CC1(c1ccsc1)C(O)c1ccccc1,[2H]C(Cl)(Cl)Cl,29.9
COC(=O)C[BH2-]c1n(C)cc[n+]1C,[2H]C(Cl)(Cl)Cl,-28.3
CC1(C)OB(/C(=C\c2c3ccccc3cc3ccccc23)B2Nc3cccc4cccc(c34)N2)OC1(C)C,[2H]C(Cl)(Cl)Cl,30.1
CC1(C)OB(c2ccc(NC(=O)C3=CCCCC3)cc2)OC1(C)C,[2H]C(Cl)(Cl)Cl,30.42
CC1(C)OB([Si](C)(C)c2ccccc2)OC1(C)C,[2H]c1c([2H])c([2H])c([2H])c([2H])c1[2H],34.3
C=CB1NB(C=C)NB(C=C)N1,[2H]C(Cl)(Cl)Cl,31.2
[Cl-].[NH3+]C(B(O)O)c1ccc(C(F)(F)F)cc1,[2H]OC([2H])([2H])[2H],27.79
Cc1cc(C)c([B-](F)(c2c(C)cc(C)cc2C)c2cccc3cccc(C[N+](C)(C)C)c23)c(C)c1,[2H]C([2H])([2H])C(=O)C([2H])([2H])[2H],12.2
Cc1cc(C)cc(CCC(CS(=O)(=O)F)B2OC(C)(C)C(C)(C)O2)c1,[2H]C(Cl)(Cl)Cl,33.79
CCCC/C(B1OC(C)(C)C(C)(C)O1)=C(/C#C[Si](C)(C)C)c1ccc(OC)cc1,[2H]C(Cl)(Cl)Cl,32.0
CP(C)c1ccccc1B1OCCO1,[2H]C(Cl)(Cl)Cl,32.0
CC(C)B(C(C)C)C1C=Cc2ccccc21,[2H]C(Cl)(Cl)Cl,87.0
Cc1ccc2c(c1)C(c1ccccc1)=C(c1ccccc1)C1=Cc3ccccc3NB12,[2H]C(Cl)(Cl)Cl,29.2
CC1(C)OB(C2C=c3ccccc3=C2[Si](C)(C)C)OC1(C)C,[2H]C(Cl)(Cl)Cl,29.41
COc1ccc(C(CB2OC(C)(C)C(C)(C)O2)B2OC(C)(C)C(C)(C)O2)cc1,[2H]C(Cl)(Cl)Cl,33.8
C=CC1CC(B2OC(C)(C)C(C)(C)O2)=CC1(C(=O)OC)C(O)c1ccc(C)cc1,[2H]C(Cl)(Cl)Cl,28.2
COc1ccc2ccc([C@H]3C[C@](B4OC(C)(C)C(C)(C)O4)(c4ccccc4)C3)c(-c3nccc4ccccc34)c2c1,[2H]C(Cl)(Cl)Cl,35.3
CC(C)COCC(C)CB1OC(C)(C)C(C)(C)O1,[2H]C(Cl)(Cl)Cl,33.4
COC(=O)C(O)c1ccc(B2OC(C)(C)CC(C)(C)O2)cc1Cl,[2H]C(Cl)(Cl)Cl,25.9
C[N+](C)(C)C.Clc1cccc(SCCCC#C[B-](c2ccccc2)(c2ccccc2)c2ccccc2)c1,[2H]C([2H])([2H])S(=O)C([2H])([2H])[2H],-13.4
C=CC(O)(B1OC(=O)CN(C)CC(=O)O1)C1CC1,[2H]C([2H])([2H])C(=O)C([2H])([2H])[2H],10.49
c1ccc2cc(CNB3OCCO3)ccc2c1,[2H]C(Cl)(Cl)Cl,21.1
C(#C[B-](c1ccccc1)(c1ccccc1)c1ccccc1)CCc1ccccc1.C[N+](C)(C)C,[2H]C([2H])([2H])S(=O)C([2H])([2H])[2H],-12.5
CC1(C)OB(c2cccc3ccccc23)OC1(C)C,[2H]C(Cl)(Cl)Cl,31.52
CC1=CN(B2OC(C)(C)C(C)(C)O2)C=CC1,[2H]c1c([2H])c([2H])c([2H])c([2H])c1[2H],23.7
COc1ccc(B2OCC(C)(C)CO2)cc1,[2H]C(Cl)(Cl)Cl,26.79
CC1(C)OB(CI)OC1(C)C,[2H]c1c([2H])c([2H])c([2H])c([2H])c1[2H],31.8
CC1(C)OB(N(C(=NC2CCCCC2)P(c2ccccc2)c2ccccc2)C2CCCCC2)OC1(C)C,[2H]C(Cl)(Cl)Cl,22.4
C[N+]1(C)c2ccccc2C(c2ccccc2)(c2ccccc2)O[B-]1(F)F,[2H]C(Cl)(Cl)Cl,1.9
CCc1ccc(OCCCC#C[B-](c2ccccc2)(c2ccccc2)c2ccccc2)cc1.C[N+](C)(C)C,[2H]C([2H])([2H])S(=O)C([2H])([2H])[2H],-12.4
CC1(C)OB(c2ccc3ccccc3c2-c2c(Br)ccc3ccccc23)OC1(C)C,[2H]C(Cl)(Cl)Cl,30.8
Cc1ccc(C2=C(Br)B(O)Oc3ccccc32)cc1,[2H]OC([2H])([2H])[2H],24.64
CCB(CC)/C(CC)=C(/C)[Si](C)(C)n1ccnc1,[2H]c1c([2H])c([2H])c([2H])c([2H])c1[2H],-3.2
CC(C)OC(C)CB1OC(C)(C)C(C)(C)O1,[2H]c1c([2H])c([2H])c([2H])c([2H])c1[2H],33.1
CC(C)C[C@H](B1OC(C)(C)C(C)(C)O1)N1C(=O)OC[C@@H]1c1ccccc1,[2H]C(Cl)(Cl)Cl,32.49
CCCC/C(B1OC(C)(C)C(C)(C)O1)=C(\c1ccccc1)c1c(C(=O)OCc2ccccc2)ccc2ccc(OC)cc12,[2H]C(Cl)(Cl)Cl,30.12
C=CC1CC(B2OC(C)(C)C(C)(C)O2)=CC1(C(=O)OC)C(O)c1ccc(OC(C)=O)cc1,[2H]C(Cl)(Cl)Cl,29.2
CC1(C)OB(N2C=CCc3ccccc32)OC1(C)C,[2H]c1c([2H])c([2H])c([2H])c([2H])c1[2H],24.5
COC(=O)CCCCC(CCCc1ccc(OC)cc1)B1OC(C)(C)C(C)(C)O1,[2H]C(Cl)(Cl)Cl,36.32
C[N+](C)(C)[BH2-]CC(=O)N(c1ccc(Br)cc1)c1ccc(Br)cc1,[2H]C(Cl)(Cl)Cl,-4.15
c1ccc2c(c1)OB(c1c(B3Oc4ccccc4O3)c(B3Oc4ccccc4O3)c(B3Oc4ccccc4O3)c(B3Oc4ccccc4O3)c1B1Oc3ccccc3O1)O2,[2H]OC([2H])([2H])[2H],29.3
C[N+](C)(C)C.Cc1cn(CCCC#C[B-](c2ccccc2)(c2ccccc2)c2ccccc2)c2ccccc12,[2H]C([2H])([2H])S(=O)C([2H])([2H])[2H],-8.5
c1ccc2c(c1)SB(c1cc(B3Sc4ccccc4S3)cc(B3Sc4ccccc4S3)c1)S2,[2H]C(Cl)(Cl)Cl,61.0
COB1Oc2c(cc(C(C)(C)C)cc2C(C)(C)C)CN1CCCCN1Cc2cc(C(C)(C)C)cc(C(C)(C)C)c2OB1OC,[2H]C(Cl)(Cl)Cl,20.7
CC(C)(C)C1=[N+]2[N+](=C(C(C)(C)C)C[B-]2(Br)Br)[B-](Br)(Br)C1,[2H]C(Cl)(Cl)Cl,-5.9
Cc1cc(C)c(B(Sc2ccccc2)B(Sc2ccccc2)c2c(C)cc(C)cc2C)c(C)c1,[2H]C(Cl)(Cl)Cl,80.6
COc1ccc(C(=O)C(CBr)B2OC(=O)CN(C)CC(=O)O2)cc1Br,[2H]C([2H])([2H])C(=O)C([2H])([2H])[2H],10.41
CC1(C)CC(C)(C)OB(c2ccc(C=O)c(F)c2F)O1,[2H]C(Cl)(Cl)Cl,25.7
CCCCCCN(CCCCCC)C(=O)c1cccc(F)c1B1OC(C)(C)C(C)(C)O1,[2H]C(Cl)(Cl)Cl,30.0
[BH2-]1c2n(Cc3ccccc3)cc[n+]2[BH2-]c2n(Cc3ccccc3)cc[n+]21,[2H]C(Cl)(Cl)Cl,-18.6
CCCC/C=C/[C@@](C)(Cc1ccccc1)B1OC(C)(C)C(C)(C)O1,[2H]C(Cl)(Cl)Cl,33.3
c1ccc2cc(B3O[C@H](C4CCCCC4)[C@@H](C4CCCCC4)O3)ccc2c1,[2H]C(Cl)(Cl)Cl,31.5
CC(C)(C)/C=C(\B1C(Br)=Cc2ccccc2N1C1CCCC1)c1ccc(-c2ccccc2)cc1,[2H]C(Cl)(Cl)Cl,36.61
COC(=O)[C@H](C)NC(=O)C(F)(F)CC(Br)[B-]12OC(=O)C[N+]1(C)CC(=O)O2,[2H]C([2H])([2H])S(=O)C([2H])([2H])[2H],10.51
C[N+](C)(C)[B-](Cc1ccccc1)(C(F)(F)F)C(F)(F)F,[2H]C(Cl)(Cl)Cl,-6.0
CC(C)(C)/C=C(\B1C(Br)=Cc2ccccc2N1C1CCCC1)c1ccc2ccccc2c1,[2H]C(Cl)(Cl)Cl,39.75
COc1ccccc1C1C(B2OC(C)(C)C(C)(C)O2)C1(C)B1OC(C)(C)C(C)(C)O1,[2H]C(Cl)(Cl)Cl,30.4
C=CCB(CC=C)C(CC=C)=C([SiH](c1ccccc1)c1ccccc1)[SiH](c1ccccc1)c1ccccc1,[2H]c1c([2H])c([2H])c([2H])c([2H])c1[2H],76.2
OCCN1CC[NH+]([B-](O)(c2ccccc2)c2ccccc2)CC1,[2H]C([2H])([2H])S(=O)C([2H])([2H])[2H],4.0
[BH3-][n+]1ccn(Cn2cc[n+]([BH3-])c2)c1,[2H]C([2H])([2H])S(=O)C([2H])([2H])[2H],-18.4
Cc1cccc(Nc2ccc3n2[B-](F)(c2ccccc2)[N+]2=C(Cl)C=CC2=C3c2ccccc2)c1,[2H]C(Cl)(Cl)Cl,3.15
COC(=O)[BH-](C#N)[N+]1(C)C=CN=C1,[2H]C(Cl)(Cl)Cl,-18.1
CSc1ccc2c(c1)OBO2,[2H]c1c([2H])c([2H])c([2H])c([2H])c1[2H],29.5
CC1(C)OB(N(C(=O)P(c2ccccc2)c2ccccc2)C2CCCCC2)OC1(C)C,[2H]C(Cl)(Cl)Cl,24.7
COc1cc(OC)cc(B2OC(C)(C)C(C)(C)O2)c1,[2H]C(Cl)(Cl)Cl,30.8
Clc1cc(Cl)c2c(c1)-c1cccc[n+]1[BH2-]2,[2H]C(Cl)(Cl)Cl,-8.39
C/C(Br)=C(\B1OC(=O)CN(C)CC(=O)O1)C(=O)C1CCN(C(=O)OC(C)(C)C)CC1,[2H]C([2H])([2H])C#N,9.21
CC(C)(C)[N+]1=CC=[N+](C(C)(C)C)[B-]1(Cl)Cl.Cl[B-](Cl)(Cl)Cl,[2H]C([2H])([2H])C#N,7.7
COC(=O)c1ccc(C)cc1B1OC(C)(C)C(C)(C)O1,[2H]C(Cl)(Cl)Cl,31.2
CCCCC[C@H](NC(=O)CCc1nc(-c2ccccc2)c(-c2ccccc2)o1)B1OC(C)(C)C(C)(C)O1,[2H]C(Cl)(Cl)Cl,20.8
COc1ccc2ccccc2c1B1C=Cc2ccccc2N1Cc1ccccc1,[2H]C(Cl)(Cl)Cl,37.08
CC[B-]1(CC)Oc2ccccc2C[N+]1(CC)CC,[2H]c1c([2H])c([2H])c([2H])c([2H])c1[2H],8.2
C[Si](C)(C)C#[N+][B-](C#N)(C#N)C#N,[2H]C([2H])([2H])C#N,67.52
C[N+]1(C)Cc2ccccc2[B-]1(OC(=O)C(F)(F)F)c1ccccc1,[2H]C(Cl)(Cl)Cl,11.3
COc1cc(B2OC(C)(C)C(C)(C)O2)c(C(C)[SiH](C)C)c(B2OC(C)(C)C(C)(C)O2)c1,[2H]C(Cl)(Cl)Cl,32.22
CC1(C)OB([C@@H]2[C@H](c3cccc4ccccc34)[C@@]2(C)c2ccccc2)OC1(C)C,[2H]C(Cl)(Cl)Cl,32.4
C=CCB(CC=C)C1=C([Si](C)(C)C)[Si@H](C)CCC1,[2H]c1c([2H])c([2H])c([2H])c([2H])c1[2H],77.5
CC1(C)OB(NB2OC(C)(C)C(C)(C)O2)OC1(C)C,[2H]c1c([2H])c([2H])c([2H])c([2H])c1[2H],25.2
CN(C)C(=O)c1cc(F)ccc1B1OC(C)(C)C(C)(C)O1,[2H]C(Cl)(Cl)Cl,30.3
CC[NH+](CC)[BH-](C#N)C(=O)O,[2H]O[2H],-17.6
CC(C)(C)OC(=O)N1CCC([C@H](CCCCc2ccccc2)B2OC(C)(C)C(C)(C)O2)CC1,[2H]C(Cl)(Cl)Cl,36.14
FC(F)(F)c1cc(C(F)(F)F)c(B(Cl)Cl)c(C(F)(F)F)c1,[2H]C(Cl)(Cl)Cl,56.8
COP(=O)(OC)[C@@H]([BH2-][P+](C)(c1ccccc1)c1ccccc1)c1ccc(-c2ccccc2)cc1,[2H]C(Cl)(Cl)Cl,-25.86
CCOC(=O)c1cc(B2OC(C)(C)CC(C)(C)O2)ccc1C=NO[Si](OC(CC(C)C)CC(C)C)(OC(CC(C)C)CC(C)C)OC(CC(C)C)CC(C)C,[2H]C(Cl)(Cl)Cl,26.2
[2H]C(CCCc1ccccc1)B1Nc2cccc3cccc(c23)N1,[2H]C(Cl)(Cl)Cl,32.35
CC1(C)O[C@H]2O[C@H]([C@H]3COC(C)(C)O3)[C@H](OC(=O)CCCC[C@H](NC(=O)c3ccccc3)B3OC(C)(C)C(C)(C)O3)[C@H]2O1,[2H]C(Cl)(Cl)Cl,17.7
C[N+](C)(C)[BH2-]c1cc(-c2ccccc2)nc(N)n1,[2H]C(Cl)(Cl)Cl,-3.9
COc1ccc2ccc(C(=O)OC3CCC3)c(/C(=C(\B3OC(C)(C)C(C)(C)O3)c3ccccc3)c3ccccc3)c2c1,[2H]C(Cl)(Cl)Cl,29.68
COc1ccc(-c2ccc3c4c2ccc[n+]4[B-](c2ccc(C(C)(C)C)cc2)(c2ccc(C(C)(C)C)cc2)O3)cc1,[2H]C(Cl)(Cl)Cl,12.0
Cc1cc(B2OC(C)(C)CC(C)(C)O2)c(F)cc1C=O,[2H]C(Cl)(Cl)Cl,26.0
CC[Si](C#CC(O)(B1OC(=O)CN(C)CC(=O)O1)c1ccccc1)(CC)CC,[2H]C([2H])([2H])C(=O)C([2H])([2H])[2H],9.71
Cc1cccc(C(CB2OC(C)(C)C(C)(C)O2)c2c(F)c(F)c(C#N)c(F)c2F)c1,[2H]C(Cl)(Cl)Cl,33.1
CC(C)(C)c1cc2c(c(C(C)(C)C)c1)OB(O[Si](C)(C)C)N(CCCCN1Cc3cc(C(C)(C)C)cc(C(C)(C)C)c3OB1O[Si](C)(C)C)C2,[2H]C(Cl)(Cl)Cl,19.6
CCN(CC)C(=O)c1ccccc1B1OC(C)(C)C(C)(C)O1,[2H]C(Cl)(Cl)Cl,28.35
ClB1C=C(c2ccccc2)CC(Cl)C1,[2H]C(Cl)(Cl)Cl,62.3
CC1=C(c2ccccc2)B(c2ccccc2)C(c2ccccc2)=C(C)[Si](C)(C)[Si]1(C)C,[2H]c1c([2H])c([2H])c(C([2H])([2H])[2H])c([2H])c1[2H],72.0
C[N+](C)(C)[BH2-]c1nc2ccccc2nc1Cl,[2H]C(Cl)(Cl)Cl,-5.8
CN(CC1CCCCC1)B1OC(C)(C)C(C)(C)O1,[2H]c1c([2H])c([2H])c([2H])c([2H])c1[2H],24.5
OB(c1ccc2ccccc2c1-c1cccc2ccccc12)c1ccc2ccccc2c1-c1cccc2ccccc12,[2H]C(Cl)(Cl)Cl,47.1
CC[B-]1(CCCCCC[B-]2(CC)CCCC3=[N+]2CC=C3)CCCC2=[N+]1CC=C2,[2H]c1c([2H])c([2H])c([2H])c([2H])c1[2H],-5.1
C=CCC(C)(C(=O)OC)C(B1OC(C)(C)C(C)(C)O1)c1cccc(Cl)c1,[2H]C(Cl)(Cl)Cl,32.1
Cn1c2[n+](c3ccccc31)[B-](c1ccccc1)(c1ccccc1)NC(N)=N2,[2H]C([2H])([2H])S(=O)C([2H])([2H])[2H],-1.8
CCCCB(OS(C)(=O)=O)OS(C)(=O)=O,[2H]c1c([2H])c([2H])c([2H])c([2H])c1[2H],26.0
CC1(C)COB(/C=C/c2ccccc2)OC1,[2H]C(Cl)(Cl)Cl,30.2
CCN(CC)B1CC=Cc2ccccc21,[2H]c1c([2H])c([2H])c([2H])c([2H])c1[2H],40.8
ClB1CCCCCCC1,[2H]C(Cl)(Cl)Cl,78.3
CC1(C)OB([C@@H]2[C@H](c3ccc4sccc4c3)[C@@]2(C)c2ccccc2)OC1(C)C,[2H]C(Cl)(Cl)Cl,33.6
COC(=O)c1cncc(/C=C/B2OC(C)(C)C(C)(C)O2)c1,[2H]C(Cl)(Cl)Cl,28.5
CCC(C)B1OC(C)(C)C(C)(C)O1,[2H]C(Cl)(Cl)Cl,35.17
O=C1NB(c2cccc(C(F)(F)F)n2)Nc2ccccc21,[2H]C([2H])([2H])S(=O)C([2H])([2H])[2H],29.17
Fc1ccc(Cl)c2c1-c1cccc[n+]1[BH2-]2,[2H]C(Cl)(Cl)Cl,-8.08
COc1ccccc1C(=O)/C(B1OC(=O)CN(C)CC(=O)O1)=C(/C)Br,[2H]C([2H])([2H])C(=O)C([2H])([2H])[2H],9.72
[N-]=[N+]=N[B-](N=[N+]=[N-])(c1ccccc1F)[n+]1ccccc1,[2H]C(Cl)(Cl)Cl,3.0
CN(C)[B-](C#[N+]C(C)(C)C)(C(F)(F)F)C(F)(F)F,[2H]C([2H])(Cl)Cl,-6.0
CCCN(CCC)S(=O)(=O)c1ccc(C(=O)OCCC/C=C/B2OC(C)(C)C(C)(C)O2)cc1,[2H]C(Cl)(Cl)Cl,30.3
CC(OB1OC(C)(C)C(C)(C)O1)c1ccccc1,[2H]C(Cl)(Cl)Cl,22.09
[BH3-][P@+]1(Oc2cccc(O[P@+]3([BH3-])O[C@@H](c4ccccc4)C(C)(C)C(C)(C)O3)c2)O[C@H](c2ccccc2)C(C)(C)C(C)(C)O1,[2H]C(Cl)(Cl)Cl,-42.0
C[N+](C)(C)[BH2-]c1ccc2ccccc2n1,[2H]C(Cl)(Cl)Cl,-3.4
CC(c1ccc([Si](C)(C)C)cc1B1OC(C)(C)C(C)(C)O1)[SiH](C)C,[2H]C(Cl)(Cl)Cl,31.93
CC[SiH](CC)C(C)c1cc2ccccc2cc1B1OC(C)(C)C(C)(C)O1,[2H]C(Cl)(Cl)Cl,31.34
Cc1ccccc1/C=C(/B1OC(C)(C)C(C)(C)O1)N1CCOC1=O,[2H]C(Cl)(Cl)Cl,29.46
COc1ccc(P(=C([I+]c2ccccc2)C(C)=O)(c2ccc(OC)cc2)c2ccc(OC)cc2)cc1.F[B-](F)(F)F,[2H]C([2H])([2H])S(=O)C([2H])([2H])[2H],-1.18
CC(C)(C)P(B(Cl)C([Si](C)(C)C)([Si](C)(C)C)[Si](C)(C)C)C(C)(C)C,[2H]c1c([2H])c([2H])c([2H])c([2H])c1[2H],83.8
COC(=O)c1ccccc1B1Nc2cccc3cccc(c23)N1,[2H]C(Cl)(Cl)Cl,31.0
CC(C)(C)OC(=O)N1CCC(C23CC(B4OC(C)(C)C(C)(C)O4)(C2)C3)C1,[2H]C(Cl)(Cl)Cl,30.8
COc1cc(OC)nc(Nc2ccc3n2[B-](F)(c2ccccc2)[N+]2=C(Nc4ccc(C)cc4)C=CC2=C3c2ccccc2)n1,[2H]C(Cl)(Cl)Cl,3.59
F[B-]1(c2ccsc2)n2c(Cl)ccc2C(c2ccccc2)=C2C=CC(Cl)=[N+]21,[2H]C(Cl)(Cl)Cl,3.28
CC1(C)OB([C@@H]2[C@H](c3ccccc3)[C@@]2(C)c2ccccc2)OC1(C)C,[2H]C(Cl)(Cl)Cl,33.0
CC1(C)OB([C@]2(Cc3ccccc3)C[C@H](c3ccc4ccccc4c3-c3nccc4ccccc34)C2)OC1(C)C,[2H]C(Cl)(Cl)Cl,36.1
C#C/C(CCCC)=C(/CCC)B1OC(C)(C)C(C)(C)O1,[2H]c1c([2H])c([2H])c([2H])c([2H])c1[2H],30.5
CC1(C)OB([C@@H](Cc2ccc(Cl)cc2)N2CCOC2=O)OC1(C)C,[2H]C(Cl)(Cl)Cl,32.28
O=C(OB1C2CCCC1CCC2)c1ccccc1,[2H]C([2H])([2H])S(=O)C([2H])([2H])[2H],12.9
[BH3-][P@+]1(OCC(C)(C)CO[P@+]2([BH3-])O[C@@H](c3ccccc3)C(C)(C)C(C)(C)O2)O[C@H](c2ccccc2)C(C)(C)C(C)(C)O1,[2H]C(Cl)(Cl)Cl,-43.1
C=CC1CC(B2O[C@@H]3C[C@@H]4C[C@@H](C4(C)C)[C@]3(C)O2)=CC1(C(=O)OC)C(O)c1ccccc1,[2H]C(Cl)(Cl)Cl,29.7
COC(=O)c1ccccc1-c1nnc(-c2ccc(Cn3c(=O)c([BH2-][N+](C)(C)C)nc4ccccc43)cc2)o1,[2H]C(Cl)(Cl)Cl,-6.1
COc1ccc2cc(C(C)[BH2-][N+](C)(C)C)ccc2c1,[2H]C(Cl)(Cl)Cl,0.57
C[Si](C)(C)[N+](=[B-](NC1CCCCC1)C1CCc2ccccc21)[Si](C)(C)C,[2H]c1c([2H])c([2H])c(C([2H])([2H])[2H])c([2H])c1[2H],32.9
Clc1ccc2[n+](c1)[B-](c1ccccc1)(c1ccccc1)c1ccccc1N2,[2H]C([2H])([2H])C(=O)C([2H])([2H])[2H],-0.65
Cc1ccc(CC(C)B2OC(C)C(C)O2)cc1C,[2H]C(Cl)(Cl)Cl,34.31
C=CC(O)(B1OC(=O)CN(C)CC(=O)O1)c1ccc(OC)cc1,[2H]C([2H])([2H])C(=O)C([2H])([2H])[2H],10.07
CC(C)(C)N1C=CN(C(C)(C)C)B1C#Cc1ccccc1,[2H]c1c([2H])c([2H])c([2H])c([2H])c1[2H],17.0
N#C[BH2-][NH2+]CCCC[NH2+][BH2-]C#N,[2H]C([2H])([2H])S(=O)C([2H])([2H])[2H],24.4
CCOC(=O)C[BH-](c1n(C)cc[n+]1C)C(C(=O)OC)c1ccc(F)cc1,[2H]C(Cl)(Cl)Cl,-16.5
C/[B-](=C(\[Si](C)(C)C)[Si](C)(C)Cl)[n+]1c(C)cc(C)cc1C,[2H]c1c([2H])c([2H])c(C([2H])([2H])[2H])c([2H])c1[2H],40.9
CCC1=C(C)C2=C(c3cccc([N+](=O)[O-])c3)c3c(C)c(CC)c(C)n3[B-](F)(F)[N+]2=C1C,[2H]C(Cl)(Cl)Cl,3.82
O=S(=O)(O[B@-]12CCCC3=[N+]1[C@@H](C=C3)CCC2)C(F)(F)F,[2H]c1c([2H])c([2H])c([2H])c([2H])c1[2H],13.9
CC1(C)COB(CC(O)COc2ccccc2)OC1,[2H]C(Cl)(Cl)Cl,29.74
Cc1cc(B2OC(C)(C)CC(C)(C)O2)cc(C)c1Br,[2H]C(Cl)(Cl)Cl,26.4
COP(=O)(OC)[C@@H]([BH2-][P+](C)(c1ccccc1)c1ccccc1)c1ccc(C#N)cc1,[2H]C(Cl)(Cl)Cl,-26.18
O[B-](OCC[NH+]1CCCCC1)(c1ccccc1)c1ccccc1,[2H]C([2H])([2H])S(=O)C([2H])([2H])[2H],12.0
CC1(C)CCCC(C)(C)N1B1P2B(N3C(C)(C)CCCC3(C)C)P1[Si]21P2B(N3C(C)(C)CCCC3(C)C)P1B2N1C(C)(C)CCCC1(C)C,[2H]c1c([2H])c([2H])c([2H])c([2H])c1[2H],48.6
CC(C)(C)B(Cl)C1(B(Cl)C(C)(C)C)B(Cl)C([Si](C)(C)C)([Si](C)(C)C)B1Cl,[2H]C(Cl)(Cl)Cl,69.0
CCN1B(C(=CC(C)(C)C)/C(=C/C(C)(C)C)B2C=Cc3ccccc3N2CC)C=Cc2ccccc21,[2H]C(Cl)(Cl)Cl,38.53
Clc1ccc2c(c1)OBO2,[2H]c1c([2H])c([2H])c([2H])c([2H])c1[2H],30.2
c1ccc(B(OB(c2ccccc2)c2ccccc2)c2ccccc2)cc1,[2H]C(Cl)(Cl)Cl,46.1
C[N+](C)(C)[B@@H-](C#N)C(=O)O,[2H]C(Cl)(Cl)Cl,-12.6
C[n+]1ccc2ccccc2c1.O[B-](c1c(F)c(F)c(F)c(F)c1F)(c1c(F)c(F)c(F)c(F)c1F)c1c(F)c(F)c(F)c(F)c1F,[2H]C([2H])(Cl)Cl,-4.1
C/C(Br)=C(\B1OC(=O)CN(C)CC(=O)O1)C(=O)c1ccc(C(C)(C)C)cc1,[2H]C([2H])([2H])C#N,9.46
CC(C)(C)C1=[N+]2[N+](=C(C(C)(C)C)C[B-]2(I)I)[B-](I)(I)C1,[2H]C(Cl)(Cl)Cl,-34.2
C[NH+](C)[B-](C(F)(F)F)(C(F)(F)F)C1(C#N)CC1,[2H]C([2H])([2H])C#N,-8.7
CN(C(=O)OC(C)(C)C)[C@@H](CCc1ccccc1)B1OC(C)(C)C(C)(C)O1,[2H]C(Cl)(Cl)Cl,16.0
COB1C[C@@H]2C[C@H](C)C[C@H](C1)C2,[2H]C(Cl)(Cl)Cl,54.5
C[C@H](/N=C/C1C(=C(c2ccccc2)c2ccccc2)OB(NC(C)(C)C)N1[C@H](C)C1CCCCC1)C1CCCCC1,[2H]c1c([2H])c([2H])c([2H])c([2H])c1[2H],24.6
Cc1cc(C)c(N2C=CN(c3c(C)cc(C)cc3C)B2Cl)c(C)c1,[2H]c1c([2H])c([2H])c([2H])c([2H])c1[2H],21.9
CB(Br)c1ccc(B(C)Br)cc1,[2H]C(Cl)(Cl)Cl,72.3
COP(=O)(OC)[C@@H]([BH2-][P+](C)(C)C)c1ccc(-c2ccccc2)cc1,[2H]C(Cl)(Cl)Cl,-25.14
CC1(C)OB(/C=C\C(=C/c2ccccc2Cl)[C@@H](NC(=O)c2ccccc2)c2ccccc2)OC1(C)C,[2H]C(Cl)(Cl)Cl,30.0
COC(=O)CC[C@H](NC(=O)C(F)(F)CC(I)[B-]12OC(=O)C[N+]1(C)CC(=O)O2)C(=O)OC,[2H]C([2H])([2H])S(=O)C([2H])([2H])[2H],10.69
C[N+]1(C)Cc2ccccc2O[B-]1(Cl)Cl,[2H]c1c([2H])c([2H])c([2H])c([2H])c1[2H],7.3
[2H]C([2H])([2H])OB1Oc2ccccc2O1,[2H]OC([2H])([2H])[2H],19.0
Cc1ccc(C2=[N+]3C(=C(c4ccccc4)c4ccc(/C=C/c5ccccc5)n4[B-]3(F)c3ccccc3)C=C2)cc1,[2H]C(Cl)(Cl)Cl,4.8
Fc1cccc2c1OBO2,[2H]c1c([2H])c([2H])c([2H])c([2H])c1[2H],29.2
COc1ccc2ccc(C(=O)OCC(C)(C)CCCOc3cc(C)ccc3C)c(/C(=C(\B3OC(C)(C)C(C)(C)O3)c3ccccc3)c3ccccc3)c2c1,[2H]C(Cl)(Cl)Cl,30.9
COc1ccc2ccc(C(=O)OCc3ccc4c(c3)OCO4)c(/C(=C(\B3OC(C)(C)C(C)(C)O3)c3ccccc3)c3ccccc3)c2c1,[2H]C(Cl)(Cl)Cl,31.22
CO[B-]1(c2ccccc2)NC(N)=Nc2n(C)c3ccccc3[n+]21,[2H]C([2H])([2H])S(=O)C([2H])([2H])[2H],0.8
[BH3-][P+](c1ccccc1)(c1ccccc1)C(C)c1ccccc1,[2H]C(Cl)(Cl)Cl,-42.62
CCCCCC/C(=C/B1OC(C)(C)C(C)(C)O1)[Si](C)(C)OC(C)C,[2H]C(Cl)(Cl)Cl,29.5
C[N+](C)(C)[BH2-]CC(=O)Nc1ccccc1C#Cc1ccccc1,[2H]C(Cl)(Cl)Cl,-3.7
CC(C)(C)C#CB(C#CC(C)(C)C)C#CC(C)(C)C,[2H]C(Cl)(Cl)Cl,38.0
CC(C)CCC[C@@H](C)[C@H]1CCC2C3CC[C@H]4C[C@@](B5Nc6cccc7cccc(c67)N5)(B5OC(C)(C)C(C)(C)O5)CC[C@]4(C)C3CC[C@@]21C,[2H]C(Cl)(Cl)Cl,28.2
CC(CCCc1ccc(F)cc1)(CB1OC(C)(C)C(C)(C)O1)/C(=N/N1CCCCC1)C(F)(F)F,[2H]C(Cl)(Cl)Cl,33.5
COc1ccc2cc([C@H](C)C[C@]3(B4OC(C)(C)C(C)(C)O4)C[C@@H](c4ccc5ccccc5c4-c4nccc5ccccc45)C3)ccc2c1,[2H]C(Cl)(Cl)Cl,38.1
Cc1cc(C)c(N(C(=O)c2ccc(B3OC(C)(C)C(C)(C)O3)s2)c2c(C)cc(C)cc2C)c(C)c1,[2H]C(Cl)(Cl)Cl,29.0
COc1ccc([B-](C)(c2ccccc2)[N+](C)(C)C)cc1,[2H]C(Cl)(Cl)Cl,-0.24
CC(C)CC(CC(C)C)O[Si](ON=C1CCc2cc(B3OC(C)(C)CC(C)(C)O3)ccc21)(OC(CC(C)C)CC(C)C)OC(CC(C)C)CC(C)C,[2H]C(Cl)(Cl)Cl,26.0
[NH3+]C(c1ccc(Cl)cc1)[B-](F)(F)F,[2H]OC([2H])([2H])[2H],2.51
[BH3-][N+](CCCC)(CCCC)Cc1ccccc1,[2H]C(Cl)(Cl)Cl,-13.69
Cc1ccc(B2OC(C)(C)C(C)(C)O2)c(C)c1,[2H]C(Cl)(Cl)Cl,32.0
COc1cc(B2OC(C)(C)CC(C)(C)O2)cc(F)c1C=NO[Si](OC(CC(C)C)CC(C)C)(OC(CC(C)C)CC(C)C)OC(CC(C)C)CC(C)C,[2H]C(Cl)(Cl)Cl,26.0
Cc1ccc(S(=O)(=O)N2B(c3ccoc3)OC(C3CCCCC3)(C3CCCCC3)[C@@H]2C(C)C)cc1,[2H]C(Cl)(Cl)Cl,30.2
CC(C)CC(CC(C)C)O[Si](ON=Cc1ccc(B2OC(C)(C)CC(C)(C)O2)c(F)c1F)(OC(CC(C)C)CC(C)C)OC(CC(C)C)CC(C)C,[2H]C(Cl)(Cl)Cl,25.7
COc1ccc2ccccc2c1B1C(c2ccc3c(c2)OCO3)=Cc2ccccc2N1Cc1ccccc1,[2H]C(Cl)(Cl)Cl,40.53
Brc1ccc(B2O[Si](c3ccccc3)(c3ccccc3)OB(c3ccc(Br)cc3)O[Si](c3ccccc3)(c3ccccc3)O2)cc1,[2H]C(Cl)(Cl)Cl,25.4
CB1c2c(F)c(F)c(F)c(F)c2-c2c(F)c(F)c(F)c(F)c21,[2H]c1c([2H])c([2H])c([2H])c([2H])c1[2H],67.3
Fc1cc(F)cc([B-]23OCC[N+]4=Cc5ccccc5O[B-]4(c4cc(F)cc(F)c4)OCC[N+]2=Cc2ccccc2O3)c1,[2H]C(Cl)(Cl)Cl,2.7
CC[C@@H]1C(=O)C[C@@]1(B1OC(C)(C)C(C)(C)O1)c1ccccc1,[2H]C(Cl)(Cl)Cl,33.1
COc1cc(B2OC(C)(C)CC(C)(C)O2)ccc1C(C)=NO[Si](OC(CC(C)C)CC(C)C)(OC(CC(C)C)CC(C)C)OC(CC(C)C)CC(C)C,[2H]C(Cl)(Cl)Cl,26.0
CC(C)(C)c1ccc([B-]2(c3ccc(C(C)(C)C)cc3)Oc3cccc4ccc[n+]2c34)cc1,[2H]C(Cl)(Cl)Cl,12.0
COC(=O)c1cccc(C2=Cc3ccccc3N(Cc3ccccc3)B2c2c(OC)ccc3ccccc23)c1,[2H]C(Cl)(Cl)Cl,40.5
Cc1ccc(C2=[N+]3C(=C(c4ccccc4)c4ccc(Cl)n4[B-]3(F)CBr)C=C2)cc1,[2H]C(Cl)(Cl)Cl,3.86
CCC1(CC)OB(/C(=C/S(=O)(=O)F)CCc2ccccc2)OC1(CC)CC,[2H]C(Cl)(Cl)Cl,28.27
C[Si](OB(O[Si](C)(c1ccccc1)c1ccccc1)c1ccccc1)(c1ccccc1)c1ccccc1,[2H]C(Cl)(Cl)Cl,26.3
C=CC(O)(B1OC(=O)CN(C)CC(=O)O1)c1ccc(F)cc1,[2H]C([2H])([2H])C#N,9.84
COc1ccc2ccccc2c1B1C(c2ccoc2)=Cc2ccccc2N1Cc1ccccc1,[2H]C(Cl)(Cl)Cl,40.7
COP(=O)(OC)[C@@H]([BH2-][P+](C)(c1ccccc1)c1ccccc1)c1ccc(Br)cc1,[2H]C(Cl)(Cl)Cl,-26.68
Cc1cccc(/C=C(/B2OC(C)(C)C(C)(C)O2)N2CCOC2=O)c1,[2H]C(Cl)(Cl)Cl,29.64
Cc1cc(C(=O)OC2COC2)c(/C(=C(\B2OC(C)(C)C(C)(C)O2)c2ccccc2)c2ccccc2)c2ccccc12,[2H]C(Cl)(Cl)Cl,29.37
CCCCCCB1OC(C)(C)CC(C)(C)O1,[2H]C(Cl)(Cl)Cl,30.0
CCN(CC)Cc1cccc2c1O[B-](CC)(CC)[N+](CC)(CC)C2,[2H]c1c([2H])c([2H])c([2H])c([2H])c1[2H],8.1
CCCC[Si](C)(C)OB(O[Si](C)(C)CCCC)O[Si](C)(C)CCCC,[2H]C(Cl)(Cl)Cl,14.4
COc1ccc([C@]2(B3OC(C)(C)C(C)(C)O3)C[C@@H](c3ccc4ccccc4c3-c3nccc4ccccc34)C2)cc1,[2H]C(Cl)(Cl)Cl,34.7
COc1cccc(/C(=C/C(C)(C)C)B2C(P(c3ccccc3)c3ccccc3)=Cc3ccccc3N2C2CCCC2)c1,[2H]C(Cl)(Cl)Cl,39.93
C[SiH](C)Cc1c(B2OC(C)(C)C(C)(C)O2)cc(B2OC(C)(C)C(C)(C)O2)cc1B1OC(C)(C)C(C)(C)O1,[2H]C(Cl)(Cl)Cl,32.58
CC1(C)OB([C@]2(/C=C/C3CC3)C[C@H](c3ccc4ccccc4c3-c3nccc4ccccc34)C2)OC1(C)C,[2H]C(Cl)(Cl)Cl,33.2
CCC1=C(C)C2=C(C)c3c(C)c(CC)c(C)n3[B-](C#Cc3ccc4ccc5cccc6ccc3c4c56)(C#Cc3ccc4ccc5cccc6ccc3c4c56)[N+]2=C1C,[2H]C(Cl)(Cl)Cl,-9.17
COc1ccc(OCC(O)CB2OC(C)(C)C(C)(C)O2)cc1,[2H]C(Cl)(Cl)Cl,33.3
CC1(C)OB(c2ccccc2F)OC1(C)C,[2H]C(Cl)(Cl)Cl,31.12
CC1(C)OB([Si@](C)(c2ccc(-c3ccc(Br)cc3)cc2)C2CCCCC2)OC1(C)C,[2H]C(Cl)(Cl)Cl,34.3
CC1(C)OB(c2ccc(N3CCOCC3)cc2)OC1(C)C,[2H]C(Cl)(Cl)Cl,30.84
[BH3-][P@@+]1(c2c(C)cc(C)cc2C)[C@@H]2C(C)=C[C@H]1[C@@H]1[C@H]2C(C)=CP1(=O)c1c(C)cc(C)cc1C,[2H]C(Cl)(Cl)Cl,-34.7
CN1CC(=O)OB(C(CBr)C(=O)c2ccc(C(C)(C)C)cc2)OC(=O)C1,[2H]C([2H])([2H])C#N,10.46
CCCC[C@H](B1OC(C)(C)C(C)(C)O1)N1CCOC1=O,[2H]C(Cl)(Cl)Cl,32.43
CCOC(=O)/C=C/c1cc(B2OC(C)(C)C(C)(C)O2)ccc1OC,[2H]C(Cl)(Cl)Cl,31.0
Cc1cc2c(c(C(C)(C)C)c1)OBOc1c(cc(C)cc1C(C)(C)C)C2,[2H]C(Cl)(Cl)Cl,21.9
OB1Oc2ccccc2C1[NH+]1CCOCC1.[Cl-],[2H]O[2H],14.3
Cn1c(=O)c([BH2-][N+]23CCC(CC2)CC3)nc2ccccc21,[2H]C(Cl)(Cl)Cl,-7.4
CC(C)(C)OC(=O)N1CCC2(CC1)[C@H](B1OC(C)(C)C(C)(C)O1)[C@@H]2c1ccccc1,[2H]C(Cl)(Cl)Cl,32.9
C#CB1Oc2ccc(C(C)(C)C)cc2O1,[2H]C(Cl)(Cl)Cl,24.3
CCc1ccnc(C(=O)[O-])c1B1OC(C)(C)C(C)(C)O1,[2H]C(Cl)(Cl)Cl,30.5
Cc1ccc(C(CB2OC(C)(C)C(C)(C)O2)c2c(F)c(F)c(C#N)c(F)c2F)cc1,[2H]C(Cl)(Cl)Cl,32.9
C[P+]([BH2-]C#N)(c1ccccc1)c1ccccc1,[2H]C([2H])([2H])S(=O)C([2H])([2H])[2H],-37.5
CC1(C)OB(CC(B2OC(C)(C)C(C)(C)O2)c2ccccc2Cl)OC1(C)C,[2H]C(Cl)(Cl)Cl,33.7
[BH3-][P+](c1ccccc1)(c1ccccc1)C(CC)C(=O)NOC,[2H]C(Cl)(Cl)Cl,-39.7
[NH2+]=C(c1ccc2c(c1)OCO2)[B-](F)(F)F,[2H]C([2H])([2H])C(=O)C([2H])([2H])[2H],0.06
CC1(C)OB(CC(c2ccc(Cn3ccc4ccccc43)cc2)c2c(F)c(F)c(C#N)c(F)c2F)OC1(C)C,[2H]C(Cl)(Cl)Cl,33.6
Cc1ccc(S(=O)(=O)N2B(c3ccc4ccccc4c3)OC(c3ccccc3)(c3ccccc3)[C@@H]2C(C)C)cc1,[2H]C(Cl)(Cl)Cl,33.1
CC([BH2-][N+](C)(C)C)c1ccc2c(c1)OCO2,[2H]C(Cl)(Cl)Cl,0.45
COc1ccc2ccc(C(=O)OC3COC3)c(/C(=C(/CCCCOC(=O)c3sc(-c4ccc(OCC(C)C)c(C#N)c4)nc3C)B3OC(C)(C)C(C)(C)O3)c3ccccc3)c2c1,[2H]C(Cl)(Cl)Cl,32.27
CC1(C)OB(CCCCB2OC(C)(C)C(C)(C)O2)OC1(C)C,[2H]C(Cl)(Cl)Cl,34.58
FC(F)(F)c1ccc(B2Nc3cccc4cccc(c34)N2)cc1,[2H]C(Cl)(Cl)Cl,29.9
CCCCCCN(CCCCCC)C(=O)c1cc(B2OC(C)(C)C(C)(C)O2)cc(B2OC(C)(C)C(C)(C)O2)c1,[2H]C(Cl)(Cl)Cl,32.9
CCOP(=O)(OCC)C(F)(F)CC(Br)[B-]12OC(=O)C[N+]1(C)CC(=O)O2,[2H]C([2H])([2H])S(=O)C([2H])([2H])[2H],10.3
CC1(C)OB(c2sc3ccccc3c2Br)OC1(C)C,[2H]C(Cl)(Cl)Cl,28.9
CCCCC(CB1Oc2ccccc2O1)B1Oc2ccccc2O1,[2H]C(Cl)(Cl)Cl,35.0
[BH3-][n+]1ccn([Si](C)(C)n2cc[n+]([BH3-])c2)c1,[2H]C1([2H])OC([2H])([2H])C([2H])([2H])C1([2H])[2H],-21.5
CCC1=C(C)[Si](C)(C)n2ccc[n+]2[B-]1(CC)CC,[2H]c1c([2H])c([2H])c([2H])c([2H])c1[2H],-0.7
CCCCB1OC(C2CCCCC2)(C2CCCCC2)[C@H](C(C)C)N1S(=O)(=O)c1ccc(C)cc1,[2H]C(Cl)(Cl)Cl,36.3
COc1ccc([I+]C(C(C)=O)=P(c2ccccc2)(c2ccccc2)c2ccccc2)cc1.F[B-](F)(F)F,[2H]C([2H])([2H])S(=O)C([2H])([2H])[2H],-1.22
[BH3-][P+](c1ccccc1)(c1ccccc1)C(Cc1ccccc1)C(=O)OC,[2H]C(Cl)(Cl)Cl,-39.06
CC(C)N(C(=O)O[C@@H](Cc1ccco1)B1OC(C)(C)C(C)(C)O1)C(C)C,[2H]C(Cl)(Cl)Cl,12.57
CN1C(Cl)=C(Cl)N(C)C1=C1CCC2BC1CCC2,[2H]C([2H])(Cl)Cl,-16.28
CC(=O)Oc1ccc(C(c2ccc(OC(C)=O)cc2)c2cccc([BH2-][N+](C)(C)C)n2)cc1,[2H]C(Cl)(Cl)Cl,-3.8
CC1(C)OB(C[Si](C)(C)c2ccccc2)OC1(C)C,[2H]C(Cl)(Cl)Cl,33.62
CO[P+]([BH2-][P+](OC)(OC)OC)(OC)OC.F[B-](F)(F)F,[2H]C([2H])([2H])S(=O)C([2H])([2H])[2H],-1.22
CCC1=C(C)C2=C(c3cc(-c4ccccn4)nc(-c4ccccn4)c3)c3c(C)c(CC)c(C)n3[B-](C#Cc3ccc4ccc5cccc6ccc3c4c56)(C#Cc3ccc4ccc5cccc6ccc3c4c56)[N+]2=C1C,[2H]C(Cl)(Cl)Cl,-8.92
CN(C)B(c1ccc(B(N(C)C)N(C)C)n1C)N(C)C,[2H]c1c([2H])c([2H])c([2H])c([2H])c1[2H],30.1
CC1(C)OB(C2CN(S(=O)(=O)c3ccccc3)c3ccc(F)cc32)OC1(C)C,[2H]c1c([2H])c([2H])c([2H])c([2H])c1[2H],32.05
CC([NH2+][BH2-]C#N)C(N)=O,[2H]C([2H])([2H])S(=O)C([2H])([2H])[2H],-24.82
COC(=O)[C@H](Cc1ccc(C2=Cc3ccccc3N(Cc3ccccc3)B2c2c(OC)ccc3ccccc23)cc1)NC(=O)OC(C)(C)C,[2H]C(Cl)(Cl)Cl,41.8
CC(C)(C)OC(=O)C[C@H](C/C=C/B1OC(C)(C)C(C)(C)O1)O[Si](C)(C)C(C)(C)C,[2H]C(Cl)(Cl)Cl,29.9
C(=C/c1ccccc1)\B1Nc2cccc3cccc(c23)N1,[2H]C(Cl)(Cl)Cl,27.8
CC1(C)OB([C@@H]2[C@H](B3OC(C)(C)C(C)(C)O3)[C@@]2(C)c2ccccc2)OC1(C)C,[2H]C(Cl)(Cl)Cl,33.0
Cc1ccc(C2=[N+]3C(=C(c4cccc(C(F)(F)F)c4)c4ccc(Cl)n4[B-]3(F)c3ccccc3)C=C2)cc1,[2H]C(Cl)(Cl)Cl,4.06
CCOC(=O)C(F)(F)CC(Sc1nc2ccccc2s1)[B-]12OC(=O)C[N+]1(C)CC(=O)O2,[2H]C([2H])([2H])S(=O)C([2H])([2H])[2H],11.18
CC1(B2OC(C)(C)C(C)(C)O2)C(B2OC(C)(C)C(C)(C)O2)C1c1ccc2c(c1)OCO2,[2H]C(Cl)(Cl)Cl,32.4
CC1(C)OB(OCc2ccc(F)cc2)OC1(C)C,[2H]C(Cl)(Cl)Cl,22.37
CC1(C)OB([C@@H]2[C@H](c3ccc4c(c3)CCCO4)[C@@]2(C)c2ccccc2)OC1(C)C,[2H]C(Cl)(Cl)Cl,33.7
F[B-](F)(F)F.F[B-](F)(F)F.c1ccc2c(c1)-c1ccccc1[S+2]21c2ccccc2-c2ccccc21,[2H]C([2H])([2H])C#N,-2.3
COc1ccc2c(/C(=C(\B3OC(C)(C)C(C)(C)O3)c3ccccc3)c3ccccc3)c(C(=O)OC3COC3)ccc2c1,[2H]C(Cl)(Cl)Cl,30.7
COc1cc([BH2-][N+](C)(C)C)nc2ccccc12,[2H]C(Cl)(Cl)Cl,-3.2
Cc1ccc(Nc2ccc3n2[B-](C)(c2ccccc2)[N+]2=C(Cl)C=CC2=C3c2ccccc2)cc1,[2H]C(Cl)(Cl)Cl,0.17
C=C(C)CC[B-](F)(F)F.CCCC[N+](CCCC)(CCCC)CCCC,[2H]C([2H])([2H])C(=O)C([2H])([2H])[2H],5.38
C(#CB1Sc2ccccc2S1)B1Sc2ccccc2S1,[2H]C(Cl)(Cl)Cl,47.0
C[N+]1(C)Cc2ccccc2[B-]1(Cl)c1ccccc1,[2H]C(Cl)(Cl)Cl,10.8
CC1=CC(=O)C(B2OC(=O)CN(C)CC(=O)O2)=C(C)C1=O,[2H]C([2H])([2H])C#N,11.9
CCOC(=O)/C=C/c1c(C)cc(B2OC(C)(C)C(C)(C)O2)cc1C,[2H]C(Cl)(Cl)Cl,31.1
N#COB1N(c2ccccc2)C=NN1c1ccccc1,[2H]C([2H])(Cl)Cl,17.1
c1csc(CNB2OCCO2)c1,[2H]C(Cl)(Cl)Cl,25.8
CCCCc1csc(C#C[B-]2(C#Cc3scc(CCCC)c3CCCC)n3c(C)c(CC)c(C)c3C(C)=C3C(C)=C(CC)C(C)=[N+]32)c1CCCC,[2H]C(Cl)(Cl)Cl,-9.6
C[N+](C)(C)[BH2-]c1nc(Cl)c2sccc2n1,[2H]C([2H])([2H])S(=O)C([2H])([2H])[2H],-7.0
CC(C)(C)N1CCN(C(C)(C)C)B1c1ccc(B2N(C(C)(C)C)CCN2C(C)(C)C)cc1,[2H]c1c([2H])c([2H])c([2H])c([2H])c1[2H],31.8
CC(C)(C)B(C1B(N2CCCC2)C([Si](C)(C)C)([Si](C)(C)C)B1N1CCCC1)N1CCCC1,[2H]C(Cl)(Cl)Cl,44.0
[BH3-]P(=O)([O-])COC(C)Cn1cnc2c(N)ncnc21,[2H]C([2H])([2H])S(=O)C([2H])([2H])[2H],-34.1
[BH2-]1c2sc3ccccc3c2-c2cccc[n+]21,[2H]C(Cl)(Cl)Cl,-10.21
CC(C)N(B(Cl)CCC[Si](C)(C)Cl)C(C)C,[2H]c1c([2H])c([2H])c([2H])c([2H])c1[2H],38.6
CC1(C)OB(c2ccc3c(c2)CCCO3)OC1(C)C,[2H]C(Cl)(Cl)Cl,33.26
CN(C)B(B(N(C)C)n1c2ccccc2c2ccccc21)n1c2ccccc2c2ccccc21,[2H]c1c([2H])c([2H])c([2H])c([2H])c1[2H],37.9
CCC1=C(C)[Si](C)(C)[O+](CC)[B-]1(CC)CC,[2H]c1c([2H])c([2H])c([2H])c([2H])c1[2H],23.0
CC1(C)OB(c2cccc(F)c2)OC1(C)C,[2H]C(Cl)(Cl)Cl,30.56
Cc1ccc2c(c1)[N@H+]1Cc3cc(C(C)(C)C)cc(C(C)(C)C)c3O[B@@-]1(c1cccc(N)c1)O2,[2H]C([2H])([2H])S(=O)C([2H])([2H])[2H],8.7
Cc1ccc2c(c1)N(Cc1ccccc1)B(c1ccccc1Br)C=C2,[2H]C(Cl)(Cl)Cl,36.7
CB1C(C(C)(C)C)=PC1([Si](C)(C)C)[Si](C)(C)C,[2H]C(Cl)(Cl)Cl,41.0
CCC1=C(C)C2=C(C)c3c(C)c(CC)c(C)n3[B-](F)(c3ccc4ccccc4c3)[N+]2=C1C,[2H]C(Cl)(Cl)Cl,5.8
CC[B-]1(CC)/C(=C/C(C)(C)C)[Si](C)(C)[n+]2ccsc21,[2H]C(Cl)(Cl)Cl,-7.6
CC(C)(C)c1cc2c(c(C(C)(C)C)c1)O[B-]1(OP(=O)(c3ccccc3)c3ccccc3)Oc3ccccc3[N+]1=C2,[2H]C(Cl)(Cl)Cl,3.57
CCCCCCCC(=O)N[C@@H](CCCCOCc1ccccc1)B1OC(C)(C)C(C)(C)O1,[2H]C(Cl)(Cl)Cl,16.6
C=CC1CC(B2OC(C)(C)C(C)(C)O2)=CC1(C(=O)OC)C(O)c1ccc(OC)cc1,[2H]C(Cl)(Cl)Cl,29.1
CN(C)[Si](C)(C)CB1OC(C)(C)C(C)(C)O1,[2H]C(Cl)(Cl)Cl,33.7
C[N+](C)(C)[B-](/C(F)=C(\F)C(F)(F)F)(C(F)(F)F)C(F)(F)F,[2H]C([2H])([2H])C#N,-9.2
CC1(C)OB(C(Cc2ccccc2)B2OC(C)(C)C(C)(C)O2)OC1(C)C,[2H]C(Cl)(Cl)Cl,33.4
C[Si](C)(C)C(=C1C[C@@H]2C[C@@H]3CB1C[C@@H](C3)C2)[Si](C)(C)C,[2H]c1c([2H])c([2H])c([2H])c([2H])c1[2H],77.3
COc1ccc(-c2cc([BH2-][N+](C)(C)C)nc3ccccc23)cc1,[2H]C(Cl)(Cl)Cl,-3.2
CC(C)(C)PB(Cl)C([Si](C)(C)C)([Si](C)(C)C)[Si](C)(C)C,[2H]c1c([2H])c([2H])c([2H])c([2H])c1[2H],76.6
C=CCc1ccccc1B1OC(C)(C)C(C)(C)O1,[2H]C(Cl)(Cl)Cl,31.35
C[N+]12CC(=O)O[B-]1(C(Br)CC(F)(F)C(F)(F)C(F)(F)C(F)(F)C(F)(F)C(F)(F)F)OC(=O)C2,[2H]C([2H])([2H])S(=O)C([2H])([2H])[2H],10.53
[BH3-][P+](C1=CCCCC1)(C1CCCCC1)C1CCCCC1,[2H]C(Cl)(Cl)Cl,-40.7
CC1(C)OB([C@H]2[C@H]3C[C@@H]4[C@H]([C@@H]3c3ccc(N)cc3)[C@@H]42)OC1(C)C,[2H]C(Cl)(Cl)Cl,33.4
COc1ccc(OCCCC#C[B-](c2ccccc2)(c2ccccc2)c2ccccc2)cc1.C[N+](C)(C)C,[2H]C([2H])([2H])S(=O)C([2H])([2H])[2H],-12.5
CC(C)CB1OC(=C(c2ccccc2)c2ccccc2)C(/C=N\C(C)(C)C)N1C(C)(C)C,[2H]C([2H])(Cl)Cl,34.9
CCB(CC)/C(CC)=C(/CN(C)C)[SiH](C)Cl,[2H]c1c([2H])c([2H])c([2H])c([2H])c1[2H],74.5
C[C@@H]1C[Si@@](B2OC(C)(C)C(C)(C)O2)(C2CCCC2)c2ccccc21,[2H]C(Cl)(Cl)Cl,34.1
Cc1ccccc1C=C=CC(B1OC(C)(C)C(C)(C)O1)B1OC(C)(C)C(C)(C)O1,[2H]C(Cl)(Cl)Cl,33.0
[Cl-].[NH3+]C(B(O)O)c1ccc(-c2ccccc2)cc1,[2H]OC([2H])([2H])[2H],29.28
CC(C)(C)OC(=O)N1CC2(B3OC(C)(C)C(C)(C)O3)CC1(C(F)(F)F)C2,[2H]C(Cl)(Cl)Cl,31.4
CC1(C)OB(C2=CC3(C(O)c4ccc(Cl)cc4)C(=O)OC(CI)C3C2)OC1(C)C,[2H]C(Cl)(Cl)Cl,28.6
CC1(C)OB(c2ccc(N)c(C#N)c2)OC1(C)C,[2H]C(Cl)(Cl)Cl,30.82
CC1(C)OB(C23CC(N4C(=O)C5C6CCC(C6)C5C4=O)(C2)C3)OC1(C)C,[2H]C(Cl)(Cl)Cl,30.7
[BH3-][P+]1(c2ccccc2)C[C@@H](C)[C@@H](C)C1,[2H]C(Cl)(Cl)Cl,-33.8
OB(c1cc(F)c(F)c(F)c1)c1cc(F)c(F)c(F)c1,[2H]C(Cl)(Cl)Cl,44.0
CN1CC(=O)OB(C(CBr)C(=O)CCCCCl)OC(=O)C1,[2H]C([2H])([2H])C#N,10.25
CC1(C)OB(N(C(=O)P(c2ccccc2)c2ccccc2)c2ccccc2)OC1(C)C,[2H]C(Cl)(Cl)Cl,25.2
[BH3-][P@+]1(c2ccccc2)[C@H]2CC3CN(c4ccccc4)C[C@@]31C=C2C,[2H]C(Cl)(Cl)Cl,-35.2
C=CC1CC(B2OC(C)(C)C(C)(C)O2)=CC12C(=O)OC2c1ccc(Cl)cc1,[2H]C(Cl)(Cl)Cl,28.8
CC(=O)c1ccc([B@-]23Oc4ccccc4[N@H+]2Cc2cc(C(C)(C)C)cc(C(C)(C)C)c2O3)cc1,[2H]C(Cl)(Cl)Cl,7.4
COc1cccc(C2=C3C=CC(Cl)=[N+]3[B-](F)(c3ccccc3)n3c(Cl)ccc32)c1,[2H]C(Cl)(Cl)Cl,4.2
CN(Cc1ccc(Br)cc1)B1OC(C)(C)C(C)(C)O1,[2H]c1c([2H])c([2H])c([2H])c([2H])c1[2H],24.6
COc1ccc(CN(B2OC(C)(C)C(C)(C)O2)B2OC(C)(C)C(C)(C)O2)cc1,[2H]c1c([2H])c([2H])c([2H])c([2H])c1[2H],26.1
COc1ccc2ccccc2c1BN(C(C)C)C(C)C,[2H]C(Cl)(Cl)Cl,38.2
CC(C)c1ccc2ccccc2c1BN(C1CCCCC1)C1CCCCC1,[2H]C(Cl)(Cl)Cl,40.9
CC1(C)OB([C@]2(c3cccs3)C[C@@H](c3ccc4ccccc4c3-c3nccc4ccccc34)C2)OC1(C)C,[2H]C(Cl)(Cl)Cl,33.5
C(#Cc1ccccc1)B1Oc2ccccc2O1,[2H]C(Cl)(Cl)Cl,25.0
Cc1ccc(C(=O)N(C)C)c(B2OC(C)(C)C(C)(C)O2)c1,[2H]C(Cl)(Cl)Cl,28.5
CB(C)C1C=Cc2ccccc21,[2H]C(Cl)(Cl)Cl,90.0
c1ccc2c(c1)OB(C(B1Oc3ccccc3O1)(B1Oc3ccccc3O1)C(B1Oc3ccccc3O1)(B1Oc3ccccc3O1)B1Oc3ccccc3O1)O2,[2H]OC([2H])([2H])[2H],34.0
CC1(C)OB(/C(Br)=C\c2ccccc2)OC1(C)C,[2H]C(Cl)(Cl)Cl,28.7
COC(=O)[BH-](C#N)[n+]1cccc(N)c1,[2H]C(Cl)(Cl)Cl,-13.0
FC(F)(F)c1ccc([P+]2(c3ccc(C(F)(F)F)cc3)[BH2-][P+](c3ccc(C(F)(F)F)cc3)(c3ccc(C(F)(F)F)cc3)[BH2-][P+](c3ccc(C(F)(F)F)cc3)(c3ccc(C(F)(F)F)cc3)[BH2-]2)cc1,[2H]C(Cl)(Cl)Cl,-33.7
CCCC/C(B1OC(C)(C)C(C)(C)O1)=C(\c1ccc2c(c1)-c1ccccc1C2)c1c(C(=O)OC2COC2)ccc2ccc(OC)cc12,[2H]C(Cl)(Cl)Cl,32.04
COc1ccc([C@H](NC(=O)c2ccccc2)C(/C=C\B2OC(C)(C)C(C)(C)O2)=C/c2ccccc2)cc1,[2H]C(Cl)(Cl)Cl,30.2
Cc1ccc(S(=O)(=O)N2CC(B3OC(C)(C)C(C)(C)O3)c3ccc(Br)cc32)cc1,[2H]C(Cl)(Cl)Cl,32.37
CSc1ccc(C2C(B3OC(C)(C)C(C)(C)O3)C2(C)B2OC(C)(C)C(C)(C)O2)cc1,[2H]C(Cl)(Cl)Cl,31.26
CC1(C)OB(c2cc3ccccc3o2)OC1(C)C,[2H]C(Cl)(Cl)Cl,27.51
Cc1ccc(S(=O)(=O)N2CC(B3OC(C)(C)C(C)(C)O3)c3ccc(-c4ccccc4)cc32)cc1,[2H]C(Cl)(Cl)Cl,32.64
C/C=C(\CC(=O)OC(C)C)B1OC(C)(C)C(C)(C)O1,[2H]C(Cl)(Cl)Cl,30.01
Cc1cc(C)c(B(I)B(I)c2c(C)cc(C)cc2C)c(C)c1,[2H]c1c([2H])c([2H])c([2H])c([2H])c1[2H],89.0
CC1(C)OB(OCc2cccc(COB3OC(C)(C)C(C)(C)O3)c2)OC1(C)C,[2H]C(Cl)(Cl)Cl,22.14
BN(C(C)C)C(C)C,[2H]C(Cl)(Cl)Cl,35.0
C=CC1CC(B2OC(C)(C)C(C)(C)O2)=CC1(C(=O)OC)C(O)c1ccc(C#N)cc1,[2H]C(Cl)(Cl)Cl,29.4
OB1Oc2ccccc2C2=C1CCC2,[2H]OC([2H])([2H])[2H],26.2
COP(=O)(OC)[C@@H]([BH2-][P+](C)(c1ccccc1)c1ccccc1)c1cccc(I)c1,[2H]C(Cl)(Cl)Cl,-25.96
C[SiH](C)Cc1ccc(B2OC(C)(C)C(C)(C)O2)cc1,[2H]C(Cl)(Cl)Cl,30.68
CC(C)(C)B(Cl)N(c1c(F)c(F)c(F)c(F)c1F)[Si](C)(C)C,[2H]C(Cl)(Cl)Cl,45.7
C[N+](C)(C)[BH2-]c1cc(Cl)c2ccc(Cl)cc2n1,[2H]C(Cl)(Cl)Cl,-4.1
CC#CC(O)(B1OC(=O)CN(C)CC(=O)O1)C1CCCCC1,[2H]C([2H])([2H])C(=O)C([2H])([2H])[2H],10.08
CC1(C)CCCC(C)(C)[NH+]1c1ccccc1[B-](O)(F)F,[2H]C(Cl)(Cl)Cl,3.5
c1ccc(-c2c(B3Oc4ccccc4O3)c(-c3ccccc3)c(B3Oc4ccccc4O3)c(-c3ccccc3)c2B2Oc3ccccc3O2)cc1,[2H]C(Cl)(Cl)Cl,24.0
CC1(C)OB(N2C=CC=CC2)OC1(C)C,[2H]c1c([2H])c([2H])c([2H])c([2H])c1[2H],23.6
COc1ccc(C2C(B3OC(C)(C)C(C)(C)O3)C2B2OC(C)(C)C(C)(C)O2)cc1,[2H]C(Cl)(Cl)Cl,30.3
C=CCB(CC=C)/C(CC=C)=C(\[SiH](C)C)[Si](C)(C)C,[2H]c1c([2H])c([2H])c([2H])c([2H])c1[2H],51.6
CC1(C)OB(N2CC=Cc3cc(Cl)ccc32)OC1(C)C,[2H]c1c([2H])c([2H])c([2H])c([2H])c1[2H],23.8
CC(c1c(B2OC(C)(C)C(C)(C)O2)cc([Si](C)(C)C)cc1B1OC(C)(C)C(C)(C)O1)[SiH](C)C,[2H]C(Cl)(Cl)Cl,32.37
CC1(C)[C@@H]2C[C@H]3OB(C4(Cl)C5CCCCC54)O[C@@]3(C)[C@H]1C2,[2H]C(Cl)(Cl)Cl,32.5
CCCCCCCCCCC(C)(CB1OC(C)(C)C(C)(C)O1)/C(=N/N1CCCCC1)C(F)(F)F,[2H]C(Cl)(Cl)Cl,34.2
Cc1ccc(C2=[N+]3C(=C(c4ccccc4)c4ccc(-n5cccn5)n4[B-]3(F)c3ccccc3)C=C2)cc1,[2H]C(Cl)(Cl)Cl,4.76
C=CCCc1cc[n+]2c(c1)-c1cc(CCC=C)cc[n+]1[B-]2(C)c1ccc([B-]2(C)[n+]3ccc(CCC=C)cc3-c3cc(CCC=C)cc[n+]32)cc1.[Br-].[Br-],[2H]C(Cl)(Cl)Cl,7.7
C=CCB(CC=C)C(CC=C)=C([SiH](C)C)[SiH](C)C,[2H]C(Cl)(Cl)Cl,64.3
C[Si](C)(C)C1B(C#CCCCCl)C2CCCC1CCC2,[2H]c1c([2H])c([2H])c([2H])c([2H])c1[2H],68.0
Fc1cccc(F)c1B(Cl)Cl,[2H]c1c([2H])c([2H])c([2H])c([2H])c1[2H],54.0
CC[B-]1(CC)c2n(C)cc[n+]2[B-](CC)(CC)c2n1cc[n+]2C,[2H]c1c([2H])c([2H])c([2H])c([2H])c1[2H],-6.3
CC1(C)OB(CCCCCCCl)OC1(C)C,[2H]C(Cl)(Cl)Cl,34.08
Br[BH-]1[P+](c2ccccc2)(c2ccccc2)C=C[P+]1(c1ccccc1)c1ccccc1.[Br-],[2H]C(Cl)(Cl)Cl,-22.6
CCc1ccccc1CCC(B1OC(C)(C)C(C)(C)O1)B1OC(C)(C)C(C)(C)O1,[2H]C(Cl)(Cl)Cl,33.8
C=CC1CC(B2OC(C)(C)C(C)(C)O2)=CC1(C(=O)OC)C(O)C1CCCC1,[2H]C(Cl)(Cl)Cl,29.5
COc1cccc(/C(=C/C(C)(C)C)B2C(Br)=Cc3cc(F)ccc3N2C2CCCC2)c1,[2H]C(Cl)(Cl)Cl,38.35
CO[B-]1(c2ccccc2)n2c(Cl)ccc2C(c2ccccc2)=C2C=CC(c3ccc(C)cc3)=[N+]21,[2H]C(Cl)(Cl)Cl,4.62
CC1Nc2cc(/C=C/B3OC(C)(C)C(C)(C)O3)cnc2S1,[2H]C([2H])([2H])S(=O)C([2H])([2H])[2H],29.5
CC(C)N(B/C=C/c1ccccc1)C(C)C,[2H]C(Cl)(Cl)Cl,36.7
CCOB(CC)CCCc1ccc[nH]1,[2H]c1c([2H])c([2H])c([2H])c([2H])c1[2H],54.8
C=C(B1OC(C)(C)C(C)(C)O1)[C@](C)(B1OC(C)(C)C(C)(C)O1)c1cc(OC)c(OC)c(OC)c1,[2H]C(Cl)(Cl)Cl,30.9
CC([BH2-][N+]1(C)CCCC1)c1ccc2ccccc2c1,[2H]C(Cl)(Cl)Cl,0.31
CC(CCCCCc1ccccc1)(CB1OC(C)(C)C(C)(C)O1)/C(=N/N1CCCCC1)C(F)(F)F,[2H]C(Cl)(Cl)Cl,34.0
C[C@H](CCC[C@H](CCCCCOc1ccccc1)B1OC(C)(C)C(C)(C)O1)[C@H]1CC[C@H]2[C@@H]3CC[C@@H]4C[C@H](O[Si](C)(C)C(C)(C)C)CC[C@]4(C)[C@H]3CC[C@]12C,[2H]C(Cl)(Cl)Cl,37.9
CC1=CB(O)Oc2cccc(C)c21,[2H]OC([2H])([2H])[2H],26.63
CC(C)N(B(Nc1ccccc1)C1C=Cc2ccccc21)C(C)C,[2H]C([2H])(Cl)Cl,30.9
[BH3-][S+](C)CCC(F)(F)C(F)(F)C(F)(F)C(F)(F)C(F)(F)C(F)(F)C(F)(F)C(F)(F)F,[2H]C(Cl)(Cl)Cl,-22.0
CN(C)C(=O)c1ccc(OCc2ccccc2)cc1B1OC(C)(C)C(C)(C)O1,[2H]C(Cl)(Cl)Cl,22.5
CC#CC(O)(CCCCC)B1OC(=O)CN(C)CC(=O)O1,[2H]C([2H])([2H])C#N,10.0
OB1Oc2ccccc2C=C1c1ccccc1,[2H]OC([2H])([2H])[2H],26.74
CB1C(c2ccccc2)=C(c2ccccc2)C1([Si](C)(C)C)[Si](C)(C)C,[2H]C(Cl)(Cl)Cl,54.2
C1CCCB2N(CCC1)B1CCCCCCCN1B1CCCCCCCN21,[2H]C(Cl)(Cl)Cl,37.5
CC[P+](C)([B@@H-](C#N)C1CC2CC(C1C)C2(C)C)c1ccccc1,[2H]C(Cl)(Cl)Cl,-24.7
CC1(C)OB(C2C(B3OC(C)(C)C(C)(C)O3)C2c2ccc(COc3ccccc3)cc2)OC1(C)C,[2H]C(Cl)(Cl)Cl,30.5
CC(C)=CCB(F)F,[2H]C(Cl)(Cl)Cl,27.8
CCCC/C(B1OC(C)(C)C(C)(C)O1)=C(/C#C[Si](C)(C)C)c1ccccc1,[2H]C(Cl)(Cl)Cl,31.0
CC(C)[C@@H]1N(C(=O)N2CCOCC2)B(c2ccc3ccccc3c2)OC1(C1CCCCC1)C1CCCCC1,[2H]C(Cl)(Cl)Cl,31.4
CCCCO[P+]([BH2-][P+](OC)(OC)OC)(OCCCC)OCCCC.F[B-](F)(F)F,[2H]C([2H])([2H])S(=O)C([2H])([2H])[2H],-1.42
CNB(B(NC)c1c(C)cc(C)cc1C)c1c(C)cc(C)cc1C,[2H]C(Cl)(Cl)Cl,48.3
CC(C)(C)NB(Cl)Oc1c(C(C)(C)C)cccc1C(C)(C)C,[2H]c1c([2H])c([2H])c([2H])c([2H])c1[2H],25.1
O=C(CCCc1ccccc1)O[B-]([NH2+]Cc1ccccc1)(c1cc(F)c(F)c(F)c1)c1cc(F)c(F)c(F)c1,[2H]C(Cl)(Cl)Cl,1.0
[BH2-]1c2c(ccc3ccccc23)-c2cccc[n+]21,[2H]C(Cl)(Cl)Cl,-9.1
O[B-]([NH2+]Cc1ccccc1)(c1cc(F)c(F)c(F)c1)c1cc(F)c(F)c(F)c1,[2H]C(Cl)(Cl)Cl,3.0
Cc1n(C)cc[n+]1C.[BH2-](n1cncn1)n1cncn1,[2H]C([2H])([2H])S(=O)C([2H])([2H])[2H],-6.29
Cc1ccc(Nc2ccc3n2[B-](F)(c2ccccc2)[N+]2=C(Cl)C=CC2=C3c2c(C)cc(C)cc2C)cc1,[2H]C(Cl)(Cl)Cl,4.03
CC1(B2OC(C)(C)C(C)(C)O2)C(c2ccccc2)C1c1ccccc1,[2H]C(Cl)(Cl)Cl,33.3
Cc1cc(C)c(B(c2c(C)cc(C)cc2C)c2cccc3cccc(CN(C)C)c23)c(C)c1,[2H]C(Cl)(Cl)Cl,68.7
COC(=O)/C=C(\C)c1cccc(B2OC(C)(C)C(C)(C)O2)c1,[2H]C(Cl)(Cl)Cl,30.9
[Cl-].[NH3+]C(CCCCO)B(O)O,[2H]OC([2H])([2H])[2H],29.35
CC/C=C/CCOc1cccc(C[C@H](OC(=O)N(C(C)C)C(C)C)B2OC(C)(C)C(C)(C)O2)c1,[2H]C(Cl)(Cl)Cl,12.92
Cc1cccc(C2=[N+]3C(=C(c4ccccc4)c4ccc(Cl)n4[B-]3(F)c3ccccc3)C=C2)c1,[2H]C(Cl)(Cl)Cl,4.3
CCCC/C(=C(\CC)B(CC)CC)[SiH](C)Cl,[2H]c1c([2H])c([2H])c([2H])c([2H])c1[2H],82.5
CCC([BH2-][N+](C)(C)C)c1ccccc1,[2H]C(Cl)(Cl)Cl,0.46
CC(C)(C)B(C1c2ccccc2-c2ccccc21)C(C)(C)C,[2H]c1c([2H])c([2H])c([2H])c([2H])c1[2H],86.3
CC(=O)N1CC=C(C(F)(F)F)C(B2OC(C)(C)C(C)(C)O2)C1,[2H]C(Cl)(Cl)Cl,31.9
OB1Oc2ccccc2C2=C1COCC2,[2H]OC([2H])([2H])[2H],26.67
C[B-]1=[O+]C2(c3ccccc3-c3ccccc32)C1([Si](C)(C)C)[Si](C)(C)C,[2H]C(Cl)(Cl)Cl,58.6
Cc1ccc(S(=O)(=O)N2B(c3ccc(C#N)cc3)OC(C3CCCCC3)(C3CCCCC3)[C@@H]2C(C)C)cc1,[2H]C(Cl)(Cl)Cl,32.1
Cc1cc(B2OC(C)(C)C(C)(C)O2)c(C)n1C,[2H]C(Cl)(Cl)Cl,30.19
Cc1ccc(C2C(B3OC(C)(C)C(C)(C)O3)C2B2OC(C)(C)C(C)(C)O2)cc1,[2H]C(Cl)(Cl)Cl,32.3
Cc1ccc(C(O)CC/C(=C/B2OC(C)(C)C(C)(C)O2)CCCCl)cc1,[2H]C(Cl)(Cl)Cl,29.95
C[N+](C)(C)[BH2-]CC(=O)N1CCN(C2=Nc3ccccc3Cc3ccc(Cl)cc32)CC1,[2H]C(Cl)(Cl)Cl,-4.49
C=C(Cc1ccccc1)CC(C)(C(=O)OC)C(B1OC(C)(C)C(C)(C)O1)c1ccccc1,[2H]C(Cl)(Cl)Cl,33.0
COC(=O)[C@@]1(c2cccc(Br)c2)C[C@]1(B1OC(C)(C)C(C)(C)O1)c1ccccc1,[2H]C(Cl)(Cl)Cl,30.36
CC1(C)OB([C@]2(c3ccccc3)C[C@H](c3ccc4ccccc4c3-c3nccc4ccccc34)C2)OC1(C)C,[2H]C(Cl)(Cl)Cl,33.9
COc1ccc2ccccc2c1B1C(c2ccc(N(c3ccccc3)c3ccccc3)cc2)=Cc2ccccc2N1Cc1ccccc1,[2H]C(Cl)(Cl)Cl,41.4
OB1OCc2ccccc21,[2H]C(Cl)(Cl)Cl,33.2
CSCc1ccccc1B1OC(C)(C)C(C)(C)O1,[2H]C(Cl)(Cl)Cl,32.0
CC1(C)OB(OCc2ccc(O)cc2)OC1(C)C,[2H]C(Cl)(Cl)Cl,22.32
C(#Cc1ccccc1)B1Sc2ccccc2S1,[2H]C(Cl)(Cl)Cl,47.0
CC1=CB(O)N(C)c2ccccc21,[2H]C([2H])([2H])S(=O)C([2H])([2H])[2H],27.95
CC1(C)OB(N(CC2CCCCC2)B2OC(C)(C)C(C)(C)O2)OC1(C)C,[2H]c1c([2H])c([2H])c([2H])c([2H])c1[2H],26.0
CC(C)(C)c1ccc2c(c1)OB(Cl)O2,[2H]C(Cl)(Cl)Cl,28.2
CC1(C)OB(c2ccccc2)OC1(C)C,[2H]C(Cl)(Cl)Cl,31.03
Cc1ccc(NC2=[N+]3C(=C(c4ccccc4)c4ccc(NC5CCCCC5)n4[B-]3(F)c3ccccc3)C=C2)cc1,[2H]C(Cl)(Cl)Cl,2.88
CC1(C)OB([C@@H](CCCCc2ccccc2)CCCOC(=O)COc2ccc(Cl)cc2Cl)OC1(C)C,[2H]C(Cl)(Cl)Cl,34.13
CN(C)c1ccc(B2OC(C)(C)C(C)(C)O2)cc1,[2H]C(Cl)(Cl)Cl,31.39
CC(C)CN(CC(C)C)B1OB(N(CC(C)C)CC(C)C)C2c3ccccc3-c3ccccc3C12,[2H]C(Cl)(Cl)Cl,35.9
C[Si](C)(C)[Si](B1NB([Si]([Si](C)(C)C)([Si](C)(C)C)[Si](C)(C)C)NB([Si]([Si](C)(C)C)([Si](C)(C)C)[Si](C)(C)C)N1)([Si](C)(C)C)[Si](C)(C)C,[2H]c1c([2H])c([2H])c([2H])c([2H])c1[2H],38.0
COc1cccc(C2=Cc3ccccc3N(Cc3ccc(C)cc3)B2c2c(OC)ccc3ccccc23)c1,[2H]C(Cl)(Cl)Cl,40.5
Cc1ccc2c(c1)SB(C#Cc1ccccc1)S2,[2H]C(Cl)(Cl)Cl,47.0
BrCCCCCCB1C2CCCC1CCC2,[2H]c1c([2H])c([2H])c([2H])c([2H])c1[2H],73.6
COc1ccc(C2=C(c3ccc(OC)cc3)c3ccccc3B3C2=Cc2ccc(C)cc2N3Cc2ccccc2)cc1,[2H]C(Cl)(Cl)Cl,34.0
C=CC(O)(B1OC(=O)CN(C)CC(=O)O1)C1CCN(C(=O)C(C)(C)C)CC1,[2H]C([2H])([2H])C(=O)C([2H])([2H])[2H],10.16
C1CC2CCCC(C1)[B-]21O[C+]([C+]2O[B-]3(O2)C2CCCC3CCC2)O1,[2H]C(Cl)(Cl)Cl,29.3
CC/C(I)=C(\CC)[B-](I)(I)[n+]1ccccc1,[2H]C(Cl)(Cl)Cl,-13.9
C/C(=C/B(O)O)c1ccccc1[S](C)C,[2H]OC([2H])([2H])[2H],26.76
CCOC(=O)c1ccc2ccc(OC)cc2c1/C(=C(\B1OC(C)(C)C(C)(C)O1)c1ccccc1)c1ccccc1,[2H]C(Cl)(Cl)Cl,29.98
CCOC(=O)/C=C/c1cccc(B2OC(C)(C)C(C)(C)O2)c1,[2H]C(Cl)(Cl)Cl,30.9
COc1cc(/C(=C/C(C)(C)C)B2C(Br)=Cc3ccccc3N2C2CCCC2)ccc1Br,[2H]C(Cl)(Cl)Cl,36.6
BrCB1C2CCCC1CCC2,[2H]c1c([2H])c([2H])c([2H])c([2H])c1[2H],70.8
COc1cccc(C(CB2Oc3ccccc3O2)B2Oc3ccccc3O2)c1,[2H]C(Cl)(Cl)Cl,35.0
CC1(C)OB(c2ccc(O[Si](c3ccccc3)(c3ccccc3)C(C)(C)C)cc2)OC1(C)C,[2H]C(Cl)(Cl)Cl,32.76
C[Si](C)(C)[N+](=[B-](Cl)C1=CC=CC1)[Si](C)(C)C,[2H]C(Cl)(Cl)Cl,43.5
CC1(C)OB(c2ccc(OCc3ccccc3)cc2)OC1(C)C,[2H]C(Cl)(Cl)Cl,30.8
C[Si](C)(C)CB(Br)Br,[2H]c1c([2H])c([2H])c([2H])c([2H])c1[2H],58.9
CC(C)CCOC(=O)[B-](Br)(Br)[N+](C)(C)C,[2H]C(Cl)(Cl)Cl,-2.27
CC1(C)OB(CC2Cc3ccccc3C2)OC1(C)C,[2H]C(Cl)(Cl)Cl,33.8
CC[SiH](CC)C(C)c1ccc(C[C@@H]2COC(C)(C)N2C(=O)OC(C)(C)C)cc1B1OC(C)(C)C(C)(C)O1,[2H]C(Cl)(Cl)Cl,31.77
[BH2-]1[P+](c2ccccc2)(c2ccccc2)c2ccccc2[P+]1(c1ccccc1)c1ccccc1.[Br-],[2H]C(Cl)(Cl)Cl,-32.5
COC(=O)C/C(=C\c1ccccc1)B1OC(C)(C)C(C)(C)O1,[2H]C(Cl)(Cl)Cl,30.19
CC(CCCl)CB1OC(C)(C)C(C)(C)O1,[2H]C(Cl)(Cl)Cl,33.7
CB1N(c2ccccc2)C=NN1c1ccccc1,[2H]C([2H])(Cl)Cl,27.8
CCCC[B-]12Oc3cc[n+](cc3O1)[B-]1(CCCC)Oc3cc[n+](cc3O1)[B-]1(CCCC)Oc3cc[n+](cc3O1)[B-]1(CCCC)Oc3cc[n+](cc3O1)[B-]1(CCCC)Oc3cc[n+]2cc3O1,[2H]c1c([2H])c([2H])c([2H])c([2H])c1[2H],15.5
CC(C)CC(CC(C)C)O[Si](ON=Cc1c(F)cc(B2OC(C)(C)CC(C)(C)O2)cc1Cl)(OC(CC(C)C)CC(C)C)OC(CC(C)C)CC(C)C,[2H]C(Cl)(Cl)Cl,25.2
CC1(C)CCC(C)(CB2OC(C)(C)C(C)(C)O2)c2ccccc21,[2H]C(Cl)(Cl)Cl,33.1
Cc1ccc([C@@H]2OB(O)C=C/C2=C\c2ccccc2)cc1,[2H]C(Cl)(Cl)Cl,27.5
Cc1ccc2c(c1)SB(C#CC(C)(C)C)S2,[2H]C(Cl)(Cl)Cl,48.0
CCOC(=O)C(C)[BH2-]c1n(C)c(Cl)c(Cl)[n+]1C,[2H]C(Cl)(Cl)Cl,-23.9
C/C(B1OC(C)(C)C(C)(C)O1)=C(/CN(Cc1ccccc1)Cc1ccccc1)c1ccccc1,[2H]C(Cl)(Cl)Cl,31.08
CC1(C)OB([C@H](CCCCCl)NC(=O)c2ccccc2)OC1(C)C,[2H]C(Cl)(Cl)Cl,17.6
CCCCCCC(C)(CB1OC(C)(C)C(C)(C)O1)/C(=N/N1CCCCC1)C(F)(F)F,[2H]C(Cl)(Cl)Cl,32.8
CC(C)N(C(=O)O[C@@H](Cc1ccccc1Br)B1OC(C)(C)C(C)(C)O1)C(C)C,[2H]C(Cl)(Cl)Cl,12.59
CC1(C)OB([C@]2(c3ccc(C#Cc4ccccc4)cc3)C[C@H](c3ccc4ccccc4c3-c3nccc4ccccc34)C2)OC1(C)C,[2H]C(Cl)(Cl)Cl,36.5
CC1=CB(O)Oc2ccc(C(C)(C)C)cc21,[2H]OC([2H])([2H])[2H],27.16
CC1(C)OB([C@H]2[C@H]3C[C@@H]4[C@H]([C@@H]3CC=Cc3ccccc3)[C@@H]42)OC1(C)C,[2H]C(Cl)(Cl)Cl,33.7
CCCCCCN(CCCCCC)C(=O)c1cccc(B2OC(C)(C)C(C)(C)O2)c1Cl,[2H]C(Cl)(Cl)Cl,32.1
CC1=CB(O)Oc2ccc(Oc3ccc(C#N)cc3)cc21,[2H]OC([2H])([2H])[2H],27.05
Cc1ccc(S(=O)(=O)N2B(C(C)(C)C)OC(c3ccccc3)(c3ccccc3)[C@@H]2c2ccccc2)cc1,[2H]C(Cl)(Cl)Cl,38.7
COc1ccc(B2NC(=O)c3ccccc3N2)cc1,[2H]C([2H])([2H])S(=O)C([2H])([2H])[2H],29.0
CCO[Si](OCC)(OCC)c1cc(Cl)c(B2OC(C)(C)CC(C)(C)O2)cc1OC(C)C,[2H]C(Cl)(Cl)Cl,26.4
C[N+]12CC(=O)O[B-]1(C(Br)CC(F)(F)c1ccccc1)OC(=O)C2,[2H]C([2H])([2H])S(=O)C([2H])([2H])[2H],9.97
COC(=O)c1cccc([C@H]([BH2-][P+](C)(c2ccccc2)c2ccccc2)P(=O)(OC)OC)c1,[2H]C(Cl)(Cl)Cl,-25.93
CC1(C)OB(OCc2ccccc2Cl)OC1(C)C,[2H]C(Cl)(Cl)Cl,22.3
CC(C)N(C(=O)O[C@@H](Cc1ccccc1)B1OC(C)(C)C(C)(C)O1)C(C)C,[2H]C(Cl)(Cl)Cl,12.5
CC(C)(C)c1ccc2c(c1)OB(c1ccc(B3Oc4ccc(C(C)(C)C)cc4O3)c(B3Oc4ccc(C(C)(C)C)cc4O3)c1)O2,[2H]C([2H])(Cl)Cl,33.9
CC(C)CC(CC(C)C)O[Si](ON=Cc1ccc(B2OC(C)(C)CC(C)(C)O2)cc1OC(F)(F)F)(OC(CC(C)C)CC(C)C)OC(CC(C)C)CC(C)C,[2H]C(Cl)(Cl)Cl,25.5
C/C=C(\CC(=O)OC(C)(C)C)B1OC(C)(C)C(C)(C)O1,[2H]C(Cl)(Cl)Cl,30.05
CC(=O)OCC(CCn1cnc2c([BH2-][N+](C)(C)C)nc(N)nc21)COC(C)=O,[2H]C(Cl)(Cl)Cl,-6.4
CN1CC(=O)OB(c2cc(C(N)=S)c(N)s2)OC(=O)C1,[2H]C([2H])([2H])C#N,9.8
CCC1=C(C)[Si](C)(C)n2cnc[n+]2[B-]1(CC)CC,[2H]c1c([2H])c([2H])c([2H])c([2H])c1[2H],-0.5
COC(=O)c1ccc(CN(B2OC(C)(C)C(C)(C)O2)B2OC(C)(C)C(C)(C)O2)cc1,[2H]C(Cl)(Cl)Cl,25.6
CCOC(=O)C(C)[BH2-][n+]1ccccc1C,[2H]C(Cl)(Cl)Cl,-5.1
C=C(COC)B1Nc2cccc3cccc(c23)N1,[2H]C(Cl)(Cl)Cl,27.9
COC(=O)C[BH-](C(C(=O)OC)c1ccccc1)[n+]1cc(C)cc(C)c1,[2H]C(Cl)(Cl)Cl,0.0
C[N+](C)(C)[BH2-]c1cc(O)c2ccccc2n1,[2H]C(Cl)(Cl)Cl,-2.8
CC(NB1N(C(C)(C)C)C=CN1C(C)(C)C)C1CCCCC1,[2H]C(Cl)(Cl)Cl,22.0
CCCCN1N=NN(C(C)(C)C)B1C(C)(C)C,[2H]C(Cl)(Cl)Cl,26.9
CCO[P+]([BH2-][P+](OC)(OC)OC)(OCC)OCC.F[B-](F)(F)F,[2H]C([2H])([2H])S(=O)C([2H])([2H])[2H],-1.32
COc1c(P=O)cc(B2OC(C)(C)C(C)(C)O2)c(C2CCCCC2)c1C1CCCCC1,[2H]C(Cl)(Cl)Cl,29.8
C#CB1N(C(C)(C)C)C=CN1C(C)(C)C,[2H]c1c([2H])c([2H])c([2H])c([2H])c1[2H],15.7
COc1cccc(/C=C2\C=CB(O)O[C@H]2c2ccccc2)c1,[2H]C(Cl)(Cl)Cl,27.3
CC1(C)OB(C[Si](C)(C)c2ccc(Br)cc2)OC1(C)C,[2H]C(Cl)(Cl)Cl,33.45
CCN(CC)B(c1ccc(Br)s1)c1ccc(Br)s1,[2H]C(Cl)(Cl)Cl,34.0
CC(CCc1ccccc1)(CB1OC(C)(C)C(C)(C)O1)/C(=N/N1CCCCC1)C(F)(F)F,[2H]C(Cl)(Cl)Cl,33.3
Cc1ccccc1[C@@H]1OB(O)C=C/C1=C\c1ccccc1,[2H]C(Cl)(Cl)Cl,27.5
C=CCB(F)F,[2H]C(Cl)(Cl)Cl,27.6
F[B-](F)(F)c1ccc(C[P+](c2ccccc2)(c2ccccc2)c2ccccc2)cc1,[2H]C([2H])([2H])S(=O)C([2H])([2H])[2H],3.24
CCCCCC(CC1CCN(C(=O)OCc2ccccc2)CC1)B1OC(C)(C)C(C)(C)O1,[2H]C(Cl)(Cl)Cl,35.84
CCCCC(/C=C/OCC)B1OC(C)(C)C(C)(C)O1,[2H]C(Cl)(Cl)Cl,33.4
OB1Oc2ccccc2C1[NH+]1CCCCC1.[Cl-],[2H]OC([2H])([2H])[2H],16.3
COc1cccc(C[C@H](B2OC(C)(C)C(C)(C)O2)N2CCOC2=O)c1,[2H]C(Cl)(Cl)Cl,32.35
CC(C)(C)c1ccc([B-]2(c3ccc(C(C)(C)C)cc3)Oc3ccc([N+](=O)[O-])c4ccc[n+]2c34)cc1,[2H]C(Cl)(Cl)Cl,13.0
CC(C)(C)OC(=O)N1CC2(B3OC(C)(C)C(C)(C)O3)CC1(CF)C2,[2H]C(Cl)(Cl)Cl,31.8
Cc1ccc(N2[C+](N(C)C)N(c3ccc(C)cc3)[B-]2(C(F)(F)F)C(F)(F)F)cc1,[2H]C([2H])([2H])C(=O)C([2H])([2H])[2H],-5.0
CN(C)C(=O)c1cc(B2OC(C)(C)C(C)(C)O2)cc(B2OC(C)(C)C(C)(C)O2)c1,[2H]C(Cl)(Cl)Cl,30.6
OB1C=C(c2ccccc2)c2ccccc2O1,[2H]OC([2H])([2H])[2H],26.88
C[N+]12CC(=O)O[B-]1(/C=C/CCCCl)OC(=O)C2,[2H]C([2H])([2H])S(=O)C([2H])([2H])[2H],10.16
CSc1ccc(C2=[N+]3C(=C(c4ccccc4)c4ccc(Cl)n4[B-]3(F)c3ccccc3)C=C2)cc1,[2H]C(Cl)(Cl)Cl,4.45
CC(C)(C)B1C(c2ccccc2)C=CC1c1ccccc1,[2H]C(Cl)(Cl)Cl,90.0
CC(C)(C)c1ccc(C(CB2OC(C)(C)C(C)(C)O2)c2c(F)c(F)c(C#N)c(F)c2F)cc1,[2H]C(Cl)(Cl)Cl,33.3
C#C[B-]1(C#CC#C[B-]2(C#C[Si](C)(C)C)n3c(C)c(CC)c(C)c3C(C)=C3C(C)=C(CC)C(C)=[N+]32)n2c(C)c(CC)c(C)c2C(C)=C2C(C)=C(CC)C(C)=[N+]21,[2H]C(Cl)(Cl)Cl,-10.9
CC1(B2OC(C)(C)C(C)(C)O2)C(B2OC(C)(C)C(C)(C)O2)C1c1ccccc1,[2H]C(Cl)(Cl)Cl,32.6
Cn1cc[n+](C)c1[BH2-]C(c1ccccc1)C(F)(F)F,[2H]C(Cl)(Cl)Cl,-26.7
CC(C)(C)OC(=O)NCC(CB1OC(C)(C)C(C)(C)O1)c1ccccc1,[2H]C(Cl)(Cl)Cl,33.16
Cl[B-]1(c2ccccc2)N(C2CCCCC2)[C+](c2ccc([C+]3N(C4CCCCC4)[B-](Cl)(c4ccccc4)N3C3CCCCC3)cc2)N1C1CCCCC1,[2H]C(Cl)(Cl)Cl,9.69
CCCC/C(B1OC(C)(C)C(C)(C)O1)=C(\c1ccccc1)c1c(C(=O)OCc2ccsc2)ccc2ccc(OC)cc12,[2H]C(Cl)(Cl)Cl,30.28
CCN(C#CB(N(C)C)N(C)C)CC,[2H]C(Cl)(Cl)Cl,26.0
CC(C)(C)C1=[N+](C2CCCCC2)[B@-](Cl)(c2ccccc2)N1C1CCCCC1,[2H]c1c([2H])c([2H])c([2H])c([2H])c1[2H],6.5
COc1cccc(C2=Cc3cc(OC)ccc3N(Cc3ccccc3)B2c2c(OC)ccc3ccccc23)c1,[2H]C(Cl)(Cl)Cl,40.1
Cc1cc(C)c(P2B(C([Si](C)(C)C)([Si](C)(C)C)[Si](C)(C)C)P(c3c(C)cc(C)cc3C)B2C([Si](C)(C)C)([Si](C)(C)C)[Si](C)(C)C)c(C)c1,[2H]c1c([2H])c([2H])c([2H])c([2H])c1[2H],79.5
CC1(C)OB([C@H](CCCCc2ccccc2)NC(=O)c2ccccc2)OC1(C)C,[2H]C(Cl)(Cl)Cl,18.2
CC1(C)OB(C(CCCOCc2ccccc2)B2OC(C)(C)C(C)(C)O2)OC1(C)C,[2H]C(Cl)(Cl)Cl,33.6
CN1CC(=O)OB(C(C=O)C(=O)c2ccccc2)OC(=O)C1,[2H]C([2H])([2H])C(=O)C([2H])([2H])[2H],10.34
Cc1cccc(C2C(B3OC(C)(C)C(C)(C)O3)C2(C)B2OC(C)(C)C(C)(C)O2)c1,[2H]C(Cl)(Cl)Cl,32.2
CC1(C)OB([C@@H]2[C@H](O)[C@@]2(C)c2ccccc2)OC1(C)C,[2H]C(Cl)(Cl)Cl,31.9
CC1(C)OB(CC(c2ccc(Cn3cccc3)cc2)c2c(F)c(F)c(C#N)c(F)c2F)OC1(C)C,[2H]C(Cl)(Cl)Cl,33.2
CC(C)OC(=O)[B-](Br)(Br)[N+](C)(C)C,[2H]C(Cl)(Cl)Cl,0.91
[NH3+]C(c1ccc(-c2ccccc2)cc1)[B-](F)(F)F,[2H]C([2H])([2H])S(=O)C([2H])([2H])[2H],2.6
CC[B-](CC)(CC)[c+]1n(C)c(C)c(C)n1C,[2H]c1c([2H])c([2H])c([2H])c([2H])c1[2H],-12.6
Cc1ccc(C2=[N+]3C(=C(c4ccccc4)c4ccc(Cl)n4[B-]3(F)c3ccc(F)cc3)C=C2)cc1,[2H]C(Cl)(Cl)Cl,4.06
CC(C)(C)N(BN1C(C)(C)CCCC1(C)C)[Si](Cl)(Cl)Cl,[2H]c1c([2H])c([2H])c([2H])c([2H])c1[2H],34.6
c1ccc2c(c1)OB(c1cc(B3Oc4ccccc4O3)cc(B3Oc4ccccc4O3)c1)O2,[2H]OC([2H])([2H])[2H],30.1
CC(C)[N+](=[B-](C1=CCC=C1)[C@@H]1C=Cc2ccccc21)C(C)C,[2H]C([2H])(Cl)Cl,44.1
CC1(C)OB([Si](c2ccccc2)(c2ccccc2)c2ccccc2)OC1(C)C,[2H]c1c([2H])c([2H])c([2H])c([2H])c1[2H],34.1
CC1(C)OB(C[N+](C)(C)[BH2-]C#N)OC1(C)C,[2H]C(Cl)(Cl)Cl,-14.1
CC1(C)OB(CC(O)COc2ccccc2-c2ccccc2)OC1(C)C,[2H]C(Cl)(Cl)Cl,33.34
Cc1ccc(C#CB2Sc3ccccc3S2)cc1,[2H]C(Cl)(Cl)Cl,48.0
COc1cccc([C@@]2(C)[C@H](B3OC(C)(C)C(C)(C)O3)[C@@H]2c2ccc3c(ccn3C)c2)c1,[2H]C(Cl)(Cl)Cl,33.2
CC1(C)OB(c2ccc([C@@H]3[C@H](C(=O)O)c4ccccc4C(=O)N3c3ccc(B4OC(C)(C)C(C)(C)O4)cc3)cc2)OC1(C)C,[2H]C(Cl)(Cl)Cl,32.2
CC(C)(CB1OC(C)(C)C(C)(C)O1)c1ccc(Cl)cc1,[2H]C(Cl)(Cl)Cl,32.87
F[B-](F)(F)c1cccc(C[P+](c2ccccc2)(c2ccccc2)c2ccccc2)c1,[2H]C([2H])([2H])S(=O)C([2H])([2H])[2H],3.01
CC/C=C(/B1OC(C)(C)C(C)(C)O1)N1CCOC1=O,[2H]C(Cl)(Cl)Cl,28.81
Cc1cc(C)c(B2OC(C)(C)C(C)(C)O2)c(C[SiH](C)C)c1,[2H]C(Cl)(Cl)Cl,31.7
CC1(C)OB(c2cccc(Cl)c2Nc2ncccn2)OC1(C)C,[2H]C(Cl)(Cl)Cl,5.52
Brc1ccc([B-]23OCC[N+]4=Cc5ccccc5O[B-]4(c4ccc(Br)cc4)OCC[N+]2=Cc2ccccc2O3)cc1,[2H]C(Cl)(Cl)Cl,2.4
c1ccc([B-]2(c3ccccc3)c3ccc4c(c3Nc3cccc[n+]32)CCCC4)cc1,[2H]C([2H])([2H])C(=O)C([2H])([2H])[2H],-1.32
Fc1ccc2c(c1)[BH2-][n+]1ccccc1-2,[2H]C(Cl)(Cl)Cl,-8.3
CN(C)c1cc(Nc2ccccc2)cc(B2OC(C)(C)C(C)(C)O2)c1,[2H]c1c([2H])c([2H])c([2H])c([2H])c1[2H],32.03
F[B-]1(c2ccccc2)n2c(Cl)ccc2C(c2ccccc2)=C2C=CC(c3ccoc3)=[N+]21,[2H]C(Cl)(Cl)Cl,4.37
CP(C)c1ccccc1B1OCC(C)(C)CO1,[2H]C(Cl)(Cl)Cl,29.0
C/C=C\B1C2CCCC1CCC2,[2H]c1c([2H])c([2H])c([2H])c([2H])c1[2H],80.6
CC(C)(C)c1cc2c(c(C(C)(C)C)c1)O[B@@-]1(c3cccc(N)c3)Oc3ccccc3[N@H+]1C2,[2H]C([2H])([2H])S(=O)C([2H])([2H])[2H],9.0
CCOC(=O)C(C)(C)Oc1ccc(C2=Cc3ccccc3N(Cc3ccccc3)B2c2c(OC)ccc3ccccc23)cc1,[2H]C(Cl)(Cl)Cl,41.2
CC(C)(C)N1C=CN(C(C)(C)C)B1N=C=O,[2H]c1c([2H])c([2H])c([2H])c([2H])c1[2H],14.7
[BH3-][P+](C)(CC(=C)C)CC(=C)C,[2H]C(Cl)(Cl)Cl,-36.6
C#CC[B-]1(CC#C)n2cccc2-c2ccc(-c3ccccc3)c[n+]21,[2H]C(Cl)(Cl)Cl,1.65
CC1(C)OB(CC(O)CCc2ccccc2)OC1(C)C,[2H]C(Cl)(Cl)Cl,33.6
CS[B-](C#N)(C#N)[N+]#C[Si](C)(C)C,[2H]C(Cl)(Cl)Cl,0.34
Cn1cc[n+]2c1[B-](Cl)(Cl)n1cc[n+](C)c1[B-]2(Cl)Cl,[2H]C(Cl)(Cl)Cl,-1.6
CCC1B(C)C(C)=C(C)B1C,[2H]c1c([2H])c([2H])c([2H])c([2H])c1[2H],69.6
CC(C)C(C)(C)B1OC2OB(C(C)(C)C(C)C)OC2O1,[2H]C([2H])([2H])S(=O)C([2H])([2H])[2H],36.5
[BH2-](n1c2ccccc2c2ccccc21)[n+]1ccccc1,[2H]C1([2H])OC([2H])([2H])C([2H])([2H])C1([2H])[2H],-7.0
COc1ccc(C[C@H](OC(=O)N(C(C)C)C(C)C)B2OC(C)(C)C(C)(C)O2)cc1,[2H]C(Cl)(Cl)Cl,12.66
C[N+]12CC(=O)O[B-]1(C(Br)CC(F)(F)C(=O)NCc1cccc3ccccc13)OC(=O)C2,[2H]C([2H])([2H])S(=O)C([2H])([2H])[2H],10.36
CC1(C)OB(C[Si](C)(C)c2ccccc2OS(=O)(=O)C(F)(F)F)OC1(C)C,[2H]C(Cl)(Cl)Cl,32.36
CN1CC(=O)OB(C(CO)C(=O)c2ccc(C(C)(C)C)cc2)OC(=O)C1,[2H]C([2H])([2H])C(=O)C([2H])([2H])[2H],11.33
CC1(C)OB([C@]2(c3ccc4occc4c3)C[C@H](c3ccc4ccccc4c3-c3nccc4ccccc34)C2)OC1(C)C,[2H]C(Cl)(Cl)Cl,33.6
CC(C)(C)c1cc2c(c(C(C)(C)C)c1)O[B-](Br)(Br)[N+](C(C)(C)C)=C2,[2H]C(Cl)(Cl)Cl,-1.76
COc1ccc([C@@H]2OB(O)C=C/C2=C\c2ccccc2)cc1,[2H]C(Cl)(Cl)Cl,27.3
CCCCC(CC)CB1OC(C)(C)C(C)(C)O1,[2H]C(Cl)(Cl)Cl,34.57
CC(C)(C)C(OB(F)OC(C(C)(C)C)(C(C)(C)C)C(C)(C)C)(C(C)(C)C)C(C)(C)C,[2H]C(Cl)(Cl)Cl,11.5
CC1(C)OB(C2CC2c2ccc(Oc3ccccc3)cc2)OC1(C)C,[2H]C(Cl)(Cl)Cl,33.14
CC([NH2+][BH2-]C(=O)O)C(N)=O,[2H]C([2H])([2H])S(=O)C([2H])([2H])[2H],-26.2
Clc1ccc2c(c1Cl)[BH2-][n+]1ccccc1-2,[2H]C(Cl)(Cl)Cl,-8.25
CC1(C)OB(C(C=C=Cc2ccccc2)(CC2CCC2)B2OC(C)(C)C(C)(C)O2)OC1(C)C,[2H]C(Cl)(Cl)Cl,33.5
F[B-]1(c2ccccc2)n2c(Cl)ccc2C(c2ccsc2)=C2C=CC(Cl)=[N+]21,[2H]C(Cl)(Cl)Cl,3.84
O=C(O)C[C@@H]1CC[C@H](NC(=O)Cc2cccs2)B(O)O1,[2H]OC([2H])([2H])[2H],11.7
[OH+]=C(O/C=C\[B-](c1c(F)c(F)c(F)c(F)c1F)(c1c(F)c(F)c(F)c(F)c1F)c1c(F)c(F)c(F)c(F)c1F)c1ccccc1,[2H]C([2H])(Cl)Cl,2.3
CC(c1ccccc1)C(B1OC(C)(C)C(C)(C)O1)B1OC(C)(C)C(C)(C)O1,[2H]C(Cl)(Cl)Cl,34.0
C[N+](C)=C(F)C[B-](F)(C(F)(F)F)C(F)(F)F,[2H]C([2H])([2H])C#N,-4.1
CC(C)(C)NB(F)OC(C(C)(C)C)(C(C)(C)C)C(C)(C)C,[2H]C(Cl)(Cl)Cl,17.2
Cc1ccc(C2=[N+]3C(=C(c4ccccc4)c4ccc(-c5ccc(C=O)cc5)n4[B-]3(F)c3ccccc3)C=C2)cc1,[2H]C(Cl)(Cl)Cl,4.04
CC(C)C[C@H](B1OC(C)(C)C(C)(C)O1)N1CCOC1=O,[2H]C(Cl)(Cl)Cl,32.62
CCC(CC)B1OC(c2ccccc2)(c2ccccc2)[C@H](c2ccccc2)N1S(=O)(=O)c1ccc(C)cc1,[2H]C(Cl)(Cl)Cl,37.2
[BH3-][P+](CC)(CC)C1=C[C@H]2CC[C@@H]1C2(C)C,[2H]C(Cl)(Cl)Cl,-37.4
C[SiH](C)Cc1ccc(-c2ccccc2)cc1B1OC(C)(C)C(C)(C)O1,[2H]C(Cl)(Cl)Cl,31.37
Cc1ccc([P+]([BH-](C(Cl)Cl)C(Cl)Cl)(c2ccc(C)cc2)c2ccc(C)cc2)cc1,[2H]C(Cl)(Cl)Cl,-11.8
CC1(C)OB(c2ccc(C#N)cc2)OC1(C)C,[2H]C(Cl)(Cl)Cl,30.74
NC1=Nc2[nH]c3ccccc3[n+]2[BH2-]N1,[2H]C([2H])([2H])S(=O)C([2H])([2H])[2H],-12.0
CC(C)CC(CC(C)C)O[Si](ON=C1CCCc2cc(B3OC(C)(C)CC(C)(C)O3)ccc21)(OC(CC(C)C)CC(C)C)OC(CC(C)C)CC(C)C,[2H]C(Cl)(Cl)Cl,26.1
CCCCCC#CC(O)(B1OC(=O)CN(C)CC(=O)O1)c1ccccc1,[2H]C([2H])([2H])C(=O)C([2H])([2H])[2H],9.82
COc1cccc(C2=[N+]3C(=C(c4ccccc4)c4ccc(Cl)n4[B-]3(F)c3ccccc3)C=C2)c1,[2H]C(Cl)(Cl)Cl,4.57
Clc1ccc(Cl)c2c1[BH2-][n+]1ccccc1-2,[2H]C(Cl)(Cl)Cl,-8.51
CN1CC(=O)OB(c2cc(C(=O)c3ccc[nH]3)c(N)[nH]2)OC(=O)C1,[2H]C([2H])([2H])C#N,10.3
OB1NN=Cc2ccccc21,[2H]C([2H])([2H])C#N,28.2
CCC1(CC)OB(/C(=C/S(=O)(=O)F)c2ccccc2)OC1(CC)CC,[2H]C(Cl)(Cl)Cl,28.98
CC(C)C(=[NH2+])[B-](F)(F)F,[2H]C([2H])([2H])C(=O)C([2H])([2H])[2H],-0.59
CCCCC1C(=O)O[B-]2(c3ccccc3)OC(=O)C[N+]12Cc1ccccc1,[2H]C([2H])([2H])S(=O)C([2H])([2H])[2H],11.5
C[N+](C)(C)[B-](Cl)(Cl)CC(=O)N(c1ccccc1)c1ccccc1,[2H]C(Cl)(Cl)Cl,9.27
C=CCC(C)(C(=O)OC)C(B1OC(C)(C)C(C)(C)O1)c1ccco1,[2H]C(Cl)(Cl)Cl,32.1
OB1C=C/C(=C\c2ccccc2)[C@H](CCc2ccccc2)O1,[2H]C(Cl)(Cl)Cl,27.1
CCCC[C@@](C)(Cc1ccc2c(c1)OCO2)B1OC(C)(C)C(C)(C)O1,[2H]C(Cl)(Cl)Cl,34.5
O=C(CCCc1ccccc1)O[B-]([NH2+]Cc1ccccc1)(c1ccccc1Cl)c1ccccc1Cl,[2H]C(Cl)(Cl)Cl,2.0
CCOC(=O)C[Si](C)(C)CB1OC(C)(C)C(C)(C)O1,[2H]C(Cl)(Cl)Cl,33.5
CC(C)(C)c1ccc(C(C)(C)CB2OC(C)(C)C(C)(C)O2)cc1,[2H]C(Cl)(Cl)Cl,33.1
CC(C)(C)/C=C(\B1C(Br)=Cc2ccccc2N1C1CCCC1)c1ccc(C(F)(F)F)cc1,[2H]C(Cl)(Cl)Cl,38.64
FC(F)(F)c1cccc(C(CB2Oc3ccccc3O2)B2Oc3ccccc3O2)c1,[2H]C(Cl)(Cl)Cl,34.0
N#Cc1ccccc1OCC[N+]12CC(=O)O[B-]1(c1ccccc1)OC(=O)C2,[2H]C([2H])([2H])C#N,12.3
Cc1ccc(S(=O)(=O)N2B(CCc3ccccc3)OC(c3ccccc3)(c3ccccc3)[C@@H]2c2ccccc2)cc1,[2H]C(Cl)(Cl)Cl,37.5
CN(C)C(=O)c1cc(Cl)ccc1B1OC(C)(C)C(C)(C)O1,[2H]C(Cl)(Cl)Cl,30.1
C[N+](C)(C)[BH2-]c1cc(Cl)nn2ccnc12,[2H]C(Cl)(Cl)Cl,-4.3
C[N+](C)(C)[BH2-]c1cc(=O)c2cc(Cl)ccc2o1,[2H]C(Cl)(Cl)Cl,-4.8
CCCc1ccc(C(=O)C(CBr)B2OC(=O)CN(C)CC(=O)O2)cc1,[2H]C([2H])([2H])C#N,10.39
F[B-]1(c2ccccc2)n2c(Cl)ccc2C(c2ccccc2)=C2C=CC(C3CC3)=[N+]21,[2H]C(Cl)(Cl)Cl,3.97
COC(=O)C(c1ccc(B2OC(C)(C)CC(C)(C)O2)cc1Cl)N1CCc2sccc2C1,[2H]C(Cl)(Cl)Cl,25.9
C[Si](C)(C)C1([Si](C)(C)C)C=CC(B2Oc3ccccc3O2)=C1,[2H]C(Cl)(Cl)Cl,28.8
COc1ccc(CCCCC(C)(CB2OC(C)(C)C(C)(C)O2)/C(=N/N2CCCCC2)C(F)(F)F)cc1,[2H]C(Cl)(Cl)Cl,32.9
C=CC/C(=C\B(Cl)Cl)CCC,[2H]C(Cl)(Cl)Cl,51.09
C[SiH](C)Cc1c(B2OC(C)(C)C(C)(C)O2)cccc1-c1ccccc1,[2H]C(Cl)(Cl)Cl,31.95
C[Si](C)(C)C1(B(Br)Br)C=Cc2ccccc21,[2H]C(Cl)(Cl)Cl,50.2
CCc1ccc(/C(B2OC(C)(C)C(C)(C)O2)=C(\c2ccc(CC)cc2)c2c(C(=O)OC3COC3)ccc3ccc(OC)cc23)cc1,[2H]C(Cl)(Cl)Cl,31.23
COc1cccc(C2=Cc3ccccc3N(Cc3ccc(Cl)cc3)B2c2c(OC)ccc3ccccc23)c1,[2H]C(Cl)(Cl)Cl,41.7
CC1(C)OB(C2CCN(C(=O)OCc3ccccc3)CC2)OC1(C)C,[2H]C(Cl)(Cl)Cl,33.8
CC(=O)C(CBr)B1OC(=O)CN(C)CC(=O)O1,[2H]C([2H])([2H])C#N,10.2
C=CC1CC(B2OC(C)(C)C(C)(C)O2)=CC1(C(=O)OC)C(O)C1CCCCC1,[2H]C(Cl)(Cl)Cl,29.2
CN1CC(=O)OB(C(CBr)C(=O)c2ccc(Br)cc2)OC(=O)C1,[2H]C([2H])([2H])S(=O)C([2H])([2H])[2H],10.25
CC1(C)OB([Si](C)(Cc2ccccc2)C2CCCCC2)OC1(C)C,[2H]C(Cl)(Cl)Cl,34.5
COC(=O)c1cccc(B2NC(=O)c3ccccc3N2)n1,[2H]C([2H])([2H])S(=O)C([2H])([2H])[2H],29.3
CC(C)(C)SC12CC(B3OC(C)(C)C(C)(C)O3)(C1)C2,[2H]C(Cl)(Cl)Cl,29.7
Cc1ccc(S(=O)(=O)N2CC(B3OC(C)(C)C(C)(C)O3)c3ccccc32)cc1,[2H]C(Cl)(Cl)Cl,32.38
C(#C[B-](c1ccccc1)(c1ccccc1)c1ccccc1)C1CC1.C[N+](C)(C)C,[2H]C([2H])([2H])S(=O)C([2H])([2H])[2H],-12.6
C[Si](C)(C)C1B(C#CC2CC2)C2CCCC1CCC2,[2H]c1c([2H])c([2H])c([2H])c([2H])c1[2H],71.0
CC1C(c2ccccc2)O[B-](O)(c2ccccc2)[NH+]1C,[2H]c1c([2H])c([2H])c(C([2H])([2H])[2H])c([2H])c1[2H],7.8
CC1(C)OB(C2CC3CCC2C3)OC1(C)C,[2H]C(Cl)(Cl)Cl,34.13
CC1(C)COB(C2CC2c2ccccc2)OC1,[2H]C(Cl)(Cl)Cl,33.18
CC1(C)CCCCCCB1N=[N+]=[N-],[2H]C(Cl)(Cl)Cl,64.8
CC(C)CC(CC(C)C)O[Si](Cc1ccc(B2OC(C)(C)CC(C)(C)O2)cc1Cl)(OC(CC(C)C)CC(C)C)OC(CC(C)C)CC(C)C,[2H]C(Cl)(Cl)Cl,25.5
C[Si](C)(C)C(Cc1ccc(F)cc1)B(c1c(F)c(F)c(F)c(F)c1F)c1c(F)c(F)c(F)c(F)c1F,[2H]c1c([2H])c([2H])c([2H])c([2H])c1[2H],72.8
c1cc2c3c(cccc3c1)NB(c1ccc3[nH]ccc3c1)N2,[2H]C(Cl)(Cl)Cl,30.4
CCCCCCCCCC/C(=C\S(=O)(=O)F)B1OC(CC)(CC)C(CC)(CC)O1,[2H]C(Cl)(Cl)Cl,29.41
C=C(C)C(O)(B1OC(=O)CN(C)CC(=O)O1)c1ccccc1,[2H]C([2H])([2H])C#N,10.47
CC(C)(C)N=C[C@@H]1C(=C(c2ccccc2)c2ccccc2)OB(Br)N1C(C)(C)C,[2H]c1c([2H])c([2H])c([2H])c([2H])c1[2H],26.0
Cc1ccc(CN(B2OC(C)(C)C(C)(C)O2)c2ccccc2)cc1,[2H]c1c([2H])c([2H])c([2H])c([2H])c1[2H],25.2
C[N+](C)(C)C.Cc1ccc(SCCCC#C[B-](c2ccccc2)(c2ccccc2)c2ccccc2)cc1,[2H]C([2H])([2H])S(=O)C([2H])([2H])[2H],-12.4
CC(C)N(B(Br)OB(Br)N(C(C)C)C(C)C)C(C)C,[2H]C(Cl)(Cl)Cl,22.3
CC1(C)OB(c2cc(B3OC(C)(C)C(C)(C)O3)cc(P(=O)(C3CCCCC3)C3CCCCC3)c2)OC1(C)C,[2H]C(Cl)(Cl)Cl,31.2
CCCCCC[Si](CCCCCC)(CCCCCC)OB1OB(O[Si](CCCCCC)(CCCCCC)CCCCCC)OB(O[Si](CCCCCC)(CCCCCC)CCCCCC)O1,[2H]C(Cl)(Cl)Cl,17.2
CC1(C)OB(OCc2cccc(O)c2)OC1(C)C,[2H]C(Cl)(Cl)Cl,21.82
C[NH+](C)[B-](S(=O)/N=C/C(F)(F)F)(C(F)(F)F)C(F)(F)F,[2H]C(Cl)(Cl)Cl,-4.5
CC(c1c(B2OC(C)(C)C(C)(C)O2)cccc1B1OC(C)(C)C(C)(C)O1)[SiH](C)C,[2H]C(Cl)(Cl)Cl,31.95
CC1(C)OB(C2(C(O)C34CCCCC3O4)OC2c2ccccc2)OC1(C)C,[2H]C(Cl)(Cl)Cl,29.7
Fc1ccc2c(c1)[B-](c1ccccc1)(c1ccccc1)[n+]1ccccc1N2,[2H]C([2H])([2H])C(=O)C([2H])([2H])[2H],-1.34
C[Si](C)(C)c1ccc(B2NC(=O)c3ccccc3N2)cc1,[2H]C([2H])([2H])S(=O)C([2H])([2H])[2H],30.35
CC#CC[B-]1(CC#CC)c2cc(C(C)(C)C)ccc2-c2cccc[n+]21,[2H]C(Cl)(Cl)Cl,-0.7
[BH3-][n+]1cn(Cn2c[n+]([BH3-])c(C)c2C)c(C)c1C,[2H]C([2H])([2H])S(=O)C([2H])([2H])[2H],-20.3
C[N+](C)(C)[BH2-]c1cc(-c2ccccc2)nnc1Cl,[2H]C(Cl)(Cl)Cl,-3.6
C[Si](C)(C)C(c1ccc(F)cc1)C(B(c1c(F)c(F)c(F)c(F)c1F)c1c(F)c(F)c(F)c(F)c1F)c1ccccc1,[2H]c1c([2H])c([2H])c([2H])c([2H])c1[2H],74.7
CCB(C)C(B(CC)CC)([Si](C)(C)C)[Si](C)(C)C,[2H]C(Cl)(Cl)Cl,85.7
CCCCC[C@H](NC(=O)c1ccc(NC(=O)OC(C)(C)C)cc1)B1OC(C)(C)C(C)(C)O1,[2H]C(Cl)(Cl)Cl,15.5
C[N+]1(C)c2ccccc2C(C2CCCCC2)(C2CCCCC2)O[B-]1(Cl)Cl,[2H]C(Cl)(Cl)Cl,7.9
C/C(=C(\B1OC(=O)CN(C)CC(=O)O1)C(=O)c1ccccc1)c1ccc(C)cc1,[2H]C([2H])([2H])C#N,10.4
CC1(C)OB(OCc2ccc(Br)cc2)OC1(C)C,[2H]C(Cl)(Cl)Cl,21.34
Cc1ncn(B(N(C(C)C)C(C)C)N(C(C)C)C(C)C)c1C,[2H]C(Cl)(Cl)Cl,28.0
CC1(C)OB(C(B2OC(C)(C)C(C)(C)O2)C(B2OC(C)(C)C(C)(C)O2)c2ccsc2)OC1(C)C,[2H]C(Cl)(Cl)Cl,34.5
CC#CC(O)(B1OC(=O)CN(C)CC(=O)O1)C1CCOCC1,[2H]C([2H])([2H])C(=O)C([2H])([2H])[2H],10.0
CC(C)(C)N1C=CN(C(C)(C)C)B1c1ccc(-c2ccc(B3N(C(C)(C)C)C=CN3C(C)(C)C)cc2)cc1,[2H]c1c([2H])c([2H])c([2H])c([2H])c1[2H],25.9
C=CCn1c([BH2-][N+](C)(C)C)nc(=O)n(CC=C)c1=O,[2H]C(Cl)(Cl)Cl,-6.9
CC[N+](C)(C)[BH2-]C#N,[2H]C(Cl)(Cl)Cl,-15.98
CC1=CB(O)Oc2c(F)cccc21,[2H]OC([2H])([2H])[2H],26.75
CC1(C)OB(C2CCCOC2)OC1(C)C,[2H]C(Cl)(Cl)Cl,32.6
CC1(C)OB(CC(O)COc2cccc(C(F)(F)F)c2)OC1(C)C,[2H]C(Cl)(Cl)Cl,33.24
CC[P+]([BH2-][C@@H](c1ccccc1)P(=O)(OC)OC)(c1ccccc1)c1ccccc1,[2H]C(Cl)(Cl)Cl,-27.98
COC1=CN(B2OC(C)(C)C(C)(C)O2)C=CC1,[2H]c1c([2H])c([2H])c([2H])c([2H])c1[2H],23.8
CCCC/C(B1OC(C)(C)C(C)(C)O1)=C(\c1ccccc1C)c1c(C(=O)OC2COC2)ccc2ccc(OC)cc12,[2H]C(Cl)(Cl)Cl,29.8
COc1ccc2ccccc2c1B1C(c2c(OC)ccc3ccccc23)=Cc2ccccc2N1Cc1ccccc1,[2H]C(Cl)(Cl)Cl,40.8
CCC1=C(C)C2=C(C)c3c(C)c(CC)c(C)n3[B-](C#Cc3cc4ccc5cccc6ccc(c3)c4c56)(C#C[Si](C)(C)C)[N+]2=C1C,[2H]C(Cl)(Cl)Cl,-10.2
CC(=O)C([I+]c1ccccc1Cl)=P(c1ccccc1)(c1ccccc1)c1ccccc1.F[B-](F)(F)F,[2H]C([2H])([2H])S(=O)C([2H])([2H])[2H],-1.19
CC12B3C[C@H]4C[C@@H]5C[C@H](C4)C[C@]3(C5)C(C)(B3C[C@H]4C[C@@H]5C[C@H](C4)C[C@@]31C5)[Si](C)(C)[Si]2(C)C,[2H]C(Cl)(Cl)Cl,86.0
CSc1ccc(C[C@H](OC(=O)N(C(C)C)C(C)C)B2OC(C)(C)C(C)(C)O2)cc1,[2H]C(Cl)(Cl)Cl,12.54
CC(C)(C)c1ccc(CNB2OCCO2)cc1,[2H]C(Cl)(Cl)Cl,25.9
COc1cc(C(CB2OC(C)(C)C(C)(C)O2)c2c(F)c(F)c(C#N)c(F)c2F)ccc1OCc1ccccc1,[2H]C(Cl)(Cl)Cl,33.5
C=CC1CC(B2OC(C)(C)C(C)(C)O2)=CC1C(=O)OC,[2H]C(Cl)(Cl)Cl,29.0
CC1=[N+](c2c(F)c(F)c(F)c(F)c2F)[B-](c2c(F)c(F)c(F)c(F)c2F)(c2c(F)c(F)c(F)c(F)c2F)C(=O)N1c1c(C(C)C)cccc1C(C)C,[2H]c1c([2H])c([2H])c(C([2H])([2H])[2H])c([2H])c1[2H],-10.01
FC(F)(F)c1cc([B-]2(c3ccco3)c3ccccc3Nc3cccc[n+]32)cc(C(F)(F)F)c1,[2H]C([2H])([2H])C(=O)C([2H])([2H])[2H],-4.61
CC1(C)OB(CC(c2ccccc2)c2c(F)cc(F)c(F)c2C#N)OC1(C)C,[2H]C(Cl)(Cl)Cl,33.7
CC1(C)OB([C@H](CCCCO[Si](C)(C)C(C)(C)C)NC(=O)c2ccccc2)OC1(C)C,[2H]C(Cl)(Cl)Cl,18.9
C=CC1CC(B2OC(C)(C)C(C)(C)O2)=CC1(C(=O)O[C@@H]1C[C@H](C)CC[C@H]1C(C)C)C(O)c1ccccc1,[2H]C(Cl)(Cl)Cl,29.2
CC1(C)OB(C(C=C=Cc2ccccc2Cl)B2OC(C)(C)C(C)(C)O2)OC1(C)C,[2H]C(Cl)(Cl)Cl,33.0
CC1=CB(O)Oc2cc(F)ccc21,[2H]OC([2H])([2H])[2H],27.17
CC(C)N(B1/N=C(c2ccccc2)\C(c2ccccc2)=N/B(N(C(C)C)C(C)C)/N=C(c2ccccc2)\C(c2ccccc2)=N/1)C(C)C,[2H]C(Cl)(Cl)Cl,28.2
CCCCc1ccnc([BH2-][N+](C)(C)C)c1,[2H]C(Cl)(Cl)Cl,-2.5
c1ccc2c(c1)OB(CC(CCC(CB1Oc3ccccc3O1)B1Oc3ccccc3O1)B1Oc3ccccc3O1)O2,[2H]C(Cl)(Cl)Cl,35.0
C[N+]12CC(=O)O[B-]1(c1ccccc1)OC(=O)C2,[2H]C([2H])([2H])S(=O)C([2H])([2H])[2H],11.21
CC1(C)OB([C@]2(c3ccoc3)C[C@H](c3ccc4ccccc4c3-c3nccc4ccccc34)C2)OC1(C)C,[2H]C(Cl)(Cl)Cl,34.4
CC(C)c1ccc2c(c1)[B-](c1ccccc1)(c1ccccc1)[n+]1ccccc1N2,[2H]C(Cl)(Cl)Cl,-0.66
CCC[C@H]([NH3+])B1OC(C)(C)C(C)(C)O1.[Cl-],[2H]C(Cl)(Cl)Cl,31.4
[Cl-].[NH3+]C(B(O)O)C1CCCC1,[2H]OC([2H])([2H])[2H],28.64
CC(c1ccccc1)N1C=CN(C(C)(C)C)[B-]1(Br)Br.[Br-],[2H]C(Cl)(Cl)Cl,-1.2
COC(=O)[C@@H](Cc1ccccc1)NC(=O)C(F)(F)CC(Br)[B-]12OC(=O)C[N+]1(C)CC(=O)O2,[2H]C([2H])([2H])S(=O)C([2H])([2H])[2H],10.39
CC(=O)OCCCCC(CB1Oc2ccccc2O1)B1Oc2ccccc2O1,[2H]C(Cl)(Cl)Cl,35.0
C1=C2B(Nc3ccccc31)c1ccccc1C(c1ccccc1)=C2c1ccccc1,[2H]C(Cl)(Cl)Cl,29.13
CC1(C)OB(c2cccc(/C=C/S(=O)(=O)c3ccccc3)c2)OC1(C)C,[2H]C(Cl)(Cl)Cl,30.6
Cc1ccc(S(=O)(=O)N2CC(B3OC(C)(C)C(C)(C)O3)c3ccc(C)cc32)cc1,[2H]C(Cl)(Cl)Cl,32.03
CC(C)N(C(=O)O[C@@H](Cc1ccc(C#C[Si](C(C)C)(C(C)C)C(C)C)cc1)B1OC(C)(C)C(C)(C)O1)C(C)C,[2H]C(Cl)(Cl)Cl,12.33
CCCCCC/C=C/B1OC(C)(C)C(C)(C)O1,[2H]C(Cl)(Cl)Cl,29.6
C=CCC(CCCC)(C(=O)OC)C(B1OC(C)(C)C(C)(C)O1)c1ccccc1,[2H]C(Cl)(Cl)Cl,32.7
CC(C)N(B1CC=Cc2ccccc21)C(C)C,[2H]c1c([2H])c([2H])c([2H])c([2H])c1[2H],42.4
COc1ccc(CCN(B2OC(C)(C)C(C)(C)O2)B2OC(C)(C)C(C)(C)O2)cc1,[2H]C(Cl)(Cl)Cl,25.2
COc1ccc(N2[C+](N(C)C)N(c3ccc(OC)cc3)[B-]2(C(F)(F)F)C(F)(F)F)cc1,[2H]C([2H])([2H])C(=O)C([2H])([2H])[2H],-5.0
CC1(C)O[C@H]2[C@@H](O1)[C@@H](COC(=O)C(F)(F)CC(Br)[B-]13OC(=O)C[N+]1(C)CC(=O)O3)O[C@@H]1OC(C)(C)O[C@@H]12,[2H]C([2H])([2H])S(=O)C([2H])([2H])[2H],10.12
Cc1ccc(S(=O)(=O)N2B(C3CCCCC3)OC(c3ccccc3)(c3ccccc3)[C@@H]2c2ccccc2)cc1,[2H]C(Cl)(Cl)Cl,36.2
Cc1ccc(S(=O)(=O)N2CCC(CC[C@H](OC(=O)N(C(C)C)C(C)C)B3OC(C)(C)C(C)(C)O3)CC2)cc1,[2H]C(Cl)(Cl)Cl,12.98
Cc1ccc(S(=O)(=O)N2B(c3ccc(Cl)cc3)OC(C3CCCCC3)(C3CCCCC3)[C@@H]2C(C)C)cc1,[2H]C(Cl)(Cl)Cl,32.2
c1ccc(B2SSB(c3ccccc3)S2)cc1,[2H]c1c([2H])c([2H])c([2H])c([2H])c1[2H],66.4
CC1(C)CC(C)(C)OB(c2ccc(C=O)c(Cl)c2)O1,[2H]C(Cl)(Cl)Cl,26.6
Cc1ccc2c(/C(=C(\B3OC(C)(C)C(C)(C)O3)c3ccccc3)c3ccccc3)c(C(=O)OC3COC3)ccc2c1,[2H]C(Cl)(Cl)Cl,29.67
Cc1ccc(C(C)(C)CB2OC(C)(C)C(C)(C)O2)cc1,[2H]C(Cl)(Cl)Cl,32.2
CC[N+]1(CC)[BH2-]Oc2ccccc2C1,[2H]c1c([2H])c([2H])c([2H])c([2H])c1[2H],0.2
COc1ccc2ccc(C(=O)OCc3ccc(F)cc3)c(/C(=C(\B3OC(C)(C)C(C)(C)O3)c3ccccc3)c3ccccc3)c2c1,[2H]C(Cl)(Cl)Cl,30.59
CC1(C)OB([Si](C)(CCCOCc2ccccc2)C2CCCCC2)OC1(C)C,[2H]C(Cl)(Cl)Cl,34.9
CC1(C)OB(c2ccc3c(c2)OCO3)OC1(C)C,[2H]C(Cl)(Cl)Cl,30.66
C[Si](C)(C)[C@H](c1ccccc1)[C@H](B(c1c(F)c(F)c(F)c(F)c1F)c1c(F)c(F)c(F)c(F)c1F)c1ccccc1,[2H]c1c([2H])c([2H])c([2H])c([2H])c1[2H],65.8
O=C1CC(OB2C3CCCC2CCC3)=[O+][B-]2(O1)C1CCCC2CCC1,[2H]C([2H])([2H])S(=O)C([2H])([2H])[2H],8.5
Cc1cccc2c1C(C)CC(B1OC(C)C(C)O1)C2,[2H]C(Cl)(Cl)Cl,34.08
CC1(C)OB([C@@H]2[C@H](c3ccc(N4CCOCC4)cc3)[C@@]2(C)c2ccccc2)OC1(C)C,[2H]C(Cl)(Cl)Cl,33.1
CC[C@@H]1N(S(=O)(=O)c2ccc(C)cc2)B(C2CCCCC2)OC1(C1CCCCC1)C1CCCCC1,[2H]C(Cl)(Cl)Cl,36.0
CC1(C)OB(C(B2OC(C)(C)C(C)(C)O2)C(B2OC(C)(C)C(C)(C)O2)c2ccc(N)cc2)OC1(C)C,[2H]C(Cl)(Cl)Cl,34.7
Cc1ccc(N(C(=O)C[BH2-][N+](C)(C)C)c2ccc(C)cc2)cc1,[2H]C(Cl)(Cl)Cl,-3.91
CC(C)(C)c1cc2c(c(C(C)(C)C)c1)O[B-](Br)(Br)[N+](CC[N+]1=Cc3cc(C(C)(C)C)cc(C(C)(C)C)c3O[B-]1(Br)Br)=C2,[2H]C(Cl)(Cl)Cl,-0.42
CC(C)(C)c1cc2c(c(C(C)(C)C)c1)O[B-]1(Cl)OCC[NH+]1C2,[2H]C(Cl)(Cl)Cl,2.05
CCCCCCC(CB1OC(C)(C)C(C)(C)O1)B1OC(C)(C)C(C)(C)O1,[2H]C(Cl)(Cl)Cl,34.3
COc1cc(C2=C3C=CC4=[N+]3[B-]3(OC)n5c2ccc5C(c2cc(OC)c(OC)c(OC)c2)=c2ccc(n23)=C4c2cc(OC)c(OC)c(OC)c2)cc(OC)c1OC,[2H]C(Cl)(Cl)Cl,-15.2
C[B-](C)([n+]1cc[nH]c1Br)[n+]1cc[nH]c1Br.C[NH+](C)[B-](C(=O)C(=O)O)(C(F)(F)F)C(F)(F)F.[Cl-],[2H]C([2H])([2H])C#N,-10.8
[Cl-].[NH3+]C(B(O)O)C1CC1,[2H]OC([2H])([2H])[2H],0.36
C[Si]1(C)Cc2cc3ccccc3cc2B(O)O1,[2H]C(Cl)(Cl)Cl,28.56
C(=NC1CCCCC1)c1ccc([B-]23Oc4cc[n+](cc4O2)[B-]2(c4cccc(C=NC5CCCCC5)c4)Oc4cc[n+](cc4O2)[B-]2(c4cccc(C=NC5CCCCC5)c4)Oc4cc[n+](cc4O2)[B-]2(c4cccc(C=NC5CCCCC5)c4)Oc4cc[n+](cc4O2)[B-]2(c4cccc(C=NC5CCCCC5)c4)Oc4cc[n+]3cc4O2)cc1,[2H]C(Cl)(Cl)Cl,13.9
C=CCC(=CB(Cl)Cl)c1ccccc1,[2H]C(Cl)(Cl)Cl,52.5
COc1ccc2ccc(C(=O)OC3COC3)c(/C(=C(/CCCCN3CCOCC3)B3OC(C)(C)C(C)(C)O3)c3ccccc3)c2c1,[2H]C(Cl)(Cl)Cl,31.37
COC(=O)[C@H](O[Si](OC(CC(C)C)CC(C)C)(OC(CC(C)C)CC(C)C)OC(CC(C)C)CC(C)C)c1ccc(B2OC(C)(C)CC(C)(C)O2)cc1Cl,[2H]C(Cl)(Cl)Cl,26.1
COc1ccccc1[P+]([BH2-]C#N)(c1ccccc1)c1ccccc1,[2H]C([2H])([2H])S(=O)C([2H])([2H])[2H],-36.2
CN1CC(=O)OB(C(CBr)C(=O)C2CC2)OC(=O)C1,[2H]C([2H])([2H])C#N,10.33
[BH3-][P+](c1ccccc1)(c1ccccc1)C(CC)C(=O)O,[2H]C(Cl)(Cl)Cl,-39.36
CC1(C)OB(C(C=C=Cc2ccc(Cl)cc2)B2OC(C)(C)C(C)(C)O2)OC1(C)C,[2H]C(Cl)(Cl)Cl,33.0
Cc1ccc(C(=[NH2+])[B-](F)(F)F)cc1,[2H]C([2H])([2H])C(=O)C([2H])([2H])[2H],0.1
CC1C(=O)CC1(c1ccccc1)[B-](F)(F)F,[2H]C([2H])([2H])C#N,4.0
Cc1cc(C)c(N(/C=C/N(B(Cl)Cl)c2c(C)cc(C)cc2C)B(Cl)Cl)c(C)c1,[2H]c1c([2H])c([2H])c([2H])c([2H])c1[2H],32.6
Cc1cc(=O)oc2cc(OCCCOC3=CC=C4B(O)N=NC(c5ccc(C(=O)O)cc5)=C4C3)ccc12,[2H]C(Cl)(Cl)Cl,27.9
COc1ccc(C(B(c2c(F)c(F)c(F)c(F)c2F)c2c(F)c(F)c(F)c(F)c2F)C(c2ccccc2)[Si](C)(C)C)cc1,[2H]c1c([2H])c([2H])c([2H])c([2H])c1[2H],72.5
CC[P+]([BH2-][C@@H](c1ccccc1)P(=O)(OC)OC)(CC)c1ccccc1,[2H]C(Cl)(Cl)Cl,-28.58
O=C(O)CNC(=O)CNCc1ccc(B(O)O)cc1,[2H]OC([2H])([2H])[2H],30.79
Nc1cccc(B2O[Si](c3ccccc3)(c3ccccc3)OB(c3cccc(N)c3)O[Si](c3ccccc3)(c3ccccc3)O2)c1,[2H]C(Cl)(Cl)Cl,25.4
CC1(C)OB(/C(=C\C2CCCCC2)c2ccccc2)OC1(C)C,[2H]C(Cl)(Cl)Cl,31.3
CC(C)C[Al](CC(C)C)N(BN1C(C)(C)CCCC1(C)C)C(C)(C)C,[2H]c1c([2H])c([2H])c([2H])c([2H])c1[2H],33.5
[BH3-][P+](C1CCCCC1)(C1CCCCC1)C(CC)C(=O)OC,[2H]C(Cl)(Cl)Cl,-43.02
CC1(C)OB(C(CCCc2ccc(N(CCCl)CCCl)cc2)B2OC(C)(C)C(C)(C)O2)OC1(C)C,[2H]C(Cl)(Cl)Cl,34.6
CCCCCC#C[B-](c1ccccc1)(c1ccccc1)c1ccccc1.C[N+](C)(C)C,[2H]C([2H])([2H])S(=O)C([2H])([2H])[2H],-12.4
CC1(C)OB(OC(c2ccccn2)[C@H](OB2OC(C)(C)C(C)(C)O2)c2ccccn2)OC1(C)C,[2H]C([2H])(Cl)Cl,11.0
COc1ccc2ccc(C(=O)c3ccc(C)cc3)c(/C(=C(\B3OC(C)(C)C(C)(C)O3)c3ccccc3)c3ccccc3)c2c1,[2H]C(Cl)(Cl)Cl,31.24
Cn1cc[n+]([B-](n2ccn(C)c2=S)(n2ccn(C)c2=S)n2ccn(C)c2=S)c1,[2H]C(Cl)(Cl)Cl,8.05
CCCCB1OC(C2CCCCC2)(C2CCCCC2)[C@H](CC)N1S(=O)(=O)c1ccc(C)cc1,[2H]C(Cl)(Cl)Cl,34.8
Cc1cccc(C)c1/C=C(/B1OC(C)(C)C(C)(C)O1)N1CCOC1=O,[2H]C(Cl)(Cl)Cl,29.44
Cc1ccc2c(c1Cl)[BH2-][n+]1ccccc1-2,[2H]C(Cl)(Cl)Cl,-8.34
CC1(C)OB(/C=C\C(=C/c2ccccc2)[C@@H](NC(=O)c2ccccc2)c2ccc3ccccc3c2)OC1(C)C,[2H]C(Cl)(Cl)Cl,30.2
C1=NN(c2ccccc2)B(c2ccccc2)N1c1ccccc1,[2H]C([2H])(Cl)Cl,26.4
N#Cc1ccc(B2Nc3cccc4cccc(c34)N2)cc1,[2H]C(Cl)(Cl)Cl,28.8
CC[Si](CC)(CC)CCB1OC(C)(C)C(C)(C)O1,[2H]C(Cl)(Cl)Cl,34.7
[BH3-][N@+]1(C)CN(C)C[N@@+]([BH3-])(C)C1,[2H]C(Cl)(Cl)Cl,-10.0
CC1C=CN(B2OC(C)(C)C(C)(C)O2)C=C1,[2H]c1c([2H])c([2H])c([2H])c([2H])c1[2H],23.8
CC([BH2-][N+](C)(C)C)c1ccc2c(c1)CCCC2,[2H]C(Cl)(Cl)Cl,0.79
CC(C)[C@@H]1CC[C@@H](C)C[C@H]1OCc1ccc(C(CB2OC(C)(C)C(C)(C)O2)c2c(F)c(F)c(C#N)c(F)c2F)cc1,[2H]C(Cl)(Cl)Cl,33.4
C[N+]1(C)CCC[B-]12C=CCC=C2,[2H]C(Cl)(Cl)Cl,-1.6
CCOP(=O)(OCC)/C(B1OC(C)(C)C(C)(C)O1)=C(/B1OC(C)(C)C(C)(C)O1)c1ccccc1,[2H]C(Cl)(Cl)Cl,29.76
CC(C)=C(B1OC(=O)CN(C)CC(=O)O1)C(=O)c1ccccc1,[2H]C([2H])([2H])C#N,10.27
[NH2+]=C(Cc1ccccc1)[B-](F)(F)F,[2H]C([2H])([2H])C(=O)C([2H])([2H])[2H],-0.48
Cc1cc(C)cc([B-]2(c3cc(C(F)(F)F)cc(C(F)(F)F)c3)c3ccccc3Nc3cccc[n+]32)c1,[2H]C([2H])([2H])C(=O)C([2H])([2H])[2H],-1.74
COc1ccc2ccccc2c1B1C=Cc2ccccc2N1Cc1ccc(C)cc1,[2H]C(Cl)(Cl)Cl,37.66
CC(C)(C)c1cc(C#N)c(OCC[N+]23CC(=O)O[B-]2(c2ccccc2)OC(=O)C3)c(C(C)(C)C)c1,[2H]C([2H])([2H])C#N,12.4
CC1(C)OB(c2ccc(Cl)cc2)OC1(C)C,[2H]C(Cl)(Cl)Cl,30.8
CC/C(B1OC(C)(C)C(C)(C)O1)=C(\c1ccccc1)c1c(C(=O)OC2COC2)ccc2ccc(OC)cc12,[2H]C(Cl)(Cl)Cl,31.02
CB(C#Cc1ccccc1)N(C)C,[2H]C(Cl)(Cl)Cl,35.1
Cn1cc[n+](C)c1[BH2-]Cc1ccc(F)cc1,[2H]C(Cl)(Cl)Cl,-25.7
Cc1ccccc1-c1cccc2c1[BH-]([n+]1ccccc1)c1cccc(C)c1-2,[2H]c1c([2H])c([2H])c([2H])c([2H])c1[2H],-0.6
CCCCC#C[B-](c1ccccc1)(c1ccccc1)c1ccccc1.C[N+](C)(C)C,[2H]C([2H])([2H])S(=O)C([2H])([2H])[2H],-12.4
Cc1c(C)c2c(c(C)c1OC(=O)CCCC[C@H](NC(=O)c1ccccc1)B1OC(C)(C)C(C)(C)O1)CC[C@@](C)(CCC[C@H](C)CCC[C@H](C)CCCC(C)C)O2,[2H]C(Cl)(Cl)Cl,17.2
ClB1Oc2cc3ccccc3cc2O1,[2H]C(Cl)(Cl)Cl,29.9
O=C1NB(c2cccc(F)n2)Nc2ccccc21,[2H]C([2H])([2H])S(=O)C([2H])([2H])[2H],28.47
[NH2+]=C(CCCCO)[B-](F)(F)F,[2H]C([2H])([2H])C(=O)C([2H])([2H])[2H],-0.6
C[N+]1(C)CCCC(C#N)[B-]1(C(F)(F)F)C(F)(F)F,[2H]C([2H])([2H])C#N,-7.9
COc1ccc2cc([C@H](C)C(=O)OCCCC(CCCCc3ccccc3)B3OC(C)(C)C(C)(C)O3)ccc2c1,[2H]C(Cl)(Cl)Cl,36.03
CC1(C)OB(C(CS(=O)(=O)F)C2CCCCC2)OC1(C)C,[2H]C(Cl)(Cl)Cl,32.62
CCOC(=O)C(F)(F)CC[B-]12OC(=O)C[N+]1(C)CC(=O)O2,[2H]C([2H])([2H])S(=O)C([2H])([2H])[2H],12.46
CCCC(=O)CC(C)B1OC(C)(C)C(C)(C)O1,[2H]C(Cl)(Cl)Cl,33.69
COc1cccc2cc3cccc(OC)c3c(B3Sc4ccccc4S3)c12,[2H]C(Cl)(Cl)Cl,55.0
CC1(C)OB(N(Cc2ccc(CN(B3OC(C)(C)C(C)(C)O3)B3OC(C)(C)C(C)(C)O3)cc2)B2OC(C)(C)C(C)(C)O2)OC1(C)C,[2H]C(Cl)(Cl)Cl,21.1
F[B-]1(c2ccccc2)n2c(Cl)ccc2C(c2ccccc2)=C2C=CC(c3ccc4[nH]ccc4c3)=[N+]21,[2H]C(Cl)(Cl)Cl,4.29
COc1ccc2ccc(C(=O)OC3COC3)c(/C(=C(\B3OC(C)(C)C(C)(C)O3)c3ccc(SC)cc3)c3ccc(SC)cc3)c2c1,[2H]C(Cl)(Cl)Cl,30.06
CC1(C)OB([C@@H](CCCCc2ccccc2)C2CCC3(CC2)OCCO3)OC1(C)C,[2H]C(Cl)(Cl)Cl,35.38
C=CCC/C=C(\CO[Si](C)(C)C(C)(C)C)CB1OC(C)(C)C(C)(C)O1,[2H]c1c([2H])c([2H])c([2H])c([2H])c1[2H],33.5
C=CCC1(B2OC(C)(C)C(C)(C)O2)C2CCCCC21,[2H]C(Cl)(Cl)Cl,33.4
OB(O)c1c(F)cccc1F,[2H]C([2H])([2H])C(=O)C([2H])([2H])[2H],28.06
COc1ccc2ccccc2c1B1C(Br)=Cc2ccccc2N1Cc1cccs1,[2H]C(Cl)(Cl)Cl,40.0
C=CC1CC(B2OC(C)(C)C(C)(C)O2)=CC1(C(=O)OCc1ccccc1)C(O)c1ccccc1,[2H]C(Cl)(Cl)Cl,29.5
OB1Oc2ccccc2C1[NH+]1CCCC1.[Cl-],[2H]OC([2H])([2H])[2H],18.5
COP(=O)(OC)[C@@H]([BH2-][P+](c1ccccc1)(c1ccccc1)C(C)C)c1ccccc1,[2H]C(Cl)(Cl)Cl,-26.75
CC1(C)OB(C2C(CN(Cc3ccccc3)Cc3ccccc3)[C@H]3CC[C@@H]2C3)OC1(C)C,[2H]C(Cl)(Cl)Cl,34.29
Cc1c(C)c2c(c(C)c1OC(=O)CCCC[C@H](NC(=O)c1ccccc1)B1OC(C)(C)C(C)(C)O1)CCC(C)(CCC[C@H](C)CCC[C@H](C)CCCC(C)C)O2,[2H]C(Cl)(Cl)Cl,17.1
COB1C[C@H]2C[C@@H]3C[C@H](C2)CC1(C(C)[Si](C)(C)C)C3,[2H]C(Cl)(Cl)Cl,54.4
COc1cccc2c1N(B1OC(C)(C)C(C)(C)O1)C=CC2,[2H]c1c([2H])c([2H])c([2H])c([2H])c1[2H],24.8
COc1cccc(/C(=C/C(C)(C)C)B2C(Br)=Cc3ccccc3N2C(C)C)c1,[2H]C(Cl)(Cl)Cl,38.69
CC(C)(C)c1ccc2c(c1)N(CCN1B(c3ccccc3)Oc3ccc(C(C)(C)C)cc31)B(c1ccccc1)O2,[2H]C(Cl)(Cl)Cl,32.0
CC(C)CCC(C)(CB1OC(C)(C)C(C)(C)O1)/C(=N/N1CCCCC1)C(F)(F)F,[2H]C(Cl)(Cl)Cl,33.0
CC1=[N+](c2ccc(C#N)cc2)[B-](c2c(F)c(F)c(F)c(F)c2F)(c2c(F)c(F)c(F)c(F)c2F)C(=O)N1c1c(C(C)C)cccc1C(C)C,[2H]c1c([2H])c([2H])c(C([2H])([2H])[2H])c([2H])c1[2H],-10.2
CCB(CC)CCB(CC)CC,[2H]c1c([2H])c([2H])c([2H])c([2H])c1[2H],75.0
CC1(C)OB(c2ccc(Cl)c(P(=O)(C3CCCCC3)C3CCCCC3)c2)OC1(C)C,[2H]C(Cl)(Cl)Cl,30.5
Fc1ccc(Cl)c2c1-c1c(C(c3ccccc3)c3ccccc3)ccc[n+]1[BH2-]2,[2H]C(Cl)(Cl)Cl,-0.29
BrCCCCCB(C1CCCCC1)C1CCCCC1,[2H]c1c([2H])c([2H])c([2H])c([2H])c1[2H],82.5
F[B-](C(F)(F)F)(C(F)(F)F)C(F)(F)F,[2H]C([2H])([2H])C(=O)C([2H])([2H])[2H],-7.3
CC/[N+](=C\C[B-](c1c(F)c(F)c(F)c(F)c1F)(c1c(F)c(F)c(F)c(F)c1F)c1c(F)c(F)c(F)c(F)c1F)c1ccccc1,[2H]c1c([2H])c([2H])c([2H])c([2H])c1[2H],-12.9
CCCCN(CCCC)c1ccc2[n+](c1)[B-]1(Cc3c(CC)nc(-c4ccc(OC)cc4)c(CC)c3C1)c1ccccc1-2,[2H]C(Cl)(Cl)Cl,4.9
CC1(C)OB(C[C@@H]2[C@H](CB3OC(C)(C)C(C)(C)O3)[C@@]2(C)c2ccccc2)OC1(C)C,[2H]C(Cl)(Cl)Cl,34.8
CC[B-]1(CC)/C(=C/C(C)(C)C)[Si](C)(C)[n+]2ccn(C)c21,[2H]c1c([2H])c([2H])c([2H])c([2H])c1[2H],-10.0
CCB(CC)c1cccc(-c2ccccn2)n1,[2H]C(Cl)(Cl)Cl,3.4
C[N+](C)(C)[BH2-]c1nc2ccccc2n(CCOC(=O)Cc2ccc3c(c2)C(=O)c2ccccc2CO3)c1=O,[2H]C(Cl)(Cl)Cl,-6.1
CCCCB1OC(=C(c2ccccc2)c2ccccc2)C(/C=N/[C@@H](C)C2CCCCC2)N1[C@H](C)C1CCCCC1,[2H]c1c([2H])c([2H])c([2H])c([2H])c1[2H],33.9
CCCN(CCC)S(=O)(=O)c1ccc(C(=O)OCCC[C@H](CCCCc2ccccc2)B2OC(C)(C)C(C)(C)O2)cc1,[2H]C(Cl)(Cl)Cl,35.11
CC1(C)OB(CCCCCCCc2ccccn2)OC1(C)C,[2H]C(Cl)(Cl)Cl,33.9
Cc1cc(NC(=O)C[BH2-][N+](C)(C)C)cc(C)c1C,[2H]C(Cl)(Cl)Cl,-3.59
CN1CC(=O)OB(C(CSC(F)(F)F)C(=O)c2ccccc2)OC(=O)C1,[2H]C([2H])([2H])C(=O)C([2H])([2H])[2H],10.5
C[N+](C)(C)[B-](Cl)(Cl)CCl,[2H]C(Cl)(Cl)Cl,8.5
COc1ccc(C(O)C[N+](C)(C)[BH2-]C#N)cc1,[2H]C(Cl)(Cl)Cl,-13.2
CC(C)[N+](=C1O[B-]2(OC(=[N+](C(C)C)C(C)C)c3ccccc32)c2ccccc21)C(C)C.[Cl-],[2H]C(Cl)(Cl)Cl,11.7
COP(=O)(OC)[C@@H]([BH2-][P+](C)(c1ccccc1)c1ccccc1)c1ccc(F)cc1,[2H]C(Cl)(Cl)Cl,-25.98
COc1ccc2ccc(C(=O)OCc3ccc(C)cc3)c(/C(=C(\B3OC(C)(C)C(C)(C)O3)c3ccccc3)c3ccccc3)c2c1,[2H]C(Cl)(Cl)Cl,30.23
COc1cc(OC)cc(B2OC(C)(C)C(C)(C)O2)c1,[2H]C(Cl)(Cl)Cl,30.82
CN1CC(=O)OB(C(CBr)C(=O)c2ccc(C(F)(F)F)cc2)OC(=O)C1,[2H]C([2H])([2H])C#N,10.23
C[N+]1([B-](F)(F)F)CC[N+](C)([B-](F)(F)F)C1,[2H]C(Cl)(Cl)Cl,-0.6
CC(C)OB(CCC[SiH](C)C)OC(C)C,[2H]c1c([2H])c([2H])c([2H])c([2H])c1[2H],29.8
Cc1cc(C[SiH](C)C)c(B2OC(C)(C)C(C)(C)O2)cc1C,[2H]C(Cl)(Cl)Cl,31.21
[BH2-]1c2ccccc2-c2cccc[n+]21,[2H]C([2H])([2H])C(=O)C([2H])([2H])[2H],-9.05
CB(Cl)C(B(Cl)C(C)(C)C)([Si](C)(C)C)[Si](C)(C)C,[2H]C(Cl)(Cl)Cl,72.3
CCCCC1(CCCC)c2ccccc2-c2ccc(C#C[B-]3(C#Cc4ccc5c(c4)C(CCCC)(CCCC)c4ccccc4-5)n4c(C)c(CC)c(C)c4C(C)=C4C(C)=C(CC)C(C)=[N+]43)cc21,[2H]C(Cl)(Cl)Cl,-9.6
C[N+]1(C)C(c2c(F)c(F)c(F)c(F)c2F)[B-]1(C(F)(F)F)C(F)(F)F,[2H]C(Cl)(Cl)Cl,-15.7
COP(=O)(OC)[C@@H]([BH2-][P+](C)(c1ccccc1)c1ccccc1)c1ccc(Cl)cc1,[2H]C(Cl)(Cl)Cl,-26.85
CC1(C)OB(C[Si](C)(C)c2ccc(F)cc2)OC1(C)C,[2H]C(Cl)(Cl)Cl,33.77
CC1(C)OB(/C(=C(\CN(Cc2ccccc2)Cc2ccccc2)c2cccs2)c2cccs2)OC1(C)C,[2H]C(Cl)(Cl)Cl,22.41
CC1CC(C)(C)OB(c2ccccc2)O1,[2H]C(Cl)(Cl)Cl,26.8
CCC1=C(C)C2=C(C)c3c(C)c(CC)c(C)n3[B-](C#Cc3c4ccccc4cc4ccccc34)(C#Cc3c4ccccc4cc4ccccc34)[N+]2=C1C,[2H]C(Cl)(Cl)Cl,-9.4
CC1(C)OB(c2cccc(/C=C/C#N)c2)OC1(C)C,[2H]C(Cl)(Cl)Cl,30.8
CC(C)N(C(=O)O[C@@H](Cc1cn(Cc2ccccc2)c2ccccc12)B1OC(C)(C)C(C)(C)O1)C(C)C,[2H]C(Cl)(Cl)Cl,12.64
CCCC/C(B1OC(C)(C)C(C)(C)O1)=C(\c1cccc(C)c1)c1c(C(=O)OC2COC2)ccc2ccc(OC)cc12,[2H]C(Cl)(Cl)Cl,29.91
CC1(C)OB(/C=C/CCCl)OC1(C)C,[2H]C(Cl)(Cl)Cl,29.7
CC(C)(C)N1C=CN(C(C)(C)C)B1c1cccc(B2N(C(C)(C)C)C=CN2C(C)(C)C)c1,[2H]c1c([2H])c([2H])c([2H])c([2H])c1[2H],25.8
[NH3+]C(c1ccccc1)[B-](F)(F)F,[2H]OC([2H])([2H])[2H],2.66
CC1C(B2OC(C)(C)C(C)(C)O2)c2cc(F)ccc2N1S(=O)(=O)c1ccccc1,[2H]C(Cl)(Cl)Cl,31.8
CCCCB(N(C(C)C)C(C)C)N(C(C)C)C(C)C,[2H]C(Cl)(Cl)Cl,39.3
ClB1C=CCc2ccccc21,[2H]c1c([2H])c([2H])c([2H])c([2H])c1[2H],53.6
C[N+]12CC(=O)O[B-]1(C(I)CC(F)(F)C(=O)NCCc1cccs1)OC(=O)C2,[2H]C([2H])([2H])S(=O)C([2H])([2H])[2H],10.51
[BH3-][P+](CP(c1ccccc1)c1ccccc1)(c1ccccc1)c1ccccc1,[2H]C(Cl)(Cl)Cl,-37.1
CCCCP(CCCC)(CCCC)=NB(Cl)c1ccccc1,[2H]c1c([2H])c([2H])c([2H])c([2H])c1[2H],11.0
C=C(CB1OC(C)(C)C(C)(C)O1)c1ccc2ccccc2c1,[2H]C(Cl)(Cl)Cl,33.21
CCCCCCCB(N(C(C)C)C(C)C)N(C(C)C)C(C)C,[2H]C(Cl)(Cl)Cl,34.7
Cc1cc(C)c(B(F)c2c(C)cc(C)cc2C)c(C)c1,[2H]C(Cl)(Cl)Cl,53.0
CB(Br)C(Br)([Si](C)(C)C)[Si](C)(C)C,[2H]C(Cl)(Cl)Cl,73.5
C/C(=C\COC(=O)CCC[C@]1(B2O[C@H](C)C(C)(C)O2)C[C@@H](c2ccc3ccccc3c2-c2nccc3ccccc23)C1)CCC[C@H](C)CCC[C@H](C)CCCC(C)C,[2H]C(Cl)(Cl)Cl,35.6
CC(C)C[C@H](B1OC(C)(C)C(C)(C)O1)N1C(=O)OC[C@H]1c1ccccc1,[2H]C(Cl)(Cl)Cl,32.26
CN(C)C[B-](C[NH+](C)C)(c1ccccc1)c1ccccc1,[2H]C([2H])([2H])C(=O)C([2H])([2H])[2H],-24.0
C[Si]1(C)CCC[Si](C)(C)N1B1C2CCCC1CCC2,[2H]c1c([2H])c([2H])c([2H])c([2H])c1[2H],58.0
CCCC/C(B1OC(C)(C)C(C)(C)O1)=C(\c1ccccc1)c1c(C(=O)c2ccc(C)cc2)ccc2ccc(OC)cc12,[2H]C(Cl)(Cl)Cl,29.55
O=Cc1ccc([B-](O)(O)[n+]2c(CO)cccc2CO)cc1,[2H]C([2H])([2H])S(=O)C([2H])([2H])[2H],8.4
CC(C)(CCCCOCc1ccccc1)B1OC(C)(C)C(C)(C)O1,[2H]C(Cl)(Cl)Cl,34.7
O=[N+]([O-])c1cccc(B2O[Si](c3ccccc3)(c3ccccc3)OB(c3cccc([N+](=O)[O-])c3)O[Si](c3ccccc3)(c3ccccc3)O2)c1,[2H]C(Cl)(Cl)Cl,25.2
C[N+](C)([BH2-]C#N)CC(O)c1ccco1,[2H]C(Cl)(Cl)Cl,-13.2
C=CCB1CCC[SiH2]C([Si](C)(C)C)=C1CC=C,[2H]c1c([2H])c([2H])c([2H])c([2H])c1[2H],81.1
CC(C)CC(CC(C)C)O[Si](Cc1ccc(B2OC(C)(C)CC(C)(C)O2)cc1C#N)(OC(CC(C)C)CC(C)C)OC(CC(C)C)CC(C)C,[2H]C(Cl)(Cl)Cl,25.9
CCOC(=O)C(F)(F)[C@H](CCN1C(=O)c2ccccc2C1=O)C(Br)[B-]12OC(=O)C[N+]1(C)CC(=O)O2,[2H]C([2H])([2H])S(=O)C([2H])([2H])[2H],10.5
CCCCC[C@H](NC(=O)CCc1ccccc1)B1OC(C)(C)C(C)(C)O1,[2H]C(Cl)(Cl)Cl,19.2
Cc1cc(C)c([Si](Cl)(B2Oc3ccccc3O2)c2c(C([Si](C)(C)C)[Si](C)(C)C)cc(C([Si](C)(C)C)[Si](C)(C)C)cc2C([Si](C)(C)C)[Si](C)(C)C)c(C)c1,[2H]C(Cl)(Cl)Cl,34.6
CC1(C)OB(CC2CC2)OC1(C)C,[2H]C(Cl)(Cl)Cl,33.89
Cc1cccc(C)c1N=C1B(N(C(C)C)C(C)C)C=CCB1N(C(C)C)C(C)C,[2H]c1c([2H])c([2H])c([2H])c([2H])c1[2H],40.0
CC1(C)OB(C2CCCCCCC2B2OC(C)(C)C(C)(C)O2)OC1(C)C,[2H]C(Cl)(Cl)Cl,34.9
C[N+]12CC(=O)O[B-]1(C(Br)CC(F)(F)C(=O)NCCc1ccc3occc3c1)OC(=O)C2,[2H]C([2H])([2H])S(=O)C([2H])([2H])[2H],10.47
CCCCC(CC(=O)[Si](C)(C)C(C)(C)C)B1OC(C)(C)C(C)(C)O1,[2H]C(Cl)(Cl)Cl,34.4
CN1CC(=O)OB(C(CBr)C(=O)C2CCN(C(=O)OC(C)(C)C)CC2)OC(=O)C1,[2H]C([2H])([2H])C(=O)C([2H])([2H])[2H],10.39
COC(=O)c1cc([C@@H]2[C@@H]3C[C@@H]4[C@H]2[C@@H]4[C@H]3B2OC(C)(C)C(C)(C)O2)co1,[2H]C(Cl)(Cl)Cl,33.4
CCCC/C(B1OC(C)(C)C(C)(C)O1)=C(\c1ccc(C(=O)OC)cc1)c1c(C(=O)OC2COC2)ccc2ccc(OC)cc12,[2H]C(Cl)(Cl)Cl,31.81
COC(=O)[BH-](Br)[P+](C1CCCCC1)(C1CCCCC1)C1CCCCC1,[2H]C(Cl)(Cl)Cl,-38.7
Cc1ccc(S(=O)(=O)N2CC(B3OC(C)(C)C(C)(C)O3)c3cc(Cl)ccc32)cc1,[2H]C(Cl)(Cl)Cl,32.39
CCO[Si](OC(CC(C)C)CC(C)C)(OC(CC(C)C)CC(C)C)c1ccc(B2OC(C)(C)CC(C)(C)O2)cc1C(C)C,[2H]C(Cl)(Cl)Cl,26.7
CC([BH2-][N+](C)(C)C)c1ccc(I)cc1,[2H]C(Cl)(Cl)Cl,0.7
CCOP(=O)(OCC)c1cc(B2OC(C)(C)C(C)(C)O2)ccc1C(F)(F)F,[2H]C(Cl)(Cl)Cl,30.8
CC(NB1OC(=C(c2ccccc2)c2ccccc2)C(/C=N/C(C)(C)C)N1C(C)(C)C)c1ccccc1,[2H]c1c([2H])c([2H])c([2H])c([2H])c1[2H],24.6
OB(O)CCCSc1ccccc1,[2H]C(Cl)(Cl)Cl,33.5
C[C@@H]1C(=O)C[C@@]1(B1OC(C)(C)C(C)(C)O1)c1ccc(Cl)cc1,[2H]C(Cl)(Cl)Cl,33.2
CCB(CC)c1c(B(CC)CC)c2c(c3c1B(CC)C(C)B3CC)B(CC)C(C)B2CC,[2H]c1c([2H])c([2H])c([2H])c([2H])c1[2H],77.0
COC(=O)[BH-](C#N)[n+]1ccc(N)cc1,[2H]C([2H])([2H])S(=O)C([2H])([2H])[2H],-14.0
F[B-](F)(F)F.O=C(CCc1ccccc1)C([I+]c1ccccc1)=P(c1ccccc1)(c1ccccc1)c1ccccc1,[2H]C([2H])([2H])S(=O)C([2H])([2H])[2H],-1.17
C=CCB(Cl)Cl,[2H]C(Cl)(Cl)Cl,61.4
CC(C)/C=C/B1OC(C)(C)C(C)(C)O1,[2H]C(Cl)(Cl)Cl,30.2
C=CCB(CC=C)C1=C([Si](C)(C)C)[Si](C)(C)CCC1,[2H]C(Cl)(Cl)Cl,76.9
C/C(Nc1c(C(C)C)cccc1C(C)C)=[N+](/[BH-](c1c(F)c(F)c(F)c(F)c1F)c1c(F)c(F)c(F)c(F)c1F)c1c(F)c(F)c(F)c(F)c1F,[2H]c1c([2H])c([2H])c(C([2H])([2H])[2H])c([2H])c1[2H],-13.3
OB1C=C/C(=C\c2ccccc2)[C@H](c2ccc(F)cc2)O1,[2H]C(Cl)(Cl)Cl,27.3
CC1CC(C)(C)OB(C2(Cl)C3CCCCC32)O1,[2H]C(Cl)(Cl)Cl,28.1
[BH3-][P+](CC#C)(c1ccccc1)C(C)(C)C,[2H]c1c([2H])c([2H])c([2H])c([2H])c1[2H],-37.7
CC(=O)/C(B1OC(=O)CN(C)CC(=O)O1)=C(/C)Br,[2H]C([2H])([2H])C#N,9.21
COc1ccc2c(c1)C(C)=CB(O)O2,[2H]OC([2H])([2H])[2H],26.93
CC(C)N(B(Cl)c1ccc(B(c2ccc(B(Cl)N(C(C)C)C(C)C)n2C)N(C(C)C)C(C)C)n1C)C(C)C,[2H]c1c([2H])c([2H])c([2H])c([2H])c1[2H],35.0
COB1CCCCCCC12CC2(C)C,[2H]C(Cl)(Cl)Cl,55.7
CC1(C)OB(C2(Cl)C3CCCCCCC32)OC1(C)C,[2H]C(Cl)(Cl)Cl,33.1
CC1(C)OB(C(CCc2ccccc2)B2Nc3cccc4cccc(c34)N2)OC1(C)C,[2H]C(Cl)(Cl)Cl,34.3
CC(C)(C)c1ccc(CCB2OC(C)(C)C(C)(C)O2)cc1,[2H]C(Cl)(Cl)Cl,33.57
COc1ccccc1C(CB1OC(C)(C)C(C)(C)O1)c1c(F)c(F)c(C#N)c(F)c1F,[2H]C(Cl)(Cl)Cl,33.2
CN(C)[B-]12OCC[N+]3=Cc4ccccc4O[B-]3(N(C)C)OCC[N+]1=Cc1ccccc1O2,[2H]C(Cl)(Cl)Cl,4.8
COc1cc(B2OC(C)(C)CC(C)(C)O2)ccc1C=O,[2H]C(Cl)(Cl)Cl,26.2
CC[B-](CC)(CC)[n+]1ccc[nH]1,[2H]C(Cl)(Cl)Cl,0.0
C=S(=C)(O[B-]1(C(C)(C)C(C)C)CCCC2=[N+]1CC=C2)C(F)(F)F,[2H]c1c([2H])c([2H])c([2H])c([2H])c1[2H],35.6
F[B-]1(c2ccccc2)n2c(Nc3ccc(Br)cc3)ccc2C(c2ccccc2)=C2C=CC(Cl)=[N+]21,[2H]C(Cl)(Cl)Cl,3.29
CC(C)(C)OC(=O)C(F)(F)C12CC(B3OC(C)(C)C(C)(C)O3)(C1)C2,[2H]C(Cl)(Cl)Cl,30.3
OB1Oc2c(cc3ccccc3c2-c2c(OC(c3ccccc3)(c3ccccc3)c3ccccc3)ccc3ccccc23)C2=C1CCCC2,[2H]C([2H])([2H])S(=O)C([2H])([2H])[2H],27.01
CC1(C)OB(N2C=CCC(c3ccccc3)=C2)OC1(C)C,[2H]c1c([2H])c([2H])c([2H])c([2H])c1[2H],24.0
CC[SiH](CC)C(C)c1ccccc1B1OC(C)(C)C(C)(C)O1,[2H]C(Cl)(Cl)Cl,31.28
C=C(B1OC(C)(C)C(C)(C)O1)C(CN(Cc1ccccc1)Cc1ccccc1)c1ccccc1,[2H]C(Cl)(Cl)Cl,30.63
CC(C)OB(c1c(F)c(F)c(F)c(F)c1F)c1c(F)c(F)c(F)c(F)c1F,[2H]c1c([2H])c([2H])c([2H])c([2H])c1[2H],39.58
COC(=O)C([BH-](Cc1ccc(F)cc1)c1n(C)cc[n+]1C)c1ccccc1,[2H]C(Cl)(Cl)Cl,-14.2
CCCC/C(B1OC(C)(C)C(C)(C)O1)=C(\c1ccccc1)c1c(C(=O)OC2COC2)ccc2ccc(OC)cc12,[2H]C(Cl)(Cl)Cl,31.12
OB1C=C/C(=C\c2ccccc2)[C@H](c2ccc3ccccc3c2)O1,[2H]C(Cl)(Cl)Cl,27.7
CC(C)(CCCCO[Si](c1ccccc1)(c1ccccc1)C(C)(C)C)B1OC(C)(C)C(C)(C)O1,[2H]C(Cl)(Cl)Cl,34.5
C=CC1CC(B2OC(C)(C)C(C)(C)O2)=CC1(C(=O)OC)C(O)c1ccc(Cl)cc1,[2H]C(Cl)(Cl)Cl,28.9
CO[B-]12Oc3c(cc(C(C)(C)C)cc3C(C)(C)C)C=[N+]1c1cccc(c1)[B-]1(OC)Oc3c(cc(C(C)(C)C)cc3C(C)(C)C)C=[N+]1c1cccc(c1)[B-]1(OC)Oc3c(cc(C(C)(C)C)cc3C(C)(C)C)C=[N+]1c1cccc2c1,[2H]C(Cl)(Cl)Cl,4.7
C[B-]1=[O+]N(C)C(c2ccccc2)C1([Si](C)(C)C)[Si](C)(C)C,[2H]C(Cl)(Cl)Cl,51.9
CC[N+](CC)(CC)[B-]1(c2ccccc2)O[Si](c2ccccc2)(c2ccccc2)OB(c2ccccc2)O[Si](c2ccccc2)(c2ccccc2)O1,[2H]C(Cl)(Cl)Cl,21.3
COc1ccc2ccc(C(=O)OC3COC3)c(/C(=C(\B3OC(C)(C)C(C)(C)O3)c3ccc(C)cc3)c3ccc(C)cc3)c2c1,[2H]C(Cl)(Cl)Cl,30.71
[BH3-][N+]1(C(C)(C)C)CN(C(C)(C)C)CN(C(C)(C)C)C1,[2H]C(Cl)(Cl)Cl,-14.8
CC1CB(O)Oc2ccccc21,[2H]OC([2H])([2H])[2H],32.21
CCB(CC)c1cccc(-c2cccc(B(CC)CC)n2)n1,[2H]C(Cl)(Cl)Cl,3.2
CC(=O)c1ccc([B-]23OCCOCC[N+]2=C(C)c2ccccc2O3)cc1,[2H]C(Cl)(Cl)Cl,7.2
C=CCB(CC=C)C1=C([Si](C)(C)C)[SiH2]CCC1,[2H]c1c([2H])c([2H])c([2H])c([2H])c1[2H],79.0
CC1(C)OB(CCC(CS(=O)(=O)F)B2OC(C)(C)C(C)(C)O2)OC1(C)C,[2H]C(Cl)(Cl)Cl,34.02
CC/C(I)=C(\CC)B(I)N(C(C)C)C(C)C,[2H]C(Cl)(Cl)Cl,28.1
Cn1c2[n+](c3ccccc31)[B-](O)(c1ccccc1)NC(N)=N2,[2H]C([2H])([2H])S(=O)C([2H])([2H])[2H],0.2
CC(C)(C)N1C=CN(C(C)(C)C)B1Cl,[2H]c1c([2H])c([2H])c([2H])c([2H])c1[2H],20.2
Cc1cc(B2OC(C)(C)C(C)(C)O2)cc(C)c1N,[2H]C(Cl)(Cl)Cl,32.63
CC1=CB(O)Oc2c(F)cc(F)cc21,[2H]OC([2H])([2H])[2H],26.6
C#CB1C(Br)=Cc2cc(F)ccc2N1C1CCCC1,[2H]C(Cl)(Cl)Cl,26.91
C[Si](C)(C)C#CB1Oc2ccccc2S1,[2H]C(Cl)(Cl)Cl,37.0
[N-]=[N+]=NB(N=[N+]=[N-])c1c(F)cccc1F,[2H]c1c([2H])c([2H])c([2H])c([2H])c1[2H],36.5
c1ccc2cc3c(cc2c1)OB(OB1Oc2cc4ccccc4cc2O1)O3,[2H]C(Cl)(Cl)Cl,16.4
N#Cc1ccc(/C=C/[B-](F)(F)F)cn1,[2H]C([2H])([2H])S(=O)C([2H])([2H])[2H],2.35
[BH3-][NH+]=P(CCCC)(C(C)(C)C)C(C)(C)C,[2H]c1c([2H])c([2H])c([2H])c([2H])c1[2H],-21.0
C[NH+](C)[B-](C(=O)O)(C(F)(F)F)C(F)(F)F,[2H]C([2H])([2H])C(=O)C([2H])([2H])[2H],-12.4
CC(C)(C)c1ccc(B(c2ccc(C(C)(C)C)cc2)c2ccc(-c3ccc([B-](c4ccc(C(C)(C)C)cc4)(c4ccc(C(C)(C)C)cc4)[n+]4ccccc4)s3)s2)cc1,[2H]C(Cl)(Cl)Cl,2.7
Cc1ccc(Nc2ccc3n2[B-](F)(c2ccccc2)[N+]2=C(Cl)C=CC2=C3c2cccc(C(F)(F)F)c2)cc1,[2H]C(Cl)(Cl)Cl,3.76
COc1cccc(/C(=C/C(C)(C)C)B2C=Cc3ccccc3N2C2CCCC2)c1,[2H]C(Cl)(Cl)Cl,36.58
C=CC1CC(B2OC(C)(C)C(C)(C)O2)=CC1(C(=O)OC1CCC2=CC[C@H]3[C@@H]4CC[C@H]([C@H](C)CCCC(C)C)[C@@]4(C)CC[C@@H]3[C@@]2(C)C1)C(O)c1ccccc1,[2H]C(Cl)(Cl)Cl,29.3
CC(C)(C#N)CB1OC(C)(C)C(C)(C)O1,[2H]C(Cl)(Cl)Cl,32.4
c1ccc([B-]2(c3ccccc3)Oc3cccc[n+]3O2)cc1,[2H]C(Cl)(Cl)Cl,15.5
CCCC/C=C/B(F)F,[2H]C(Cl)(Cl)Cl,23.76
Clc1ccc2c(c1)-c1cccc[n+]1[BH2-]2,[2H]C([2H])([2H])C(=O)C([2H])([2H])[2H],-9.14
CCCC/C(B1OC(C)(C)C(C)(C)O1)=C(\c1ccc(OC(F)(F)F)cc1)c1c(C(=O)OC2COC2)ccc2ccc(OC)cc12,[2H]C(Cl)(Cl)Cl,28.0
c1cc2c3c(cccc3c1)NB(c1ccc3c(c1)OCO3)N2,[2H]C(Cl)(Cl)Cl,29.7
CC(C)(C)B1N(c2c(F)c(F)c(F)c(F)c2F)B(C(C)(C)C)N1c1c(F)c(F)c(F)c(F)c1F,[2H]C(Cl)(Cl)Cl,47.0
[NH3+]C(C1CCCC1)[B-](F)(F)F,[2H]C([2H])([2H])S(=O)C([2H])([2H])[2H],2.77
Cc1ccc(C(B2OC(C)(C)C(C)(C)O2)C(B2OC(C)(C)C(C)(C)O2)B2OC(C)(C)C(C)(C)O2)cc1,[2H]C(Cl)(Cl)Cl,33.0
CC1(C)OB(CB2OC(C)(C)C(C)(C)O2)OC1(C)C,[2H]C(Cl)(Cl)Cl,33.5
CCCC/C=C1/[B-](CC)(CC)[n+]2cccn2[Si]1(C)C,[2H]C(Cl)(Cl)Cl,2.1
CCN(CC)C1=NC=CC(B2OC(C)(C)C(C)(C)O2)=CC1,[2H]C(Cl)(Cl)Cl,30.5
CC1=C(C)B(C[Si](C)(C)C)C(C)B1C[Si](C)(C)C,[2H]c1c([2H])c([2H])c([2H])c([2H])c1[2H],68.8
[BH3-][PH2+]c1ccc(C(F)(F)F)cc1,[2H]c1c([2H])c([2H])c([2H])c([2H])c1[2H],-33.6
c1ccc2cc3c(cc2c1)OB1Oc2cc4ccccc4cc2-c2cc4ccccc4cc2OB(Oc2cc4ccccc4cc2-3)Oc2cc3ccccc3cc2-c2cc3ccccc3cc2O1,[2H]C(Cl)(Cl)Cl,15.6
COc1ccc2c(c1)C(B1OC(C)(C)C(C)(C)O1)CN2S(=O)(=O)c1ccc(C)cc1,[2H]C(Cl)(Cl)Cl,32.39
C=C(CB1OC(C)(C)C(C)(C)O1)c1ccc(C(C)(C)C)cc1,[2H]C(Cl)(Cl)Cl,33.2
COc1ccc(/C(=C/Cc2ccccc2)CB2OC(C)(C)C(C)(C)O2)cc1,[2H]C(Cl)(Cl)Cl,33.03
Cc1ccc(C([NH3+])[B-](F)(F)F)cc1,[2H]OC([2H])([2H])[2H],2.67
C=CC1CC(B2OC(C)(C)C(C)(C)O2)=CC1(C(=O)OC)C(O)c1ccc(C(=O)OC)cc1,[2H]C(Cl)(Cl)Cl,29.1
CC1CC[C@@H](C(C)C)C(OC(=O)CCC[C@]2(B3O[C@H](C)[C@@H](C)O3)C[C@@H](c3ccc4ccccc4c3-c3nccc4ccccc34)C2)C1,[2H]C(Cl)(Cl)Cl,33.7
Cc1ccc(/C(=C/c2ccccc2)B2OC(C)(C)C(C)(C)O2)cc1,[2H]C(Cl)(Cl)Cl,31.3
[BH3-][N+](C)(C)Cc1c(C(C)C)cc(C(C)C)cc1C(C)C,[2H]C1([2H])OC([2H])([2H])C([2H])([2H])C1([2H])[2H],-7.11
CC([BH2-][N+](C)(C)C)c1ccc(-c2ccccc2)cc1,[2H]C(Cl)(Cl)Cl,0.75
CC(CCc1ccccc1)(B1Nc2cccc3cccc(c23)N1)B1OC(C)(C)C(C)(C)O1,[2H]C(Cl)(Cl)Cl,35.6
CC1c2ccc(s2)B(N(C(C)C)C(C)C)c2ccc(s2)C(C)c2ccc(s2)B(N(C(C)C)C(C)C)c2ccc1s2,[2H]C(Cl)(Cl)Cl,35.0
COc1ccc2ccccc2c1B1C(Br)=Cc2ccccc2N1Cc1ccc(F)cc1,[2H]C(Cl)(Cl)Cl,40.8
CCCC[N+](CCCC)(CCCC)CCCC.COC(=O)/C=C/c1ccc([B-](F)(F)F)cc1,[2H]C([2H])([2H])S(=O)C([2H])([2H])[2H],2.42
CC1(C)OB(C2CC2c2cc(F)ccc2F)OC1(C)C,[2H]C(Cl)(Cl)Cl,32.83
C[N+](C)(C)[BH2-]c1ccnc2[nH]ncc12,[2H]C(Cl)(Cl)Cl,-4.0
FC(F)(F)c1ccc(CNB2OCCO2)cc1,[2H]C(Cl)(Cl)Cl,25.8
Cc1cc(B2OC(C)(C)C(C)(C)O2)c2ccc(C(F)(F)F)cc2n1,[2H]C(Cl)(Cl)Cl,31.02
CCC(=[NH2+])[B-](F)(F)F,[2H]C([2H])([2H])C(=O)C([2H])([2H])[2H],-0.59
OB1Oc2ccc(F)cc2C1[NH+]1CCOCC1.[Cl-],[2H]OC([2H])([2H])[2H],14.8
Cc1cc(F)c(CCB2OC(C)C(C)O2)cc1C,[2H]C(Cl)(Cl)Cl,33.77
C=C(CC(=O)OC)B1OC(C)(C)C(C)(C)O1,[2H]C(Cl)(Cl)Cl,29.58
C[Si](C)(C)C1(B(Cl)Cl)C=Cc2ccccc21,[2H]C(Cl)(Cl)Cl,49.1
CCCC/C(B1OC(C)(C)C(C)(C)O1)=C(/C#C[Si](C)(C)C)c1ccc(C(=O)OCC)cc1,[2H]C(Cl)(Cl)Cl,31.0
OB(Cl)C[C@H]1CCC[NH2+]1,[2H]O[2H],30.7
Cc1ccc2ccccc2c1BN(C1CCCCC1)C1CCCCC1,[2H]C(Cl)(Cl)Cl,40.6
CC(C)CC(CC(C)C)O[Si](ON=Cc1c(F)cc(B2OC(C)(C)CC(C)(C)O2)cc1Br)(OC(CC(C)C)CC(C)C)OC(CC(C)C)CC(C)C,[2H]C(Cl)(Cl)Cl,25.2
C[NH+](C)[BH-](C(F)(F)F)C(F)(F)F,[2H]C(Cl)(Cl)Cl,-10.0
c1ccc2c(c1)Nc1cccc[n+]1[B-]2(c1ccsc1)c1ccsc1,[2H]C([2H])([2H])C(=O)C([2H])([2H])[2H],-4.24
CC1(C)COB(CCCc2ccccc2)OC1,[2H]C(Cl)(Cl)Cl,30.38
CCB(CC)c1c(B(CC)CC)c(B(CC)CC)c(B(CC)CC)c(B(CC)CC)c1B(CC)CC,[2H]c1c([2H])c([2H])c([2H])c([2H])c1[2H],83.7
Cc1ccc(/C(B2OC(C)(C)C(C)(C)O2)=C(\B2OC(C)(C)C(C)(C)O2)c2ccc(C)cc2)cc1,[2H]C(Cl)(Cl)Cl,30.5
CC1(C)OB([C@@H]2[C@H](B3OC(C)(C)C(C)(C)O3)[C@H]3C=C[C@@H]2C3)OC1(C)C,[2H]C(Cl)(Cl)Cl,34.4
Cc1cc(C)c(B(C#Cc2ccccc2)N(C)C)c(C)c1,[2H]C(Cl)(Cl)Cl,34.5
CC1(C)OB([C@@H](CCCCc2ccccc2)C2CCCCCCC2)OC1(C)C,[2H]C(Cl)(Cl)Cl,33.82
C=C[Si](C)(CB1OC(C)(C)C(C)(C)O1)c1ccccc1,[2H]C(Cl)(Cl)Cl,33.57
c1ccc2cc3c(cc2c1)OB(B1Oc2cc4ccccc4cc2O1)O3,[2H]OC([2H])([2H])[2H],31.6
COc1ccc2c(c1)C=CCN2B1OC(C)(C)C(C)(C)O1,[2H]c1c([2H])c([2H])c([2H])c([2H])c1[2H],24.7
Brc1ccccc1CNB1OCCO1,[2H]C(Cl)(Cl)Cl,25.9
C[N+](C)(C)[BH2-]c1cc(-c2cccc(C#N)c2)c2ccccc2n1,[2H]C(Cl)(Cl)Cl,-3.6
COc1ccc(B2OC(C)(C)C(C)(C)O2)cc1OC,[2H]C(Cl)(Cl)Cl,30.69
Cc1nc(-c2ccccc2)c(C)c2c1C[B-]1(C2)c2ccccc2-c2ccc(N(c3ccccc3)c3ccccc3)c[n+]21,[2H]C(Cl)(Cl)Cl,6.0
CC1(C)OB(C2C(B3OC(C)(C)C(C)(C)O3)C2c2ccc(COCc3ccco3)cc2)OC1(C)C,[2H]C(Cl)(Cl)Cl,32.9
BN(C(C)C)C(C)C,[2H]C1([2H])OC([2H])([2H])C([2H])([2H])C1([2H])[2H],35.0
CC(C)(C)C(=O)Nc1cc(B2OC(C)(C)C(C)(C)O2)c(NC(=O)C(C)(C)C)cc1B1OC(C)(C)C(C)(C)O1,[2H]C([2H])(Cl)Cl,30.4
CC1(C)OB(c2ccc(OC(F)F)cc2)OC1(C)C,[2H]C(Cl)(Cl)Cl,30.91
Cc1cc(C)c2c(c1)-c1cccc[n+]1[BH2-]2,[2H]C(Cl)(Cl)Cl,-8.58
CCC1(CC)OB(/C(=C/S(=O)(=O)F)CCCOC(=O)C2CCC(C)CC2)OC1(CC)CC,[2H]C(Cl)(Cl)Cl,28.88
COC(=O)[C@@H](C)C(C=C(C)C)B1OC(C)(C)C(C)(C)O1,[2H]C(Cl)(Cl)Cl,32.6
Cc1ccc2c(c1)OB(c1ccccc1)N2CCCN1B(c2ccccc2)Oc2cc(C)ccc21,[2H]C(Cl)(Cl)Cl,34.1
CC(C)(C)c1cc(C(C)(C)C)cc(C23CC(B4OC(C)(C)C(C)(C)O4)(C2)C3)c1,[2H]C(Cl)(Cl)Cl,30.8
Cc1ccc(C)c(OCCCC(C)(C)C(=O)OCCC/C=C/B2OC(C)(C)C(C)(C)O2)c1,[2H]C(Cl)(Cl)Cl,29.9
CC(C)(C)c1cc2c(c(C(C)(C)C)c1)O[B-](Cl)(Cl)[N+](c1ccccc1)=C2,[2H]C(Cl)(Cl)Cl,2.48
C=CCB(CC=C)C1=C([Si](C)(C)C)[Si](C(C)C)(C(C)C)CCC1,[2H]c1c([2H])c([2H])c([2H])c([2H])c1[2H],81.5
Oc1cccc2c1O[B-]1(O)c3cccc(c3)[N+]3=Cc4cccc(O)c4O[B-]3(O)c3cccc(c3)[N+]3=Cc4cccc(O)c4O[B-]3(O)c3cccc(c3)[N+]1=C2,[2H]C([2H])([2H])S(=O)C([2H])([2H])[2H],2.0
CC1(C)OB([C@H]2[C@H]3C[C@@H]4[C@H]([C@@H]3c3ccc([N+](=O)[O-])cc3)[C@@H]42)OC1(C)C,[2H]C(Cl)(Cl)Cl,33.3
CC1(C)OB(C2c3ccccc3Cc3ccccc32)OC1(C)C,[2H]c1c([2H])c([2H])c([2H])c([2H])c1[2H],24.9
CC(C)CC(CC(C)C)O[Si](Cc1c(F)cc(B2OC(C)(C)CC(C)(C)O2)cc1Cl)(OC(CC(C)C)CC(C)C)OC(CC(C)C)CC(C)C,[2H]C(Cl)(Cl)Cl,25.6
Cc1ccc(S(=O)(=O)N2Cc3cc(B4OC(C)(C)C(C)(C)O4)c(-c4ccccc4)cc3C2)cc1,[2H]c1c([2H])c([2H])c([2H])c([2H])c1[2H],32.0
C=C(B1OC(C)(C)C(C)(C)O1)C(CCCCCCCCCC)CN(Cc1ccccc1)Cc1ccccc1,[2H]C(Cl)(Cl)Cl,31.58
Clc1cccc2c1[BH-](C1c3cc(Br)ccc3-c3ccc(Br)cc31)[n+]1ccccc1-2,[2H]C(Cl)(Cl)Cl,-1.48
C[N+](C)(C)[BH2-]CC(=O)N(c1ccc(Cl)cc1)c1ccc(Cl)cc1,[2H]C(Cl)(Cl)Cl,-4.15
CC(C)(C)NC(=O)Oc1ccc2n1[B-](F)(c1ccccc1)[N+]1=C(Cl)C=CC1=C2c1ccccc1,[2H]C(Cl)(Cl)Cl,3.81
C[N+](C)(C)[BH2-]c1cc(=O)c2ccccc2o1,[2H]C(Cl)(Cl)Cl,-4.6
Cc1ccc(S(=O)(=O)N2B(c3ccc(C(F)(F)F)cc3)OC(C3CCCCC3)(C3CCCCC3)[C@@H]2C(C)C)cc1,[2H]C(Cl)(Cl)Cl,32.6
C=CC/C(=C\B(Cl)OC(C)C)c1ccccc1,[2H]c1c([2H])c([2H])c([2H])c([2H])c1[2H],30.79
CC1(C)OB([C@@H]2[C@H](B3OC(C)(C)C(C)(C)O3)[C@]2(C)c2ccc(F)cc2)OC1(C)C,[2H]C(Cl)(Cl)Cl,33.2
C/C(Br)=C(\B1OC(=O)CN(C)CC(=O)O1)C(=O)c1ccc(F)cc1,[2H]C([2H])([2H])C#N,9.48
C[N+]1(C)Cc2ccccc2O[B-]1(c1ccccc1)c1ccccc1,[2H]C(Cl)(Cl)Cl,5.41
O=C([O-])C(F)(F)F.OB(O)C[C@H]1CCC[NH2+]1,[2H]C(Cl)(Cl)Cl,30.6
Cc1ccc2ccccc2c1BN1C(C)(C)CCCC1(C)C,[2H]C(Cl)(Cl)Cl,42.5
Cc1ccc(C(CB2OC(C)(C)C(C)(C)O2)CN(Cc2ccccc2)Cc2ccccc2)cc1,[2H]C(Cl)(Cl)Cl,32.62
C=CC(O)(CCCCC)B1OC(=O)CN(C)CC(=O)O1,[2H]C([2H])([2H])C#N,10.21
CC1(C)OB(CC(O)COc2ccc(-c3ccccc3)cc2Cl)OC1(C)C,[2H]C(Cl)(Cl)Cl,33.68
CC(C)(C)c1ccc2c(c1)B(O)O[Si](C)(C)C2,[2H]C(Cl)(Cl)Cl,28.47
CC1(C)OB([C@@H](CCCCc2ccccc2)C2CCOCC2)OC1(C)C,[2H]C(Cl)(Cl)Cl,33.62
CCCC/C(B1OC(C)(C)C(C)(C)O1)=C(\c1ccccc1)c1c(C(=O)c2ccc(F)cc2)ccc2ccc(OC)cc12,[2H]C(Cl)(Cl)Cl,29.8
CC1(C)OB(CCCc2ccc(-c3ccccc3)cc2)OC1(C)C,[2H]C(Cl)(Cl)Cl,34.1
[BH3-][P+](C[C@@H](C(C)=O)P(=O)(c1ccccc1)c1ccccc1)(c1ccccc1)c1ccccc1,[2H]C(Cl)(Cl)Cl,-40.0
CC(C)CC(CC(C)C)O[Si](ON=Cc1ccc(B2OC(C)(C)CC(C)(C)O2)cc1N1CCCCC1)(OC(CC(C)C)CC(C)C)OC(CC(C)C)CC(C)C,[2H]C(Cl)(Cl)Cl,26.0
C=CC(O)(B1OC(=O)CN(C)CC(=O)O1)c1ccccc1C,[2H]C([2H])([2H])C(=O)C([2H])([2H])[2H],10.38
COC1=CCC=CN1B1OC(C)(C)C(C)(C)O1,[2H]c1c([2H])c([2H])c([2H])c([2H])c1[2H],23.8
CC(C)/C=C(/B1OC(C)(C)C(C)(C)O1)N1C(=O)O[C@H](c2ccccc2)[C@@H]1c1ccccc1,[2H]C(Cl)(Cl)Cl,28.81
COc1ccc2ccccc2c1B1C(Br)=Cc2c(ccc3ccccc23)N1Cc1ccccc1,[2H]C(Cl)(Cl)Cl,38.5
CCC1=C(C)C2=C(c3ccc([N+](=O)[O-])c([N+](=O)[O-])c3)c3c(C)c(CC)c(C)n3[B-](F)(F)[N+]2=C1C,[2H]C(Cl)(Cl)Cl,3.72
OCc1cccc(CO)[n+]1[B-](O)(O)c1ccc(Br)cc1,[2H]C([2H])([2H])S(=O)C([2H])([2H])[2H],8.2
C/C(=[N+]1\N=C(C(C)(C)C)C[B-]1(Cl)Cl)C(C)(C)C,[2H]C(Cl)(Cl)Cl,7.4
CC(C)(C)OC(=O)N1CC2(B3OC(C)(C)C(C)(C)O3)CC1(C(=O)OC(C)(C)C)C2,[2H]C(Cl)(Cl)Cl,31.9
CC1(C)OB(c2ccc(O[Si](C)(C)C)o2)OC1(C)C,[2H]C(Cl)(Cl)Cl,26.7
CCSc1ccc2ccccc2c1B1C=Cc2ccccc2N1Cc1ccccc1,[2H]C(Cl)(Cl)Cl,37.04
CC1(C)OB(C(B2Nc3cccc4cccc(c34)N2)C2CCCCC2)OC1(C)C,[2H]C(Cl)(Cl)Cl,32.9
[BH3-][P+](O[C@H]1CCCC[C@@H]1c1ccccc1)(c1ccccc1)c1ccccc1,[2H]C(Cl)(Cl)Cl,-39.7
COc1ccc(CCC[C@H](CC2CCCCC2)B2OC(C)(C)C(C)(C)O2)cc1,[2H]C(Cl)(Cl)Cl,34.31
CC=C(C)CC(C)(CB1OC(C)C(C)O1)c1ccc2ccccc2c1,[2H]C(Cl)(Cl)Cl,33.17
C=S1N(S(C)(=O)=O)[B-](C(F)(F)F)(C(F)(F)F)[N+]1(C)C,[2H]C(Cl)(Cl)Cl,-3.1
C[N+](C)(C)[BH2-]CC(=O)N(c1ccc(F)cc1)c1ccc(F)cc1,[2H]C(Cl)(Cl)Cl,-4.12
CCCCCCN(CCCCCC)C(=O)c1cccc(B2OC(C)(C)C(C)(C)O2)c1Br,[2H]C(Cl)(Cl)Cl,30.0
CC1(C)OB(c2ccc(-c3ccc(F)cc3)cc2)OC1(C)C,[2H]C(Cl)(Cl)Cl,30.85
CC(=O)OC1=CN(B2OC(C)(C)C(C)(C)O2)C=CC1,[2H]c1c([2H])c([2H])c([2H])c([2H])c1[2H],23.9
C=CCB1CCC[Si](c2ccccc2)(c2ccccc2)C([Si](C)(C)C)=C1CC=C,[2H]c1c([2H])c([2H])c([2H])c([2H])c1[2H],81.4
CC1(C)OB(/C(=C\c2ccccc2)C(O)C23CCCCC2O3)OC1(C)C,[2H]C(Cl)(Cl)Cl,30.5
CC1(C)OB(C2CC2c2ccc(OC(F)(F)F)cc2)OC1(C)C,[2H]C(Cl)(Cl)Cl,33.01
C=CCC(C)(C(=O)OC)C(B1OC(C)(C)C(C)(C)O1)c1ccc(Br)cc1,[2H]C(Cl)(Cl)Cl,32.4
Cc1ccc(CB2OC(C)(C)C(C)(C)O2)cc1,[2H]C(Cl)(Cl)Cl,32.7
CC1(C)OB(OC2CCCCC2)OC1(C)C,[2H]C(Cl)(Cl)Cl,22.3
CCCC[n+]1ccn(C)c1.c1ncn([BH-](n2cncn2)n2cncn2)n1,[2H]C([2H])([2H])S(=O)C([2H])([2H])[2H],-0.43
CC(C)(C)c1ccc(C=C=CC(B2OC(C)(C)C(C)(C)O2)B2OC(C)(C)C(C)(C)O2)cc1,[2H]C(Cl)(Cl)Cl,33.1
CC1(C)COB(C2(Cl)C3CCCCC32)OC1,[2H]C(Cl)(Cl)Cl,28.6
CC(C)(C)P(=[NH+][B-](c1c(F)c(F)c(F)c(F)c1F)(c1c(F)c(F)c(F)c(F)c1F)c1c(F)c(F)c(F)c(F)c1F)(C(C)(C)C)C(C)(C)C,[2H]C([2H])(Cl)Cl,-9.5
CC1=CB(O)N(CC2CCCCC2)c2ccccc21,[2H]OC([2H])([2H])[2H],26.65
Cc1ccc2ccccc2c1BN(C(C)C)C(C)C,[2H]C(Cl)(Cl)Cl,39.4
CC(C)(C)/C=C(\B1C(Br)=Cc2ccccc2N1C1CCCC1)c1cccc(C(=O)O[C@@H]2C[C@@H]3CCC2(C)C3(C)C)c1,[2H]C(Cl)(Cl)Cl,37.2
Cc1ccc(B(O[Si](c2ccccc2)(c2ccccc2)c2ccccc2)O[Si](c2ccccc2)(c2ccccc2)c2ccccc2)cc1,[2H]C(Cl)(Cl)Cl,27.9
COc1cccc(/C(=C/C2(C)CCCCC2)B2C(Br)=Cc3ccccc3N2C2CCCC2)c1,[2H]C(Cl)(Cl)Cl,39.06
CC(C)COC(=O)[B-](Br)(Br)[N+](C)(C)C,[2H]C(Cl)(Cl)Cl,-3.51
CC1(C)OB(CC(CN(Cc2ccccc2)Cc2ccccc2)c2cccs2)OC1(C)C,[2H]C(Cl)(Cl)Cl,30.01
COc1cccc(C(=O)N(C)C)c1B1OC(C)(C)C(C)(C)O1,[2H]C(Cl)(Cl)Cl,27.69
C[N+]1([BH-](C#N)C(=O)O)C=CN=C1,[2H]O[2H],-18.8
CC1=CB(O)Oc2ccccc21,[2H]OC([2H])([2H])[2H],27.02
CC1(C)OB([C@@]2(CCCc3ccccc3)CC(=O)[C@H]2CCCc2ccccc2)OC1(C)C,[2H]C(Cl)(Cl)Cl,34.3
CC(C)N(B(C#C[Si](C)(C)C)N(C(C)C)C(C)C)C(C)C,[2H]C(Cl)(Cl)Cl,25.0
C#Cc1cn2[n+](c1)[B-](CCCCCC)(CCCCCC)n1cc(C#C)c[n+]1[B-]2(CCCCCC)CCCCCC,[2H]C(Cl)(Cl)Cl,3.38
CC1(C)OB(C(CCC#Cc2ccccc2)B2OC(C)(C)C(C)(C)O2)OC1(C)C,[2H]C(Cl)(Cl)Cl,34.0
CC(C)(C)C#C[Si](C)(C)CCCB1C2CCCC1CCC2,[2H]c1c([2H])c([2H])c([2H])c([2H])c1[2H],80.6
COC(=O)C(C)c1ccc(CC(C)CB2OC(C)(C)C(C)(C)O2)cc1,[2H]C(Cl)(Cl)Cl,33.9
COc1ccc(C[C@@H](Cc2ccccc2)B2OC(C)(C)C(C)(C)O2)cc1,[2H]C(Cl)(Cl)Cl,33.6
[BH3-][N@@+](C)(Cc1ccccc1)[C@@H](C)C(=O)OC,[2H]C(Cl)(Cl)Cl,-10.0
CC1(C)OB(Cc2ccccc2C(=O)[O-])OC1(C)C,[2H]C(Cl)(Cl)Cl,30.7
CC(C)(C)c1cccc(C(C)(C)C)c1OB(N=[N+]=[N-])N(C(C)(C)C)[Si](C)(C)C,[2H]C(Cl)(Cl)Cl,21.7
Cc1nccnc1-c1c2ccccc2ccc1[C@H]1C[C@](B2OC(C)(C)C(C)(C)O2)(c2ccccc2)C1,[2H]C(Cl)(Cl)Cl,35.8
c1ccc(N2CCCC2B2C3CCCC2CCC3)nc1,[2H]C(Cl)(Cl)Cl,-0.35
COc1cc(/C=C(/B2OC(C)(C)C(C)(C)O2)N2CCOC2=O)cc(OC)c1OC,[2H]C(Cl)(Cl)Cl,28.47
C[C@@H]1C(=O)C[C@@]1(B1OC(C)(C)C(C)(C)O1)c1ccc2ccccc2c1,[2H]C(Cl)(Cl)Cl,33.1
CC(C)CC(CC(C)C)O[Si](Cc1ccc(B2OC(C)(C)CC(C)(C)O2)cc1OC(F)(F)F)(OC(CC(C)C)CC(C)C)OC(CC(C)C)CC(C)C,[2H]C(Cl)(Cl)Cl,25.9
CCCCN1B(c2ccccc2Br)C=Cc2ccccc21,[2H]C(Cl)(Cl)Cl,36.2
C=C(B1OC(C)(C)C(C)(C)O1)C(B1OC(C)(C)C(C)(C)O1)(c1ccccc1)c1ccc(C)cc1,[2H]C(Cl)(Cl)Cl,31.7
CB(C)C(CC(C)(C)C)(B(C)C)B(C)C,[2H]C(Cl)(Cl)Cl,82.6
Cn1ccc2cc([C@@H]3[C@@H]4C[C@@H]5[C@H]3[C@@H]5[C@H]4B3OC(C)(C)C(C)(C)O3)ccc21,[2H]C(Cl)(Cl)Cl,33.6
C=C(CB1OC(C)(C)C(C)(C)O1)c1cccc(C(F)(F)F)c1,[2H]C(Cl)(Cl)Cl,22.18
CO[B-]1(c2ccccc2)n2c(Nc3ccc(C)cc3)ccc2C(c2ccccc2)=C2C=CC(Cl)=[N+]21,[2H]C(Cl)(Cl)Cl,3.06
CC1(C)OB(CC=C2CCC(OCc3ccc(-c4ccccc4)cc3)CC2)OC1(C)C,[2H]C(Cl)(Cl)Cl,33.46
CC(C)c1ccccc1B1OC(C)(C)C(C)(C)O1,[2H]C(Cl)(Cl)Cl,31.06
C[n+]1cnn(N)c1.c1ncn([BH-](n2cncn2)n2cncn2)n1,[2H]C([2H])([2H])S(=O)C([2H])([2H])[2H],-0.38
CC(=O)c1ccc([B@@-]23Oc4ccccc4C[N@@H+]2c2cc([N+](=O)[O-])ccc2O3)cc1,[2H]C([2H])([2H])S(=O)C([2H])([2H])[2H],8.4
CC(C)(C)/C=C(\B1OC(C)(C)C(C)(C)O1)C(O)C1(C)OC1c1ccccc1,[2H]C(Cl)(Cl)Cl,30.5
CC[B-]1(CC)OC(c2ccccc2)(c2ccccc2)c2ccccc2[N+]1(C)C,[2H]C(Cl)(Cl)Cl,7.6
CC[B-](CC)(CC)[n+]1cn(C)c(C)c1C,[2H]C(Cl)(Cl)Cl,-1.5
CCC([BH2-][n+]1cc(C)cc(C)c1)c1ccccc1,[2H]C(Cl)(Cl)Cl,-1.68
CC1(C)OB(CC(c2ccc(COCc3ccco3)cc2)c2c(F)c(F)c(C#N)c(F)c2F)OC1(C)C,[2H]C(Cl)(Cl)Cl,33.5
Cc1ccc(CN(C)B2OC(C)(C)C(C)(C)O2)cc1,[2H]c1c([2H])c([2H])c([2H])c([2H])c1[2H],24.7
OB(O)c1ccc2ccccc2c1-c1c(B(O)O)ccc2ccccc12,[2H]C([2H])([2H])S(=O)C([2H])([2H])[2H],24.2
COC(=O)C(C)([NH+](C)C)[B-](O)(C(F)(F)F)C(F)(F)F,[2H]C([2H])([2H])C#N,-7.4
CC(c1ccccc1)N1BN(C(C)(C)C)C=C1,[2H]C(Cl)(Cl)Cl,19.4
[BH3-][P+]1(C)C(c2ccccc2)=C/C1=C(/c1ccccc1)c1cc2ccccc2n1-c1ncccn1,[2H]C(Cl)(Cl)Cl,-35.6
CC1(C)OB(C[C@]2(c3ccccc3)C[C@H](c3ccc4ccccc4c3-c3nccc4ccccc34)C2)OC1(C)C,[2H]C(Cl)(Cl)Cl,34.2
CC(C)CC(CC(C)C)O[Si](ON=Cc1c(Cl)cc(B2OC(C)(C)CC(C)(C)O2)cc1Cl)(OC(CC(C)C)CC(C)C)OC(CC(C)C)CC(C)C,[2H]C(Cl)(Cl)Cl,25.2
CC1(C)OB(/C=C/c2ccc(F)cc2)OC1(C)C,[2H]C(Cl)(Cl)Cl,30.3
CN(C)B(c1cccc(-c2cccc(B(N(C)C)N(C)C)n2)n1)N(C)C,[2H]C1([2H])OC([2H])([2H])C([2H])([2H])C1([2H])[2H],31.0
CN(C)B(B(C1C=Cc2ccccc21)N(C)C)C1C=Cc2ccccc21,[2H]c1c([2H])c([2H])c([2H])c([2H])c1[2H],48.6
CC1(C)OB(N2CC=Cc3c(Br)cccc32)OC1(C)C,[2H]c1c([2H])c([2H])c([2H])c([2H])c1[2H],23.8
C#CB1C(Br)=Cc2ccc(C)cc2N1C1CCCC1,[2H]C(Cl)(Cl)Cl,27.54
CC1(C)OB(C(C=C=CCCc2ccccc2)B2OC(C)(C)C(C)(C)O2)OC1(C)C,[2H]C(Cl)(Cl)Cl,33.1
O=Cc1ccc([B@@-]23OCC[N+]4=Cc5ccccc5O[B@@-]4(c4ccc(C=O)cc4)OCC[N+]2=Cc2ccccc2O3)cc1,[2H]C([2H])([2H])S(=O)C([2H])([2H])[2H],2.0
CCB(CC)/C(CC)=C(/C)[Si](C)(C)n1ccc2ccccc21,[2H]c1c([2H])c([2H])c([2H])c([2H])c1[2H],87.2
COc1ccc(C2=Cc3ccccc3N(Cc3ccccc3)B2c2c(OC)ccc3ccccc23)cc1C,[2H]C(Cl)(Cl)Cl,41.0
CCCC/C(B1OC(C)(C)C(C)(C)O1)=C(\c1ccccc1)c1c(C(=O)OC2COC2)ccc2ccccc12,[2H]C(Cl)(Cl)Cl,30.28
CC1(C)OB(c2ccc(O)c(F)c2)OC1(C)C,[2H]C(Cl)(Cl)Cl,30.0
CC1(C)OB(CCCc2ccc(Cl)cc2)OC1(C)C,[2H]C(Cl)(Cl)Cl,39.4
CCCC[N+](CCCC)(CCCC)CCCC.O=Cc1ccc([B-](F)(F)F)cc1,[2H]C([2H])([2H])S(=O)C([2H])([2H])[2H],1.67
CC1(C)OB(C(CCCc2ccccc2)B2OC(C)(C)C(C)(C)O2)OC1(C)C,[2H]C(Cl)(Cl)Cl,33.9
Cc1cccc2cccc(BN(C(C)C)C(C)C)c12,[2H]C(Cl)(Cl)Cl,38.9
CCC[NH+](CCC)C1B(O)Oc2ccccc21.[Cl-],[2H]OC([2H])([2H])[2H],15.3
FC(F)(F)c1ccc(/C(=C\c2ccccc2)B2Nc3cccc4cccc(c34)N2)cc1,[2H]C(Cl)(Cl)Cl,28.82
CC1(C)OB([C@@H]2CCc3ccccc3[C@H]2c2c(F)c(F)c(C#N)c(F)c2F)OC1(C)C,[2H]C(Cl)(Cl)Cl,33.5
C[NH+](C)C.F[B-](F)(F)C1(C(F)(F)F)CCCCCO1,[2H]C([2H])([2H])C(=O)C([2H])([2H])[2H],1.9
CC12B3C[C@H]4C[C@@H]5C[C@H](C4)C[C@]3(C5)C(C)(B3C[C@H]4C[C@@H]5C[C@H](C4)C[C@@]31C5)[Si]2(C)C,[2H]C(Cl)(Cl)Cl,90.8
CCCC/C(B1OC(C)(C)C(C)(C)O1)=C(\c1ccc([Si](C)(C)C)cc1)c1c(C(=O)OC2COC2)ccc2ccc(OC)cc12,[2H]C(Cl)(Cl)Cl,33.65
B.CCCCN,[2H]c1c([2H])c([2H])c([2H])c([2H])c1[2H],-19.4
Fc1c(F)c(F)c(B(c2ccccc2N(c2ccccc2)c2ccccc2)c2c(F)c(F)c(F)c(F)c2F)c(F)c1F,[2H]c1c([2H])c([2H])c([2H])c([2H])c1[2H],58.8
c1ccc([B-]2(c3ccccc3)Oc3ccc(-c4ccc(-c5nc(-c6ccc(-c7ccc8c9c7ccc[n+]9[B-](c7ccccc7)(c7ccccc7)O8)cc6)nc(-c6ccc(-c7ccc8c9c7ccc[n+]9[B-](c7ccccc7)(c7ccccc7)O8)cc6)n5)cc4)c4ccc[n+]2c34)cc1,[2H]C(Cl)(Cl)Cl,11.4
CCO[P+]([BH2-]C#N)(OCC)OC1OC(Cn2ccc(NC(=O)c3ccccc3)nc2=O)CC1OC(=O)c1ccccc1,[2H]C([2H])([2H])S(=O)C([2H])([2H])[2H],-42.02
C=CC(O)(B1OC(=O)CN(C)CC(=O)O1)c1cccc(C#N)c1,[2H]C([2H])([2H])C(=O)C([2H])([2H])[2H],9.8
CC1=C[B-](=[N+](C(C)C)C(C)C)Cc2ccccc21,[2H]C(Cl)(Cl)Cl,41.7
CCCCCC[C@@H](C)NC(=O)C(F)(F)CC(Br)[B-]12OC(=O)C[N+]1(C)CC(=O)O2,[2H]C([2H])([2H])S(=O)C([2H])([2H])[2H],10.39
C[Si@@]1(c2ccccc2)OB(c2cccc(N)c2)O[Si@@](C)(c2ccccc2)O1,[2H]C(Cl)(Cl)Cl,28.4
Cc1cc2nc([BH2-][N+](C)(C)C)c(OC(C)C)nc2cc1C,[2H]C(Cl)(Cl)Cl,-5.8
CC(C)N(B(Cl)C1c2ccccc2-c2ccccc21)C(C)C,[2H]C(Cl)(Cl)Cl,37.2
CC1(C)OB(N2C=CCC(Cl)=C2)OC1(C)C,[2H]c1c([2H])c([2H])c([2H])c([2H])c1[2H],23.7
CC(C)(C)OC(=O)N1CC2(B3OC(C)(C)C(C)(C)O3)CC1(C(N)=O)C2,[2H]C(Cl)(Cl)Cl,31.7
CC1C(=O)O[B-]2(c3ccccc3)OC(=O)C[N+]12Cc1ccccc1,[2H]C([2H])([2H])S(=O)C([2H])([2H])[2H],11.7
CC(C)(C)N1C=CN(C(C)(C)C)B1F,[2H]c1c([2H])c([2H])c([2H])c([2H])c1[2H],20.3
COP(=O)(OC)[C@@H]([BH2-][P+](C)(c1ccccc1)c1ccccc1)c1cccc2c1oc1ccccc12,[2H]C(Cl)(Cl)Cl,-25.76
[N-]=[N+]=N[B-](c1ccccc1F)(c1ccccc1F)[n+]1ccccc1,[2H]C(Cl)(Cl)Cl,2.0
C#CB1C(c2ccccc2)=Cc2ccccc2N1C1CCCC1,[2H]C(Cl)(Cl)Cl,25.81
[BH3-][P+](CC=C)(CC=C)CC=C,[2H]C(Cl)(Cl)Cl,-37.6
CC[B-]1(CCCC[B-]2(CC)CCCC3=[N+]2CC=C3)CCCC2=[N+]1CC=C2,[2H]c1c([2H])c([2H])c([2H])c([2H])c1[2H],-5.4
C=CCB(CC=C)/C(CC=C)=C(\[SiH](c1ccccc1)c1ccccc1)[Si](C)(C)C,[2H]c1c([2H])c([2H])c([2H])c([2H])c1[2H],54.0
[NH2+]=C(C1CCCC1)[B-](F)(F)F,[2H]C([2H])([2H])C(=O)C([2H])([2H])[2H],-0.48
C=CC(O)(CCCC)B1OC(=O)CN(C)CC(=O)O1,[2H]C([2H])([2H])C(=O)C([2H])([2H])[2H],10.35
CC[B-]1(c2ccccc2)n2c(Cl)ccc2C(c2ccccc2)=C2C=CC(c3ccc(C)cc3)=[N+]21,[2H]C(Cl)(Cl)Cl,4.01
CCCCC[C@H](NC(=O)c1ccc(SC)cc1)B1OC(C)(C)C(C)(C)O1,[2H]C(Cl)(Cl)Cl,16.6
CN1CC(=O)OB(C(CBr)C(=O)CCc2ccccc2)OC(=O)C1,[2H]C([2H])([2H])C#N,10.23
c1ccc([B-]2(c3ccccc3)OCC[N+]23CCCCC3)cc1,[2H]C(Cl)(Cl)Cl,6.0
CCCCCCCCn1c2ccccc2c2cccc(B3OC(C)(C)C(C)(C)O3)c21,[2H]C([2H])(Cl)Cl,31.8
CC(C)c1cnc(B[C@H](C)c2cc3ccccc3[nH]c2=O)c(C(C)C)c1,[2H]C(Cl)(Cl)Cl,-0.98
FC(F)(F)c1cc([B-]2(c3cc4ccccc4s3)c3ccccc3Nc3cccc[n+]32)cc(C(F)(F)F)c1,[2H]C([2H])([2H])C(=O)C([2H])([2H])[2H],-3.4
CC1(C)OB(CCCCc2ccccc2)OC1(C)C,[2H]C(Cl)(Cl)Cl,39.3
CCCCCCN(CCCCCC)C(=O)c1cccc(B2OC(C)(C)C(C)(C)O2)c1C,[2H]C(Cl)(Cl)Cl,30.5
CCCC/C(=C/[Si](C)(C)Cl)B(CC)CC,[2H]c1c([2H])c([2H])c([2H])c([2H])c1[2H],84.0
CCCCCCN(CCCCCC)C(=O)c1cccc(B2OC(C)(C)C(C)(C)O2)c1C(F)(F)F,[2H]C(Cl)(Cl)Cl,30.5
COc1ccc2ccccc2c1B1C=Cc2ccccc2N1C(C)C,[2H]C(Cl)(Cl)Cl,37.03
CC(C)C(=O)C([I+]c1ccccc1)=P(c1ccccc1)(c1ccccc1)c1ccccc1.F[B-](F)(F)F,[2H]C([2H])([2H])S(=O)C([2H])([2H])[2H],-1.22
C[N+]12CC(=O)O[B-]1(C(Br)CC(F)(F)C(=O)NCCc1ccc3c(c1)OCO3)OC(=O)C2,[2H]C([2H])([2H])S(=O)C([2H])([2H])[2H],10.41
C[SiH](C)Cc1ccc(B2OC(C)(C)C(C)(C)O2)cc1B1OC(C)(C)C(C)(C)O1,[2H]C(Cl)(Cl)Cl,30.87
CCOC(=O)C(C)[BH2-]c1n(C)cc[n+]1CC,[2H]C(Cl)(Cl)Cl,-24.5
CC#CCC1(CC#CC)c2ccccc2-c2ccc(B3OC(C)(C)C(C)(C)O3)cc21,[2H]C(Cl)(Cl)Cl,30.4
CCCCO[P+]([BH2-][P+](OCCCC)(OCCCC)OCCCC)(OCCCC)OCCCC.F[B-](F)(F)F,[2H]C([2H])([2H])S(=O)C([2H])([2H])[2H],-1.73
C[N+]12CC(=O)O[B-]1(C(I)CC(F)(F)S(=O)(=O)c1ccccc1)OC(=O)C2,[2H]C([2H])([2H])S(=O)C([2H])([2H])[2H],10.53
CC1(C)OB(CC(CN(Cc2ccccc2)Cc2ccccc2)c2ccc(C(F)(F)F)cc2)OC1(C)C,[2H]C(Cl)(Cl)Cl,32.94
[BH3-][P+](CC(C(=O)CCc1ccccc1)P(=O)(c1ccccc1)c1ccccc1)(c1ccccc1)c1ccccc1,[2H]C(Cl)(Cl)Cl,-40.0
CC(CCCCCF)(CB1OC(C)(C)C(C)(C)O1)/C(=N/N1CCCCC1)C(F)(F)F,[2H]C(Cl)(Cl)Cl,32.5
CCCC[C@@](C)(Cc1ccccc1)B1OC(C)(C)C(C)(C)O1,[2H]C(Cl)(Cl)Cl,34.5
CC1(C)OB([Si@@](C)(c2ccccc2)C(C)(C)C)OC1(C)C,[2H]C(Cl)(Cl)Cl,34.7
CC1(C)OB([C@@H](CCCCc2ccccc2)C2COC2)OC1(C)C,[2H]C(Cl)(Cl)Cl,33.49
CCOC(=O)c1ccc(Nc2ccc3n2[B-](F)(c2ccccc2)[N+]2=C(Cl)C=CC2=C3c2ccccc2)cc1,[2H]C(Cl)(Cl)Cl,3.87
Cc1ccc(Nc2ccc3n2[B-](F)(c2ccccc2)[N+]2=C(c4ccc5ccc6cccc7ccc4c5c67)C=CC2=C3c2ccccc2)cc1,[2H]C(Cl)(Cl)Cl,3.83
CC(C)N(B(c1ccc(Br)n1C)c1ccc(Br)n1C)C(C)C,[2H]C(Cl)(Cl)Cl,35.0
CC1(C)OB(C[C@H](O)COCc2ccccc2)OC1(C)C,[2H]C(Cl)(Cl)Cl,33.2
CB1C([Si](C)(C)C)=C(Cl)C1([Si](C)(C)C)[Si](C)(C)C,[2H]C(Cl)(Cl)Cl,69.0
CCCC[N+](CCCC)(CCCC)CCCC.CS(=O)(=O)C12CC([B-](F)(F)F)(C1)C2,[2H]C(Cl)(Cl)Cl,2.3
[N-]=[N+]=NB(N=[N+]=[N-])c1ccccc1F,[2H]c1c([2H])c([2H])c([2H])c([2H])c1[2H],36.0
Cc1cccc([C@@]2(C)[C@H](B3OC(C)(C)C(C)(C)O3)[C@@H]2B2OC(C)(C)C(C)(C)O2)c1,[2H]C(Cl)(Cl)Cl,32.1
COc1ccc(C(=O)C(CBr)B2OC(=O)CN(C)CC(=O)O2)cc1,[2H]C([2H])([2H])S(=O)C([2H])([2H])[2H],10.92
CC(C)(C)/N=C1/B(C(C)(C)C)N(C(C)(C)C)B(C(C)(C)C)/C1=N/C(C)(C)C,[2H]C(Cl)(Cl)Cl,41.0
CC(CCCc1cccc(C(F)(F)F)c1)(CB1OC(C)(C)C(C)(C)O1)/C(=N/N1CCCCC1)C(F)(F)F,[2H]C(Cl)(Cl)Cl,33.1
CCOP(=O)(OCC)c1cc(B2OC(C)(C)C(C)(C)O2)ccc1Br,[2H]C(Cl)(Cl)Cl,30.9
COc1cc(B2OC(C)(C)C(C)(C)O2)cc(C23CC(B4OC(C)(C)C(C)(C)O4)(C2)C3)c1,[2H]C(Cl)(Cl)Cl,31.5
CC1(C)OB([C@]2(C3CCC3)C[C@@H](c3ccc4ccccc4c3-c3nccc4ccccc34)C2)OC1(C)C,[2H]C(Cl)(Cl)Cl,35.2
CCCC/C(B1OC(C)(C)C(C)(C)O1)=C(\c1ccccc1)c1c(C(=O)OC2CC2)ccc2ccc(OC)cc12,[2H]C(Cl)(Cl)Cl,30.24
COC(=O)N(C)C(Cc1ccccc1)B1OC(C)(C)C(C)(C)O1,[2H]C(Cl)(Cl)Cl,21.52
F[B-]1(c2ccccc2)n2c(Cl)ccc2C(c2cccc(C(F)(F)F)c2)=C2C=CC(Cl)=[N+]21,[2H]C(Cl)(Cl)Cl,4.26
c1ccc2c(c1)OB(Oc1ccccc1-c1ccccc1OB1Oc3ccccc3-c3ccccc3O1)Oc1ccccc1-2,[2H]C(Cl)(Cl)Cl,19.5
C[N+](C)(C)[BH2-]c1ccccn1,[2H]C(Cl)(Cl)Cl,-2.6
CC1(C)OB(C2CCC(=C(c3ccccc3)c3ccccc3)C2)OC1(C)C,[2H]c1c([2H])c([2H])c([2H])c([2H])c1[2H],34.0
CC(C)(C)c1ccc(-c2cccc3c2[BH-]([n+]2ccccc2)c2cc(C(C)(C)C)ccc2-3)cc1,[2H]c1c([2H])c([2H])c([2H])c([2H])c1[2H],7.6
CC1(C)OB(/C=C/c2ccc(OC(F)(F)F)cc2)OC1(C)C,[2H]C(Cl)(Cl)Cl,30.0
CCB(CC)/C(CC)=C(/CN(C)C)[Si](C)(C)Cl,[2H]c1c([2H])c([2H])c([2H])c([2H])c1[2H],73.3
COc1cccc(/C(=C/C(C)(C)C)B2C(Br)=Cc3ccccc3N2C2CCCC2)c1,[2H]C(Cl)(Cl)Cl,35.4
C=C(CB1OC(C)(C)C(C)(C)O1)c1ccc(Br)cc1,[2H]C(Cl)(Cl)Cl,33.15
N#Cc1c(Br)cccc1Nc1ccc2n1[B-](F)(c1ccccc1)[N+]1=C(Cl)C=CC1=C2c1ccccc1,[2H]C(Cl)(Cl)Cl,3.52
O=C1Nc2[nH]c3ccccc3[n+]2[B-](c2ccccc2)(c2ccccc2)N1,[2H]C([2H])([2H])S(=O)C([2H])([2H])[2H],-2.0
CC[NH+](CC)[B-](C#N)(C(F)(F)F)C(F)(F)F,[2H]C([2H])([2H])C#N,-13.8
CC(C)[N+](=[B-](C1=CCC=C1)C1=CCc2ccccc21)C(C)C,[2H]C([2H])(Cl)Cl,40.8
C[Si](C)(C)C(B(c1c(F)c(F)c(F)c(F)c1F)c1c(F)c(F)c(F)c(F)c1F)C(c1ccccc1)c1ccccc1,[2H]c1c([2H])c([2H])c([2H])c([2H])c1[2H],78.4
[Cl-].[NH3+]C(B(O)O)c1ccc(Cl)cc1,[2H]OC([2H])([2H])[2H],28.12
C(#C[B-](c1ccccc1)(c1ccccc1)c1ccccc1)CCCOc1ccc2ccccc2c1.C[N+](C)(C)C,[2H]C([2H])([2H])S(=O)C([2H])([2H])[2H],-12.4
CC1=C2O[B-](c3ccccc3)(c3ccccc3)[O+]=C2C=CO1,[2H]C(Cl)(Cl)Cl,17.6
CCCCCC(=O)C(CBr)B1OC(=O)CN(C)CC(=O)O1,[2H]C([2H])([2H])C#N,10.37
C=CC1CC(B2OC(C)(C)C(C)(C)O2)(B2OC(C)(C)C(C)(C)O2)C=C1c1ccsc1,[2H]C(Cl)(Cl)Cl,34.1
COc1ccc2ccc(C(C)=O)c(/C(=C(\B3OC(C)(C)C(C)(C)O3)c3ccccc3)c3ccccc3)c2c1,[2H]C(Cl)(Cl)Cl,30.03
FB(c1c(C(F)(F)F)cccc1C(F)(F)F)c1c(C(F)(F)F)cccc1C(F)(F)F,[2H]C(Cl)(Cl)Cl,46.1
CC1c2ccc(s2)B(N(C(C)C)C(C)C)c2ccc(n2C)B(N(C(C)C)C(C)C)c2ccc(s2)C(C)c2ccc1s2,[2H]C(Cl)(Cl)Cl,43.9
Clc1ccc([B-]2(c3ccc(Cl)cc3)c3ccccc3Nc3cccc[n+]32)cc1,[2H]C([2H])([2H])C(=O)C([2H])([2H])[2H],-1.74
COc1ccc(C[SiH](C(C)C)C(C)C)c(B2OC(C)(C)C(C)(C)O2)c1,[2H]C(Cl)(Cl)Cl,31.65
COC(=O)C[BH-](c1n(C)cc[n+]1C)C(C(=O)OC)c1cc(F)cc(F)c1,[2H]C(Cl)(Cl)Cl,-16.5
CC(C)(C)c1cc2c(c(C(C)(C)C)c1)OB(C1=CC=C(B3Oc4cc(C(C)(C)C)cc(C(C)(C)C)c4O3)C1[Si](C)(C)C)O2,[2H]C(Cl)(Cl)Cl,22.7
CC(C)(C)OC(=O)C12CC(B3OC(C)(C)C(C)(C)O3)(CO1)C2,[2H]C(Cl)(Cl)Cl,31.8
c1ccc2c(c1)OB(C1C3CCC(C3)C1B1Oc3ccccc3O1)O2,[2H]C(Cl)(Cl)Cl,35.0
CC1(C)OB(c2cnc3cc(C(F)(F)F)ccc3c2Cl)OC1(C)C,[2H]C(Cl)(Cl)Cl,30.78
[BH3-][N@@+]1(C)CC[N@@+]([BH3-])(C)C1,[2H]C(Cl)(Cl)Cl,-8.5
CC1(C)OB(C[Si](C)(C)CCCCl)OC1(C)C,[2H]C(Cl)(Cl)Cl,33.7
CCOC(=O)C(F)(F)[C@H](/C=C/CCI)[B-]12OC(=O)C[N+]1(C)CC(=O)O2,[2H]C([2H])([2H])S(=O)C([2H])([2H])[2H],9.92
CCOC(=O)Cn1c(=O)nc([BH2-][N+](C)(C)C)n(Cc2ccccc2)c1=O,[2H]C(Cl)(Cl)Cl,-6.8
CC1(C)OB(c2ccc(Br)cc2)OC1(C)C,[2H]C(Cl)(Cl)Cl,31.3
CC1(C)OB(C23CC(NC(=O)C(F)(F)F)(C2)C3)OC1(C)C,[2H]C(Cl)(Cl)Cl,30.7
C=C1C[B-](=[N+](C(C)C)C(C)C)Cc2ccccc21,[2H]C(Cl)(Cl)Cl,44.7
COc1ccc2ccc(C(=O)OC(C)C)c(/C(=C(\B3OC(C)(C)C(C)(C)O3)c3ccccc3)c3ccccc3)c2c1,[2H]C(Cl)(Cl)Cl,30.56
CC1(C)OB([C@@H](CCCCc2ccccc2)C2CCCCC2)OC1(C)C,[2H]C(Cl)(Cl)Cl,34.18
CC1(C)OB(C[Si](C)(C)c2cccc(Br)c2F)OC1(C)C,[2H]C(Cl)(Cl)Cl,33.33
COc1cccc(C2=Cc3cc(C)ccc3N(Cc3ccccc3)B2c2c(OC)ccc3ccccc23)c1,[2H]C(Cl)(Cl)Cl,40.5
Cc1cc(B2OC(C)(C)C(C)(C)O2)c2cc(Br)ccc2n1,[2H]C(Cl)(Cl)Cl,31.19
COB1Oc2c(cc(C(C)(C)C)cc2C(C)(C)C)CN1CCN1Cc2cc(C(C)(C)C)cc(C(C)(C)C)c2OB1OC,[2H]C(Cl)(Cl)Cl,21.0
COc1ccc(B2OC(C)(C)C(C)(C)O2)c(C[SiH](C)C)c1,[2H]C(Cl)(Cl)Cl,31.14
c1ccc2c(c1)OB(c1cc(B3Oc4ccccc4O3)c(B3Oc4ccccc4O3)cc1B1Oc3ccccc3O1)O2,[2H]C(Cl)(Cl)Cl,22.2
CCOc1ccc([B@@-]23OCC[N+]4=Cc5ccccc5O[B@@-]4(c4ccc(OCC)cc4)OCC[N+]2=Cc2ccccc2O3)cc1,[2H]C(Cl)(Cl)Cl,1.5
CSc1ccc(B2OC(C)(C)C(C)(C)O2)cc1,[2H]C(Cl)(Cl)Cl,30.81
[BH3-][P+](C)(C(=C)C(C)(C)C)c1ccccc1,[2H]C(Cl)(Cl)Cl,-32.4
COC(=O)C[BH-](c1n(C)cc[n+]1C)C(C(=O)OC)c1ccc(OC)cc1,[2H]C(Cl)(Cl)Cl,-16.5
COP(=O)(OC)[C@@H]([BH2-][P+](OC)(OC)OC)c1ccc(-c2ccccc2)cc1,[2H]C(Cl)(Cl)Cl,-32.52
CC[B-]1(CC)/C(=C/C(C)(C)C)[Si](C)(C)[n+]2c(C)csc21,[2H]C(Cl)(Cl)Cl,-4.5
CC(B(c1c(F)c(F)c(F)c(F)c1F)c1c(F)c(F)c(F)c(F)c1F)[Si](C)(C)C,[2H]c1c([2H])c([2H])c([2H])c([2H])c1[2H],72.2
CN1CC(=O)OB(C(CO)C(=O)C2CCCCC2)OC(=O)C1,[2H]C([2H])([2H])C(=O)C([2H])([2H])[2H],11.12
CC(C)C([NH3+])[B-](F)(F)F,[2H]OC([2H])([2H])[2H],2.84
Cc1cc([BH2-][N+](C)(C)C)nc2ccccc12,[2H]C(Cl)(Cl)Cl,-3.3
CC1(C)OB(C(CCCCBr)CS(=O)(=O)F)OC1(C)C,[2H]C(Cl)(Cl)Cl,33.28
CCOC(=O)c1ncccc1B1OC(C)(C)C(C)(C)O1,[2H]C(Cl)(Cl)Cl,30.5
CC(CB1OC(C)(C)C(C)(C)O1)Cc1ccc2c(c1)OCO2,[2H]C(Cl)(Cl)Cl,33.8
[2H][C@H]1SC[N@@+]([BH3-])(C)CS1,[2H]C(Cl)(Cl)Cl,-8.18
CC1(C)OB([C@@H](Cc2ccc(OCc3ccccc3)cc2)N2CCOC2=O)OC1(C)C,[2H]C(Cl)(Cl)Cl,32.68
F[B-]1(c2ccccc2)c2ccccc2Nc2cccc[n+]21,[2H]C([2H])([2H])C(=O)C([2H])([2H])[2H],4.23
C=CC1CC(B2OC(C)(C)C(C)(C)O2)=CC1(C(=O)OC)C(O)c1ccc(C(C)=O)cc1,[2H]C(Cl)(Cl)Cl,28.3
[BH3-][P+](Oc1ccc2ccccc2c1-c1c(O[P+]([BH3-])(c2ccccc2)c2ccccc2)ccc2ccccc12)(c1ccccc1)c1ccccc1,[2H]C(Cl)(Cl)Cl,-39.0
Clc1cc(Cl)c2c(c1)-c1c(C(c3ccccc3)c3ccccc3)ccc[n+]1[BH2-]2,[2H]C(Cl)(Cl)Cl,-0.49
CC(C)CC(B1Nc2cccc3cccc(c23)N1)B1OC(C)(C)C(C)(C)O1,[2H]C(Cl)(Cl)Cl,33.0
C=CC1CC(B2OC(C)(C)C(C)(C)O2)=CC12C(=O)OC2c1ccc([N+](=O)[O-])cc1,[2H]C(Cl)(Cl)Cl,30.2
CC1(C)COB(c2ccccc2)OC1,[2H]c1c([2H])c([2H])c([2H])c([2H])c1[2H],26.5
C[B-](c1ccccc1)(c1ccccc1Cl)[N+](C)(C)C,[2H]C(Cl)(Cl)Cl,-0.76
C=CC1CC(B2OC(C)(C)C(C)(C)O2)=CC1(C(=O)OC)C(O)/C=C/c1ccc(OC)cc1,[2H]C(Cl)(Cl)Cl,28.4
F[B-](F)(F)/C=C/c1ccnc(Cl)c1,[2H]C([2H])([2H])S(=O)C([2H])([2H])[2H],1.9
CCOC(=O)c1ccc2sc([BH2-][N+](C)(C)C)nc2c1,[2H]C(Cl)(Cl)Cl,-6.1
COC(=O)[B@@H-](Sc1ccccc1)[P+](C1CCCCC1)(C1CCCCC1)C1CCCCC1,[2H]C(Cl)(Cl)Cl,-38.4
CC(C)(C)CC(B1Oc2ccccc2O1)(B1Oc2ccccc2O1)B1Oc2ccccc2O1,[2H]C(Cl)(Cl)Cl,34.7
C[C@@H]1C(=O)C[C@@]1(B1OC(C)(C)C(C)(C)O1)c1ccc(C(F)(F)F)cc1,[2H]C(Cl)(Cl)Cl,33.0
CC1(C)OB([C@H](CC2CCCCC2)N2C(=O)O[C@H](c3ccccc3)[C@@H]2c2ccccc2)OC1(C)C,[2H]C(Cl)(Cl)Cl,33.1
CCCCC[C@@H](CCCOC(=O)c1cccs1)B1OC(C)(C)C(C)(C)O1,[2H]C(Cl)(Cl)Cl,35.35
C/C(Br)=C(\B1OC(=O)CN(C)CC(=O)O1)C(=O)C1CCCCC1,[2H]C([2H])([2H])C#N,9.36
CC(C)(C)OC(=O)N1CC2(B3OC(C)(C)C(C)(C)O3)CC1C2,[2H]C(Cl)(Cl)Cl,31.5
C=C[Si](C)(C)CB1OC(C)(C)C(C)(C)O1,[2H]C(Cl)(Cl)Cl,32.82
C#CB1Sc2ccccc2S1,[2H]C(Cl)(Cl)Cl,47.0
CCCCCC(=O)c1cc2c(cc1B1OC(C)(C)C(C)(C)O1)CCCC2,[2H]c1c([2H])c([2H])c([2H])c([2H])c1[2H],31.0
CC1(C)OB(c2ccccc2CSCc2ccccc2)OC1(C)C,[2H]C(Cl)(Cl)Cl,32.0
CC1(C)OB(C(CC(=O)[Si](C)(C)C)c2ccc(Cl)cc2)OC1(C)C,[2H]C(Cl)(Cl)Cl,33.2
COC(=O)c1ccc2ccc(OC)cc2c1/C(=C(\B1OC(C)(C)C(C)(C)O1)c1ccccc1)c1ccccc1,[2H]C(Cl)(Cl)Cl,30.25
CC1(C)OB(CCCCO[Si](c2ccccc2)(c2ccccc2)C(C)(C)C)OC1(C)C,[2H]C(Cl)(Cl)Cl,33.9
CCO[B-]1(c2ccccc2)n2c(Cl)ccc2C(c2ccccc2)=C2C=CC(c3ccc(C)cc3)=[N+]21,[2H]C(Cl)(Cl)Cl,4.92
COC(=O)C(C)c1ccc2c(c1)C/C(=N\O)c1ccc(B3OC(C)(C)CC(C)(C)O3)cc1S2,[2H]C(Cl)(Cl)Cl,25.7
Cc1ccc(C#CB2Oc3ccccc3S2)cc1,[2H]C(Cl)(Cl)Cl,38.0
CN1CC(=O)OB(C(C)(CI)C(=O)c2ccccc2)OC(=O)C1,[2H]C([2H])([2H])C(=O)C([2H])([2H])[2H],9.99
COc1ccc2ccccc2c1B1C(c2c(OC)ccc3ccccc23)=Cc2cc(C)ccc2N1Cc1ccccc1,[2H]C([2H])([2H])C(=O)C([2H])([2H])[2H],38.8
CC(C)(C)c1cc2c(c(C(C)(C)C)c1)O[B@@-]1(c3ccccc3)Oc3ccccc3[N@H+]1C2,[2H]C([2H])([2H])S(=O)C([2H])([2H])[2H],8.1
OB(Br)C[C@H]1CCC[NH2+]1,[2H]C(Cl)(Cl)Cl,30.2
CC(CCCCc1ccccc1)(CB1OC(C)(C)C(C)(C)O1)/C(=N/N1CCCCC1)C(F)(F)F,[2H]C(Cl)(Cl)Cl,33.8
CC(CB1OC(C)(C)C(C)(C)O1)(CC1CCC1)/C(=N/N1CCCCC1)C(F)(F)F,[2H]C(Cl)(Cl)Cl,32.8
Cc1cccc([C@H]2C[C@](B3OC(C)(C)C(C)(C)O3)(c3ccccc3)C2)c1-c1nccc2ccccc12,[2H]C(Cl)(Cl)Cl,35.7
CCCC[n+]1ccn(C)c1.c1ccc([B-](c2ccccc2)(c2ccccc2)c2ccccc2)cc1,[2H]C([2H])([2H])C(=O)C([2H])([2H])[2H],-12.2
C[N+]1(C)CCC(C=O)[B-]1(C(F)(F)F)C(F)(F)F,[2H]C([2H])([2H])C#N,-4.9
CC(C)[SiH](Cc1c(B2OC(C)(C)C(C)(C)O2)cccc1B1OC(C)(C)C(C)(C)O1)C(C)C,[2H]C(Cl)(Cl)Cl,31.91
Fc1ccc(C2=C(c3ccc(F)cc3)c3ccccc3B3Nc4ccccc4C=C32)cc1,[2H]C(Cl)(Cl)Cl,29.6
CCCC/C(B1OC(C)(C)C(C)(C)O1)=C(\c1ccc(OC)cc1)c1c(C(=O)OC2COC2)ccc2ccc(OC)cc12,[2H]C(Cl)(Cl)Cl,31.88
Cc1ccccc1C(=O)C(CBr)B1OC(=O)CN(C)CC(=O)O1,[2H]C([2H])([2H])C#N,10.41
COc1ccc(C[SiH](C)C)c(B2OC(C)(C)C(C)(C)O2)c1,[2H]C(Cl)(Cl)Cl,30.97
CCC1(CC)OB(/C(=C/S(=O)(=O)F)CCCOC(=O)C2CCCC2)OC1(CC)CC,[2H]C(Cl)(Cl)Cl,28.98
CCO[Si](OC(CC(C)C)CC(C)C)(OC(CC(C)C)CC(C)C)c1ccc(B2OC(C)(C)CC(C)(C)O2)cc1C1CC1,[2H]C(Cl)(Cl)Cl,26.1
CC(C)(C)N1C=CN(C(C)(C)C)B1Br,[2H]C(Cl)(Cl)Cl,21.1
CN1CC(=O)OB(C(CO)C(=O)c2ccc(F)cc2)OC(=O)C1,[2H]C([2H])([2H])C(=O)C([2H])([2H])[2H],11.13
CC(C)(C)/C=C(\B1C(Br)=Cc2ccccc2N1C1CCCC1)c1ccsc1,[2H]C(Cl)(Cl)Cl,36.08
C=CC1CC(B2OC(C)(C)C(C)(C)O2)=CC12C(=O)OC2c1ccc(C)cc1,[2H]C(Cl)(Cl)Cl,29.0
[BH3-][OH+]C[C@](C)(C/C=C/C=C)c1ccccc1,[2H]C(Cl)(Cl)Cl,0.58
C[C@H]1[C@@H](c2ccccc2)O[B-](C)(O)[N+]1(C)C,[2H]C(Cl)(Cl)Cl,8.1
C=C(B1Nc2cccc3cccc(c23)N1)c1ccc(C(F)(F)F)cc1,[2H]C(Cl)(Cl)Cl,29.0
Cc1cccc(C)c1N=C1B(C(C)(C)C)N(C(C)(C)C)B1C(C)(C)C,[2H]c1c([2H])c([2H])c([2H])c([2H])c1[2H],46.4
COc1ccc2c(c1)CC=CN2B1OC(C)(C)C(C)(C)O1,[2H]c1c([2H])c([2H])c([2H])c([2H])c1[2H],24.7
CCOC(=O)C(F)(F)[C@H](COC(=O)c1ccccc1)C(Br)[B-]12OC(=O)C[N+]1(C)CC(=O)O2,[2H]C([2H])([2H])S(=O)C([2H])([2H])[2H],10.11
CN1CC(=O)OB(c2cc(C(N)=O)c(Br)s2)OC(=O)C1,[2H]C([2H])([2H])C#N,9.7
[BH3-][N+](C)(C)Cc1c(Cl)cccc1Cl,[2H]C1([2H])OC([2H])([2H])C([2H])([2H])C1([2H])[2H],-5.67
CC(C)CC(=[NH2+])[B-](F)(F)F,[2H]C([2H])([2H])C(=O)C([2H])([2H])[2H],-0.64
CC(C)(C)OC(=O)N1CCC(C(CCCCc2ccccc2)B2OC(C)(C)C(C)(C)O2)CC1,[2H]C(Cl)(Cl)Cl,36.14
CC(C)(C)B1N(Cc2ccccc2)N=NN1C(C)(C)C,[2H]C(Cl)(Cl)Cl,26.7
CCCCCCCC(B1OC(C)(C)C(C)(C)O1)P(=O)(OC)OC,[2H]C(Cl)(Cl)Cl,32.31
Cc1ccc(S(=O)(=O)N2CC(B3OC(C)(C)C(C)(C)O3)c3cccc(F)c32)cc1,[2H]C(Cl)(Cl)Cl,32.22
COc1cccc(/C(=C/C(C)(C)C)B2C(Br)=C(C)c3ccccc3N2C2CCCC2)c1,[2H]C(Cl)(Cl)Cl,39.57
CC(=O)c1cccc(B2NC(=O)c3ccccc3N2)n1,[2H]C([2H])([2H])S(=O)C([2H])([2H])[2H],28.94
C[N+]12CC(=O)O[B-]1(C(Br)CC(F)(F)c1ccc(C(F)F)cc1)OC(=O)C2,[2H]C([2H])([2H])S(=O)C([2H])([2H])[2H],10.39
COC(=O)C([BH-](CC(=O)OCc1ccccc1)c1n(C)cc[n+]1C)c1ccccc1,[2H]C(Cl)(Cl)Cl,-16.5
CCCCC(=O)/C(B1OC(=O)CN(C)CC(=O)O1)=C(/C)Br,[2H]C([2H])([2H])C(=O)C([2H])([2H])[2H],9.3
CN1CC(=O)OB(C(C)(CO)C(=O)c2ccccc2)OC(=O)C1,[2H]C([2H])([2H])C(=O)C([2H])([2H])[2H],12.06
CC(C)CC(CC(C)C)O[Si](OC(CC(C)C)CC(C)C)(OC(CC(C)C)CC(C)C)c1ccc(B2OC(C)(C)CC(C)(C)O2)s1,[2H]C(Cl)(Cl)Cl,25.0
CCCC1=C(CCC)c2ccccc2B2Nc3ccccc3C=C21,[2H]C(Cl)(Cl)Cl,22.4
Cc1cc(CN(C)C)c(OB(c2ccccc2)c2ccccc2)c(CN(C)C)c1,[2H]C(Cl)(Cl)Cl,4.97
CC12OB(/C=C/CCCCOCc3ccccc3)O[C@]1(C)c1cccc3cccc2c13,[2H]C(Cl)(Cl)Cl,29.94
Cc1ccc(S(=O)(=O)N2CC(B3OC(C)(C)C(C)(C)O3)c3ccc(F)cc32)cc1,[2H]C(Cl)(Cl)Cl,32.03
[NH3+]C(c1ccc(C(F)(F)F)cc1)[B-](F)(F)F,[2H]OC([2H])([2H])[2H],2.46
Cc1ccc(S(=O)(=O)N2B(c3ccccc3)OC(C3CCCCC3)(C3CCCCC3)[C@@H]2C(C)C)cc1,[2H]C(Cl)(Cl)Cl,33.2
OB1C=Cc2ccccc2O1,[2H]OC([2H])([2H])[2H],27.02
CC1(C)OB([C@H](CCCCOc2ccccc2)CCCCc2ccccc2)OC1(C)C,[2H]C(Cl)(Cl)Cl,33.72
CC(C)(C)/C=C(\B1C(Br)=Cc2ccccc2N1C1CCCC1)c1ccc(F)c(C#N)c1,[2H]C(Cl)(Cl)Cl,39.0
COB1CCCCCCC1,[2H]C(Cl)(Cl)Cl,56.1
C[C@H]1SC[N+](C)(C)[B-](C)(C)S1,[2H]C(Cl)(Cl)Cl,-3.6
CC(C)C([NH2+][BH2-]C#N)C(N)=O,[2H]C([2H])([2H])S(=O)C([2H])([2H])[2H],-25.2
C[N+](C)(C)[BH2-]c1nc(O)c2ccccc2n1,[2H]C(Cl)(Cl)Cl,-6.8
CCn1c2ccccc2c2cc(Nc3ccc4n3[B-](F)(c3ccccc3)[N+]3=C(Cl)C=CC3=C4c3ccccc3)ccc21,[2H]C(Cl)(Cl)Cl,3.62
Cc1ccc2ccccc2c1BN(C(C)C)C(C)(C)C,[2H]C(Cl)(Cl)Cl,41.0
CC(C)(C)c1ccc(B(Br)Br)cc1,[2H]C(Cl)(Cl)Cl,56.0
CO[B-]1(c2ccccc2)n2c(Cl)ccc2C(c2ccccc2)=C2C=CC(Cl)=[N+]21,[2H]C(Cl)(Cl)Cl,3.75
CC(=O)[O-].OB(O)c1ccccc1C[NH2+]Cc1ccccc1,[2H]OC([2H])([2H])[2H],10.3
c1ccc(NB(Nc2ccccc2)N(c2ccccc2)c2ccccc2)cc1,[2H]c1c([2H])c([2H])c(C([2H])([2H])[2H])c([2H])c1[2H],32.1
CCCCCCN(CCCCCC)C(=O)c1cc2cccc(B3OC(C)(C)C(C)(C)O3)c2[nH]1,[2H]C(Cl)(Cl)Cl,31.2
CCCCCCOCCCCCC(C)(CB1OC(C)(C)C(C)(C)O1)/C(=N/N1CCCCC1)C(F)(F)F,[2H]C(Cl)(Cl)Cl,34.3
COc1cc(Cl)nc(B2NC(=O)c3ccccc3N2)c1,[2H]C([2H])([2H])S(=O)C([2H])([2H])[2H],29.03
CC1(C)OB([C@]2(CCCCCBr)C[C@H](c3ccc4ccccc4c3-c3nccc4ccccc34)C2)OC1(C)C,[2H]C(Cl)(Cl)Cl,34.4
CC(C)CC(CC(C)C)O[Si](ON=Cc1c(Cl)cc(B2OC(C)(C)CC(C)(C)O2)cc1Br)(OC(CC(C)C)CC(C)C)OC(CC(C)C)CC(C)C,[2H]C(Cl)(Cl)Cl,25.7
CC1(C)OB(C(CCc2cccc(Cl)c2)B2OC(C)(C)C(C)(C)O2)OC1(C)C,[2H]C(Cl)(Cl)Cl,33.5
C[N+](C)(C)[B-](C(F)(F)C(F)(F)F)(C(F)(F)C(F)(F)F)C(F)(F)C(F)(F)F,[2H]C(Cl)(Cl)Cl,-5.1
CC1(C)OB(C2[C@H]3C[C@H]4C[C@H](C3)C[C@@H]2C4)OC1(C)C,[2H]C(Cl)(Cl)Cl,33.2
COc1ccc2ccccc2c1B1C=Cc2cc(C)ccc2N1Cc1ccccc1,[2H]C(Cl)(Cl)Cl,37.26
CN1CC(=O)OB(C(CBr)C(=O)c2ccc3ccccc3c2)OC(=O)C1,[2H]C([2H])([2H])C#N,10.43
C/[B-](B(C(C)(C)C)C(C)(C)C)=[N+](/C)C(C)(C)C,[2H]c1c([2H])c([2H])c([2H])c([2H])c1[2H],54.6
C=C(c1ccccc1)[C@]1(B2OC(C)(C)C(C)(C)O2)C[C@@H](c2ccc3ccccc3c2-c2nccc3ccccc23)C1,[2H]C(Cl)(Cl)Cl,33.5
CCC1(CC)OB(/C(=C/S(=O)(=O)F)CCCCl)OC1(CC)CC,[2H]C(Cl)(Cl)Cl,28.87
C[C@@H](/C=C/CCCB1OC(C)(C)C(C)(C)O1)NC(=O)OCc1ccccc1,[2H]C(Cl)(Cl)Cl,32.9
CC1(C)OB([C@H](CCCCOCc2ccccc2)NC(=O)C2CCCCC2)OC1(C)C,[2H]C(Cl)(Cl)Cl,16.0
CN1CC(=O)OB(C(CI)C(=O)c2ccccc2)OC(=O)C1,[2H]C([2H])([2H])C#N,10.46
CC(C)N(B1C(c2ccccc2)C=CC1c1ccccc1)C(C)C,[2H]C(Cl)(Cl)Cl,49.0
C=C1CC[B-](=[N+](C(C)C)C(C)C)/C(=N/C(C)(C)C)[B-]1=[N+](C(C)C)C(C)C,[2H]c1c([2H])c([2H])c([2H])c([2H])c1[2H],39.0
C[BH-](Cl)[P+](c1ccc(C)cc1)(c1ccc(C)cc1)c1ccc(C)cc1,[2H]C(Cl)(Cl)Cl,-22.3
C[N+](C)(C)[BH2-]CC(=O)N(c1ccccc1)c1ccccc1,[2H]C(Cl)(Cl)Cl,-4.0
C[NH+](C)[B-](C(F)(F)F)(C(F)(F)F)C(F)(Br)C(F)(F)Br,[2H]C([2H])([2H])C#N,-9.7
c1ccc2c(c1)OB(CCB1Oc3ccccc3O1)O2,[2H]C(Cl)(Cl)Cl,35.0
CCC1=C(C)C2=C(c3ccc(NC(=S)Nc4ccccc4)cc3)c3c(C)c(CC)c(C)n3[B-](F)(F)[N+]2=C1C,[2H]C(Cl)(Cl)Cl,3.85
Cc1ccc(C(CC(=O)[Si](C)(C)C)B2OC(C)(C)C(C)(C)O2)cc1,[2H]C(Cl)(Cl)Cl,33.5
CC(=O)c1ccc([B@@-]23Oc4ccccc4C[N@@H+]2c2ccccc2O3)cc1,[2H]C(Cl)(Cl)Cl,7.5
C[N+]1(C)Cc2ccccc2[B-]1(OC(=O)C(F)(F)C(F)(F)F)c1ccccc1,[2H]C(Cl)(Cl)Cl,8.8
CC1(C)OB(Cl)OC1(C)C,[2H]C(Cl)(Cl)Cl,21.0
Cc1nc(-c2ccsc2)c(C)c2c1C[B-]1(C2)c2cc(C(C)(C)C)ccc2-c2cccc[n+]21,[2H]C(Cl)(Cl)Cl,4.4
CCCC/C(B1OC(C)(C)C(C)(C)O1)=C(\c1ccccc1)c1c(C(=O)OCc2ccc3ccccc3c2)ccc2ccc(OC)cc12,[2H]C(Cl)(Cl)Cl,31.46
CC1=CB(O)Oc2ccc(NC(=O)C(C)(C)C)cc21,[2H]OC([2H])([2H])[2H],27.02
CCN1B(/C=C/C(=C/C(C)(C)C)B2C=Cc3ccccc3N2CC)C=Cc2ccccc21,[2H]C(Cl)(Cl)Cl,32.18
CC(C)N(B(c1cccn1C)c1cccn1C)C(C)C,[2H]c1c([2H])c([2H])c([2H])c([2H])c1[2H],35.6
CCN1B(/C=C\C(=C\C(C)(C)C)B2C=Cc3ccccc3N2CC)C=Cc2ccccc21,[2H]C(Cl)(Cl)Cl,37.44
c1ccc([B-]2(c3ccccc3)c3ccc4ccccc4c3Nc3cccc[n+]32)cc1,[2H]C(Cl)(Cl)Cl,-0.74
[BH3-][N+](C)(C)C(C)C,[2H]C(Cl)(Cl)Cl,-12.29
C#C[B-](C(F)(F)F)(C(F)(F)F)[N+](C)(C)C,[2H]C(Cl)(Cl)Cl,-11.0
CC(C)(C)/C=C(\B1C(Br)=Cc2ccccc2N1C1CCCC1)c1cccc(C(=O)[O-])c1,[2H]C(Cl)(Cl)Cl,37.57
Fc1cccc2c1[BH2-][n+]1cccc(C(c3ccccc3)c3ccccc3)c1-2,[2H]C(Cl)(Cl)Cl,-0.97
c1ccc(C2(c3ccccc3)O[B-]3(Oc4ccc5ccccc5c4-c4c(ccc5ccccc45)O3)[NH+]3CCC[C@@H]32)cc1,[2H]C(Cl)(Cl)Cl,8.37
Cc1cc(C)c(Bc2c(C)cc(C)cc2C)c(C)c1,[2H]c1c([2H])c([2H])c(C([2H])([2H])[2H])c([2H])c1[2H],30.0
CC1(C)OB(CCCC#C[Si](C)(C)C)OC1(C)C,[2H]C(Cl)(Cl)Cl,33.8
Cc1cc(B2OC(C)(C)CC(C)(C)O2)ccc1[Si](OC(CC(C)C)CC(C)C)(OC(CC(C)C)CC(C)C)OC(CC(C)C)CC(C)C,[2H]C(Cl)(Cl)Cl,26.8
CC1(C)OB(/C=C/c2ccnc(Cl)c2)OC1(C)C,[2H]C(Cl)(Cl)Cl,29.5
CC[Si](CC)(CCB1OC(C)(C)C(C)(C)O1)c1ccccc1,[2H]C(Cl)(Cl)Cl,33.3
CC1(C)OB(C(C=C=CC2CCCCC2)B2OC(C)(C)C(C)(C)O2)OC1(C)C,[2H]C(Cl)(Cl)Cl,33.3
C[N+](C)(C)[BH-](C(Cl)Cl)C(Cl)Cl,[2H]C(Cl)(Cl)Cl,-1.1
CC1(C)OB([C@@H]2[C@H](c3ccc4occc4c3)[C@@]2(C)c2ccccc2)OC1(C)C,[2H]C(Cl)(Cl)Cl,33.2
[N-]=[N+]=NB1CCCCCCCN1B1CCCCCCC1,[2H]C(Cl)(Cl)Cl,43.6
CC(c1ccccc1B1OC(C)(C)C(C)(C)O1)[SiH](C)C,[2H]C(Cl)(Cl)Cl,31.14
C/C(=N\C(C)(C)C)N1B(c2c(F)c(F)c(F)c(F)c2F)N(C(C)(C)C)B(c2c(F)c(F)c(F)c(F)c2F)N(C(C)(C)C)B1c1c(F)c(F)c(F)c(F)c1F,[2H]C(Cl)(Cl)Cl,33.0
COC(=O)C(C)[BH2-]c1n(C)cc[n+]1C,[2H]C(Cl)(Cl)Cl,-24.6
CC(C)CC(CC(C)C)O[Si](Cc1ccc(B2OC(C)(C)CC(C)(C)O2)cc1Br)(OC(CC(C)C)CC(C)C)OC(CC(C)C)CC(C)C,[2H]C(Cl)(Cl)Cl,25.8
COc1ccc2ccccc2c1B1C=Cc2ccc(F)cc2N1Cc1ccccc1,[2H]C(Cl)(Cl)Cl,37.77
FC(F)(F)c1ccc(B(c2ccc(C(F)(F)F)cc2C(F)(F)F)c2ccc(C(F)(F)F)cc2C(F)(F)F)c(C(F)(F)F)c1,[2H]C(Cl)(Cl)Cl,73.6
[BH3-][PH+](c1ccccc1)C(C)(C)C,[2H]c1c([2H])c([2H])c([2H])c([2H])c1[2H],-38.5
c1ccc([B-]2(c3ccccc3)OCCC3CCCC[NH+]32)cc1,[2H]C([2H])([2H])S(=O)C([2H])([2H])[2H],5.0
CC1(C)OB(C(=C2CCCCC2)c2ccc(C(F)(F)F)cc2)OC1(C)C,[2H]C(Cl)(Cl)Cl,30.8
Cc1ccccc1B1O[Si](c2ccccc2)(c2ccccc2)OB(c2ccccc2C)O[Si](c2ccccc2)(c2ccccc2)O1,[2H]C(Cl)(Cl)Cl,28.0
CCOC(=O)Cn1c(=O)c([BH2-][N+](C)(C)C)nc2ccccc21,[2H]C(Cl)(Cl)Cl,-6.0
Cc1ccccc1C[C@H](B1OC(C)(C)C(C)(C)O1)N1CCOC1=O,[2H]C(Cl)(Cl)Cl,32.04
CC(B(Cl)c1ccccc1)B(Cl)c1ccccc1,[2H]c1c([2H])c([2H])c([2H])c([2H])c1[2H],66.9
C[N+](C)(C)[B-](/C(F)=C(\F)C(F)(F)F)(C(F)(F)F)C(F)(F)F,[2H]C(Cl)(Cl)Cl,-8.4
CC[C@]1(B2OC(C)(C)C(C)(C)O2)C[C@@H](c2ccc3ccccc3c2-c2nccc3ccccc23)C1,[2H]C(Cl)(Cl)Cl,36.0
C=C(Br)B1OC(=O)CN(C)CC(=O)O1,[2H]C(Cl)(Cl)Cl,8.6
Cc1ccc(C2=[N+]3C(=C(c4ccccc4)c4ccc(Cl)n4[B-]3(OCc3ccccc3)c3ccccc3)C=C2)cc1,[2H]C(Cl)(Cl)Cl,5.06
CC(CCc1ccccc1)[C@H](CCCCc1ccccc1)B1OC(C)(C)C(C)(C)O1,[2H]C(Cl)(Cl)Cl,34.61
CC(=O)N1CC=C(C)C(B2OC(C)(C)C(C)(C)O2)C1,[2H]C(Cl)(Cl)Cl,32.6
CN1c2nccc[n+]2C[B-]12C1CCCC2CCC1,[2H]C(Cl)(Cl)Cl,-3.14
CC1(C)CC(C)(C)OB(c2ccc(C=O)c(N3CCOCC3)c2)O1,[2H]C(Cl)(Cl)Cl,26.0
COC(=O)C(C)(C)C(B1OC(C)(C)C(C)(C)O1)c1ccccc1,[2H]C(Cl)(Cl)Cl,32.8
CCCCB1OC(C2CCCCC2)(C2CCCCC2)[C@H](c2ccccc2)N1S(=O)(=O)c1ccc(C)cc1,[2H]C(Cl)(Cl)Cl,35.4
c1ccc([B-]2(c3ccccc3)Oc3ccc(-c4ccc(-c5ccc(-c6ccc(-c7ccc8c9c7ccc[n+]9[B-](c7ccccc7)(c7ccccc7)O8)s6)cc5)s4)c4ccc[n+]2c34)cc1,[2H]C(Cl)(Cl)Cl,11.3
CB1C=C(C)c2ccccc2C1,[2H]C(Cl)(Cl)Cl,69.6
Cc1cc(B2OC(C)(C)CC(C)(C)O2)c(F)cc1C=NO[Si](OC(CC(C)C)CC(C)C)(OC(CC(C)C)CC(C)C)OC(CC(C)C)CC(C)C,[2H]C(Cl)(Cl)Cl,26.0
COc1ccc2cc([C@H](C)COC(=O)c3ccc4ccc(OC)cc4c3/C(=C(\B3OC(C)(C)C(C)(C)O3)c3ccccc3)c3ccccc3)ccc2c1,[2H]C(Cl)(Cl)Cl,31.0
CCCCB1OC(C)(C)C(C)(C)O1,[2H]C(Cl)(Cl)Cl,33.94
CC1(C)CC(C)(C)OB(c2ccc(C=O)c(N3CCCCC3)c2)O1,[2H]C(Cl)(Cl)Cl,26.0
BrCCCCB1C2CCCC1CCC2,[2H]c1c([2H])c([2H])c([2H])c([2H])c1[2H],75.8
CC1(C)OB(C(CC(=O)[Si](C)(C)C)c2ccc(F)cc2)OC1(C)C,[2H]C(Cl)(Cl)Cl,32.9
CC#CC(O)(CCCC)B1OC(=O)CN(C)CC(=O)O1,[2H]C([2H])([2H])C#N,10.1
CC(=O)C([I+]c1ccccc1)=P(c1ccc(Cl)cc1)(c1ccc(Cl)cc1)c1ccc(Cl)cc1.F[B-](F)(F)F,[2H]C([2H])([2H])S(=O)C([2H])([2H])[2H],-1.23
CC[B-]1(CC)CCCc2cccn21,[2H]c1c([2H])c([2H])c([2H])c([2H])c1[2H],-7.6
CC1(C)OB(C[C@H]2CC[C@H](c3ccc(Cl)cc3)CC2)OC1(C)C,[2H]C(Cl)(Cl)Cl,33.5
CB(Br)c1cc(B(C)Br)cc(B(C)Br)c1,[2H]C(Cl)(Cl)Cl,72.0
CC1(C)OB(N(C(=S)P(c2ccccc2)c2ccccc2)C2CCCCC2)OC1(C)C,[2H]C(Cl)(Cl)Cl,24.4
CC(C)(C)C(=O)O[B-]1(n2ccc[nH+]2)C2CCCC1CCC2,[2H]C(Cl)(Cl)Cl,6.3
COC(=O)[BH-](C#N)[NH+]1CCOCC1,[2H]C(Cl)(Cl)Cl,-15.5
C[N+](C)(c1ccccc1)[B-](C(F)=C(F)F)(C(F)(F)F)C(F)(F)F,[2H]C(Cl)(Cl)Cl,-8.1
CCCCCC(=O)/C(B1OC(=O)CN(C)CC(=O)O1)=C(/C)Br,[2H]C([2H])([2H])C#N,9.22
CC(CCCc1ccccc1)(CB1OC(C)(C)C(C)(C)O1)/C(=N/N1CCCCC1)C(F)(F)F,[2H]C(Cl)(Cl)Cl,33.5
C/C=C\CB(F)F,[2H]C(Cl)(Cl)Cl,27.7
CC(C)(C)c1ccc(B2OC(C)(C)C(C)(C)O2)cc1,[2H]C(Cl)(Cl)Cl,30.89
CC(C)(C)c1cc2c(c(C(C)(C)C)c1)O[B-]1(Br)Oc3ccccc3[N+]1=C2,[2H]C(Cl)(Cl)Cl,6.47
COc1ccc(N2C(=O)c3ccccc3[C@@H](C(=O)O)[C@H]2c2ccc(B3OC(C)(C)C(C)(C)O3)cc2)cc1,[2H]C(Cl)(Cl)Cl,28.9
COC(=O)C(C(=O)OC)c1ccc2n1[B-](F)(c1ccccc1)[N+]1=C(c3ccc(C)cc3)C=CC1=C2c1ccccc1,[2H]C(Cl)(Cl)Cl,4.32
C[N+]1=Cc2ccccc2B(O)O1.[Cl-],[2H]O[2H],4.5
CC1(C)OB(C2CN(S(=O)(=O)c3ccccc3)c3ccccc32)OC1(C)C,[2H]C(Cl)(Cl)Cl,29.89
c1ccc(-c2ccc3c(c2)[B-](c2ccccc2)(c2ccccc2)[n+]2ccccc2N3)cc1,[2H]C([2H])([2H])C(=O)C([2H])([2H])[2H],-1.08
COc1cc(B2OC(C)(C)CC(C)(C)O2)cc(F)c1C(C)=NO[Si](OC(CC(C)C)CC(C)C)(OC(CC(C)C)CC(C)C)OC(CC(C)C)CC(C)C,[2H]C(Cl)(Cl)Cl,25.9
CB(OC(C)(C)C)C([Si](C)(C)C)[Si](C)(C)C,[2H]C(Cl)(Cl)Cl,52.0
CC1(C)OB(c2ccc(Oc3ccccc3)cc2)OC1(C)C,[2H]C(Cl)(Cl)Cl,32.2
CC1(C)OB(C2C(B3OC(C)(C)C(C)(C)O3)C2c2cccc(F)c2)OC1(C)C,[2H]C(Cl)(Cl)Cl,31.9
CN(C)C(=O)c1cc(Br)ccc1B1OC(C)(C)C(C)(C)O1,[2H]C(Cl)(Cl)Cl,30.4
CC1(C)OB([Si@@](C)(c2ccccc2)c2cccc3ccccc23)OC1(C)C,[2H]C(Cl)(Cl)Cl,34.9
O=S(=O)([O-])C(F)(F)F.[BH3-][P+2]1N(Cc2ccccc2OC)[C@H]2CCCC[C@@H]2N1Cc1ccccc1OC,[2H]C(Cl)(Cl)Cl,-38.2
CC1Cc2ccccc2N1B(N1c2ccccc2CC1C)N1c2ccccc2CC1C,[2H]c1c([2H])c([2H])c([2H])c([2H])c1[2H],29.6
Cc1ccc2c(c1)OB(c1ccccc1)N2CCN1B(c2ccccc2)Oc2cc(C)ccc21,[2H]C(Cl)(Cl)Cl,33.7
C=CCB(CC=C)/C(CC=C)=C(\[SiH2]C)[Si](C)(C)C,[2H]c1c([2H])c([2H])c([2H])c([2H])c1[2H],79.5
CC(C)/N=C1C(=N/C(C)C)\[N+](C)(C)[B-]\1(C(F)(F)F)C(F)(F)F,[2H]C(Cl)(Cl)Cl,-3.9
CC1(C)OB(c2ccc([C@@H]3[C@H](C(=O)O)c4ccccc4C(=O)N3c3ccc([N+](=O)[O-])cc3)cc2)OC1(C)C,[2H]C([2H])([2H])S(=O)C([2H])([2H])[2H],32.2
Cc1ccc([C@]2(B3OC(C)(C)C(C)(C)O3)C[C@@H](O)[C@H]2C)cc1,[2H]C(Cl)(Cl)Cl,33.9
Brc1cccc2c1[BH2-][n+]1cccc(C(c3ccccc3)c3ccccc3)c1-2,[2H]C(Cl)(Cl)Cl,-0.01
OB1Oc2ccccc2C1[NH+](Cc1ccccc1)Cc1ccccc1.[Cl-],[2H]OC([2H])([2H])[2H],10.8
COc1ccc(/C(B2OC(C)(C)C(C)(C)O2)=C(\c2ccc(OC)cc2)c2c(C(=O)OC3COC3)ccc3ccc(OC)cc23)cc1,[2H]C(Cl)(Cl)Cl,31.15
Cc1cccc(C2CC2B2OC(C)(C)C(C)(C)O2)c1,[2H]C(Cl)(Cl)Cl,33.11
Cn1cc[n+]([BH2-]n2cccc2)c1,[2H]C1([2H])OC([2H])([2H])C([2H])([2H])C1([2H])[2H],-7.8
C(=NCc1ccccc1)c1cc(C=NCc2ccccc2)cc([B-]23Oc4cc[n+](cc4O2)[B-]2(c4cc(C=NCc5ccccc5)cc(C=NCc5ccccc5)c4)Oc4cc[n+](cc4O2)[B-]2(c4cc(C=NCc5ccccc5)cc(C=NCc5ccccc5)c4)Oc4cc[n+](cc4O2)[B-]2(c4cc(C=NCc5ccccc5)cc(C=NCc5ccccc5)c4)Oc4cc[n+](cc4O2)[B-]2(c4cc(C=NCc5ccccc5)cc(C=NCc5ccccc5)c4)Oc4cc[n+]3cc4O2)c1,[2H]C(Cl)(Cl)Cl,11.2
C=CCCCn1c(=O)nc([BH2-][N+](C)(C)C)n(Cc2ccccc2)c1=O,[2H]C(Cl)(Cl)Cl,-6.7
Fc1ccccc1B(Cl)c1ccccc1F,[2H]c1c([2H])c([2H])c([2H])c([2H])c1[2H],61.0
CC(C)[C@]1(c2ccccc2)[C@H](B2OC(C)(C)C(C)(C)O2)[C@@H]1c1ccc2c(ccn2C)c1,[2H]C(Cl)(Cl)Cl,33.4
[BH3-][P+](C)(C)C([Si](C)(C)C)[Si](C)(C)C,[2H]C(Cl)(Cl)Cl,-33.3
CCOC(=O)c1ccc(N)c(B2OC(C)(C)C(C)(C)O2)c1,[2H]C(Cl)(Cl)Cl,32.31
CC(C)CC1C(=O)O[B@-]2(c3ccccc3)Oc3ccccc3C[NH+]12,[2H]C([2H])([2H])S(=O)C([2H])([2H])[2H],4.94
C=C(CB1OC(C)(C)C(C)(C)O1)c1cccc(OC)c1,[2H]C(Cl)(Cl)Cl,33.27
CCCCC[C@@H](CCCc1ccccc1)B1OC(C)(C)C(C)(C)O1,[2H]C(Cl)(Cl)Cl,34.23
[BH3-][NH2+]Nc1ccccc1,[2H]C([2H])(Cl)Cl,-17.9
C=CC1CC(B2OC(C)(C)C(C)(C)O2)=CC1(C(=O)Oc1ccc2c(c1)CC[C@@H]1[C@H]3CCC(=O)[C@]3(C)CC[C@@H]21)C(O)c1ccccc1,[2H]C(Cl)(Cl)Cl,29.0
CC1(C)COB(C2CCCCC2B2OCC(C)(C)O2)O1,[2H]C(Cl)(Cl)Cl,30.9
COc1cccc(/C=C(/B2OC(C)(C)C(C)(C)O2)N2CCOC2=O)c1,[2H]C(Cl)(Cl)Cl,29.25
Cc1ccc(C2=[N+]3C(=C(c4ccccc4)c4ccc(Cl)n4[B-]3(C)c3ccccc3)C=C2)cc1,[2H]C(Cl)(Cl)Cl,3.26
CC(C)O[Si](C)(C)/C(=C\B1OC(C)(C)C(C)(C)O1)CCO[Si](C)(C)C(C)(C)C,[2H]C(Cl)(Cl)Cl,29.2
c1ccc([B-]2(c3ccccc3)O[C@H]3CCC[N@@H+]2C3)cc1,[2H]C([2H])([2H])S(=O)C([2H])([2H])[2H],6.0
CN1C=CN(C(C)(C)C)C1=C1CCC2BC1CCC2,[2H]C([2H])(Cl)Cl,-15.93
COc1ccc2ccc(C(=O)OCC[C@H](C)CCC=C(C)C)c(/C(=C(\B3OC(C)(C)C(C)(C)O3)c3ccccc3)c3ccccc3)c2c1,[2H]C(Cl)(Cl)Cl,29.97
CC(C)[C@]1(B2OC(C)(C)C(C)(C)O2)C[C@@H](c2ccc3ccccc3c2-c2nccc3ccccc23)C1,[2H]C(Cl)(Cl)Cl,36.3
Cc1cc(C)c(B(Br)B(Br)c2c(C)cc(C)cc2C)c(C)c1,[2H]c1c([2H])c([2H])c([2H])c([2H])c1[2H],86.0
CC1(C)OB(CC[Si](C)(C)c2ccccc2)OC1(C)C,[2H]C(Cl)(Cl)Cl,34.06
CC1(C)OB([C@]2(c3ccc(F)cc3)C[C@H](c3ccc4ccccc4c3-c3nccc4ccccc34)C2)OC1(C)C,[2H]C(Cl)(Cl)Cl,34.4
c1ccc([B-]2(c3ccccc3)c3sccc3-c3cccc[n+]32)cc1,[2H]C([2H])([2H])C(=O)C([2H])([2H])[2H],3.06
C(#CB1Oc2cc3ccccc3cc2O1)B1Oc2cc3ccccc3cc2O1,[2H]OC([2H])([2H])[2H],22.1
CC1(C)OB(/C=C\C(=C/c2ccccc2)[C@@H](NC(=O)c2ccccc2)c2cccc(F)c2)OC1(C)C,[2H]C(Cl)(Cl)Cl,30.2
N#C[BH-](C(=O)O)[NH+]1CCOCC1,[2H]O[2H],-16.3
CC1(C)OB(C(B2OC(C)(C)C(C)(C)O2)=C(B2OC(C)(C)C(C)(C)O2)c2ccccc2)OC1(C)C,[2H]C(Cl)(Cl)Cl,30.58
CCOC(=O)Cc1ncccc1B1OC(C)(C)C(C)(C)O1,[2H]C(Cl)(Cl)Cl,30.9
C[N+](C)(C)[BH-](Cl)CCl,[2H]C(Cl)(Cl)Cl,2.9
CCO/C=C/C(B1OC(C)(C)C(C)(C)O1)C(C)C,[2H]C(Cl)(Cl)Cl,32.7
C[Si](C)(C)C(c1ccccc1)C(B(c1c(F)c(F)c(F)c(F)c1F)c1c(F)c(F)c(F)c(F)c1F)c1ccc(F)cc1,[2H]c1c([2H])c([2H])c([2H])c([2H])c1[2H],74.8
CC[C@@H]1N(S(=O)(=O)c2ccc(C)cc2)B(C(C)C)OC1(C1CCCCC1)C1CCCCC1,[2H]C(Cl)(Cl)Cl,36.6
CC(C)N(C(C)C)P1N(C(C)(C)C)[B-](C(F)(F)F)(C(F)(F)F)[N+]1(C)C,[2H]C(Cl)(Cl)Cl,-4.8
COC(=O)C(=Cc1cccc(B2OC(C)(C)C(C)(C)O2)c1)C(=O)N(c1ccccc1)c1ccccc1,[2H]C(Cl)(Cl)Cl,30.9
COB1Oc2c(cc(C(C)(C)C)cc2C(C)(C)C)CN1CCCCCCN1Cc2cc(C(C)(C)C)cc(C(C)(C)C)c2OB1OC,[2H]C(Cl)(Cl)Cl,20.0
C[SiH](C)Cc1ccc(C(F)(F)F)cc1B1OC(C)(C)C(C)(C)O1,[2H]C(Cl)(Cl)Cl,31.08
C=CC#CC[B-]1(CC#CC=C)n2cccc2-c2ccc(-c3ccccc3)c[n+]21,[2H]C(Cl)(Cl)Cl,3.4
CC1(C)OB(C2CCCCC2B2OC(C)(C)C(C)(C)O2)OC1(C)C,[2H]C(Cl)(Cl)Cl,34.35
CCCCO[P+]([BH2-][P+](OCC)(OCC)OCC)(OCCCC)OCCCC,[2H]C([2H])([2H])S(=O)C([2H])([2H])[2H],-1.69
C=C(B1Nc2cccc3cccc(c23)N1)[Si](C)(C)C,[2H]C(Cl)(Cl)Cl,30.1
CC1(C)COB(CC(B2OCC(C)(C)CO2)c2ccccc2)OC1,[2H]C(Cl)(Cl)Cl,30.3
C1=C(c2ccccc2)C[C@@H]2C[C@H]1C[B@-]1(C2)OC[C@@H]2CCC[NH+]21,[2H]C(Cl)(Cl)Cl,7.36
C=CC1CC(B2OC(C)(C)C(C)(C)O2)=CC1(C(=O)[O-])C(O)c1ccc([N+](=O)[O-])cc1,[2H]C(Cl)(Cl)Cl,29.3
CC#CC[B-]1(CC#CC)c2cc(C(C)(C)C)ccc2-c2c3ccccc3cc[n+]21,[2H]C(Cl)(Cl)Cl,-0.7
Cc1ccc(CNB2OCCO2)cc1,[2H]C(Cl)(Cl)Cl,26.4
CC(C)C[C@@H](NC(=O)c1ccccc1Br)[B-](F)(F)F,[2H]C([2H])([2H])S(=O)C([2H])([2H])[2H],2.85
CC(C)[C@]1(c2ccccc2)[C@H](B2OC(C)(C)C(C)(C)O2)[C@@H]1B1OC(C)(C)C(C)(C)O1,[2H]C(Cl)(Cl)Cl,32.3
[BH3-][P+]1(c2ccccc2)CC=C(C)C1,[2H]C(Cl)(Cl)Cl,-35.78
C=CCB1CCC[Si](c2ccccc2)(c2ccccc2)C([SiH](c2ccccc2)c2ccccc2)=C1CC=C,[2H]c1c([2H])c([2H])c([2H])c([2H])c1[2H],81.3
CN1CC(=O)OB(C(CBr)C(=O)C2CCCCC2)OC(=O)C1,[2H]C([2H])([2H])C(=O)C([2H])([2H])[2H],10.37
CC(C)(C)c1cc2c(c(C(C)(C)C)c1)O[B-]1(Cl)Oc3c(cc(C(C)(C)C)cc3C(C)(C)C)[NH+]21,[2H]C(Cl)(Cl)Cl,14.9
CC(C)(C)c1cc2c(c(C(C)(C)C)c1)O[B-]1(Br)OCC[NH+]1C2,[2H]C(Cl)(Cl)Cl,2.0
C[N+](C)(C)[BH2-]c1cc(S(=O)(=O)c2ccccc2)ccc1C#N,[2H]C(Cl)(Cl)Cl,-3.4
CC(C)(C)OC(=O)N1CC2(B3OC(C)(C)C(C)(C)O3)CC1(C)C2,[2H]C(Cl)(Cl)Cl,32.0
CC(C)c1ccc(C2CC2B2OC(C)(C)C(C)(C)O2)cc1,[2H]C(Cl)(Cl)Cl,33.23
C=CC1CC(B2OC(C)(C)C(C)(C)O2)(B2OC(C)(C)C(C)(C)O2)C=C1c1ccccc1,[2H]C(Cl)(Cl)Cl,32.4
CC(C)(C)C1=C(B2C3CCCC2CCC3)CC[Si]1(c1ccccc1)c1ccccc1,[2H]c1c([2H])c([2H])c([2H])c([2H])c1[2H],83.2
CCCC[C@H](CCc1ccccc1)B1OC(C)(C)C(C)(C)O1,[2H]C(Cl)(Cl)Cl,34.9
CC1(C)OB(B2NC(=O)c3ccccc3N2)OC1(C)C,[2H]C(Cl)(Cl)Cl,32.38
CC1(C)OB(C2C(B3OC(C)(C)C(C)(C)O3)C2c2ccc(F)cc2)OC1(C)C,[2H]C(Cl)(Cl)Cl,32.1
CC(C)(C)/C=C(\B1C(Br)=Cc2ccccc2N1C1CCCC1)c1ccc(Cl)cc1,[2H]C(Cl)(Cl)Cl,37.17
CCO[B-]1(c2ccccc2)n2c(Cl)ccc2C(c2ccccc2)=C2C=CC(Cl)=[N+]21,[2H]C(Cl)(Cl)Cl,3.81
CC(C)(C)CC(C)(C)CB1OC(C)(C)C(C)(C)O1,[2H]C(Cl)(Cl)Cl,33.5
CC(C)(C)/C=C(\B1C(Br)=Cc2ccccc2N1C1CCCC1)c1cccc(OC(F)(F)F)c1,[2H]C(Cl)(Cl)Cl,37.63
COB(C)C1(C)CCCCCC1,[2H]C(Cl)(Cl)Cl,53.8
CN1CC(=O)OB(C(CBr)C(=O)C2CCOCC2)OC(=O)C1,[2H]C([2H])([2H])C#N,10.28
CC(C)(C)N1C=CN(C(C)(C)C)B1C[Si](C)(C)C,[2H]c1c([2H])c([2H])c([2H])c([2H])c1[2H],26.4
CC(C)c1cccc(C(C)C)c1NB(F)Oc1c(C(C)(C)C)cccc1C(C)(C)C,[2H]C(Cl)(Cl)Cl,18.3
C[N+](C)(C)[BH2-]c1nccc2ccccc12,[2H]C(Cl)(Cl)Cl,-5.3
CC(C)=C=C(CCc1ccccc1)B(O)O,[2H]c1c([2H])c([2H])c(C([2H])([2H])[2H])c([2H])c1[2H],29.0
CC/C(I)=C(\CC)B(I)I,[2H]C(Cl)(Cl)Cl,40.0
CC1C(O)CC1(B1OC(C)(C)C(C)(C)O1)c1ccccc1,[2H]C(Cl)(Cl)Cl,33.4
CN1CC(=O)OB(C(CBr)C(=O)c2ccc(F)cc2)OC(=O)C1,[2H]C([2H])([2H])C#N,10.35
C[N+](C)(C)[BH2-]c1nc2ccccc2[nH]c1=O,[2H]C(Cl)(Cl)Cl,-6.0
C[Si]1(C)OB(c2ccccc2)O[Si](C)(C)O1,[2H]C(Cl)(Cl)Cl,26.8
CCC([NH3+])B(O)O.[Cl-],[2H]OC([2H])([2H])[2H],28.74
CCCCCCN(CCCCCC)C(=O)c1ccccc1B1OC(C)(C)C(C)(C)O1,[2H]C(Cl)(Cl)Cl,32.9
CC1(C)OB(CC(O)COCCc2cccs2)OC1(C)C,[2H]C(Cl)(Cl)Cl,33.21
CC[B-]1(CC)/C(=C/C(C)(C)C)[Si](C)(C)n2c3ccccc3c[n+]21,[2H]c1c([2H])c([2H])c([2H])c([2H])c1[2H],2.4
CCOC(=O)CCCCB1OC(C)(C)C(C)(C)O1,[2H]C(Cl)(Cl)Cl,34.08
C[Si]1(C)Cc2ccc(C(F)(F)F)cc2B(O)O1,[2H]C(Cl)(Cl)Cl,27.87
CC1(C)OB(C2CCCC2)OC1(C)C,[2H]C(Cl)(Cl)Cl,33.71
CC(C)(C)OB1C=C(C(C)(C)C)N2B(OC(C)(C)C)C=C(C(C)(C)C)N12,[2H]C(Cl)(Cl)Cl,27.3
c1cc[nH+]cc1.c1ccc2c(c1)O[B-]1(O2)Oc2ccccc2O1,[2H]O[2H],13.5
CC[B-]1(CC)/C(=C/C(C)(C)C)[Si](C)(C)[n+]2ccsc21,[2H]c1c([2H])c([2H])c([2H])c([2H])c1[2H],-7.6
[BH3-][PH+](c1ccc(C(F)(F)F)cc1)c1ccc(C(F)(F)F)cc1,[2H]C(Cl)(Cl)Cl,-40.6
Bc1nc2cc(C)c(C)cc2nc1OC(C)C,[2H]C(Cl)(Cl)Cl,-5.8
CC(C)c1ccc([B-]2(c3ccc(C(C)C)cc3)c3ccccc3Nc3cccc[n+]32)cc1,[2H]C([2H])([2H])C(=O)C([2H])([2H])[2H],-1.18
Cc1ccc(C(CC(=O)[Si](C)(C)C(C)(C)C)B2OC(C)(C)C(C)(C)O2)cc1,[2H]C(Cl)(Cl)Cl,33.3
[BH3-][P+]1(c2ccccc2)OC(c2ccccc2)(c2ccccc2)[C@@H]2O[C@@](C)(OC)[C@](C)(OC)O[C@H]2C(c2ccccc2)(c2ccccc2)O1,[2H]C(Cl)(Cl)Cl,-36.98
CC1(C)OB([Si@@](CCCc2ccc3ccc4cccc5ccc2c3c45)(c2ccccc2)C(C)(C)C)OC1(C)C,[2H]C(Cl)(Cl)Cl,34.34
C[Si](C)(C)NB1CCCC1,[2H]c1c([2H])c([2H])c([2H])c([2H])c1[2H],57.6
CCOC(=O)CC(B1OC(C)(C)C(C)(C)O1)C(C)C,[2H]C(Cl)(Cl)Cl,33.83
CC(C)(C)c1ccc(-c2ccc(-c3ccc(C(C)(C)C)cc3)c([B-]3([n+]4ccccc4)c4cc(C(C)(C)C)ccc4-c4cccc(-c5ccc(C(C)(C)C)cc5)c43)c2)cc1,[2H]c1c([2H])c([2H])c([2H])c([2H])c1[2H],4.2
C=CC(O)(B1OC(=O)CN(C)CC(=O)O1)c1ccc(Cl)cc1,[2H]C([2H])([2H])C(=O)C([2H])([2H])[2H],9.99
CC(C)CCOB1OC(C)(C)C(C)(C)O1,[2H]C(Cl)(Cl)Cl,22.01
Cc1ccccc1[C@H]1[C@@H](B2OC(C)(C)C(C)(C)O2)[C@]1(C)c1ccccc1,[2H]C(Cl)(Cl)Cl,33.6
CC1(C)OB(N2C=CCN(B3OC(C)(C)C(C)(C)O3)C2)OC1(C)C,[2H]c1c([2H])c([2H])c([2H])c([2H])c1[2H],23.9
C=CC(O)(B1OC(=O)CN(C)CC(=O)O1)C1CCCCC1,[2H]C([2H])([2H])C(=O)C([2H])([2H])[2H],10.19
CC[NH+](CC)[BH-](C(F)(F)F)C(F)(F)F,[2H]C(Cl)(Cl)Cl,-12.6
C[B-](C1=CC=CC1)=[N+](C(C)C)C(C)C,[2H]c1c([2H])c([2H])c(C([2H])([2H])[2H])c([2H])c1[2H],33.9
COC(=O)/C=C/c1ccc2n1[B-](F)(c1ccccc1)[N+]1=C(c3ccc(C)cc3)C=CC1=C2c1ccccc1,[2H]C(Cl)(Cl)Cl,4.75
C[NH+](C)C(C(=O)OC(C)(C)C)[B-](C)(C(F)(F)F)C(F)(F)F,[2H]C([2H])([2H])C#N,-3.5
C=C(B1Nc2cccc3cccc(c23)N1)B1Nc2cccc3cccc(c23)N1,[2H]C(Cl)(Cl)Cl,27.9
COc1cccc([C@H]2[C@@H](B3OC(C)(C)C(C)(C)O3)[C@]2(C)c2ccccc2)c1,[2H]C(Cl)(Cl)Cl,32.7
COc1ccc([C@@H](CCB2OC(C)(C)C(C)(C)O2)CB2OC(C)(C)C(C)(C)O2)cn1,[2H]C(Cl)(Cl)Cl,33.5
COc1ccc(C2=Cc3ccccc3N(Cc3ccccc3)B2c2c(OC)ccc3ccccc23)cc1Cl,[2H]C(Cl)(Cl)Cl,40.8
CCC[Si](CCC)(CCC)OB1OB(O[Si](CCC)(CCC)CCC)OB(O[Si](CCC)(CCC)CCC)O1,[2H]C(Cl)(Cl)Cl,15.4
CC(C)C[C@@H](B1OC(C)(C)C(C)(C)O1)N1C(=O)OC[C@@H]1c1ccccc1,[2H]C(Cl)(Cl)Cl,32.74
CCOC(=O)C(F)(F)CC(Br)[B-]12OC(=O)C[N+]1(C)CC(=O)O2,[2H]C([2H])([2H])S(=O)C([2H])([2H])[2H],10.14
CC1(C)OB(c2cnc(C(=O)NC34CC5CC(CC(C5)C3)C4)s2)OC1(C)C,[2H]C(Cl)(Cl)Cl,28.94
Cc1cc[n+]([B-]23CCCc4ccc(n42)CCC3)cc1,[2H]c1c([2H])c([2H])c([2H])c([2H])c1[2H],7.0
CC(C)(C)c1cc2c(c(C(C)(C)C)c1)OB(C1=CC=CC1[Si](C)(C)C)O2,[2H]C(Cl)(Cl)Cl,28.1
CC(=O)Nc1ccc2n1[B-](F)(c1ccccc1)[N+]1=C(Cl)C=CC1=C2c1ccccc1,[2H]C(Cl)(Cl)Cl,1.26
CCC1=C(C)C2=C(C)c3c(C)c(CC)c(C)n3[B-](c3ccc4ccccc4c3)(c3ccc4ccccc4c3)[N+]2=C1C,[2H]C(Cl)(Cl)Cl,2.9
C=CC1CC(B2OC(C)(C)C(C)(C)O2)=CC1(C(=O)OC)C(O)c1cccs1,[2H]C(Cl)(Cl)Cl,29.6
COC[C@H]1CCCN1C[Si](C)(C)[C@@H](CCc1ccccc1)[C@H](C)B1OC(C)(C)C(C)(C)O1,[2H]C(Cl)(Cl)Cl,33.34
CC(C)CC(CC(C)C)O[Si](ON=C1CCC(C)c2cc(B3OC(C)(C)CC(C)(C)O3)ccc21)(OC(CC(C)C)CC(C)C)OC(CC(C)C)CC(C)C,[2H]C(Cl)(Cl)Cl,26.0
CC1(C)OB(c2ccc(N)cc2)OC1(C)C,[2H]C(Cl)(Cl)Cl,30.86
[NH3+]C(c1ccc(F)cc1)[B-](F)(F)F,[2H]OC([2H])([2H])[2H],2.56
[BH3-][NH+](CCCC)Cc1ccccc1,[2H]OC([2H])([2H])[2H],-14.9
CN(C)B(C1B(N(C)C)C([Si](C)(C)C)([Si](C)(C)C)B1N(C)C)C(C)(C)C,[2H]C(Cl)(Cl)Cl,45.0
CCCC[B@@-]12CCCC3=[N+]1[C@@H](C=C3)CCC2,[2H]c1c([2H])c([2H])c([2H])c([2H])c1[2H],-6.0
CC(C)B(C1=CC=CC1)C(C)C,[2H]C(Cl)(Cl)Cl,72.0
Cn1nn[n+](C)c1N.c1ncn([BH-](n2cncn2)n2cncn2)n1,[2H]C([2H])([2H])S(=O)C([2H])([2H])[2H],-0.39
CC1(C)OB(C(CCc2ccc(C#N)cc2)B2OC(C)(C)C(C)(C)O2)OC1(C)C,[2H]C(Cl)(Cl)Cl,34.0
Cc1cc(C)c(B(c2c(F)c(F)c(F)c(F)c2F)c2c(F)c(F)c(F)c(F)c2F)c(C)c1,[2H]c1c([2H])c([2H])c(C([2H])([2H])[2H])c([2H])c1[2H],69.7
C[N+](C)(C)[BH2-]c1nncc2ccccc12,[2H]C(Cl)(Cl)Cl,-6.0
C[C@@H]1[C@H](OC(=O)c2ccc(Br)cc2)C[C@@]1(B1OC(C)(C)C(C)(C)O1)c1ccccc1,[2H]C(Cl)(Cl)Cl,32.9
c1ccc([B@@-]23Oc4ccccc4C[N@@H+]2c2ccccc2O3)cc1,[2H]C(Cl)(Cl)Cl,7.6
Cc1ccc(-c2cc(C)cc(B3OC(C)(C)C(C)(C)O3)c2)cc1,[2H]C(Cl)(Cl)Cl,31.0
CCB(CC)/C(CC)=C(\[SiH](C)C)[Si](C)(C)C,[2H]C(Cl)(Cl)Cl,69.4
CCOC(=O)C(F)(F)[C@H](COC(=O)c1ccccc1)C(I)[B-]12OC(=O)C[N+]1(C)CC(=O)O2,[2H]C([2H])([2H])S(=O)C([2H])([2H])[2H],10.44
CCCCCCC#C[B-](c1ccccc1)(c1ccccc1)c1ccccc1.C[N+](C)(C)C,[2H]C([2H])([2H])S(=O)C([2H])([2H])[2H],-12.4
CCN1B(C#Cc2ccccc2)N(CC)c2ccccc21,[2H]c1c([2H])c([2H])c([2H])c([2H])c1[2H],21.2
Cc1ccc(C(C)[BH2-][N+](C)(C)C)cc1,[2H]C(Cl)(Cl)Cl,0.7
COc1cc(Nc2ccccc2)cc(B2OC(C)(C)C(C)(C)O2)c1,[2H]c1c([2H])c([2H])c([2H])c([2H])c1[2H],31.8
CCCCCCN(CCCCCC)C(=O)c1ccc(B2OC(C)(C)C(C)(C)O2)cc1,[2H]C(Cl)(Cl)Cl,29.9
CC1(C)OB(CC[Si](C)(C)CB2OC(C)(C)C(C)(C)O2)OC1(C)C,[2H]C(Cl)(Cl)Cl,34.0
CC1(C)OB([C@@H](CC2CCCCC2)N2C(=O)O[C@H](c3ccccc3)[C@@H]2c2ccccc2)OC1(C)C,[2H]C(Cl)(Cl)Cl,32.66
CCC1=C(C)C2=C(c3ccc(NC(=O)Nc4ccccc4)cc3)c3c(C)c(CC)c(C)n3[B-](F)(F)[N+]2=C1C,[2H]C(Cl)(Cl)Cl,3.93
CC(C1CCCCC1)N1C=CN(C(C)C2CCCCC2)B1Br,[2H]C(Cl)(Cl)Cl,18.2
CC(C)(C)c1ccc2c(c1)OB(C1=CC=CC1[Si](C)(C)C)O2,[2H]C(Cl)(Cl)Cl,29.3
CC#CC(O)(B1OC(=O)CN(C)CC(=O)O1)c1cccc(C#N)c1,[2H]C([2H])([2H])C(=O)C([2H])([2H])[2H],9.59
CCOB(Br)c1ccc(C)cc1,[2H]C(Cl)(Cl)Cl,38.4
C[N+]12CC(=O)O[B-]1(C(I)CC(F)(F)C(=O)Nc1ccc(OC(F)(F)F)cc1)OC(=O)C2,[2H]C([2H])([2H])S(=O)C([2H])([2H])[2H],10.74
CCC1=C(C)C2=C(C)c3c(C)c(CC)c(C)n3[B-](C#C[Si](C)(C)C)(C#C[Si](C)(C)C)[N+]2=C1C,[2H]C(Cl)(Cl)Cl,-11.1
C=CCCC[B-](C(F)(F)F)(C(F)(F)F)[N+](C)(C)C,[2H]C(Cl)(Cl)Cl,-6.0
CC([BH2-][n+]1ccccc1)c1ccc2ccccc2c1,[2H]C(Cl)(Cl)Cl,-1.0
CC(C)(C)C(OB1N([Si](C)(C)C)B(OC(C(C)(C)C)C(C)(C)C)N1[Si](C)(C)C)C(C)(C)C,[2H]C(Cl)(Cl)Cl,25.6
CC1(C)OB(C(CCc2ccccc2)CS(=O)(=O)F)OC1(C)C,[2H]C(Cl)(Cl)Cl,33.53
CC(C)(C)OC(=O)/C=C/c1cccc(B2OC(C)(C)C(C)(C)O2)c1,[2H]C(Cl)(Cl)Cl,31.0
CCCCCCCCCCC(CS(=O)(=O)F)B1OC(C)(C)C(C)(C)O1,[2H]C(Cl)(Cl)Cl,33.5
Nc1ccc(B2NC(=O)c3ccccc3N2)cc1,[2H]C([2H])([2H])S(=O)C([2H])([2H])[2H],29.86
F[B-]1(c2ccccc2)n2c(ccc2-c2ccc(Br)cc2)C(c2ccccc2)=C2C=CC(Cl)=[N+]21,[2H]C(Cl)(Cl)Cl,3.6
COc1ccc([B-]2(c3cc(F)c(F)c(F)c3)c3ccccc3Nc3cccc[n+]32)cc1,[2H]C([2H])([2H])C(=O)C([2H])([2H])[2H],-1.97
CN(C)B1NB(N(C)C)NB(N(C)C)N1,[2H]c1c([2H])c([2H])c([2H])c([2H])c1[2H],26.2
CCCCC1=C(CCCC)c2ccccc2OB1O,[2H]OC([2H])([2H])[2H],26.92
CC1(C)OB(CCCCCCn2c3ccccc3c3ccccc32)OC1(C)C,[2H]C(Cl)(Cl)Cl,34.2
Cc1cccc(C)c1N1C=CN(c2c(C)cccc2C)[BH-]1I,[2H]c1c([2H])c([2H])c([2H])c([2H])c1[2H],11.8
CC(=O)C([I+]c1ccc(C)cc1)=P(c1ccccc1)(c1ccccc1)c1ccccc1.F[B-](F)(F)F,[2H]C([2H])([2H])S(=O)C([2H])([2H])[2H],-1.26
CCOC(=O)C(F)(F)CC(I)[B-]12OC(=O)C[N+]1(C)CC(=O)O2,[2H]C([2H])([2H])S(=O)C([2H])([2H])[2H],10.13
CC(Cc1ccc(C(C)(C)C)cc1)C(B1OC(C)(C)C(C)(C)O1)B1OC(C)(C)C(C)(C)O1,[2H]C(Cl)(Cl)Cl,33.1
[BH2-]([n+]1c[nH]c2ccccc21)[n+]1c[nH]c2ccccc21.[Cl-],[2H]C([2H])([2H])S(=O)C([2H])([2H])[2H],13.2
CC(C)(C)OC(=O)C12CCC(B3OC(C)(C)C(C)(C)O3)(C1)C2,[2H]C(Cl)(Cl)Cl,32.3
CC1(C)OB(C2CCCC2B2OC(C)(C)C(C)(C)O2)OC1(C)C,[2H]C(Cl)(Cl)Cl,34.0
Cc1cc(C)c(B(SC(C)(C)C)B(SC(C)(C)C)c2c(C)cc(C)cc2C)c(C)c1,[2H]C(Cl)(Cl)Cl,77.0
CC1(C)OB(c2cccc([N+](=O)[O-])c2)OC1(C)C,[2H]C(Cl)(Cl)Cl,30.4
CC1=CC(=O)C(B2OC(C)(C)C(C)(C)O2)=C(C)C1=O,[2H]C(Cl)(Cl)Cl,28.3
CC(CCCc1ccc(C(F)(F)F)cc1)(CB1OC(C)(C)C(C)(C)O1)/C(=N/N1CCCCC1)C(F)(F)F,[2H]C(Cl)(Cl)Cl,33.7
[BH3-][P+](CC)(c1ccccc1)c1cccc(OC)c1,[2H]c1c([2H])c([2H])c([2H])c([2H])c1[2H],-35.1
COC1OB(C(C)(C)C)N(C(C)(C)C)B1C(C)(C)C,[2H]C(Cl)(Cl)Cl,39.0
CC(C)(C)N1C=CN(C(C)(C)C)B1c1cc(B2N(C(C)(C)C)C=CN2C(C)(C)C)cc(B2N(C(C)(C)C)C=CN2C(C)(C)C)c1,[2H]c1c([2H])c([2H])c([2H])c([2H])c1[2H],25.8
CCSc1ccc2ccccc2c1B1C(Br)=Cc2ccccc2N1Cc1ccccc1,[2H]C(Cl)(Cl)Cl,36.9
CCC1=C([Si](C)(C)Cl)C[N+](C)(C)[B-]1(CC)CC,[2H]C(Cl)(Cl)Cl,5.7
COC1=CC=CN(B2OC(C)(C)C(C)(C)O2)C1,[2H]c1c([2H])c([2H])c([2H])c([2H])c1[2H],24.0
CC1=C2CC3C[C@H]4CB2C(=C(C)[Si](C)(C)[Si]1(C)C)C[C@@H](C3)C4,[2H]C(Cl)(Cl)Cl,82.8
COP(C)(=O)OC.Fc1c(F)c(F)c(B(c2c(F)c(F)c(F)c(F)c2F)c2c(F)c(F)c(F)c(F)c2F)c(F)c1F,[2H]C(Cl)(Cl)Cl,-1.2
CC(C)CC(CC(C)C)O[Si](OC(CC(C)C)CC(C)C)(OC(CC(C)C)CC(C)C)c1ccc(B2OC(C)(C)CC(C)(C)O2)cc1,[2H]C(Cl)(Cl)Cl,26.7
C[Si](C)(C)C(Cc1ccccc1)B(c1c(F)c(F)c(F)c(F)c1F)c1c(F)c(F)c(F)c(F)c1F,[2H]c1c([2H])c([2H])c([2H])c([2H])c1[2H],72.2
CC1(C)OB([C@@H]2[C@H](c3ccc(C(=O)c4ccccc4)cc3)[C@@]2(C)c2ccccc2)OC1(C)C,[2H]C(Cl)(Cl)Cl,32.6
CC(C)(C)c1cc2c(c(C(C)(C)C)c1)OB(O[Si](C)(C)C)N(CCN1Cc3cc(C(C)(C)C)cc(C(C)(C)C)c3OB1O[Si](C)(C)C)C2,[2H]C(Cl)(Cl)Cl,19.8
CCC1(CC)OB(/C=C/c2ccccc2)OC1(CC)CC,[2H]C(Cl)(Cl)Cl,29.1
F[B-]1(CBr)n2c(Cl)ccc2C(c2ccccc2)=C2C=CC(Cl)=[N+]21,[2H]C(Cl)(Cl)Cl,3.64
CCCB(C/C=C/c1ccccc1)CCC,[2H]C(Cl)(Cl)Cl,86.14
Cc1c(C=O)cccc1/C(=C/C(C)(C)C)B1C(Br)=Cc2ccccc2N1C1CCCC1,[2H]C(Cl)(Cl)Cl,37.9
CCCCCCN(CCCCCC)C(=O)c1cccc(B2OC(C)(C)C(C)(C)O2)c1OC(F)(F)F,[2H]C(Cl)(Cl)Cl,30.2
CC(C)CCC[C@@H](C)[C@H]1CCC2C3CC[C@H]4C[C@](B5Nc6cccc7cccc(c67)N5)(B5OC(C)(C)C(C)(C)O5)CC[C@]4(C)C3CC[C@@]21C,[2H]C(Cl)(Cl)Cl,32.3
CC1(C)OB([C@]2(c3ccccc3)C[C@H](c3ccc4cc(C#N)ccc4c3-c3nccc4ccccc34)C2)OC1(C)C,[2H]C(Cl)(Cl)Cl,34.4
CC1(C)OB(N2c3ccccc3CC3C=CC=CC32)OC1(C)C,[2H]c1c([2H])c([2H])c([2H])c([2H])c1[2H],25.0
CCCCCC(CCCn1cc(C(=O)OC)c2ccccc21)B1OC(C)(C)C(C)(C)O1,[2H]C(Cl)(Cl)Cl,35.39
COc1ccc2ccccc2c1B1C(Br)=Cc2ccccc2N1Cc1ccccc1,[2H]C(Cl)(Cl)Cl,38.5
C/C=C(\CC(=O)OCC)B1OC(C)(C)C(C)(C)O1,[2H]C(Cl)(Cl)Cl,29.98
CC1(C)OB(C23COC(CO)(C2)C3)OC1(C)C,[2H]C(Cl)(Cl)Cl,31.6
CC1(C)OB(CCc2cccc(Cl)c2)OC1(C)C,[2H]C(Cl)(Cl)Cl,33.83
[NH3+]C(C1CC1)[B-](F)(F)F,[2H]OC([2H])([2H])[2H],2.77
c1ccc2c(c1)C1B(N(C3CCCCC3)C3CCCCC3)OB(N(C3CCCCC3)C3CCCCC3)C2c2ccccc21,[2H]C(Cl)(Cl)Cl,29.3
C[SiH](C)Cc1c(F)cc(F)cc1B1OC(C)(C)C(C)(C)O1,[2H]C(Cl)(Cl)Cl,30.34
CC1(C)OB(c2ccc(-c3ccccc3)cc2)OC1(C)C,[2H]C(Cl)(Cl)Cl,30.99
CC(C)(C)C1CCC(B2Nc3cccc4cccc(c34)N2)(B2OC(C)(C)C(C)(C)O2)CC1,[2H]C(Cl)(Cl)Cl,34.6
CCC1=C(C)C2=C(c3ccc4[nH]c(-c5cccc(C)n5)nc4c3)c3c(C)c(CC)c(C)n3[B-](F)(F)[N+]2=C1C,[2H]C(Cl)(Cl)Cl,3.93
CC1(C)OB(CC(c2ccccc2)c2cc(C#N)cc(F)c2F)OC1(C)C,[2H]C(Cl)(Cl)Cl,33.4
CC1(C)OB(/C(=C(/c2ccccc2)c2c(C(=O)OC3COC3)ccc3cc(Cl)ccc23)c2ccccc2)OC1(C)C,[2H]C(Cl)(Cl)Cl,31.13
CC1(C)OB([C@]2(c3ccsc3)C[C@@H](c3ccc4ccccc4c3-c3nccc4ccccc34)C2)OC1(C)C,[2H]C(Cl)(Cl)Cl,35.4
CCC(C)(c1ccccc1)N1C=CN(C(C)(CC)c2ccccc2)B1C#N,[2H]c1c([2H])c([2H])c([2H])c([2H])c1[2H],13.5
Clc1cccc2c1[BH2-][n+]1cccc(C(c3ccccc3)c3ccccc3)c1-2,[2H]C(Cl)(Cl)Cl,-0.48
CC1(C)OB(C2CN(S(=O)(=O)c3ccccc3)c3ccc(F)cc32)OC1(C)C,[2H]C(Cl)(Cl)Cl,32.05
CCC1(CC)OB(/C(=C/S(=O)(=O)F)c2ccc(OC)cc2)OC1(CC)CC,[2H]C(Cl)(Cl)Cl,29.66
Cc1cccc(B2NC(=O)c3ccccc3N2)c1,[2H]C([2H])([2H])S(=O)C([2H])([2H])[2H],29.22
CC(c1ccccc1)N1C=CN(C(C)(C)C)B1C#N,[2H]C(Cl)(Cl)Cl,11.6
CC1(C)OB([C@H](CCc2ccccc2)c2ccc3ccccc3c2)OC1(C)C,[2H]C(Cl)(Cl)Cl,33.0
NC#[N+][B-](c1c(F)c(F)c(F)c(F)c1F)(c1c(F)c(F)c(F)c(F)c1F)c1c(F)c(F)c(F)c(F)c1F,[2H]C([2H])(Cl)Cl,-12.0
C=C1CB(Cl)Cc2ccccc21,[2H]C(Cl)(Cl)Cl,76.7
CCCCCCN(CCCCCC)C(=O)c1cc(B2OC(C)(C)C(C)(C)O2)cc(Cl)c1Cl,[2H]C(Cl)(Cl)Cl,30.4
O=C(c1ccccc1)c1ccccc1B1OCC(c2ccccc2)(c2ccccc2)O1,[2H]C(Cl)(Cl)Cl,32.3
CCCC/C(B1OC(C)(C)C(C)(C)O1)=C(\c1ccccc1)c1c(C(=O)OCC)ccc2ccc(OC)cc12,[2H]C(Cl)(Cl)Cl,30.61
CC(C)(C)N1CCN(C(C)(C)C)B1c1cccc(B2N(C(C)(C)C)CCN2C(C)(C)C)c1,[2H]c1c([2H])c([2H])c([2H])c([2H])c1[2H],32.2
CC[N+]([BH2-]c1nc2ccccc2n(C)c1=O)(CC)CC,[2H]C(Cl)(Cl)Cl,-11.2
CC1=C(c2ccc(C)cc2)c2ccccc2OB1O,[2H]OC([2H])([2H])[2H],26.83
C[N+](C)(C)[BH2-]c1cc(-c2cccc(C(F)(F)F)c2)c2ccccc2n1,[2H]C(Cl)(Cl)Cl,-3.5
CC(CB1OC(C)(C)C(C)(C)O1)c1ccccc1,[2H]C(Cl)(Cl)Cl,32.56
C[n+]1ccc2ccccc2c1.Fc1c(F)c(F)c([B-](c2c(F)c(F)c(F)c(F)c2F)(c2c(F)c(F)c(F)c(F)c2F)c2c(F)c(F)c(F)c(F)c2F)c(F)c1F,[2H]C([2H])(Cl)Cl,-16.8
CC(C)(C)c1ccc(C23CC(CB4OC(C)(C)C(C)(C)O4)(C2)C3)cc1,[2H]C(Cl)(Cl)Cl,32.9
Cn1c(=O)c([BH2-][N+](C)(C)C)nc2ccccc21,[2H]C(Cl)(Cl)Cl,-6.0
C/C=C(\CC(=O)OCc1ccccc1[N+](=O)[O-])B1OC(C)(C)C(C)(C)O1,[2H]C(Cl)(Cl)Cl,29.88
C[NH+](C)[B-](C#N)(C(F)(F)F)C(F)(F)F,[2H]C([2H])([2H])C#N,-14.1
CC1(C)OB(N2CC=Cc3ccccc32)OC1(C)C,[2H]c1c([2H])c([2H])c([2H])c([2H])c1[2H],24.5
[BH3-][P+](OC)(c1ccccc1)C(C)(C)C,[2H]c1c([2H])c([2H])c([2H])c([2H])c1[2H],-39.4
CC(C)(C)N1B[N+]2([AlH2-]1)C(C)(C)CCCC2(C)C,[2H]c1c([2H])c([2H])c([2H])c([2H])c1[2H],26.8
CCB(CC)/C(CC)=C(/C=C/C#C[Si](C)(C)C)[Si](C)(C)C,[2H]c1c([2H])c([2H])c([2H])c([2H])c1[2H],81.4
CC1(C)OB(c2ccc([C@]3(B4OC(C)(C)C(C)(C)O4)C[C@H](c4ccc5ccccc5c4-c4nccc5ccccc45)C3)cc2)OC1(C)C,[2H]C(Cl)(Cl)Cl,34.9
CC1(C)CC(C)(C)OB(c2ccc(C=O)c(OC(F)(F)F)c2)O1,[2H]C(Cl)(Cl)Cl,25.5
CC1(C)OB(c2cc(B3OC(C)(C)C(C)(C)O3)cc(P(N)(N)=O)c2)OC1(C)C,[2H]C(Cl)(Cl)Cl,31.3
CN1CC(=O)OB(c2cc(C(=O)c3cccs3)c(N)s2)OC(=O)C1,[2H]C([2H])([2H])C#N,10.1
CC(CCNC(=O)C(F)(F)F)CB1OC(C)(C)C(C)(C)O1,[2H]C(Cl)(Cl)Cl,33.7
CCB(C#CB(CC)CC)CC,[2H]C(Cl)(Cl)Cl,72.2
COc1cccc(CCCC(C)(CB2OC(C)(C)C(C)(C)O2)/C(=N/N2CCCCC2)C(F)(F)F)c1,[2H]C(Cl)(Cl)Cl,33.8
Cc1cc(C)cc(C2CC2B2OC(C)(C)C(C)(C)O2)c1,[2H]C(Cl)(Cl)Cl,32.83
CCC1=C(C)C2=C(C)c3c(C)c(CC)c(C)n3[B-](c3ccccc3)(c3ccccc3)[N+]2=C1C,[2H]C(Cl)(Cl)Cl,2.7
CC1(C)OB([C@@H]([NH3+])Cc2ccccc2)OC1(C)C.[Cl-],[2H]C([2H])([2H])S(=O)C([2H])([2H])[2H],32.9
[2H][Si](C)(C)Cc1c(B2OC(C)(C)C(C)(C)O2)cccc1B1OC(C)(C)C(C)(C)O1,[2H]C(Cl)(Cl)Cl,31.26
CC(C)(C)N1P(N(C(C)(C)C)[Si](C)(C)C)[N+](C)(C)[B-]1(C(F)(F)F)C(F)(F)F,[2H]C(Cl)(Cl)Cl,-4.8
Br[Mg]CCCB(C1CCCCC1)C1CCCCC1,[2H]c1c([2H])c([2H])c([2H])c([2H])c1[2H],82.2
CCC1=C([Si](C)(C)C)[Si](C)(C)[N+](CC)(CC)[B-]1(CC)CC,[2H]c1c([2H])c([2H])c([2H])c([2H])c1[2H],4.0
[N-]=[N+]=NB(c1c(F)cccc1F)c1c(F)cccc1F,[2H]c1c([2H])c([2H])c([2H])c([2H])c1[2H],44.5
COc1ccc2ccc(C(=O)OC3COC3)c(/C(=C(\B3OC(C)(C)C(C)(C)O3)c3ccc(OC(F)(F)F)cc3)c3ccc(OC(F)(F)F)cc3)c2c1,[2H]C(Cl)(Cl)Cl,30.26
CCCC/C(=C(\CC)B(CC)CC)[Si](C)(C)C,[2H]C(Cl)(Cl)Cl,83.0
C[N+]1(C)Cc2ccccc2[B-]1(F)c1ccccc1,[2H]C(Cl)(Cl)Cl,12.6
CC(C)(C)OC(=O)N1CC2(B3OC(C)(C)C(C)(C)O3)CC1(C(F)F)C2,[2H]C(Cl)(Cl)Cl,31.8
Cc1cccc(C2C(B3OC(C)(C)C(C)(C)O3)C2B2OC(C)(C)C(C)(C)O2)c1,[2H]C(Cl)(Cl)Cl,32.1
COc1ccc2ccc(C(=O)OC3COC3)c(/C(=C(\B3OC(C)(C)C(C)(C)O3)c3ccc4c(c3)OCO4)c3ccc4c(c3)OCO4)c2c1,[2H]C(Cl)(Cl)Cl,30.28
[BH3-]c1n2c(c3[n+]1[C@@H](C(C)(C)C)CO3)OC[C@@H]2C(C)(C)C,[2H]C(Cl)(Cl)Cl,-35.2
FC(F)(F)c1ccccc1B(c1ccccc1C(F)(F)F)c1ccccc1C(F)(F)F,[2H]C(Cl)(Cl)Cl,71.0
O=C1O[B@-]2(c3ccccc3)Oc3ccccc3C[NH+]2[C@H]1Cc1ccc(O)cc1,[2H]C([2H])([2H])S(=O)C([2H])([2H])[2H],5.08
CN1CC(=O)OB(CC=C(C#N)C#N)OC(=O)C1,[2H]C([2H])([2H])S(=O)C([2H])([2H])[2H],11.1
CC1(C)OB(c2ccccc2Oc2ccccc2)OC1(C)C,[2H]C(Cl)(Cl)Cl,30.44
COC(=O)CC(C)B1OC(C)(C)C(C)(C)O1,[2H]C(Cl)(Cl)Cl,33.99
COC(=O)C(Cc1ccc(O)c(O)c1)NC(=O)[BH2-][N+](C)(C)C,[2H]C([2H])([2H])S(=O)C([2H])([2H])[2H],-10.06
C[N+]12CC(=O)O[B-]1([C@H]1CC(F)(F)C3=[N+]1CCc1cc4c(cc13)OCO4)OC(=O)C2,[2H]C([2H])([2H])S(=O)C([2H])([2H])[2H],19.99
CCOP(=O)(OCC)c1cc(B2OC(C)(C)C(C)(C)O2)cc(B2OC(C)(C)C(C)(C)O2)c1,[2H]C(Cl)(Cl)Cl,31.0
COc1cc([BH2-][N+](C)(C)C)c(Cl)nn1,[2H]C(Cl)(Cl)Cl,-7.0
CN1Cc2ccccc2[B-](OC(C(F)(F)F)C(F)(F)F)(OC(C(F)(F)F)C(F)(F)F)O1,[2H]C([2H])([2H])C#N,4.9
CC1(C)OB(c2cc(Cl)ccc2Nc2ncccn2)OC1(C)C,[2H]C(Cl)(Cl)Cl,5.66
C[NH+](C)C([B-](O)(C(F)(F)F)C(F)(F)F)C(C)(C)C,[2H]C([2H])([2H])C#N,-7.8
CC[C@@H]1N(S(=O)(=O)c2ccc(C)cc2)B(c2ccc3ccccc3c2)OC1(C1CCCCC1)C1CCCCC1,[2H]C(Cl)(Cl)Cl,33.4
COc1ccc2ccccc2c1B1C(/C=C/c2ccccc2)=Cc2ccccc2N1Cc1ccccc1,[2H]C(Cl)(Cl)Cl,41.4
CCC(C)N(B1OB(N(C(C)CC)C(C)CC)C2c3ccccc3C=CC12)C(C)CC,[2H]C(Cl)(Cl)Cl,36.3
CN1CC(=O)OB(C/C=C(\C#N)C(N)=O)OC(=O)C1,[2H]C([2H])([2H])C#N,11.3
CC1(C)CCCCCCB1Cl,[2H]C(Cl)(Cl)Cl,76.6
C[B-]1=[N+](P(N(C(C)C)C(C)C)N(C(C)C)C(C)C)N=NC1([Si](C)(C)C)[Si](C)(C)C,[2H]C(Cl)(Cl)Cl,49.7
OB1Oc2c(cc3ccccc3c2-c2c(O)ccc3ccccc23)C2=C1CCCC2,[2H]OC([2H])([2H])[2H],27.39
CN1CC(=O)OB(C/C=C(\C#N)C(=O)[O-])OC(=O)C1,[2H]C([2H])([2H])S(=O)C([2H])([2H])[2H],10.9
C[N+](C)(C)[B-](c1ccccc1)(C(F)(F)F)C(F)(F)F,[2H]C(Cl)(Cl)Cl,-6.2
CC(C)[C@@H]1CC[C@@H](C)C[C@H]1Oc1ccc(C[SiH](C)C)c(B2OC(C)(C)C(C)(C)O2)c1,[2H]C(Cl)(Cl)Cl,31.92
CC1(C)OB(c2ccc([C@@H]3[C@H](C(=O)O)c4ccccc4C(=O)N3c3ccc(F)cc3)cc2)OC1(C)C,[2H]C([2H])([2H])S(=O)C([2H])([2H])[2H],28.2
Cn1c(=O)c([BH2-][N+](C)(C)C)nn([C@@H]2O[C@H](COCc3ccccc3)[C@@H](OCc3ccccc3)[C@H]2OCc2ccccc2)c1=O,[2H]C(Cl)(Cl)Cl,-7.2
CCOc1cc(B2OC(C)(C)CC(C)(C)O2)ccc1C=NO[Si](OC(CC(C)C)CC(C)C)(OC(CC(C)C)CC(C)C)OC(CC(C)C)CC(C)C,[2H]C(Cl)(Cl)Cl,26.3
[BH3-][N@+](C)(Cc1ccccc1)[C@@H](C)C(=O)OC,[2H]C(Cl)(Cl)Cl,-10.5
C[SiH](C)C(c1ccccc1)c1ccccc1B1OC(C)(C)C(C)(C)O1,[2H]C(Cl)(Cl)Cl,31.58
CC(C)=C[C@@H]1[C@@H]2C[C@@H]3[C@H]1[C@@H]3[C@H]2B1OC(C)(C)C(C)(C)O1,[2H]C(Cl)(Cl)Cl,33.5
CCCCc1nc(C)c2c(c1C)C[B-]1(C2)c2cc(C(C)(C)C)ccc2C2c3ccccc3C=C[N@@H+]21,[2H]C(Cl)(Cl)Cl,3.3
CC1(C)OB(C(B2OC(C)(C)C(C)(C)O2)C2CC=CCC2)OC1(C)C,[2H]C(Cl)(Cl)Cl,33.7
B.CC(C)CCP,[2H]C(Cl)(Cl)Cl,-42.3
C[B-](=C([Si](C)(C)C)[Si](C)(C)C)[n+]1cc(C)c(C)cc1C,[2H]c1c([2H])c([2H])c(C([2H])([2H])[2H])c([2H])c1[2H],40.8
Cc1cc(C)cc(B2SSB(c3cc(C)cc(C)c3)S2)c1,[2H]c1c([2H])c([2H])c([2H])c([2H])c1[2H],65.4
CC(C)(C)c1cc2c(c(C(C)(C)C)c1)OB(Cl)O2,[2H]C(Cl)(Cl)Cl,26.4
N#Cc1cccc(OCC[N+]23CC(=O)O[B-]2(c2ccccc2)OC(=O)C3)c1,[2H]C([2H])([2H])C#N,12.1
CC1(C)OB(CC(c2ccc(COCCSc3ccccc3)cc2)c2c(F)c(F)c(C#N)c(F)c2F)OC1(C)C,[2H]C(Cl)(Cl)Cl,34.1
CNC1c2ccccc2C=CN1CB1C2CCCC1CCC2,[2H]C(Cl)(Cl)Cl,-2.97
CB(C)c1c(B(C)C)c(B(C)C)c(B(C)C)c(B(C)C)c1B(C)C,[2H]c1c([2H])c([2H])c([2H])c([2H])c1[2H],85.1
CCCCc1c(F)c(F)nc([NH+]2CCOCC2)c1F.Fc1c(F)c(F)c([B-](c2c(F)c(F)c(F)c(F)c2F)(c2c(F)c(F)c(F)c(F)c2F)c2c(F)c(F)c(F)c(F)c2F)c(F)c1F,[2H]C(Cl)(Cl)Cl,-14.76
COC(=O)c1cccc(/C(=C/C(C)(C)C)B2C=Cc3ccccc3N2C2CCCC2)c1,[2H]C(Cl)(Cl)Cl,37.34
C#CB1C(Br)=Cc2cc(Cl)ccc2N1C1CCCC1,[2H]C(Cl)(Cl)Cl,27.72
Cc1ccc2[n+](c1)[BH2-]c1ccccc1-2,[2H]C(Cl)(Cl)Cl,-9.14
CC(Br)C(B1OC(=O)CN(C)CC(=O)O1)C(=O)c1ccccc1,[2H]C([2H])([2H])C(=O)C([2H])([2H])[2H],10.93
CC(=O)/C=C/c1cccc(B2OC(C)(C)C(C)(C)O2)c1,[2H]C(Cl)(Cl)Cl,30.6
CC#CC[B-]1(CC#CC)c2cc(N(c3ccccc3)c3ccccc3)ccc2-c2cccc[n+]21,[2H]C(Cl)(Cl)Cl,-1.1
CC(=O)OC1=CN(B2OC(C)(C)C(C)(C)O2)CC=C1,[2H]c1c([2H])c([2H])c([2H])c([2H])c1[2H],23.9
c1ccc(-c2c(B3Sc4ccccc4S3)c(-c3ccccc3)c(B3Sc4ccccc4S3)c(-c3ccccc3)c2B2Sc3ccccc3S2)cc1,[2H]C(Cl)(Cl)Cl,62.0
[BH3-][NH+](C1CCCCC1)C1CCCCC1,[2H]c1c([2H])c([2H])c([2H])c([2H])c1[2H],-21.1
CC(C)[Si](Oc1cccc(B(O)O)c1)(C(C)C)C(C)C,[2H]C(Cl)(Cl)Cl,28.1
C[Si](C)(C)CCCB(c1c(F)c(F)c(F)c(F)c1F)c1c(F)c(F)c(F)c(F)c1F,[2H]c1c([2H])c([2H])c([2H])c([2H])c1[2H],73.7
COc1ccc(C(C)[SiH](C)C)c(B2OC(C)(C)C(C)(C)O2)c1,[2H]C(Cl)(Cl)Cl,31.31
CC(C)(C)N(BN1C(C)(C)CCCC1(C)C)B(C1CCCCC1)C1CCCCC1,[2H]c1c([2H])c([2H])c([2H])c([2H])c1[2H],35.5
[Cl-].[NH3+]C(B(O)O)c1ccc2c(c1)OCO2,[2H]OC([2H])([2H])[2H],28.07
CC(C)C[C@@H](CCO[Si](c1ccccc1)(c1ccccc1)C(C)(C)C)CB1OC(C)(C)C(C)(C)O1,[2H]C(Cl)(Cl)Cl,35.12
F[B-]1(c2ccccc2)n2c(Nc3ccc(C(F)(F)F)cc3)ccc2C(c2ccccc2)=C2C=CC(Cl)=[N+]21,[2H]C(Cl)(Cl)Cl,3.15
C#CC[B-]1(CC#C)c2ccccc2-c2ccc(N(CCCC)CCCC)c[n+]21,[2H]C(Cl)(Cl)Cl,-0.85
CN(C)B(B(C1=CCc2ccccc21)N(C)C)C1=CCc2ccccc21,[2H]c1c([2H])c([2H])c([2H])c([2H])c1[2H],48.3
COc1ccc2ccc(C(=O)OC3CCCCC3)c(/C(=C(\B3OC(C)(C)C(C)(C)O3)c3ccccc3)c3ccccc3)c2c1,[2H]C(Cl)(Cl)Cl,30.21
CCOC(=O)/C=C/c1cc(B2OC(C)(C)C(C)(C)O2)cc2ccccc12,[2H]C(Cl)(Cl)Cl,31.2
CCOC(=O)/C=C/c1ccc(OC)c(B2OC(C)(C)C(C)(C)O2)c1,[2H]C(Cl)(Cl)Cl,31.6
C/C=C/B1OC2(C)c3cccc4cccc(c34)[C@@]2(C)O1,[2H]C(Cl)(Cl)Cl,29.9
[BH3-][P+](CCC=C)(CCC=C)CCC=C,[2H]C(Cl)(Cl)Cl,-38.14
CC1(C)OB(CC(c2ccccc2)c2c(F)c(F)c(C#N)c(F)c2F)OC1(C)C,[2H]C(Cl)(Cl)Cl,33.0
CCC1=C(C)C2=C(c3ccc4nc5c6cccnc6c6ncccc6c5nc4c3)c3c(C)c(CC)c(C)n3[B-](F)(F)[N+]2=C1C,[2H]C(Cl)(Cl)Cl,3.93
CCCC[N+](CCCC)(CCCC)CCCC.O=Cc1ccc([B-](F)(F)F)cc1,[2H]C(Cl)(Cl)Cl,3.34
C=COC(C)=[O+][B-](c1c(F)c(F)c(F)c(F)c1F)(c1c(F)c(F)c(F)c(F)c1F)c1c(F)c(F)c(F)c(F)c1F,[2H]C([2H])(Cl)Cl,13.1
CC#CC(O)(B1OC(=O)CN(C)CC(=O)O1)c1ccccc1,[2H]C([2H])([2H])C(=O)C([2H])([2H])[2H],9.81
CC1(C)OB(C(B2OC(C)(C)C(C)(C)O2)C(B2OC(C)(C)C(C)(C)O2)c2ccc(Cl)cc2)OC1(C)C,[2H]C(Cl)(Cl)Cl,34.3
Cn1cc[n+]2c1[B-](F)(F)n1cc[n+](C)c1[BH2-]2,[2H]C(Cl)(Cl)Cl,0.9
Fc1ccc([B-]23Oc4ccccc4C=[N+]2c2ccccc2O3)cc1,[2H]C(Cl)(Cl)Cl,7.7
CC1(C)OB(OC(CCl)c2ccccc2)OC1(C)C,[2H]C(Cl)(Cl)Cl,22.12
CC(C)(C)c1ccc(CCC(B2OC(C)(C)C(C)(C)O2)B2OC(C)(C)C(C)(C)O2)cc1,[2H]C(Cl)(Cl)Cl,33.8
C[N+](C)(C)[B-](C(F)(F)F)(C(F)(F)F)C1(F)OC1(F)F,[2H]C(Cl)(Cl)Cl,-9.6
CCc1cc(B2OC(C)(C)CC(C)(C)O2)cc(CC)c1[Si](OC)(OC)OC,[2H]C(Cl)(Cl)Cl,26.2
Cc1ccc(S(=O)(=O)N2CC(B3OC(C)(C)C(C)(C)O3)c3cc([N+](=O)[O-])ccc32)cc1,[2H]C(Cl)(Cl)Cl,31.86
CN1CC(=O)OB(c2cc(C(N)=O)c(N)s2)OC(=O)C1,[2H]C([2H])([2H])C#N,10.4
COc1ccc2ccccc2c1B1C(c2ccc(SC)cc2)=Cc2ccccc2N1Cc1ccccc1,[2H]C(Cl)(Cl)Cl,40.9
COc1ccc2ccc(C(=O)OC3COC3)c(/C(=C(/CCCCBr)B3OC(C)(C)C(C)(C)O3)c3ccccc3)c2c1,[2H]C(Cl)(Cl)Cl,31.04
[BH3-][c+]1n(CC)c(C)c(C)n1CC,[2H]C([2H])(Cl)Cl,-34.9
CC1(C)OB(CCCc2ccc(F)cc2)OC1(C)C,[2H]C(Cl)(Cl)Cl,34.0
C[N+](C)(C)[BH2-]CC(=O)Nc1ccc(O)cc1,[2H]C(Cl)(Cl)Cl,-3.6
Cc1ccc2c(c1)CC=CN2B1OC(C)(C)C(C)(C)O1,[2H]c1c([2H])c([2H])c([2H])c([2H])c1[2H],24.8
CC(C)(C)c1cc2c(c(C(C)(C)C)c1)O[B-](Br)(Br)[N+](c1ccccc1)=C2,[2H]C(Cl)(Cl)Cl,2.38
Cn1cc[n+](C)c1.c1ncn([BH-](n2cncn2)n2cncn2)n1,[2H]C([2H])([2H])S(=O)C([2H])([2H])[2H],-0.4
Cc1cc(C)c(PB(F)C([Si](C)(C)C)([Si](C)(C)C)[Si](C)(C)C)c(C)c1,[2H]c1c([2H])c([2H])c([2H])c([2H])c1[2H],62.8
C[N+](C)(C)[BH2-]c1nc(=O)n(CC(=O)c2ccccc2)c(=O)n1Cc1ccccc1,[2H]C(Cl)(Cl)Cl,-6.7
F[B-]1(c2ccccc2)n2c(Nc3cc4cccc5ccc6cccc3c6c54)ccc2C(c2ccccc2)=C2C=CC(Cl)=[N+]21,[2H]C(Cl)(Cl)Cl,4.01
CCC/C(C#Cc1ccccc1C)=C(\CCC)B1OC(C)(C)C(C)(C)O1,[2H]C(Cl)(Cl)Cl,30.8
CN(C)B1B(N(C)C)[C@H]([Si](C)(C)C)[C@@H]([Si](C)(C)C)[C@@H]1[Si](C)(C)C,[2H]C(Cl)(Cl)Cl,54.0
COc1ccc2ccccc2c1B1C(c2ccc(C(=C(c3ccccc3)c3ccccc3)c3ccccc3)cc2)=Cc2ccccc2N1Cc1ccccc1,[2H]C(Cl)(Cl)Cl,42.5
CC1(C)OB([C@@H]2[C@H](c3ccc(N4CCCC4)cc3)[C@@]2(C)c2ccccc2)OC1(C)C,[2H]C(Cl)(Cl)Cl,33.1
Clc1ccc2c(c1)[B-](c1ccccc1)(c1ccccc1)[n+]1ccccc1N2,[2H]C([2H])([2H])S(=O)C([2H])([2H])[2H],-2.23
CC1(C)OB(C(CCc2cccs2)B2OC(C)(C)C(C)(C)O2)OC1(C)C,[2H]C(Cl)(Cl)Cl,33.9
C[N+](C)(C)C.Fc1ccc(OCCCC#C[B-](c2ccccc2)(c2ccccc2)c2ccccc2)cc1,[2H]C([2H])([2H])S(=O)C([2H])([2H])[2H],-12.4
C[N+](C)(C)[B-](CCCO)(C(F)(F)F)C(F)(F)F,[2H]C(Cl)(Cl)Cl,-6.0
CC1=CB(Cl)Cc2ccccc21,[2H]C(Cl)(Cl)Cl,62.7
CC1(C)OB(C[Si](C)(C)Cc2ccccc2)OC1(C)C,[2H]C(Cl)(Cl)Cl,33.5
[BH3-][P+](C1=CCCCC1)(c1ccccc1)c1ccccc1,[2H]C(Cl)(Cl)Cl,-35.8
COc1cc(B2OC(C)(C)CC(C)(C)O2)cc(C)c1[Si](OC)(OC)OC,[2H]C(Cl)(Cl)Cl,25.9
CCOC(=O)C(F)(F)[C@H](CCCCl)C(Br)[B-]12OC(=O)C[N+]1(C)CC(=O)O2,[2H]C([2H])([2H])S(=O)C([2H])([2H])[2H],10.24
CC1(C)OB(/C=C\C(=C/c2ccc(F)cc2)[C@@H](NC(=O)c2ccccc2)c2ccccc2)OC1(C)C,[2H]C(Cl)(Cl)Cl,30.2
Brc1ccccc1B1C=Cc2ccccc2N1Cc1ccccc1,[2H]C(Cl)(Cl)Cl,36.7
CCB(OS(C)(=O)=O)OS(C)(=O)=O,[2H]c1c([2H])c([2H])c([2H])c([2H])c1[2H],27.7
CC1(C)OB(CC(c2ccc(OC(F)(F)F)cc2)c2c(F)c(F)c(C#N)c(F)c2F)OC1(C)C,[2H]C(Cl)(Cl)Cl,33.3
COc1ccc(B2OC(C)(C)C(C)(C)O2)s1,[2H]C(Cl)(Cl)Cl,28.59
Cc1ccc(S(=O)(=O)N2B(c3ccc([Si](C)(C)C)cc3)OC(C3CCCCC3)(C3CCCCC3)[C@@H]2C(C)C)cc1,[2H]C(Cl)(Cl)Cl,32.8
Fc1ccc(C(c2ccc(F)cc2)c2ccc[n+]3c2-c2cccc(Cl)c2[BH2-]3)cc1,[2H]C(Cl)(Cl)Cl,-0.64
CCCC/C(B1OC(C)(C)C(C)(C)O1)=C(\c1ccc(C(F)(F)F)cc1)c1c(C(=O)OC2COC2)ccc2ccc(OC)cc12,[2H]C(Cl)(Cl)Cl,29.53
C[N+](C)(C)[BH2-]CC(=O)Nc1ccccc1I,[2H]C(Cl)(Cl)Cl,-3.75
CC1(C)OB(OC(c2ccccc2)c2ccc(F)cc2)OC1(C)C,[2H]C(Cl)(Cl)Cl,22.4
C#CC[B-]1(CC#C)c2cc(C(C)(C)C)ccc2-c2cccc[n+]21,[2H]C(Cl)(Cl)Cl,-1.0
Ic1ccc(CNB2OCCO2)cc1,[2H]C(Cl)(Cl)Cl,25.9
CC(C)[C@H]([NH3+])B1OC(C)(C)C(C)(C)O1.[Cl-],[2H]C([2H])([2H])S(=O)C([2H])([2H])[2H],33.0
[BH3-][NH+]1C(C)(C)CCCC1(C)C,[2H]c1c([2H])c([2H])c([2H])c([2H])c1[2H],-21.1
CCC1=C(C(C)(C)C)[Si](C)(C)[N+](CC)(CC)[B-]1(CC)CC,[2H]c1c([2H])c([2H])c([2H])c([2H])c1[2H],5.0
CCC(C)[C@H](CCCCc1ccccc1)B1OC(C)(C)C(C)(C)O1,[2H]C(Cl)(Cl)Cl,33.67
COc1ccc(Br)c(Nc2ccc3n2[B-](F)(c2ccccc2)[N+]2=C(Cl)C=CC2=C3c2ccccc2)c1,[2H]C(Cl)(Cl)Cl,3.94
O=C1OCCN1/C(=C\c1ccccc1)B1Nc2cccc3cccc(c23)N1,[2H]C(Cl)(Cl)Cl,27.26
CC1(C)OB(C(CCCOC(=O)c2ccccc2)CS(=O)(=O)F)OC1(C)C,[2H]C(Cl)(Cl)Cl,33.37
CCCCC(=O)C(CBr)B1OC(=O)CN(C)CC(=O)O1,[2H]C([2H])([2H])C(=O)C([2H])([2H])[2H],10.31
CC1(C)OB(C[C@@H]2CCC[C@H]2CCl)OC1(C)C,[2H]C(Cl)(Cl)Cl,33.7
O=C(N[C@H](C1CCOCC1)[B-](F)(F)F)c1ccccc1,[2H]C([2H])([2H])S(=O)C([2H])([2H])[2H],2.78
FC(F)(F)c1ccc([B-]2(c3cccs3)c3ccccc3Nc3cccc[n+]32)cc1,[2H]C([2H])([2H])S(=O)C([2H])([2H])[2H],-3.37
CC1=C2CC3C[C@H]4CB(C[C@@H](C3)C4)C2=C(C)[Si]1(C)C,[2H]C(Cl)(Cl)Cl,88.4
CCOc1cc(B2OC(C)(C)CC(C)(C)O2)ccc1[Si](OC(CC(C)C)CC(C)C)(OC(CC(C)C)CC(C)C)OC(CC(C)C)CC(C)C,[2H]C(Cl)(Cl)Cl,25.9
CC1(C)OB(C23CN4CC(CO)OCC4(C2)C3)OC1(C)C,[2H]C(Cl)(Cl)Cl,32.0
CC1(C(O)C2(B3OC(C)(C)C(C)(C)O3)OC2c2ccccc2)OC1c1ccccc1,[2H]C(Cl)(Cl)Cl,29.7
CC(C)CC(CC(C)C)O[Si](ON=Cc1c(F)cc(B2OC(C)(C)CC(C)(C)O2)cc1O[Si](C(C)C)(C(C)C)C(C)C)(OC(CC(C)C)CC(C)C)OC(CC(C)C)CC(C)C,[2H]C(Cl)(Cl)Cl,25.7
CC1c2ccc(s2)B(N2C(C)CCCC2C)c2ccc(s2)C(C)c2ccc(s2)B(N2C(C)CCCC2C)c2ccc1s2,[2H]C(Cl)(Cl)Cl,42.3
COc1cccc2cc3cccc4c3c(c12)[B-](F)(F)[O+]4C,[2H]C(Cl)(Cl)Cl,19.0
CC1(C)OB(/C(=C(\CN(Cc2ccccc2)Cc2ccccc2)c2ccccc2)c2ccccc2)OC1(C)C,[2H]C(Cl)(Cl)Cl,27.69
CC(C)(C)/C=C(\B1C(Br)=Cc2ccccc2N1C1CCCC1)c1cccc(C=O)c1,[2H]C(Cl)(Cl)Cl,37.9
CCCC/N=C(/C1=[N+](CCCC)[B-](C(F)(F)F)(C(F)(F)F)[N+](C)(C)[B-]1(C(F)(F)F)C(F)(F)F)N(C)C,[2H]C(Cl)(Cl)Cl,-2.0
CCCB(CCC)OS(C)(=O)=O,[2H]c1c([2H])c([2H])c([2H])c([2H])c1[2H],58.4
COc1ccc2ccc(C(=O)OCc3ccsc3)c(/C(=C(\B3OC(C)(C)C(C)(C)O3)c3ccccc3)c3ccccc3)c2c1,[2H]C(Cl)(Cl)Cl,29.68
CB(Br)N(/C=N\Nc1ccccc1)c1ccccc1,[2H]C([2H])(Cl)Cl,29.1
CCO/C(OC)=[O+]/[B-](c1c(F)c(F)c(F)c(F)c1F)(c1c(F)c(F)c(F)c(F)c1F)c1c(F)c(F)c(F)c(F)c1F,[2H]C([2H])(Cl)Cl,6.3
C[N+](C)(C)[B-](C(=O)O)(C(F)(F)F)C(F)(F)F,[2H]C([2H])([2H])C(=O)C([2H])([2H])[2H],-10.8
FC(F)(F)c1ccc([B-]2(/C=C/c3ccccc3)c3ccccc3Nc3cccc[n+]32)cc1,[2H]C([2H])([2H])C(=O)C([2H])([2H])[2H],-3.23
COc1ccc(BN(C(C)C)C(C)C)cc1,[2H]C(Cl)(Cl)Cl,37.6
O=C(Nc1ccc2n1[B-](F)(c1ccccc1)[N+]1=C(Cl)C=CC1=C2c1ccccc1)c1ccccc1,[2H]C(Cl)(Cl)Cl,3.39
CC(C)[Si](C(C)C)(C(C)C)n1ccc(B2OC(C)(C)C(C)(C)O2)c1,[2H]C(Cl)(Cl)Cl,30.5
COc1ccc([C@H]2[C@@H](B3OC(C)(C)C(C)(C)O3)[C@]2(C)c2ccccc2)cc1,[2H]C(Cl)(Cl)Cl,33.8
[BH3-][P+](c1ccccc1)(c1ccccc1)C(CC)C(=O)OC,[2H]C(Cl)(Cl)Cl,-39.0
CC(CB1OC(C)(C)C(C)(C)O1)(CC1CCCC1)/C(=N/N1CCCCC1)C(F)(F)F,[2H]C(Cl)(Cl)Cl,32.8
CC(=O)N[C@@H](CCCCOCc1ccc2ccccc2c1)B1OC(C)(C)C(C)(C)O1,[2H]C(Cl)(Cl)Cl,16.6
B1N(c2ccccc2)BN(c2ccccc2)BN1c1ccccc1,[2H]c1c([2H])c([2H])c([2H])c([2H])c1[2H],32.4
[BH3-][N+](C)(C)C1CCCCC1,[2H]C1([2H])OC([2H])([2H])C([2H])([2H])C1([2H])[2H],-11.35
Cc1cc2c(cc1C)[B-](c1ccccc1)(c1ccccc1)[n+]1ccccc1N2,[2H]C([2H])([2H])C(=O)C([2H])([2H])[2H],-1.3
CCN(CC)B(c1cccs1)c1cccs1,[2H]C(Cl)(Cl)Cl,35.0
COc1ccc(-c2nc(C)c3c(c2C)C[B-]2(C3)c3ccccc3-c3ccc(N4CCCCCC4)c[n+]32)cc1,[2H]C(Cl)(Cl)Cl,4.9
C=COC(=O)C(C)(C)CB1OC(C)(C)C(C)(C)O1,[2H]C(Cl)(Cl)Cl,32.06
Nc1ccc(B2Nc3cccc4cccc(c34)N2)cc1,[2H]C(Cl)(Cl)Cl,30.0
CC(C)(C)c1ccc([B-]2(c3ccc(C(C)(C)C)cc3)Oc3ccc(Cl)c4ccc[n+]2c34)cc1,[2H]C(Cl)(Cl)Cl,12.0
CCB(OC(Cc1ccccc1N(C)C)(c1ccccc1)c1ccccc1)OC(Cc1ccccc1N(C)C)(c1ccccc1)c1ccccc1,[2H]C(Cl)(Cl)Cl,33.4
C=CCCOCc1ccc(C(CB2OC(C)(C)C(C)(C)O2)c2c(F)c(F)c(C#N)c(F)c2F)cc1,[2H]C(Cl)(Cl)Cl,33.0
CC1(C)OB(c2cc(B3OC(C)(C)C(C)(C)O3)cc(C(=O)N3CCCCC3)c2)OC1(C)C,[2H]C(Cl)(Cl)Cl,30.8
CC1(C)OB([C@]2(/C=C/c3ccccc3)C[C@H](c3ccc4ccccc4c3-c3nccc4ccccc34)C2)OC1(C)C,[2H]C(Cl)(Cl)Cl,33.2
C[N+]12CC(=O)O[B-]1(C(CC(F)(F)C(=O)NCc1ccccc1)OC(=O)c1ccccc1)OC(=O)C2,[2H]C([2H])([2H])S(=O)C([2H])([2H])[2H],10.34
COc1cc(C2CC2B2OC(C)(C)C(C)(C)O2)cc(OC)c1OC,[2H]C(Cl)(Cl)Cl,33.59
C=CC/C(=C\B(OC(C)C)OC(C)C)c1ccccc1,[2H]C(Cl)(Cl)Cl,26.0
C[Si](C)(C)C(B1NCOB(C([Si](C)(C)C)([Si](C)(C)C)[Si](C)(C)C)O1)([Si](C)(C)C)[Si](C)(C)C,[2H]c1c([2H])c([2H])c([2H])c([2H])c1[2H],31.6
B1Oc2c(c3ccccc3c3ccccc23)O1,[2H]c1c([2H])c([2H])c([2H])c([2H])c1[2H],28.4
C[N+](C)(C)[BH2-]P,[2H]c1c([2H])c([2H])c([2H])c([2H])c1[2H],-6.7
C=COC(C)=[O+][B-](c1c(F)c(F)c(F)c(F)c1F)(c1c(F)c(F)c(F)c(F)c1F)c1c(F)c(F)c(F)c(F)c1F,[2H]c1c([2H])c([2H])c([2H])c([2H])c1[2H],15.6
CC1(C)OB(C2(B3OC(C)(C)C(C)(C)O3)CC(c3ccc4ccccc4c3-c3nccc4ccccc34)C2)OC1(C)C,[2H]C(Cl)(Cl)Cl,33.1
COc1ccc2cc(C)ccc2c1B1C=Cc2ccccc2N1Cc1ccccc1,[2H]C(Cl)(Cl)Cl,38.0
C=C(B1OC(C)(C)C(C)(C)O1)B1OC(C)(C)C(C)(C)O1,[2H]C(Cl)(Cl)Cl,30.6
CC1(C)OB(c2ccc3occc3c2)OC1(C)C,[2H]C(Cl)(Cl)Cl,31.5
CC[Si](CC)(CC)/C(Br)=C(\B1OC(=O)CN(C)CC(=O)O1)C(=O)c1ccccc1,[2H]C([2H])([2H])C#N,9.39
CCO[Si](OC(CC(C)C)CC(C)C)(OC(CC(C)C)CC(C)C)c1ccc(B2OC(C)(C)CC(C)(C)O2)cc1OC(C)C,[2H]C(Cl)(Cl)Cl,25.9
CCCCC(CS(=O)(=O)F)B1OC(C)(C)C(C)(C)O1,[2H]C(Cl)(Cl)Cl,33.33
CCCCCCCN1BN(CCCCCCC)BN(CCCCCCC)B1,[2H]C(Cl)(Cl)Cl,33.1
Cc1ccccc1[C@]1(B2OC(C)(C)C(C)(C)O2)C[C@H](c2ccc3ccccc3c2-c2nccc3ccccc23)C1,[2H]C(Cl)(Cl)Cl,35.9
COc1ccc2ccccc2c1B1C(c2ccc3c(c2)CCO3)=Cc2ccccc2N1Cc1ccccc1,[2H]C(Cl)(Cl)Cl,40.8
CC1(C)OB(C[Si](C)(C)[Si](C)(C)C)OC1(C)C,[2H]C(Cl)(Cl)Cl,34.0
C[N+](C)=[B-](C1c2ccccc2-c2ccccc21)C1c2ccccc2-c2ccccc21,[2H]C([2H])(Cl)Cl,42.31
CC1(C)OB(c2ccc(C(F)(F)F)cc2)OC1(C)C,[2H]C(Cl)(Cl)Cl,30.61
CC(C)Cc1cccc(CC(C)C)c1OB1N([Si](C)(C)C)B(Oc2c(CC(C)C)cccc2CC(C)C)N1[Si](C)(C)C,[2H]C(Cl)(Cl)Cl,26.3
CC1(C)OB([C@H](CCCCl)NC(=O)c2ccccc2)OC1(C)C,[2H]C(Cl)(Cl)Cl,16.7
Fc1c(F)c(F)c(B(c2ccc(-c3ccc(B(c4c(F)c(F)c(F)c(F)c4F)c4c(F)c(F)c(F)c(F)c4F)s3)s2)c2c(F)c(F)c(F)c(F)c2F)c(F)c1F,[2H]C([2H])(Cl)Cl,56.4
B1Oc2cccc3cccc(c23)O1,[2H]C(Cl)(Cl)Cl,26.5
[BH3-][N+](CCCC)(CCCC)C(C)C,[2H]C(Cl)(Cl)Cl,-14.06
c1ccc(B2Oc3ccccc3N2CCCN2B(c3ccccc3)Oc3ccccc32)cc1,[2H]C(Cl)(Cl)Cl,34.1
CCC1OC1(C)C(O)/C(=C/C(C)(C)C)B1OC(C)(C)C(C)(C)O1,[2H]C(Cl)(Cl)Cl,30.2
C=CCC[N+](C)(C)[BH2-]C#N,[2H]C(Cl)(Cl)Cl,-15.87
Cc1cccc(C[C@H](B2OC(C)(C)C(C)(C)O2)N2CCOC2=O)c1,[2H]C(Cl)(Cl)Cl,31.88
CCCCCC[B-]1(CCCCCC)n2cc(I)c[n+]2[B-](CCCCCC)(CCCCCC)n2cc(I)c[n+]21,[2H]C(Cl)(Cl)Cl,3.58
C[N+]12CC(=O)O[B-]1(C(Br)CC(F)(F)S(=O)(=O)c1ccccc1)OC(=O)C2,[2H]C([2H])([2H])S(=O)C([2H])([2H])[2H],10.02
CC(C)CC(CC(C)C)O[Si](ON=Cc1ccc(B2OC(C)(C)CC(C)(C)O2)cc1C(F)(F)F)(OC(CC(C)C)CC(C)C)OC(CC(C)C)CC(C)C,[2H]C(Cl)(Cl)Cl,25.5
CC(CCc1ccccc1)CB1OC(C)(C)C(C)(C)O1,[2H]C(Cl)(Cl)Cl,33.67
CC1(C)OB(CC(B2OC(C)(C)C(C)(C)O2)c2ccc(F)cc2)OC1(C)C,[2H]C(Cl)(Cl)Cl,33.7
C#CB(N(C(C)C)C(C)C)N(C(C)C)C(C)C,[2H]C(Cl)(Cl)Cl,25.0
COC(=O)N(/C(=C\c1ccccc1)B1OC(C)(C)C(C)(C)O1)c1ccccc1,[2H]C(Cl)(Cl)Cl,29.89
CCCC[C@H]1CC[C@H]([C@H]2CC[C@@H]([C@@H](CS(=O)(=O)F)B3OC(C)(C)C(C)(C)O3)CC2)CC1,[2H]C(Cl)(Cl)Cl,32.83
CC(C)(C)c1ccc2c(c1)OBO2,[2H]c1c([2H])c([2H])c([2H])c([2H])c1[2H],29.4
c1ccc(NB(Nc2ccccc2)Nc2ccccc2)cc1,[2H]c1c([2H])c([2H])c([2H])c([2H])c1[2H],23.7
C[Si](C)(CCC1CC=CCC1)OB(O[Si](C)(C)CCC1CC=CCC1)O[Si](C)(C)CCC1CC=CCC1,[2H]C(Cl)(Cl)Cl,14.7
CCC1/C(=C(\C)[Si](C)(C)C)B2C[C@@H]3C[C@H](C2)C[C@H]1C3,[2H]C(Cl)(Cl)Cl,79.7
OB1NN=Cc2ccccc21,[2H]OC([2H])([2H])[2H],27.7
COc1ccc2cc(C)ccc2c1B1C(c2c(OC)ccc3ccccc23)=Cc2ccccc2N1Cc1ccccc1,[2H]C(Cl)(Cl)Cl,41.8
C#CB1C=Cc2ccccc2N1C1CCCC1,[2H]C(Cl)(Cl)Cl,26.92
CC(C)N(B(P(c1ccccc1)c1ccccc1)[Si]([Si](C)(C)C)([Si](C)(C)C)[Si](C)(C)C)C(C)C,[2H]c1c([2H])c([2H])c([2H])c([2H])c1[2H],55.0
CC[Si](CC)(CC)C(=O)CC(B1OC(C)(C)C(C)(C)O1)c1ccc(C)cc1,[2H]C(Cl)(Cl)Cl,33.3
c1ccc(-c2c(B3Oc4ccccc4S3)c(-c3ccccc3)c(B3Oc4ccccc4S3)c(-c3ccccc3)c2B2Oc3ccccc3S2)cc1,[2H]C(Cl)(Cl)Cl,53.0
CC[B-]1(OC(C)=O)OC(C2CCCCC2)(C2CCCCC2)c2ccccc2[N+]1(C)C,[2H]C(Cl)(Cl)Cl,7.7
C[SiH](C)C(C)(C)c1ccccc1B1OC(C)(C)C(C)(C)O1,[2H]C(Cl)(Cl)Cl,32.67
CC1(C)OB(C2(B3Nc4cccc5cccc(c45)N3)CCC(C(F)(F)F)CC2)OC1(C)C,[2H]C(Cl)(Cl)Cl,32.9
C1=C2B(Nc3ccccc31)c1sccc1C(c1ccccc1)=C2c1ccccc1,[2H]C(Cl)(Cl)Cl,27.7
COB1C[C@H]2C=C(c3ccccc3)C[C@@H](C1)C2,[2H]C(Cl)(Cl)Cl,54.67
CC1(C)OB([C@@H]2[C@H](c3cccc(Cl)c3)[C@@]2(C)c2ccccc2)OC1(C)C,[2H]C(Cl)(Cl)Cl,32.8
COc1ccc(B2OC(C)(C)C(C)(C)O2)c(OC)c1,[2H]C(Cl)(Cl)Cl,30.3
CCCCCCCCC(C)(CB1OC(C)(C)C(C)(C)O1)/C(=N/N1CCCCC1)C(F)(F)F,[2H]C(Cl)(Cl)Cl,33.4
CB1NC(C)C(c2ccccc2)O1,[2H]C(Cl)(Cl)Cl,32.0
CC1(C)OB(N(Cc2ccc(Br)cc2)c2ccccc2)OC1(C)C,[2H]c1c([2H])c([2H])c([2H])c([2H])c1[2H],25.2
CCc1ccc2ccccc2c1BN(C(C)C)C(C)C,[2H]C(Cl)(Cl)Cl,40.0
CC1(C)OB(CC(O)COc2ccccc2F)OC1(C)C,[2H]C(Cl)(Cl)Cl,33.22
CC[B-]1(CC)c2ccccc2[C@H](C)[N+]1(C)C,[2H]C(Cl)(Cl)Cl,6.9
B1NBNBN1,[2H]c1c([2H])c([2H])c([2H])c([2H])c1[2H],30.2
C[Si](C)(C)NB1C2CCCC1CCC2,[2H]c1c([2H])c([2H])c([2H])c([2H])c1[2H],54.6
CN(Cc1ccccn1)B1OC(C)(C)C(C)(C)O1,[2H]c1c([2H])c([2H])c([2H])c([2H])c1[2H],24.8
CCC1(CC)OB(/C(=C/S(=O)(=O)F)c2ccc(C(C)(C)C)cc2)OC1(CC)CC,[2H]C(Cl)(Cl)Cl,29.87
CN(C)C[C@H]1C[N+](C)(C)[B-]2(O1)O[C@H](c1ccccc1)[C@@H](c1ccccc1)O2,[2H]C(Cl)(Cl)Cl,10.6
NC1=Nc2[nH]c3ccccc3[n+]2[B-](c2ccccc2)(c2ccccc2)O1,[2H]C([2H])([2H])S(=O)C([2H])([2H])[2H],4.0
C=C[C@H]1C[N@@]2CC[C@H]1C[C@@H]2[C@H](O)c1cc([BH2-][N+](C)(C)C)nc2ccccc12,[2H]C(Cl)(Cl)Cl,-3.8
COc1ccc(/C=C/BN(C(C)C)C(C)C)cc1,[2H]C(Cl)(Cl)Cl,36.9
CN(C)B(N(C)C)n1ccnc1,[2H]C(Cl)(Cl)Cl,1.3
CC1(C)OB(c2ccc(F)cc2)OC1(C)C,[2H]C(Cl)(Cl)Cl,30.66
CC[B-]1(C)CCCC2=[N+]1CC=C2,[2H]c1c([2H])c([2H])c([2H])c([2H])c1[2H],-5.1
CN1CC(=O)OB(C(CBr)C(=O)c2cccc(C#N)c2)OC(=O)C1,[2H]C([2H])([2H])C(=O)C([2H])([2H])[2H],10.35
Cc1ccccc1C(CB1OC(C)(C)C(C)(C)O1)B1OC(C)(C)C(C)(C)O1,[2H]C(Cl)(Cl)Cl,33.6
O=Cc1ccc(B2Nc3cccc4cccc(c34)N2)cc1,[2H]C(Cl)(Cl)Cl,29.7
Cn1c(=O)nc([BH2-][N+](C)(C)C)n(Cc2ccccc2)c1=O,[2H]C(Cl)(Cl)Cl,-6.9
CC1(C)CCCC(C)(C)[NH+]1c1ccccn1.Fc1c(F)c(F)c([B-](c2c(F)c(F)c(F)c(F)c2F)(c2c(F)c(F)c(F)c(F)c2F)c2c(F)c(F)c(F)c(F)c2F)c(F)c1F,[2H]C([2H])(Cl)Cl,-16.66
COC(=O)[BH-](C)[P+](C1CCCCC1)(C1CCCCC1)C1CCCCC1,[2H]C(Cl)(Cl)Cl,-43.5
CSc1ccc(C(CB2OC(C)(C)C(C)(C)O2)c2c(F)c(F)c(C#N)c(F)c2F)cc1,[2H]C(Cl)(Cl)Cl,33.4
CCCCCCCC[Si@]1(C)OB(c2ccccc2)O[Si@@](C)(CCCCCCCC)OB(c2ccccc2)O1,[2H]C(Cl)(Cl)Cl,25.1
COC(=O)C(CC(C)CB1OC(C)(C)C(C)(C)O1)N1C(=O)c2ccccc2C1=O,[2H]C(Cl)(Cl)Cl,33.9
CN(C)C1=[N+](c2ccccc2)[B-](C(F)(F)F)(C(F)(F)F)C1(C)C,[2H]C([2H])([2H])C(=O)C([2H])([2H])[2H],-9.0
COc1cccc(COB2OC(C)(C)C(C)(C)O2)c1,[2H]C(Cl)(Cl)Cl,21.71
[BH3-][P+]1(CC=C)CC=CC1,[2H]C(Cl)(Cl)Cl,-36.05
C[n+]1cc2ccccc2c2ccccc21.O[B-](c1c(F)c(F)c(F)c(F)c1F)(c1c(F)c(F)c(F)c(F)c1F)c1c(F)c(F)c(F)c(F)c1F,[2H]C([2H])(Cl)Cl,-4.1
CC1(C)OB([C@]2(C3CC3)C[C@H](c3ccc4ccccc4c3-c3nccc4ccccc34)C2)OC1(C)C,[2H]C(Cl)(Cl)Cl,34.4
C[C@@H]1[C@@H](c2ccccc2)O[B-](c2ccccc2)(c2ccccc2)[N@H+]1C,[2H]C(Cl)(Cl)Cl,8.0
CC1(C)OB([C@]2(c3cccc4ccccc43)C[C@H](c3ccc4ccccc4c3-c3nccc4ccccc34)C2)OC1(C)C,[2H]C(Cl)(Cl)Cl,34.2
CC1(C)OB(C(Cc2ccccc2)CS(=O)(=O)F)OC1(C)C,[2H]C(Cl)(Cl)Cl,33.25
CO[B-]12n3c4ccc3C(c3ccccc3)=c3ccc(n31)=C(c1ccccc1)C1=[N+]2C(=C4c2ccccc2)C=C1,[2H]C(Cl)(Cl)Cl,-15.3
Cc1ccc(S(=O)(=O)N2B(Cc3ccccc3)OC(c3ccccc3)(c3ccccc3)[C@@H]2c2ccccc2)cc1,[2H]C(Cl)(Cl)Cl,36.7
CC1(C)OB(c2ccc(N)c(F)c2)OC1(C)C,[2H]C(Cl)(Cl)Cl,30.18
CCC1=Cc2ccccc2N(C2CCCC2)B1/C(=C\C(C)(C)C)c1cccc(OC)c1,[2H]C(Cl)(Cl)Cl,38.21
CC[Si](CC)(CC)B1OC(C)(C)C(C)(C)O1,[2H]C(Cl)(Cl)Cl,35.1
CC1(C)OB([C@@H]2[C@H](c3ccc(F)cc3)[C@@]2(C)c2ccccc2)OC1(C)C,[2H]C(Cl)(Cl)Cl,32.4
CC1=CCC=CN1B1OC(C)(C)C(C)(C)O1,[2H]c1c([2H])c([2H])c([2H])c([2H])c1[2H],24.2
c1ccc([B-]2(c3ccccc3)OCC3CCC[NH+]2C3)cc1,[2H]C([2H])([2H])S(=O)C([2H])([2H])[2H],3.0
CC(=O)C([I+]c1ccccc1)=P(c1ccccc1)(c1ccccc1)c1ccccn1.F[B-](F)(F)F,[2H]C([2H])([2H])S(=O)C([2H])([2H])[2H],-1.12
CC(C)(C)c1ccc(B2OC(C)(C)C(C)(C)O2)o1,[2H]C(Cl)(Cl)Cl,27.4
C=C[B-](C(F)(F)F)(C(F)(F)F)[N+](C)(C)C,[2H]C(Cl)(Cl)Cl,-7.7
IB(I)c1cc(B(I)I)cc(B(I)I)c1,[2H]C(Cl)(Cl)Cl,47.7
[BH3-][P+](CC=C)(CC(=C)C)c1ccccc1,[2H]C(Cl)(Cl)Cl,-37.1
CC1(C)OB(CC(CN(Cc2ccccc2)Cc2ccccc2)c2cccc(Cl)c2)OC1(C)C,[2H]C(Cl)(Cl)Cl,32.92
CCCC/C(B1OC(C)(C)C(C)(C)O1)=C(/B1OC(C)(C)C(C)(C)O1)P(=O)(OCC)OCC,[2H]C(Cl)(Cl)Cl,30.22
CCN(CC)B1B(N(CC)CC)[C@H]([Si](C)(C)C)[C@@H]([Si](C)(C)C)[C@@H]1[Si](C)(C)C,[2H]C(Cl)(Cl)Cl,54.0
CB(N(C)Cl)C(CC(C)(C)C)(B(Cl)N(C)C)B(Cl)N(C)C,[2H]C(Cl)(Cl)Cl,38.5
CC(C)(C)P(=NB(Cl)Cl)(C(C)(C)C)C(C)(C)C,[2H]c1c([2H])c([2H])c([2H])c([2H])c1[2H],20.3
BrCCCCCCB(C1CCCCC1)C1CCCCC1,[2H]c1c([2H])c([2H])c([2H])c([2H])c1[2H],82.5
CCCCC(C)(C(=O)OC)C(B1OC(C)(C)C(C)(C)O1)c1ccccc1,[2H]C(Cl)(Cl)Cl,33.0
CC[B-]1(CC)O[C+](C(C)(C)C)O[B-](CC)(CC)[n+]2cccn21,[2H]C(Cl)(Cl)Cl,10.3
CC#CC(O)(B1OC(=O)CN(C)CC(=O)O1)c1ccc(Cl)cc1,[2H]C([2H])([2H])C(=O)C([2H])([2H])[2H],9.7
C[N+](C)([BH2-]C#N)CC(O)c1ccccc1,[2H]C(Cl)(Cl)Cl,-13.62
C=CC1CC(B2OC(C)(C)C(C)(C)O2)=CC1(C(=O)OC)C(O)/C=C/c1ccccc1,[2H]C(Cl)(Cl)Cl,28.62
CN1CC(=O)OB(c2cc(C(=O)c3cc4ccccc4o3)c(N)s2)OC(=O)C1,[2H]C([2H])([2H])C#N,10.1
C[Si](C)(C)[C@H]1[C@H]([Si](C)(C)C)B(N2CCCCC2)B(N2CCCCC2)[C@@H]1[Si](C)(C)C,[2H]c1c([2H])c([2H])c([2H])c([2H])c1[2H],53.0
CC1(C)C(=O)O[B-]2([O+]=C1OB1C3CCCC1CCC3)C1CCCC2CCC1,[2H]C(Cl)(Cl)Cl,17.7
CCOC1COB(B2OCC(OCC)CO2)OC1,[2H]C(Cl)(Cl)Cl,27.5
CC(C)(C)c1ccc(C23CC(B4OC(C)(C)C(C)(C)O4)(C2)C3)cc1,[2H]C(Cl)(Cl)Cl,30.8
COc1ccc(Nc2ccc3n2[B-](F)(c2ccccc2)[N+]2=C(Nc4ccc(C)cc4)C=CC2=C3c2ccccc2)cc1,[2H]C(Cl)(Cl)Cl,3.12
CN(C(=O)CCCCB1OC(C)(C)C(C)(C)O1)c1ccccc1,[2H]C(Cl)(Cl)Cl,34.6
CCC1=C(C)C2=C(c3ccc(C)cc3)c3c(C)c(CC)c(C)n3[B-](C#Cc3ccc(C4=NCCO4)cc3)(C#Cc3ccc4ccc5cccc6ccc3c4c56)[N+]2=C1C,[2H]c1c([2H])c([2H])c([2H])c([2H])c1[2H],-8.56
COP(=O)(OC)OC.Fc1c(F)c(F)c(B(c2c(F)c(F)c(F)c(F)c2F)c2c(F)c(F)c(F)c(F)c2F)c(F)c1F,[2H]C(Cl)(Cl)Cl,-1.7
CC1(C)CCCC(C)(C)N1B(Cl)B(Cl)N1C(C)(C)CCCC1(C)C,[2H]c1c([2H])c([2H])c([2H])c([2H])c1[2H],38.8
COc1ccc2ccccc2c1B1C(Br)=Cc2cc(C)ccc2N1Cc1ccccc1,[2H]C(Cl)(Cl)Cl,38.5
[BH3-][n+]1cn(C)c(C)c1C,[2H]C(Cl)(Cl)Cl,-20.9
CCOC(=O)C([BH2-]c1n(C)cc[n+]1C)c1ccccc1,[2H]C(Cl)(Cl)Cl,-23.2
C=C(CCCCC(=C)B1Nc2cccc3cccc(c23)N1)B1Nc2cccc3cccc(c23)N1,[2H]C(Cl)(Cl)Cl,28.8
CC1(C)OB(/C(=C/C2CCCCC2)N2CCOC2=O)OC1(C)C,[2H]C(Cl)(Cl)Cl,28.61
C[Si](C)(C)C(B(C1C=Cc2ccccc21)C1C=Cc2ccccc21)([Si](C)(C)C)[Si](C)(C)C,[2H]c1c([2H])c([2H])c([2H])c([2H])c1[2H],48.2
CC1=CB(O)Oc2ccc(F)cc21,[2H]OC([2H])([2H])[2H],26.79
C[P+]([BH2-][C@@H](c1ccc(Br)cc1)P(=O)(c1ccccc1)c1ccccc1)(c1ccccc1)c1ccccc1,[2H]C(Cl)(Cl)Cl,-26.84
CC[N+](CC)(CC)[BH-](Br)C(Cl)Cl,[2H]C(Cl)(Cl)Cl,0.4
CC1(C)OB(C2CCN(C(=O)OCc3ccccc3)C2)OC1(C)C,[2H]C(Cl)(Cl)Cl,34.15
[NH2+]=C(c1ccccc1)[B-](F)(F)F,[2H]C([2H])([2H])C(=O)C([2H])([2H])[2H],0.07
COc1cccc2cc3cccc4c3c(c12)[B-](Cl)(Cl)[O+]4C,[2H]C(Cl)(Cl)Cl,22.0
CC1(C)OB(C(CCc2ccccc2)B2OC(C)(C)C(C)(C)O2)OC1(C)C,[2H]C(Cl)(Cl)Cl,34.0
CC(C)(C)C1=[N+]2[N+](=C(C(C)(C)C)C[B-]2(F)F)[B-](F)(F)C1,[2H]C(Cl)(Cl)Cl,6.7
COCCc1nc(C)c2c(c1C)C[B@-]1(C2)c2cc(N(c3ccccc3)c3ccccc3)ccc2-c2cccc[n+]21,[2H]C([2H])(Cl)Cl,5.3
COP(=O)(OC)[C@@H]([BH2-][P+](C)(c1ccccc1)c1ccccc1)c1ccc(CO)cc1,[2H]C(Cl)(Cl)Cl,-26.06
CC1(C)OB(CC(=O)c2ccccc2)OC1(C)C,[2H]C(Cl)(Cl)Cl,31.6
Cc1ccc(-c2cc([BH2-][N+](C)(C)C)nc3ccccc23)cc1,[2H]C(Cl)(Cl)Cl,-3.2
COc1ccc(C(C)OB2OC(C)(C)C(C)(C)O2)cc1,[2H]C(Cl)(Cl)Cl,22.29
Cc1ccc(C#CB(N(C(C)C)C(C)C)N(C(C)C)C(C)C)cc1,[2H]C(Cl)(Cl)Cl,26.0
CCCCC[C@@H](CCCN1C(=O)c2ccccc2C1=O)B1OC(C)(C)C(C)(C)O1,[2H]C(Cl)(Cl)Cl,35.88
CC(=Nc1c(C(C)C)cccc1C(C)C)Nc1ccc(C#N)cc1.OB(Oc1c(F)c(F)c(F)c(F)c1F)Oc1c(F)c(F)c(F)c(F)c1F,[2H]c1c([2H])c([2H])c(C([2H])([2H])[2H])c([2H])c1[2H],-13.3
CC(C)(C)N1C=CN(C(C)(C)C)B1c1ccc(B2N(C(C)(C)C)C=CN2C(C)(C)C)cc1,[2H]c1c([2H])c([2H])c([2H])c([2H])c1[2H],25.9
CC1(C)OB(CC(CN(Cc2ccccc2)Cc2ccccc2)c2ccccc2)OC1(C)C,[2H]C(Cl)(Cl)Cl,33.49
CC1(C)OB(CC2CCCC2)OC1(C)C,[2H]C(Cl)(Cl)Cl,33.94
O=C1NB(c2ccc3[nH]ccc3c2)Nc2ccccc21,[2H]C([2H])([2H])S(=O)C([2H])([2H])[2H],30.53
CN(C)C(=O)c1c(Br)cccc1B1OC(C)(C)C(C)(C)O1,[2H]C(Cl)(Cl)Cl,30.5
C/C=C(/B1OC(C)(C)C(C)(C)O1)C(C)C(=O)OCC,[2H]C(Cl)(Cl)Cl,30.05
CC(C)(C)PB(PC(C)(C)C)C([Si](C)(C)C)([Si](C)(C)C)[Si](C)(C)C,[2H]c1c([2H])c([2H])c([2H])c([2H])c1[2H],86.4
C/[B-](=[NH+]\C(C)(C)C)B(C(C)(C)C)C(C)(C)C,[2H]c1c([2H])c([2H])c([2H])c([2H])c1[2H],48.9
c1ccc([Si](OB2OB(O[Si](c3ccccc3)(c3ccccc3)c3ccccc3)OB(O[Si](c3ccccc3)(c3ccccc3)c3ccccc3)O2)(c2ccccc2)c2ccccc2)cc1,[2H]C(Cl)(Cl)Cl,19.0
OB(O)c1ccccc1CN1CCCC1,[2H]OC([2H])([2H])[2H],8.3
CC(C)[Si](Oc1cc(=O)oc2cc(B3OC(C)(C)CC(C)(C)O3)ccc12)(C(C)C)C(C)C,[2H]C(Cl)(Cl)Cl,20.7
[BH3-][P+](OC)(OC)O[P+]([BH3-])(OC)OC,[2H]C(Cl)(Cl)Cl,-44.3
C[Si](C)(C)C(/C=C\C(=C1/C[C@@H]2C[C@@H]3CB1C[C@@H](C3)C2)[Si](C)(C)C)=C1\C[C@@H]2C[C@@H]3CB1C[C@@H](C3)C2,[2H]c1c([2H])c([2H])c([2H])c([2H])c1[2H],78.3
CC1(C)OB(c2ccc(C#N)cc2)OC1(C)C,[2H]C(Cl)(Cl)Cl,30.42
CCCCc1ccc(B2OC(C)(C)C(C)(C)O2)cc1,[2H]C(Cl)(Cl)Cl,30.97
[BH2-](n1cccc1)[O+]1CCCC1,[2H]C1([2H])OC([2H])([2H])C([2H])([2H])C1([2H])[2H],4.3
COc1ccc(C2=Cc3ccccc3N(Cc3ccccc3)B2c2c(OC)ccc3ccccc23)cc1,[2H]C(Cl)(Cl)Cl,39.8
CC(C)(C)C1=[N+]2[N+](=C(C(C)(C)C)C[B-]2(Cl)Cl)[B-](Cl)(Cl)C1,[2H]C(Cl)(Cl)Cl,4.1
COc1ccc(CNB2OCCO2)cc1,[2H]C(Cl)(Cl)Cl,25.7
Cc1ccc(C2CCC([C@H]3CC[C@@H]([C@@H](CS(=O)(=O)F)B4OC(C)(C)C(C)(C)O4)CC3)CC2)cc1,[2H]C(Cl)(Cl)Cl,33.2
CSc1cccc(B2NC(=O)c3ccccc3N2)c1,[2H]C([2H])([2H])S(=O)C([2H])([2H])[2H],29.87
CC(C)(C)C(OB(F)N[Si](C)(C)C)(C(C)(C)C)C(C)(C)C,[2H]C(Cl)(Cl)Cl,18.0
C/C(=[N+]1\N=C(C(C)(C)C)C[B-]1(Br)Br)C(C)(C)C,[2H]C(Cl)(Cl)Cl,-1.3
COC(=O)[C@@]1(c2ccccc2)C[C@]1(B1OC(C)(C)C(C)(C)O1)c1ccc(F)cc1,[2H]C(Cl)(Cl)Cl,30.08
CCO[Si](OCC)(OCC)c1cc(B2OC(C)(C)CC(C)(C)O2)c(Cl)s1,[2H]C(Cl)(Cl)Cl,24.8
OB1ON=Cc2ccccc21,[2H]C([2H])([2H])C#N,28.8
CC1=CB(O)Oc2c1cc1ccccc1c2-c1c2c(cc3ccccc13)C(C)=CB(O)O2,[2H]OC([2H])([2H])[2H],26.63
CC(C)[Si](C(C)C)(C(C)C)n1cccc1B1OC(C)(C)C(C)(C)O1,[2H]C(Cl)(Cl)Cl,30.0
C[N+]12CC(=O)O[B-]1(C(Br)CC(F)(F)C(=O)NCCc1cccs1)OC(=O)C2,[2H]C([2H])([2H])S(=O)C([2H])([2H])[2H],10.31
COc1c(C)c(C)c2c(c1C)CCC(C)(C(=O)OCC[Si](C)(C)CB1OC(C)(C)C(C)(C)O1)O2,[2H]C(Cl)(Cl)Cl,33.8
CC1=C(C)c2ccccc2OB1O,[2H]OC([2H])([2H])[2H],26.55
Cc1cccc(CC(C)(C)C(Cl)B2OC(C)(C)C(C)(C)O2)c1,[2H]C(Cl)(Cl)Cl,31.5
CCCCC(CB1OC(C)(C)C(C)(C)O1)B1OC(C)(C)C(C)(C)O1,[2H]C(Cl)(Cl)Cl,30.5
Cn1c2[n+](c3ccccc31)[BH2-]NC(N)=N2,[2H]C([2H])([2H])S(=O)C([2H])([2H])[2H],-10.5
CCc1ccc(B2SSB(c3ccc(CC)cc3)S2)cc1,[2H]c1c([2H])c([2H])c([2H])c([2H])c1[2H],66.1
CC1(C)OB([C@@H](CCCCc2ccccc2)C2CCOC2)OC1(C)C,[2H]C(Cl)(Cl)Cl,32.74
CCCC/C(B1OC(C)(C)C(C)(C)O1)=C(\c1ccccc1)c1c(C(=O)OC2COC2)ccc2ccc(F)cc12,[2H]C(Cl)(Cl)Cl,30.32
CCCCCCCC(C)(CB1OC(C)(C)C(C)(C)O1)/C(=N/N1CCCCC1)C(F)(F)F,[2H]C(Cl)(Cl)Cl,33.3
CC(C)C(C)B(C(C)C(C)C)N(BN1C(C)(C)CCCC1(C)C)C(C)(C)C,[2H]c1c([2H])c([2H])c([2H])c([2H])c1[2H],36.1
CC1c2ccc(s2)B(N2C(C)(C)CCCC2(C)C)c2ccc(s2)C(C)c2ccc(s2)B(N2C(C)(C)CCCC2(C)C)c2ccc1s2,[2H]C(Cl)(Cl)Cl,43.3
COc1ccc2ccc(C(=O)OC3COC3)c(/C(=C(\B3OC(C)(C)C(C)(C)O3)c3ccccc3)c3ccccc3)c2c1,[2H]C(Cl)(Cl)Cl,30.28
CCCCB1O[C@H](c2ccccc2)[C@H](C)N1C,[2H]C(Cl)(Cl)Cl,34.0
C[N+]12CC(=O)O[B-]1(C(I)CC(F)(F)C(=O)NCc1ccccc1Cl)OC(=O)C2,[2H]C([2H])([2H])S(=O)C([2H])([2H])[2H],10.62
Cc1cccc2c1C=CCN2B1OC(C)(C)C(C)(C)O1,[2H]c1c([2H])c([2H])c([2H])c([2H])c1[2H],23.9
CC1(C)OB(CC(c2ccc3c(c2)OCO3)c2c(F)c(F)c(C#N)c(F)c2F)OC1(C)C,[2H]C(Cl)(Cl)Cl,33.2
C=CCB(CC=C)/C(CC=C)=C(\[SiH](C)C)[Si](C)(C)C,[2H]C(Cl)(Cl)Cl,51.6
O=C(O)[BH2-][P+](c1ccccc1)(c1ccccc1)c1ccccc1,[2H]C(Cl)(Cl)Cl,-29.5
CCO[P+]([BH2-][P+](OCC)(OCC)OCC)(OCC)OCC.F[B-](F)(F)F,[2H]C([2H])([2H])S(=O)C([2H])([2H])[2H],-1.97
C=CCC(C)(C(=O)OC)C(B1OC(C)(C)C(C)(C)O1)c1ccccc1,[2H]C(Cl)(Cl)Cl,32.8
Cc1ccc(B2OC(C)(C)C(C)(C)O2)cc1C,[2H]C(Cl)(Cl)Cl,30.6
C=CC1=C2C[B-]3(CC2=C(C=C)[C@@H](c2ccc(C(F)(F)F)cc2)N1)N1CC=CC1c1ccc(-c2ccccc2)c[n+]13,[2H]C([2H])(Cl)Cl,7.4
CCOC(=O)/C=C/c1cc(B2OC(C)(C)C(C)(C)O2)ccc1C,[2H]C(Cl)(Cl)Cl,30.8
C[Si](C)(C)C(CB1Oc2ccccc2O1)(B1Oc2ccccc2O1)B1Oc2ccccc2O1,[2H]C(Cl)(Cl)Cl,35.8
[BH3-][P+](Oc1ccccc1)(Oc1ccccc1)Oc1ccccc1,[2H]C(Cl)(Cl)Cl,-42.7
O=C(CCC(=O)OB1C2CCCC1CCC2)OB1C2CCCC1CCC2,[2H]C([2H])([2H])S(=O)C([2H])([2H])[2H],11.1
COc1ccc(B2Nc3cccc4cccc(c34)N2)cc1,[2H]C(Cl)(Cl)Cl,29.1
CCCN(CCC)S(=O)(=O)c1ccc(C(=O)OCCCC[C@H](NC(=O)c2ccccc2)B2OC(C)(C)C(C)(C)O2)cc1,[2H]C(Cl)(Cl)Cl,18.0
CC1(C)OB(CC(O)COc2ccc(Cl)cc2)OC1(C)C,[2H]C(Cl)(Cl)Cl,33.25
CC(C)[N+](=COB(c1ccccc1)c1ccccc1)C(C)C.[Cl-],[2H]C(Cl)(Cl)Cl,11.6
CC(=O)c1cccc([B@@-]23Oc4ccccc4C[N@@H+]2c2ccccc2O3)c1,[2H]C(Cl)(Cl)Cl,8.2
Cc1cccc(B2Nc3cccc4cccc(c34)N2)c1,[2H]C(Cl)(Cl)Cl,30.4
CCC1=C([Si](C)(C)C)[Si](C)(C)C[O+](CC)[B-]1(CC)CC,[2H]c1c([2H])c([2H])c([2H])c([2H])c1[2H],19.9
CC1(C)OB(C(C=C=Cc2ccccc2)B2OC(C)(C)C(C)(C)O2)OC1(C)C,[2H]C(Cl)(Cl)Cl,33.0
C=CCCc1cc[n+]2c(c1)-c1cc(CCC=C)cc[n+]1[B-]2(C)c1ccc(C)cc1.[Br-],[2H]C(Cl)(Cl)Cl,7.5
CCOC(=O)C(C)[BH2-]c1n(C)cn[n+]1C,[2H]C(Cl)(Cl)Cl,-25.0
Cc1cc(C)c(CCB2OC(C)(C)C(C)(C)O2)c(C)c1,[2H]C(Cl)(Cl)Cl,33.84
Cc1nc(-c2ccc(B3OC(C)(C)C(C)(C)O3)cc2)c(C)c2c1C[C@]1(C2)c2ccccc2-c2ccc(N(c3ccccc3)c3ccccc3)cc21,[2H]C(Cl)(Cl)Cl,-6.9
CC[P+](CC)(CC)[B-]1(Cl)Oc2ccccc2O1,[2H]c1c([2H])c([2H])c([2H])c([2H])c1[2H],11.4
Cc1c(C)n(C(C)C)[c+](B2N(C(C)(C)C)C=CN2C(C)(C)C)n1C(C)C.[Br-],[2H]C(Cl)(Cl)Cl,15.0
c1ccc(-c2ccccc2B2Nc3cccc4cccc(c34)N2)cc1,[2H]C(Cl)(Cl)Cl,29.9
COc1ccc(CCC[C@H](CCCO[Si](C)(C)C(C)(C)C)B2OC(C)(C)C(C)(C)O2)cc1,[2H]C(Cl)(Cl)Cl,33.63
CCOc1ccc(OCCCC#C[B-](c2ccccc2)(c2ccccc2)c2ccccc2)cc1.C[N+](C)(C)C,[2H]C([2H])([2H])S(=O)C([2H])([2H])[2H],-12.4
C#C[B-]1(C#CC#C[B-]2(C#C)n3c(C)c(CC)c(C)c3C(C)=C3C(C)=C(CC)C(C)=[N+]32)n2c(C)c(CC)c(C)c2C(C)=C2C(C)=C(CC)C(C)=[N+]21,[2H]C(Cl)(Cl)Cl,-10.88
CC(C)(C)c1ccc(-c2cccc(-c3ccc(C(C)(C)C)cc3)c2[BH2-][n+]2ccccc2)cc1,[2H]c1c([2H])c([2H])c([2H])c([2H])c1[2H],-5.4
COCCCC[C@]1(B2OC(C)(C)C(C)(C)O2)C[C@@H](c2ccc3ccccc3c2-c2nccc3ccccc23)C1,[2H]C(Cl)(Cl)Cl,35.3
C/C=C(\CC(=O)OC)B1OC(C)(C)C(C)(C)O1,[2H]C(Cl)(Cl)Cl,30.12
CC(C)OC(=O)C(C)[BH2-]c1n(C)cc[n+]1C,[2H]C(Cl)(Cl)Cl,-24.5
CCOC(=O)C(F)(F)[C@H](/C=C/CCBr)[B-]12OC(=O)C[N+]1(C)CC(=O)O2,[2H]C([2H])([2H])S(=O)C([2H])([2H])[2H],10.03
CC(C)(C)N1C=CN(C(C)(C)C)B1I,[2H]c1c([2H])c([2H])c([2H])c([2H])c1[2H],6.5
Clc1cccc([B@@-]23OCC[N+]4=Cc5ccccc5O[B@@-]4(c4cccc(Cl)c4)OCC[N+]2=Cc2ccccc2O3)c1,[2H]C(Cl)(Cl)Cl,6.6
CCCCN1B2C(=Cc3ccccc31)C(c1ccccc1)=C(c1ccccc1)c1ccccc12,[2H]C(Cl)(Cl)Cl,30.1
C[Si](C)(Br)C1=C(B2C3CCCC2CCC3)CC[Si]1(C)C,[2H]c1c([2H])c([2H])c([2H])c([2H])c1[2H],86.4
CC1(C)OB(/C(=C/c2ccccc2)N2C(=O)OC[C@H]2c2ccccc2)OC1(C)C,[2H]C(Cl)(Cl)Cl,30.09
CN(C)c1cc(B2OC(C)(C)C(C)(C)O2)cc(N(C)C)c1,[2H]C(Cl)(Cl)Cl,31.0
CCCCB1N[C@@H](C)[C@@H](c2ccccc2)O1,[2H]C(Cl)(Cl)Cl,35.0
[BH3-][P+](C1=C[C@H]2CC[C@@]1(C)C2(C)C)(c1ccccc1)c1ccccc1,[2H]C(Cl)(Cl)Cl,-33.3
C/C(Br)=C(\B1OC(=O)CN(C)CC(=O)O1)C(=O)c1ccccc1,[2H]C([2H])([2H])C#N,9.47
C#CB1C=C(C)c2ccccc2N1C1CCCC1,[2H]C(Cl)(Cl)Cl,27.56
CC(C)CC([NH3+])B(O)O.[Cl-],[2H]OC([2H])([2H])[2H],29.06
CC(C)(C)/N=C1C(=N/C(C)(C)C)/[B-](C#[N+]C(C)(C)C)(C(C)(C)C)N(C(C)(C)C)[B-]/1(C#[N+]C(C)(C)C)C(C)(C)C,[2H]C(Cl)(Cl)Cl,-11.3
C[N+](C)(C)[BH2-]Cc1ccccc1,[2H]C(Cl)(Cl)Cl,-1.48
Brc1cccc2c1[BH2-][n+]1ccccc1-2,[2H]C(Cl)(Cl)Cl,-7.6
CC(C)[B-]1(c2ccccc2)NC(N)=Nc2[nH]c3ccccc3[n+]21,[2H]C([2H])([2H])S(=O)C([2H])([2H])[2H],0.5
Cc1ccc(Cl)c2c1-c1cccc[n+]1[BH2-]2,[2H]C(Cl)(Cl)Cl,-8.69
CC(=O)OC[Si](C)(C)CB1OC(C)(C)C(C)(C)O1,[2H]C(Cl)(Cl)Cl,33.5
C[N+]1(C)[B-](C(F)(F)F)(C(F)(F)F)C12c1ccccc1-c1ccccc12,[2H]C(Cl)(Cl)Cl,-11.6
C[SiH](C)Cc1cc2c3ccccc3c3ccccc3c2cc1B1OC(C)(C)C(C)(C)O1,[2H]C(Cl)(Cl)Cl,31.51
C=C(C)CC(C)(C(=C)OC)C(B1OC(C)(C)C(C)(C)O1)c1ccccc1,[2H]C(Cl)(Cl)Cl,32.8
CCCCCCN(CCCCCC)C(=O)c1cccc(B2OC(C)(C)C(C)(C)O2)c1OC,[2H]C(Cl)(Cl)Cl,31.9
CC1(C)OB([Si](C)(C)Cl)OC1(C)C,[2H]C(Cl)(Cl)Cl,32.4
Cc1cc(C)c(B(NC(C)(C)C)B(NC(C)(C)C)c2c(C)cc(C)cc2C)c(C)c1,[2H]c1c([2H])c([2H])c([2H])c([2H])c1[2H],45.3
COc1ccc2ccccc2c1B1C=Cc2ccccc2N1Cc1ccc(Cl)cc1,[2H]C(Cl)(Cl)Cl,37.75
C[N+](C)([BH2-]C#N)C[Si](C)(C)C,[2H]C(Cl)(Cl)Cl,-14.94
C=CB(N(CC)CC)N(CC)CC,[2H]C(Cl)(Cl)Cl,31.1
Cc1cc(C)c(B(NCc2ccccc2)B(NCc2ccccc2)c2c(C)cc(C)cc2C)c(C)c1,[2H]C(Cl)(Cl)Cl,47.9
C[NH+](Cc1ccccc1)C1B(O)Oc2ccccc21.[Cl-],[2H]OC([2H])([2H])[2H],15.7
C[NH+](C)C.FC(F)(F)[B-]1(C(F)(F)F)CCCCO1,[2H]C([2H])([2H])C(=O)C([2H])([2H])[2H],-8.0
CC1(C)OB([C@H](CCCCc2ccccc2)NC(=O)C2CC2)OC1(C)C,[2H]C(Cl)(Cl)Cl,16.2
C=C(B1Nc2cccc3cccc(c23)N1)c1ccc(OC)cc1,[2H]C(Cl)(Cl)Cl,29.1
CCOC(=O)c1c(Br)cccc1B1OC(C)(C)C(C)(C)O1,[2H]C(Cl)(Cl)Cl,30.0
CC1(C)OB(/C=C/c2ccc(B3Nc4cccc5cccc(c45)N3)cc2)OC1(C)C,[2H]C(Cl)(Cl)Cl,29.6
c1ccc([B-]2(c3ccccc3)c3ccccc3Nc3cccc[n+]32)cc1,[2H]C([2H])([2H])C(=O)C([2H])([2H])[2H],-1.21
CC1(C)OB(c2cc(Nc3ccccc3)cc(C(F)(F)F)c2)OC1(C)C,[2H]c1c([2H])c([2H])c([2H])c([2H])c1[2H],29.9
CC#[N+][B-](c1c(F)c(F)c(F)c(F)c1F)(c1c(F)c(F)c(F)c(F)c1F)c1c(F)c(F)c(F)c(F)c1[B-]([N+]#CC)(c1c(F)c(F)c(F)c(F)c1F)c1c(F)c(F)c(F)c(F)c1F,[2H]C([2H])(Cl)Cl,-7.0
Cc1ccc(S(=O)(=O)N2B(C(C)C)OC(c3ccccc3)(c3ccccc3)[C@@H]2c2ccccc2)cc1,[2H]C(Cl)(Cl)Cl,37.5
CC(C)N(B1N=C(c2ccccc2)C(c2ccccc2)=N1)C(C)C,[2H]C(Cl)(Cl)Cl,36.6
C=C(N)C[N+]12CC(=O)O[B-]1(c1ccccc1)OC(=O)C2,[2H]C([2H])([2H])S(=O)C([2H])([2H])[2H],12.0
C=C(CB1OC(C)(C)C(C)(C)O1)c1ccccc1,[2H]C(Cl)(Cl)Cl,33.27
C=C1CC[B-](=[N+](C(C)C)C(C)C)/C(=N\c2c(C)cccc2C)[B-]1=[N+](C(C)C)C(C)C,[2H]c1c([2H])c([2H])c([2H])c([2H])c1[2H],38.0
C[N+]12CC(=O)O[B-]1(C(I)CC(F)(F)C(=O)Nc1ccc(F)cc1)OC(=O)C2,[2H]C([2H])([2H])S(=O)C([2H])([2H])[2H],10.72
CCC1=C(C)C2=C(C)c3c(C)c(CC)c(C)n3[B-](C#Cc3ccc4c5cccc6cccc(c7cccc3c74)c65)(C#Cc3ccc4c5cccc6cccc(c7cccc3c74)c65)[N+]2=C1C,[2H]C(Cl)(Cl)Cl,-9.4
[BH3-][P+]([C@@H](C)c1ccccc1)([C@@H](C)c1ccccc1)[C@@H](C)c1ccccc1,[2H]C(Cl)(Cl)Cl,-45.6
CB1N(C(C)(C)C)[Al-](C)(C)[N+]12C(C)(C)CCCC2(C)C,[2H]c1c([2H])c([2H])c([2H])c([2H])c1[2H],38.5
Cc1ccc2c(B3OC(C)(C)C(C)(C)O3)cc(C(F)(F)F)cc2n1,[2H]C(Cl)(Cl)Cl,30.45
CC1=CB(O)Oc2ccc(Cl)cc21,[2H]OC([2H])([2H])[2H],26.84
CC(CB1OC(C)(C)C(C)(C)O1)c1ccc(C#N)cc1,[2H]C(Cl)(Cl)Cl,33.5
CC(C)(C)OC(=O)CC12CC(B3OC(C)(C)C(C)(C)O3)(C1)C2,[2H]C(Cl)(Cl)Cl,30.2
CC1(C)OB(C(B2OC(C)(C)C(C)(C)O2)C(c2ccc(Cl)cc2)c2ccccc2Cl)OC1(C)C,[2H]C(Cl)(Cl)Cl,33.9
CC(B(Cl)C(C)[Si](C)(Cl)Cl)[Si](C)(Cl)Cl,[2H]c1c([2H])c([2H])c([2H])c([2H])c1[2H],69.4
Cc1ccccc1C1CC1B1OC(C)(C)C(C)(C)O1,[2H]C(Cl)(Cl)Cl,33.55
CCCC/C(B1OC(C)(C)C(C)(C)O1)=C(\c1ccc2sc3ccccc3c2c1)c1c(C(=O)OC2COC2)ccc2ccc(OC)cc12,[2H]C(Cl)(Cl)Cl,28.99
COC(=O)C1=CCCC1c1cccc(B2OC(C)(C)C(C)(C)O2)c1,[2H]C(Cl)(Cl)Cl,30.9
CC(C)(CB1OC(C)(C)C(C)(C)O1)Cc1ccccc1,[2H]C(Cl)(Cl)Cl,33.5
CC(C)C[C@@H](B1OC(C)(C)C(C)(C)O1)N1C(=O)O[C@H](c2ccccc2)[C@@H]1c1ccccc1,[2H]C(Cl)(Cl)Cl,31.98
C[SiH](C)Cc1c(F)cccc1B1OC(C)(C)C(C)(C)O1,[2H]C(Cl)(Cl)Cl,31.13
C=CC1CC(B2OC(C)(C)C(C)(C)O2)=CC1(C(=O)Oc1ccccc1)C(O)c1ccccc1,[2H]C(Cl)(Cl)Cl,28.7
CCN(CC)[B-](C#[N+]C(C)(C)C)(C(F)(F)F)C(F)(F)F,[2H]C([2H])(Cl)Cl,-5.7
[BH3-][P+](C(=C)C(C)(C)C)(c1ccccc1)c1ccccc1,[2H]C(Cl)(Cl)Cl,-30.2
C[NH+](C)C.FC(F)(F)[B-]1(C(F)(F)F)CCCO1,[2H]C([2H])([2H])C(=O)C([2H])([2H])[2H],-4.5
CC1(C)OBOC1(C)C,[2H]c1c([2H])c([2H])c(C([2H])([2H])[2H])c([2H])c1[2H],28.4
COC(=O)N(C)/C(=C\c1ccccc1)B1OC(C)(C)C(C)(C)O1,[2H]C(Cl)(Cl)Cl,29.53
CC(C)C[C@]1(B2OC(C)(C)C(C)(C)O2)C[C@@H](c2ccc3ccccc3c2-c2nccc3ccccc23)C1,[2H]C(Cl)(Cl)Cl,36.5
CN1C=CN(c2ccccc2)C1=C1CCC2BC1CCC2,[2H]C([2H])(Cl)Cl,-16.69
CC(OC(=O)[B@H-](Br)[P+](C1CCCCC1)(C1CCCCC1)C1CCCCC1)c1ccccc1,[2H]C(Cl)(Cl)Cl,-38.3
CN(C)Cc1c(B2OC(C)(C)C(C)(C)O2)cccc1B1OC(C)(C)C(C)(C)O1,[2H]C(Cl)(Cl)Cl,22.7
C[N+](C)(C)[BH2-]C(c1ccccc1)C1CC1,[2H]C(Cl)(Cl)Cl,0.78
CC(OB1OCC(C)(C)CO1)C(C)(C)C,[2H]c1c([2H])c([2H])c([2H])c([2H])c1[2H],17.5
CC(C)N1B(C(C)(C)C)N(C(C)C)c2ccccc21,[2H]c1c([2H])c([2H])c([2H])c([2H])c1[2H],29.5
[BH3-][P+]1(CC[P+]2([BH3-])CC=CC2)CC=CC1,[2H]C(Cl)(Cl)Cl,-36.9
CC[B-](CC)(OC(=O)c1ccccc1)n1[nH+]c(C)cc1C,[2H]C(Cl)(Cl)Cl,8.8
CCOC(=O)/C=C/c1cc(B2OC(C)(C)C(C)(C)O2)cc(C(=O)OC)c1,[2H]C(Cl)(Cl)Cl,31.4
CC(C)(C)C1[B-](C(F)(F)F)(C(F)(F)F)[N+]1(C)C,[2H]C([2H])(Cl)Cl,-17.2
CCCCCCN(CCCCCC)C(=O)c1cc(C#N)cc(B2OC(C)(C)C(C)(C)O2)c1,[2H]C(Cl)(Cl)Cl,30.3
CC[N+]1([BH2-]c2nc3ccccc3n(C)c2=O)CCCCC1,[2H]C(Cl)(Cl)Cl,-9.6
[BH3-][P+2](c1ccccc1)N1CCCC1COC,[2H]C(Cl)(Cl)Cl,-41.3
CC1(B2OC(C)(C)C(C)(C)O2)C(B2OC(C)(C)C(C)(C)O2)C1c1ccc(F)cc1,[2H]C(Cl)(Cl)Cl,33.4
CN1CC(=O)OB(c2cc(C(=O)c3ccccc3)c(N)s2)OC(=O)C1,[2H]C([2H])([2H])C#N,10.4
C[NH+](C)[B-](C(F)(F)C(F)(F)F)(C(F)(F)C(F)(F)F)C(F)(F)C(F)(F)F,[2H]C(Cl)(Cl)Cl,-9.1
COB(B(OC)c1c(-c2c(C)cc(C)cc2C)cccc1-c1c(C)cc(C)cc1C)c1c(C)cc(C)cc1C,[2H]c1c([2H])c([2H])c([2H])c([2H])c1[2H],54.4
Cc1ccc(S(=O)(=O)N2B(c3ccsc3)OC(C3CCCCC3)(C3CCCCC3)[C@@H]2C(C)C)cc1,[2H]C(Cl)(Cl)Cl,30.1
CN1CC(=O)OB(C(CO)C(=O)c2ccccc2)OC(=O)C1,[2H]C([2H])([2H])C(=O)C([2H])([2H])[2H],11.11
CC(C)(C)/C=C(\B1C(Br)=Cc2ccccc2N1C1CCCC1)c1cccc(C(=O)c2ccccc2)c1,[2H]C(Cl)(Cl)Cl,39.99
C=CCCC(CB1Oc2ccccc2O1)B1Oc2ccccc2O1,[2H]C(Cl)(Cl)Cl,35.0
CC#CC[B-]1(CC#CC)c2ccccc2-c2ccc(N3CCCCCC3)c[n+]21,[2H]C(Cl)(Cl)Cl,-1.2
CC1(C)OB(C[C@](C)(CCCCCc2ccccc2)/C(=N/N2CCCCC2)C(F)(F)F)OC1(C)C,[2H]C(Cl)(Cl)Cl,34.0
CB(OC(C)C)C([Si](C)(C)C)[Si](C)(C)C,[2H]C(Cl)(Cl)Cl,52.2
C=CCCc1cc[n+]2c(c1)-c1cc(CCC=C)cc[n+]1[B-]2(OCC)c1ccc(C)cc1.[Br-],[2H]C(Cl)(Cl)Cl,9.1
F[B-]1(c2ccccc2)n2c(ccc2-c2ccc(N(c3ccccc3)c3ccccc3)cc2)C(c2ccccc2)=C2C=CC(Cl)=[N+]21,[2H]C(Cl)(Cl)Cl,4.22
CC1(C)OB([C@H](CCCCOCc2ccccc2)NC(=O)c2ccccc2)OC1(C)C,[2H]C(Cl)(Cl)Cl,18.3
C[SiH](C)C1=C(B2C3CCCC2CCC3)CC[Si]1(C)C,[2H]c1c([2H])c([2H])c([2H])c([2H])c1[2H],85.1
OB1Oc2c(F)cccc2C1[NH+]1CCOCC1.[Cl-],[2H]OC([2H])([2H])[2H],14.6
CC1(C)OB(CCc2ccc3ccccc3c2)OC1(C)C,[2H]C(Cl)(Cl)Cl,34.49
CC(C)CC(CC(C)C)O[Si](ON=Cc1c(Br)cc(B2OC(C)(C)CC(C)(C)O2)cc1Br)(OC(CC(C)C)CC(C)C)OC(CC(C)C)CC(C)C,[2H]C(Cl)(Cl)Cl,25.0
CC1(C)OB(N2CC=Cc3cc(F)ccc32)OC1(C)C,[2H]c1c([2H])c([2H])c([2H])c([2H])c1[2H],23.9
COP(=O)(OC)[C@@H]([BH2-][P+](C)(c1ccccc1)c1ccccc1)c1cccc2c1sc1ccccc12,[2H]C(Cl)(Cl)Cl,-26.64
CC1(C)OB(C(B2OC(C)(C)C(C)(C)O2)[C@H]2CC[C@H](c3ccc(Cl)cc3)CC2)OC1(C)C,[2H]C(Cl)(Cl)Cl,33.1
CC(C)(C)N(B(c1ccccc1)N1C(C)(C)CCCC1(C)C)[Al](c1ccccc1)c1ccccc1,[2H]c1c([2H])c([2H])c([2H])c([2H])c1[2H],42.1
CC1(C)OB(C(CC(=O)[Si](C)(C)C)c2cccc(Br)c2F)OC1(C)C,[2H]C(Cl)(Cl)Cl,30.8
CCOP(=O)(OCC)c1cc(B2OC(C)(C)C(C)(C)O2)ccc1OC,[2H]C(Cl)(Cl)Cl,30.7
CCB(CC)OS(C)(=O)=O,[2H]c1c([2H])c([2H])c([2H])c([2H])c1[2H],59.5
[BH3-][N+]1(Cc2ccccc2)CCOCC1,[2H]C1([2H])OC([2H])([2H])C([2H])([2H])C1([2H])[2H],-12.4
CC(c1ccccc1)N1C=CN(C(C)(C)C)B1NC(C)(C)C,[2H]C(Cl)(Cl)Cl,22.3
C[SiH](C)C1=C(B2C3CCCC2CCC3)CC[Si]1(c1ccccc1)c1ccccc1,[2H]c1c([2H])c([2H])c([2H])c([2H])c1[2H],86.0
COc1cccc(/C(=C/C(C)(C)CCc2ccccc2)B2C(Br)=Cc3ccccc3N2C2CCCC2)c1,[2H]C(Cl)(Cl)Cl,36.98
C[Si](C)(C)CCB(c1c(F)c(F)c(F)c(F)c1F)c1c(F)c(F)c(F)c(F)c1F,[2H]c1c([2H])c([2H])c([2H])c([2H])c1[2H],68.2
C#CB1Oc2ccccc2S1,[2H]C(Cl)(Cl)Cl,38.0
Cc1n(C)cc[n+]1CCCC(F)(F)F.c1ncn([BH-](n2cncn2)n2cncn2)n1,[2H]C([2H])([2H])S(=O)C([2H])([2H])[2H],-0.49
Cn1c([C@@H]2[C@@H](B3OC(C)(C)C(C)(C)O3)[C@]2(C)c2ccc(F)cc2)cc2ccccc21,[2H]C(Cl)(Cl)Cl,33.6
CCCC/C(B1OC(C)(C)C(C)(C)O1)=C(\c1ccccc1)c1c(C(=O)OC2COC2)ccc2ccc(Cl)cc12,[2H]C(Cl)(Cl)Cl,29.93
Cc1ccccc1CNB1OCCO1,[2H]C(Cl)(Cl)Cl,25.68
[BH3-][P@+]1(OCC2(CO[P@+]3([BH3-])O[C@@H](c4ccccc4)C(C)(C)C(C)(C)O3)c3ccccc3-c3ccccc32)O[C@H](c2ccccc2)C(C)(C)C(C)(C)O1,[2H]C(Cl)(Cl)Cl,-43.4
C[N+](C)(C)[BH2-]c1cc(Oc2ccc(F)cc2)c2c(Cl)cc(Cl)cc2n1,[2H]C(Cl)(Cl)Cl,-4.4
[BH3-][P+](C1=CCCCC1C)(c1ccccc1)c1ccccc1,[2H]C(Cl)(Cl)Cl,-32.8
CCCC[N+](CCCC)(CCCC)CCCC.O=CCCC(CC=O)C[B-](F)(F)F,[2H]C(Cl)(Cl)Cl,4.38
O=Cc1ccccc1B(O)O,[2H]C([2H])([2H])C#N,29.9
F[B-]1(c2ccccc2)n2c(Cl)ccc2C(c2ccc(Cl)cc2)=C2C=CC(Cl)=[N+]21,[2H]C(Cl)(Cl)Cl,4.02
CC1(C)OB(c2ccc3ccc(B4OC(C)(C)C(C)(C)O4)c4c3c2C(=O)NC4=O)OC1(C)C,[2H]C(Cl)(Cl)Cl,31.2
[BH3-][P+]1(c2ccccc2)CCCCC1,[2H]C(Cl)(Cl)Cl,-35.9
C(=C/c1ccccc1)\B1OOC23CCCC12CCC3,[2H]C(Cl)(Cl)Cl,30.7
Cc1ccc(C(C)CB2OC(C)(C)C(C)(C)O2)cc1,[2H]C(Cl)(Cl)Cl,33.43
Clc1c(Cl)c(Cl)c2c(c1Cl)OBO2,[2H]C(Cl)(Cl)Cl,30.2
COP(=O)(OC)[C@@H]([BH2-][P+](C)(c1ccccc1)c1ccccc1)c1ccc2c(c1)OCO2,[2H]C(Cl)(Cl)Cl,-26.79
CCCC1=C([B-](c2c(F)c(F)c(F)c(F)c2F)(c2c(F)c(F)c(F)c(F)c2F)c2c(F)c(F)c(F)c(F)c2F)/C1=C(/C=[NH+]/C(C)(C)C)CCC,[2H]c1c([2H])c([2H])c([2H])c([2H])c1[2H],-18.3
CCCCCCCCC[N+](C)(C)[BH2-]C#N,[2H]C(Cl)(Cl)Cl,-16.0
C=CC(O)(B1OC(=O)CN(C)CC(=O)O1)c1ccc(Br)cc1,[2H]C([2H])([2H])C(=O)C([2H])([2H])[2H],9.83
Cc1cccc(-n2c([BH2-][N+](C)(C)C)nc3ccccc3c2=O)c1,[2H]C(Cl)(Cl)Cl,-7.9
CC1(C)OB([Si](C)(C)F)OC1(C)C,[2H]C(Cl)(Cl)Cl,32.3
CCOC(=O)c1cc(B2OC(=O)CN(C)CC(=O)O2)sc1N,[2H]C([2H])([2H])S(=O)C([2H])([2H])[2H],11.1
C[Si](C)(C)C#CB1Oc2ccccc2O1,[2H]C(Cl)(Cl)Cl,23.0
CC1(C)OB(N(Cc2ccccc2)c2ccccc2)OC1(C)C,[2H]c1c([2H])c([2H])c([2H])c([2H])c1[2H],25.2
N#C[B-](C(Cl)Cl)(C(Cl)Cl)[P+](c1ccccc1)(c1ccccc1)c1ccccc1,[2H]C(Cl)(Cl)Cl,-13.0
C[N+]1(C)c2ccccc2C(C2CCCCC2)(C2CCCCC2)O[B-]1(F)F,[2H]C(Cl)(Cl)Cl,1.3
Fc1c(F)c(F)c([O+]2[B-](c3c(F)c(F)c(F)c(F)c3F)(c3c(F)c(F)c(F)c(F)c3F)c3c(F)c(F)c(F)c(F)c3[B-]2(c2c(F)c(F)c(F)c(F)c2F)c2c(F)c(F)c(F)c(F)c2F)c(F)c1F.c1ccc([C+](c2ccccc2)c2ccccc2)cc1,[2H]C([2H])(Cl)Cl,9.0
CC#[N+][BH-]1N([P+](CC)(CC)CC)BN([P+](CC)(CC)CC)BN1[P+](CC)(CC)CC.[I-].[I-].[I-],[2H]C([2H])([2H])C#N,19.6
C=CC1CC(B2OC(C)(C)C(C)(C)O2)(B2OC(C)(C)C(C)(C)O2)C=C1CCCC,[2H]C(Cl)(Cl)Cl,33.6
c1ccc2c(c1)Nc1cccc[n+]1[B-]2(c1ccc2ccccc2c1)c1ccc2ccccc2c1,[2H]C([2H])([2H])C(=O)C([2H])([2H])[2H],-1.03
OB(c1ccccc1Cl)c1ccccc1Cl,[2H]C(Cl)(Cl)Cl,45.0
CC(C)/C=C(/B1OC(C)(C)C(C)(C)O1)N1C(=O)OC[C@H]1c1ccccc1,[2H]C(Cl)(Cl)Cl,28.51
Cc1ccc(C(CB2OC(C)(C)C(C)(C)O2)B2OC(C)(C)C(C)(C)O2)cc1,[2H]C(Cl)(Cl)Cl,33.5
CC1(C)OB([C@H]2[C@H]3C[C@@H]4[C@H]([C@@H]3c3ccc(C#N)cc3)[C@@H]42)OC1(C)C,[2H]C(Cl)(Cl)Cl,33.3
CC1(C)OB(C[C@@H]2[C@H](c3ccccc3)[C@@]2(C)c2ccccc2)OC1(C)C,[2H]C(Cl)(Cl)Cl,34.7
CC1(C)CC(C)(C)OB(c2ccc(C=O)c(OC(F)F)c2)O1,[2H]C(Cl)(Cl)Cl,26.4
Fc1c(F)c(F)c([B-](F)(C(F)(F)F)C(F)(F)F)c(F)c1F,[2H]C(Cl)(Cl)Cl,-3.8
CCCC/C(B1OC(C)(C)C(C)(C)O1)=C(\c1ccc(C#N)cc1)c1c(C(=O)OC2COC2)ccc2ccc(OC)cc12,[2H]C(Cl)(Cl)Cl,29.48
CC1(C)OB(CCc2ccccc2)OC1(C)C,[2H]C(Cl)(Cl)Cl,34.1
C[NH+](C)C(c1ccccc1F)[B-](O)(C(F)(F)F)C(F)(F)F,[2H]C([2H])([2H])C(=O)C([2H])([2H])[2H],-8.0
CCN(CC)P(=O)(c1cc(B2OC(C)(C)C(C)(C)O2)cc(B2OC(C)(C)C(C)(C)O2)c1)N(CC)CC,[2H]C(Cl)(Cl)Cl,31.5
F[B-]1(c2ccccc2)n2c(Nc3ccc4sccc4c3)ccc2C(c2ccccc2)=C2C=CC(Cl)=[N+]21,[2H]C(Cl)(Cl)Cl,3.42
COc1cccc(B2OC(C)(C)C(C)(C)O2)c1C(C)[SiH](C)C,[2H]C(Cl)(Cl)Cl,31.37
CC1(C)OB(c2cc3c(cc2[Si](C)(C)C)CCCC3)OC1(C)C,[2H]c1c([2H])c([2H])c([2H])c([2H])c1[2H],30.0
COc1ccc2ccc(C(=O)OCc3ccccc3)c(/C(=C(\B3OC(C)(C)C(C)(C)O3)c3ccccc3)c3ccccc3)c2c1,[2H]C(Cl)(Cl)Cl,30.5
CCC1=C(C)[Si](C)(C)n2c3ccccc3c[n+]2[B-]1(CC)CC,[2H]c1c([2H])c([2H])c([2H])c([2H])c1[2H],0.5
C=CCC(C)(C)CB1OC(C)(C)C(C)(C)O1,[2H]C(Cl)(Cl)Cl,33.5
Cc1cc[n+]2c(c1)Nc1ccccc1[B-]2(c1ccccc1)c1ccccc1,[2H]C([2H])([2H])C(=O)C([2H])([2H])[2H],-1.55
CC1(C)OB([C@@H]2[C@H](B3OC(C)(C)C(C)(C)O3)[C@]2(C)c2ccc(Cl)cc2)OC1(C)C,[2H]C(Cl)(Cl)Cl,31.6
CC1(C)OB(CCCc2cccs2)OC1(C)C,[2H]C(Cl)(Cl)Cl,33.8
CC(C)N(B(c1ccc(Br)o1)c1ccc(Br)o1)C(C)C,[2H]C(Cl)(Cl)Cl,29.0
CC(C)(C)OC(=O)Nc1cccc(/C=C/B2OC(C)(C)C(C)(C)O2)c1,[2H]C(Cl)(Cl)Cl,30.5
CC(C)N(B1OB(N(C(C)C)C(C)C)OB(N(C(C)C)C(C)C)O1)C(C)C,[2H]C(Cl)(Cl)Cl,20.5
CS(=O)(=O)C12CC(B(O)O)(C1)C2,[2H]C([2H])([2H])C(=O)C([2H])([2H])[2H],28.7
CC1(C)OB(CCc2cccs2)OC1(C)C,[2H]C(Cl)(Cl)Cl,33.85
C[N+]12CC(=O)O[B-]1(C(Br)CC(F)(F)c1cccc(F)c1)OC(=O)C2,[2H]C([2H])([2H])S(=O)C([2H])([2H])[2H],10.07
COc1ccc([B-]2(c3cc(C(F)(F)F)cc(C(F)(F)F)c3)c3ccccc3Nc3cccc[n+]32)cc1,[2H]C([2H])([2H])C(=O)C([2H])([2H])[2H],-1.66
C[N+]12CC(=O)O[B-]1(C(Br)CC(F)(F)C(=O)NCCc1cccc(C(F)(F)F)c1)OC(=O)C2,[2H]C([2H])([2H])S(=O)C([2H])([2H])[2H],10.59
Cc1ccc(S(=O)(=O)N2B(c3ccc4ccccc4c3)OC(C3CCCCCC3)(C3CCCCCC3)[C@@H]2C(C)C)cc1,[2H]C(Cl)(Cl)Cl,33.0
CO[B-]1(c2ccccc2)[NH2+]C(C)C(c2ccccc2)O1,[2H]c1c([2H])c([2H])c(C([2H])([2H])[2H])c([2H])c1[2H],6.7
CN(C)c1cccc2cc3cccc(N(C)C)c3c(B3Oc4ccccc4O3)c12,[2H]C(Cl)(Cl)Cl,17.0
CCOC(=O)C(C)[BH2-]c1n(C)cc(C(F)(F)F)[n+]1C,[2H]C(Cl)(Cl)Cl,-24.7
CC(C)CC(C)CCB1OC(C)(C)C(C)(C)O1,[2H]C(Cl)(Cl)Cl,33.7
Fc1c(F)c(F)c([B-]23OCC[N+]4=Cc5ccccc5O[B-]4(c4c(F)c(F)c(F)c(F)c4F)OCC[N+]2=Cc2ccccc2O3)c(F)c1F,[2H]C(Cl)(Cl)Cl,2.0
CN(C)C1=[N+](C2CCCCC2)[B-](C(F)(F)F)(C(F)(F)F)N1C1CCCCC1,[2H]C([2H])([2H])C(=O)C([2H])([2H])[2H],-9.2
C[N+](C)(C)[BH2-]c1c(Cl)nnc(Cl)c1Cl,[2H]C(Cl)(Cl)Cl,-5.6
CN(C)B1N(C(C)(C)C)C=CN1C(C)(C)C,[2H]c1c([2H])c([2H])c([2H])c([2H])c1[2H],22.8
CN(C)CC12CC(B3OC(C)(C)C(C)(C)O3)(CN1C(=O)OC(C)(C)C)C2,[2H]C(Cl)(Cl)Cl,32.1
OB(O)c1ccc(F)cc1,[2H]C([2H])([2H])C(=O)C([2H])([2H])[2H],28.53
CB(c1cccs1)c1cccs1,[2H]c1c([2H])c([2H])c([2H])c([2H])c1[2H],57.0
FC(F)(F)c1ccc(C2=C(c3ccc(C(F)(F)F)cc3)c3ccccc3B3Nc4ccccc4C=C32)cc1,[2H]C(Cl)(Cl)Cl,31.0
CCC(C)(c1ccccc1)N1C=CN(C(C)(CC)c2ccccc2)B1C[Si](C)(C)C,[2H]c1c([2H])c([2H])c([2H])c([2H])c1[2H],28.4
C[C@@H]1[C@@H](c2ccccc2)O[B-](c2ccccc2)(c2ccccc2)[N+]1(C)C,[2H]C(Cl)(Cl)Cl,9.5
C[Si](C)(C)C=C(B1Oc2ccccc2O1)B1Oc2ccccc2O1,[2H]C(Cl)(Cl)Cl,32.1
CB1OC(=C(c2ccccc2)c2ccccc2)[C@@H](C=NC(C)(C)C)N1C(C)(C)C,[2H]c1c([2H])c([2H])c([2H])c([2H])c1[2H],34.5
[BH3-][n+]1cc(C(C)C)cc(C(C)C)c1,[2H]C(Cl)(Cl)Cl,-12.49
Cc1ccc(Nc2ccc3n2[B-](F)(c2ccc4ccccc4c2)[N+]2=C(Cl)C=CC2=C3c2ccccc2)cc1,[2H]C(Cl)(Cl)Cl,2.91
C=CC(O)(B1OC(=O)CN(C)CC(=O)O1)C1CCOCC1,[2H]C([2H])([2H])C(=O)C([2H])([2H])[2H],10.21
CN(C)B1OC(=C(c2ccccc2)c2ccccc2)[C@@H](/C=N/C(C)(C)C)N1C(C)(C)C,[2H]c1c([2H])c([2H])c([2H])c([2H])c1[2H],24.8
CC1(C)OB(C2CCCCCC2)OC1(C)C,[2H]C(Cl)(Cl)Cl,34.41
COP(=O)(OC)[C@@H]([BH2-][P+](C)(c1ccccc1)c1ccccc1)c1ccc2[nH]ccc2c1,[2H]C(Cl)(Cl)Cl,-25.15
Cc1ccc(S(=O)(=O)N2CC(B3OC(C)(C)C(C)(C)O3)c3ccc(Cl)cc32)cc1,[2H]C(Cl)(Cl)Cl,32.95
C[N+]12CC(=O)O[B-]1(C(I)CC(F)(F)C(=O)NCc1ccccc1)OC(=O)C2,[2H]C([2H])([2H])S(=O)C([2H])([2H])[2H],10.87
CC1(C)OB([Si@@](C)(c2ccccc2)c2cccc3ccccc23)OC1(C)C,[2H]C1([2H])OC([2H])([2H])C([2H])([2H])C1([2H])[2H],35.1
CC1(C)OB(C23CC(S(=O)(=O)N4CCCCC4)(C2)C3)OC1(C)C,[2H]C(Cl)(Cl)Cl,30.0
CCCCCCCCCC(C)(CB1OC(C)(C)C(C)(C)O1)/C(=N/N1CCCCC1)C(F)(F)F,[2H]C(Cl)(Cl)Cl,33.1
C[N+]12CC(=O)O[B-]1(C(CC(F)(F)C(=O)NCc1ccccc1)SCc1ccccc1)OC(=O)C2,[2H]C([2H])([2H])S(=O)C([2H])([2H])[2H],11.8
CC1(C)OB(c2ccc3c(c2)OCCN3)OC1(C)C,[2H]C(Cl)(Cl)Cl,30.57
CC1(C)OB(C(B2OC(C)(C)C(C)(C)O2)C2Cc3ccccc3C2)OC1(C)C,[2H]C(Cl)(Cl)Cl,33.9
CC1(C)OB(c2ccccc2C(=O)N2CCCCC2)OC1(C)C,[2H]C(Cl)(Cl)Cl,30.32
CCC1=C(C)C2=C(C)c3c(C)c(CC)c(C)n3[B-](C#CCCCCC3=NCCO3)(C#Cc3ccc(C)cc3)[N+]2=C1C,[2H]C(Cl)(Cl)Cl,-9.4
F[B-]1(c2ccccc2)n2c(ccc2-c2csc3ccccc23)C(c2ccccc2)=C2C=CC(Cl)=[N+]21,[2H]C(Cl)(Cl)Cl,4.18
Cc1ccc(S(=O)(=O)N2B(c3ccc4ccccc4c3)OC(C(C)C)(C(C)C)[C@@H]2C(C)C)cc1,[2H]C(Cl)(Cl)Cl,33.3
CC(OB1OC(C)(C)C(C)(C)O1)c1cccc([N+](=O)[O-])c1,[2H]C(Cl)(Cl)Cl,22.33
CC1(C)OB(C23CC(CBr)(C2)C3)OC1(C)C,[2H]C(Cl)(Cl)Cl,30.4
F[B-]1(c2ccccc2)n2c(Cl)ccc2C(c2ccccc2)=C2C=CC(c3ccccc3)=[N+]21,[2H]C(Cl)(Cl)Cl,4.58
Cc1cccc(C(CB2OC(C)(C)C(C)(C)O2)B2OC(C)(C)C(C)(C)O2)c1,[2H]C(Cl)(Cl)Cl,32.8
C[Si@@H](CCC[C@@H](CB1OC(C)(C)C(C)(C)O1)c1cccc(Cl)c1)c1ccccc1,[2H]C(Cl)(Cl)Cl,33.26
CN1CC(=O)OB(c2cc3c(-c4ccccc4)cc(-c4ccccc4)nc3s2)OC(=O)C1,[2H]C([2H])([2H])C#N,11.2
C[NH+](C)[B-](C(F)=C(F)F)(C(F)(F)F)C(F)(F)F,[2H]C(Cl)(Cl)Cl,-11.1
COc1ccc(CN(C)B2OC(C)(C)C(C)(C)O2)cc1,[2H]c1c([2H])c([2H])c([2H])c([2H])c1[2H],24.7
CC1(C)OB(/C(=C/c2ccc(Cl)cc2)N2CCOC2=O)OC1(C)C,[2H]C(Cl)(Cl)Cl,29.47
Cc1cc(C2CC2B2OC(C)(C)C(C)(C)O2)ccc1F,[2H]C(Cl)(Cl)Cl,33.16
COC(=O)CCB1OC(C)(C)C(C)(C)O1,[2H]C(Cl)(Cl)Cl,33.7
C[N+]12CC(=O)O[B-]1(C(Br)CC(F)(F)C(=O)NCc1ccc(F)cc1F)OC(=O)C2,[2H]C([2H])([2H])S(=O)C([2H])([2H])[2H],10.37
CC(C)[Si](Oc1ccc(B2OC(C)(C)C(C)(C)O2)cc1)(C(C)C)C(C)C,[2H]C(Cl)(Cl)Cl,32.12
COc1cc(B2OC(C)(C)C(C)(C)O2)ccc1N,[2H]C(Cl)(Cl)Cl,31.16
CC(C)C[C@H](NC(=O)c1ccccc1)B1OC(C)(C)C(C)(C)O1,[2H]C(Cl)(Cl)Cl,18.6
Cc1ccc(NC2C=CC3=C(c4ccccc4)C4C=CC(Cl)=[N+]4[B-](F)(c4ccc(C#N)cc4)N32)cc1,[2H]C(Cl)(Cl)Cl,3.71
CC1=CN(B2OC(C)(C)C(C)(C)O2)C=C(C)C1,[2H]c1c([2H])c([2H])c([2H])c([2H])c1[2H],23.95
[BH2-]1[P+](c2ccccc2)(c2ccccc2)C=C[P+]1(c1ccccc1)c1ccccc1.[Br-],[2H]C(Cl)(Cl)Cl,-35.2
BrCCCB(C1CCCCC1)C1CCCCC1,[2H]c1c([2H])c([2H])c([2H])c([2H])c1[2H],81.4
CCCC/C=C/B1OC2(C)c3cccc4cccc(c34)[C@@]2(C)O1,[2H]C(Cl)(Cl)Cl,30.0
CC1(C)OB([C@@H](Cc2ccccc2)N2CCOC2=O)OC1(C)C,[2H]C(Cl)(Cl)Cl,32.31
COc1ccc(B2OC(C3CCCCC3)(C3CCCCC3)[C@H](C(C)C)N2S(=O)(=O)c2ccc(C)cc2)cc1,[2H]C(Cl)(Cl)Cl,33.7
CC(C)N(C(=O)O[C@@H](Cc1ccc(CN2C(=O)c3ccccc3C2=O)cc1)B1OC(C)(C)C(C)(C)O1)C(C)C,[2H]C(Cl)(Cl)Cl,12.43
CC[C@@H]1N(S(=O)(=O)c2ccc(C)cc2)B([C@@H](Sc2ccccc2Cl)C2CCCCC2)OC1(C1CCCCC1)C1CCCCC1,[2H]C(Cl)(Cl)Cl,33.7
CC1(C)OB([Si@](C)(c2ccc(-c3ccccc3)cc2)C2CCCCC2)OC1(C)C,[2H]C(Cl)(Cl)Cl,34.9
CC#CB1C2CCCC(CCC2)C1[Si](C)(C)C,[2H]c1c([2H])c([2H])c([2H])c([2H])c1[2H],75.0
CC1(C)OB([C@]2(c3ccc4ccccc4c3)C[C@H](c3ccc4ccccc4c3-c3nccc4ccccc34)C2)OC1(C)C,[2H]C(Cl)(Cl)Cl,32.6
C/C(B1OC(C)(C)C(C)(C)O1)=C(/C#C[Si](C)(C)C)c1ccccc1,[2H]C(Cl)(Cl)Cl,30.9
CB(Br)c1ccc(C)cc1,[2H]C(Cl)(Cl)Cl,70.5
C=CC(O)(B1OC(=O)CN(C)CC(=O)O1)c1ccc(CCC)cc1,[2H]C([2H])([2H])C(=O)C([2H])([2H])[2H],10.23
F[B-](F)(F)F.O=C(C([I+]c1ccccc1)=P(c1ccccc1)(c1ccccc1)c1ccccc1)c1ccccc1,[2H]C([2H])([2H])S(=O)C([2H])([2H])[2H],-1.22
C=CC(O)(B1OC(=O)CN(C)CC(=O)O1)c1ccc2ccccc2c1,[2H]C([2H])([2H])C(=O)C([2H])([2H])[2H],10.16
[NH2+]=C(C1CC1)[B-](F)(F)F,[2H]C([2H])([2H])C(=O)C([2H])([2H])[2H],-0.79
CCCC[N+](CCCC)(CCCC)CCCC.COC(=O)/C=C/c1cc([B-](F)(F)F)cs1,[2H]C(Cl)(Cl)Cl,0.87
Cc1ccc(S(=O)(=O)N2CC(B3OC(C)(C)C(C)(C)O3)c3cc(Br)ccc32)cc1,[2H]C(Cl)(Cl)Cl,32.01
C/C=C/CC(C)(C(=O)OC)C(B1OC(C)(C)C(C)(C)O1)c1ccccc1,[2H]C(Cl)(Cl)Cl,33.1
CC1(C)OB([C@H](CC2CCCCC2)NC(=O)c2ccccc2)OC1(C)C,[2H]C(Cl)(Cl)Cl,18.6
CCCC[P+]([BH2-]Cl)(CCCC)CCCC,[2H]c1c([2H])c([2H])c(C([2H])([2H])[2H])c([2H])c1[2H],11.8
C=CB1OB(C=C)O[B-](C=C)([n+]2ccccc2)O1,[2H]C([2H])(Cl)Cl,17.7
CCC([NH3+])[B-](F)(F)F,[2H]OC([2H])([2H])[2H],2.91
CC[N+]([BH2-]CC(=O)N(c1ccccc1)c1ccccc1)(CC)CC,[2H]C(Cl)(Cl)Cl,-9.38
CC(C)O[P+](OC(C)C)(OC(C)C)[BH-](C(Cl)Cl)C(Cl)Cl,[2H]C(Cl)(Cl)Cl,-14.2
Cc1cc(C)c(B(OC(C)(C)C)B(OC(C)(C)C)c2c(C)cc(C)cc2C)c(C)c1,[2H]c1c([2H])c([2H])c([2H])c([2H])c1[2H],57.0
Cc1cccc([C@]2(B3OC(C)(C)C(C)(C)O3)C[C@H](c3ccc4ccccc4c3-c3nccc4ccccc34)C2)c1,[2H]C(Cl)(Cl)Cl,34.4
CC1=CCN(B2OC(C)(C)C(C)(C)O2)c2ccccc21,[2H]c1c([2H])c([2H])c([2H])c([2H])c1[2H],23.9
CC(C)CN(CC(C)C)B1OB(N(CC(C)C)CC(C)C)[C@H]2c3ccccc3[C@@H]1c1ccccc12,[2H]C(Cl)(Cl)Cl,28.2
[BH3-][P+](C[C@H]([C@@H](O)CCc1ccccc1)P(=O)(c1ccccc1)c1ccccc1)(c1ccccc1)c1ccccc1,[2H]C(Cl)(Cl)Cl,-40.0
OB1C=C/C(=C\c2ccc(F)cc2)[C@H](c2ccccc2)O1,[2H]C(Cl)(Cl)Cl,27.3
CC(C)N(B(C#Cc1ccccc1)N(C(C)C)C(C)C)C(C)C,[2H]C(Cl)(Cl)Cl,26.0
CC1(C)COB(c2ccccc2)OC1,[2H]C(Cl)(Cl)Cl,26.84
CCCC/C(B1OC(C)(C)C(C)(C)O1)=C(\c1ccc(-c2ccccc2)cc1)c1c(C(=O)OC2COC2)ccc2ccc(OC)cc12,[2H]C(Cl)(Cl)Cl,29.65
CCCC[N+](CCCC)(CCCC)CCCC.O=CCCCCCCCC[B-](F)(F)F,[2H]C(Cl)(Cl)Cl,5.35
CC(=O)N1C=C(c2ccccc2)C(B2OC(C)(C)C(C)(C)O2)CC1,[2H]C(Cl)(Cl)Cl,32.8
CCO[Si](OCC)(OCC)c1cc(F)c(B2OC(C)(C)CC(C)(C)O2)cc1OCc1cc(OC)cc(OC)c1,[2H]C(Cl)(Cl)Cl,26.0
CC1(C)OB(C2C(B3OC(C)(C)C(C)(C)O3)C2c2ccc(CO[C@@H]3C[C@@H]4CC[C@@]3(C)C4(C)C)cc2)OC1(C)C,[2H]C(Cl)(Cl)Cl,32.7
Cc1ccc(NC2=[N+]3C(=C(c4ccccc4)c4ccc(Nc5ccc6ccccc6c5)n4[B-]3(F)c3ccccc3)C=C2)cc1,[2H]C(Cl)(Cl)Cl,3.07
CCN(CC)[Si](B1OC(C)(C)C(C)(C)O1)(c1ccccc1)c1ccccc1,[2H]c1c([2H])c([2H])c([2H])c([2H])c1[2H],33.6
CC1(C)OB(c2cc3c(cc2-c2ccccc2)C[Si](C)(C)C3)OC1(C)C,[2H]c1c([2H])c([2H])c([2H])c([2H])c1[2H],31.0
CC(C)CC(CC(C)C)O[Si](Cc1ccc(B2OC(C)(C)CC(C)(C)O2)cc1C(F)(F)F)(OC(CC(C)C)CC(C)C)OC(CC(C)C)CC(C)C,[2H]C(Cl)(Cl)Cl,25.8
CC1(C)OB(C(C=C=Cc2ccc(OC(F)(F)F)cc2)B2OC(C)(C)C(C)(C)O2)OC1(C)C,[2H]C(Cl)(Cl)Cl,33.1
CC1(C)OB(/C=C\C(=C/c2ccccc2)[C@@H](NC(=O)c2ccccc2)c2ccccc2Br)OC1(C)C,[2H]C(Cl)(Cl)Cl,29.8
O=C1O[B@-]2(c3ccccc3)Oc3ccccc3C[N@@H+]2[C@H]1c1ccccc1,[2H]C([2H])([2H])S(=O)C([2H])([2H])[2H],5.01
CB(Cl)C1(C)CCCCCC1,[2H]C(Cl)(Cl)Cl,77.6
C(#C[B-](c1ccccc1)(c1ccccc1)c1ccccc1)CC1CCCCC1.C[N+](C)(C)C,[2H]C([2H])([2H])S(=O)C([2H])([2H])[2H],-12.4
C=CC(C)(O)B1OC(=O)CN(C)CC(=O)O1,[2H]C([2H])([2H])C#N,10.37
COP(=O)(OC)[C@@H]([BH2-][P+](C)(c1ccccc1)c1ccccc1)c1cccc2ccccc12,[2H]C(Cl)(Cl)Cl,-25.28
CC1(C)[C@H]2CC=C(CC[C@H](CCCCc3ccccc3)B3OC(C)(C)C(C)(C)O3)[C@@H]1C2,[2H]C(Cl)(Cl)Cl,35.26
CCOC(=O)[C@@H]([B@H-]1c2c(OC(F)(F)F)cccc2-c2cccc[n+]21)c1ccccc1,[2H]C(Cl)(Cl)Cl,-2.45
C[N+](C)(C)[BH2-]c1cc(-c2ccsc2)c2ccccc2n1,[2H]C(Cl)(Cl)Cl,-3.2
Cc1cccc2c1c(B1OC(C)(C)C(C)(C)O1)cn2C,[2H]C(Cl)(Cl)Cl,30.47
C/[B-](=C(\[Si](C)(C)C)[Si](C)(C)Cl)[n+]1c(C)cccc1C,[2H]c1c([2H])c([2H])c(C([2H])([2H])[2H])c([2H])c1[2H],41.9
COC(=O)CCCCC(CCCCc1ccccc1)B1OC(C)(C)C(C)(C)O1,[2H]C(Cl)(Cl)Cl,33.7
CCC1=C(C)C2=C(C)c3c(C)c(CC)c(C)n3[B-](C#C[Si](CC)(CC)CC)(C#C[Si](CC)(CC)CC)[N+]2=C1C,[2H]C(Cl)(Cl)Cl,-11.12
c1ccc([B-]2(c3ccccc3)OCC[N@+]23CC[N@+]2(CCO[B-]2(c2ccccc2)c2ccccc2)CC3)cc1,[2H]C([2H])([2H])S(=O)C([2H])([2H])[2H],3.0
CC1(C)OB([C@H](CC[C@@H](CC(=O)[O-])O[Si](C)(C)C(C)(C)C)NC(=O)Cc2cccs2)OC1(C)C,[2H]C(Cl)(Cl)Cl,21.8
CCB1O[Si](C)(C)[C@H](C)C1(CC)CC,[2H]c1c([2H])c([2H])c([2H])c([2H])c1[2H],58.7
CC1(C)OB(CC(B2OC(C)(C)C(C)(C)O2)c2cccc(Cl)c2)OC1(C)C,[2H]C(Cl)(Cl)Cl,33.4
C[N+](C)(C)C.Cc1cc(OCCCC#C[B-](c2ccccc2)(c2ccccc2)c2ccccc2)cc(C)c1Cl,[2H]C([2H])([2H])S(=O)C([2H])([2H])[2H],-12.4
CC(C)N(Bc1c(Cc2ccccc2)ccc2ccccc12)C(C)C,[2H]C(Cl)(Cl)Cl,40.4
C#CB1C(Br)=Cc2ccccc2N1CCC,[2H]C(Cl)(Cl)Cl,25.32
CCCCC[C@H](NC(=O)Cc1c(C)n(C(=O)c2ccc(Cl)cc2)c2ccc(OC)cc12)B1OC(C)(C)C(C)(C)O1,[2H]C(Cl)(Cl)Cl,21.9
Cc1ccc(C(C)C(B2OC(C)(C)C(C)(C)O2)B2OC(C)(C)C(C)(C)O2)cc1,[2H]C(Cl)(Cl)Cl,33.8
C[Si](C)(C)c1cccc([B-](F)(F)F)c1,[2H]C([2H])([2H])C(=O)C([2H])([2H])[2H],3.72
CC(C)N(B1C=CCc2ccccc21)C(C)C,[2H]c1c([2H])c([2H])c([2H])c([2H])c1[2H],34.6
CCCCCc1ccc(/C(=C\S(=O)(=O)F)B2OC(CC)(CC)C(CC)(CC)O2)cc1,[2H]C(Cl)(Cl)Cl,28.42
CC1=CB(O)N2CCc3cccc1c32,[2H]C([2H])([2H])S(=O)C([2H])([2H])[2H],27.48
COc1cccc(C(c2cccc(OC)c2)c2ccc[n+]3c2-c2cccc(Cl)c2[BH2-]3)c1,[2H]C(Cl)(Cl)Cl,0.0
CCCCC/C=C/C/C=C\CCCCCCCC(B1OC(C)(C)C(C)(C)O1)B1OC(C)(C)C(C)(C)O1,[2H]C(Cl)(Cl)Cl,33.4
CN(C)B(CP(C)C)N(C)C,[2H]C(Cl)(Cl)Cl,31.05
COc1cccc2c(B3OC(C)(C)C(C)(C)O3)cn(C)c12,[2H]C(Cl)(Cl)Cl,30.25
Cc1cc(C)c(N2/C(=C3\C=[N+](c4c(C)cc(C)cc4C)[B-](Cl)(Cl)N3c3c(C)cc(C)cc3C)C=[N+](c3c(C)cc(C)cc3C)[B-]2(Cl)Cl)c(C)c1,[2H]C([2H])(Cl)Cl,8.5
COC(=O)[BH-](C#N)[n+]1ccccc1,[2H]C(Cl)(Cl)Cl,-12.9
CCN1B(C#CC(C)(C)C)N(CC)c2ccccc21,[2H]c1c([2H])c([2H])c([2H])c([2H])c1[2H],21.1
c1ccc([B-]2(c3ccccc3)O[C@H]3CC[N@@H+]2CC3)cc1,[2H]C([2H])([2H])S(=O)C([2H])([2H])[2H],4.0
CSCC[C@H]1C(=O)O[B@-]2(c3ccccc3)Oc3ccccc3C[NH+]12,[2H]C([2H])([2H])S(=O)C([2H])([2H])[2H],6.04
CCCCCCN(CB1C2CCCC1CCC2)c1ccccn1,[2H]C(Cl)(Cl)Cl,-1.64
C1=CC2CC1C1C[N+]3=C(CCC[B-]34C3CCCC4CCC3)C21,[2H]c1c([2H])c([2H])c([2H])c([2H])c1[2H],-4.7
[BH3-]c1n2c(c3[n+]1[C@@H](C(C)C)CO3)OC[C@@H]2C(C)C,[2H]C(Cl)(Cl)Cl,-37.9
CC(C)c1cc(C(C)C)c[n+]([BH2-]C(Cc2ccccc2)c2ccc(Cl)cc2)c1,[2H]C(Cl)(Cl)Cl,-1.2
CCB(CC)OCCCCBr,[2H]c1c([2H])c([2H])c([2H])c([2H])c1[2H],53.2
FC(F)(F)[B-](C(F)(F)F)(C(F)(F)F)C(F)(F)F.N[C+](N)N,[2H]C([2H])([2H])C#N,-18.9
COc1cc(B2OC(C)(C)CC(C)(C)O2)ccc1[Si](OC(CC(C)C)CC(C)C)(OC(CC(C)C)CC(C)C)OC(CC(C)C)CC(C)C,[2H]C(Cl)(Cl)Cl,26.2
CC1(C)OB([C@@H](CC(=O)N2CCCC2)c2ccccc2)OC1(C)C,[2H]C(Cl)(Cl)Cl,28.0
C=CCCCCCCCCC(B1OC(C)(C)C(C)(C)O1)B1OC(C)(C)C(C)(C)O1,[2H]C(Cl)(Cl)Cl,33.4
CCCCc1c(F)c(F)nc([NH+]2CCCCC2)c1F.Fc1c(F)c(F)c([B-](c2c(F)c(F)c(F)c(F)c2F)(c2c(F)c(F)c(F)c(F)c2F)c2c(F)c(F)c(F)c(F)c2F)c(F)c1F,[2H]C([2H])(Cl)Cl,-16.67
CC(C)(C)N1B(c2c(F)c(F)c(F)c(F)c2F)N(C(C)(C)C)[B-]1(c1c(F)c(F)c(F)c(F)c1F)[P+](C)(C)C,[2H]C(Cl)(Cl)Cl,24.6
[BH3-][P+](c1ccccc1)(c1ccccc1)C(C(=O)OC)C(C)C,[2H]C(Cl)(Cl)Cl,-38.63
C=CCCc1cc[n+]2c(c1)-c1cc(CCC=C)cc[n+]1[B-]2(Br)c1ccc(C)cc1.[Br-],[2H]C(Cl)(Cl)Cl,6.5
CCN1C=CC([Si](C)(C)C2C=CN(CC)B2c2ccccc2)B1c1ccccc1,[2H]C(Cl)(Cl)Cl,45.2
CCO[Si](OCC)(OCC)c1cc(F)c(B2OC(C)(C)CC(C)(C)O2)cc1C1OCCO1,[2H]C(Cl)(Cl)Cl,25.8
Cc1cccc(C)c1N1C=CN(c2c(C)cccc2C)B1Cl,[2H]c1c([2H])c([2H])c([2H])c([2H])c1[2H],21.1
CC1(C)OB(C2CC2c2cccc3ccccc23)OC1(C)C,[2H]C(Cl)(Cl)Cl,33.49
CC1=[O+][B-](c2c(F)c(F)c(F)c(F)c2F)(c2c(F)c(F)c(F)c(F)c2F)C=CO1,[2H]C([2H])(Cl)Cl,5.7
C[N+](C)(C)[BH2-]c1c(Cl)cnnc1Cl,[2H]C(Cl)(Cl)Cl,-6.2
Cc1ccccc1B1O[Si](c2ccccc2)(c2ccccc2)O[B-](c2ccccc2C)([O+]2CCNCC2)O[Si](c2ccccc2)(c2ccccc2)O1,[2H]C(Cl)(Cl)Cl,18.8
C[N+](C)(C)[BH2-]P(O)(O)=S,[2H]C([2H])(Cl)Cl,-9.2
CC1(C)OB(CCN(c2ccccc2)c2ccccc2)OC1(C)C,[2H]C(Cl)(Cl)Cl,33.5
COC(=O)[C@@]1(c2ccccc2)C[C@]1(B1OC(C)(C)C(C)(C)O1)c1ccccc1,[2H]C(Cl)(Cl)Cl,30.36
OB(c1ccccc1)c1ccccc1,[2H]C(Cl)(Cl)Cl,46.0
Cc1ccc(C)c(OCCCC(C)(C)Cc2c(C(=O)[O-])cccc2/C(=C/C(C)(C)C)B2C(Br)=Cc3ccccc3N2C2CCCC2)c1,[2H]C(Cl)(Cl)Cl,37.57
COc1cccc(/C(B2OC(C)(C)C(C)(C)O2)=C(\c2cccc(OC)c2)c2c(C(=O)OC3COC3)ccc3ccc(OC)cc23)c1,[2H]C(Cl)(Cl)Cl,30.88
[BH3-][P+](OC)(OC)O[C@@H]1O[C@H](COC(C)=O)[C@@H](OC(C)=O)[C@H](OC(C)=O)[C@H]1OC(C)=O,[2H]C(Cl)(Cl)Cl,-46.2
C=CCC(C)(C(=O)OC)C(CCc1ccccc1)B1OC(C)(C)C(C)(C)O1,[2H]C(Cl)(Cl)Cl,34.0
CC(C)CCC[C@@H](C)[C@H]1CC[C@H]2[C@@H]3CC[C@H]4C[C@H](Oc5cc(B6OC(C)(C)C(C)(C)O6)c(C[SiH](C)C)c(B6OC(C)(C)C(C)(C)O6)c5)CC[C@]4(C)[C@H]3CC[C@]12C,[2H]C(Cl)(Cl)Cl,32.69
CC1(C)OB(C(CCc2ccc(F)cc2)B2OC(C)(C)C(C)(C)O2)OC1(C)C,[2H]C(Cl)(Cl)Cl,33.5
CC(C)C[C@@H](B1OC(C)(C)C(C)(C)O1)N1C(=O)OC[C@H]1c1ccccc1,[2H]C(Cl)(Cl)Cl,32.65
Cn1cc(B2OC(C)(C)C(C)(C)O2)c2ccccc21,[2H]C(Cl)(Cl)Cl,29.7
CCCC[P+]([BH2-]C(C)c1ccc2ccccc2c1)(CCCC)CCCC,[2H]C(Cl)(Cl)Cl,-25.0
CC1CC[C@@H](C(C)C)C(OC(=O)CCC[C@]2(B3O[C@@H](C)[C@@H](C)O3)C[C@@H](c3ccc4ccccc4c3-c3nccc4ccccc34)C2)C1,[2H]C(Cl)(Cl)Cl,36.7
Cc1ccc(S(=O)(=O)N2B(c3ccccc3C)OC(c3ccccc3)(c3ccccc3)[C@@H]2c2ccccc2)cc1,[2H]C(Cl)(Cl)Cl,37.2
CCC1=CB(O)Oc2ccccc21,[2H]OC([2H])([2H])[2H],27.22
CB(N=P(C(C)(C)C)(C(C)(C)C)C(C)(C)C)N=P(C(C)(C)C)(C(C)(C)C)C(C)(C)C,[2H]c1c([2H])c([2H])c([2H])c([2H])c1[2H],29.8
Cn1ccc2cc([C@H]3[C@@H](B4OC(C)(C)C(C)(C)O4)[C@]3(C)c3ccccc3)ccc21,[2H]C(Cl)(Cl)Cl,32.4
CC[B-](CC)(CC)[n+]1ccc(N(C)C)cc1,[2H]C(Cl)(Cl)Cl,-0.11
[BH3-]c1n(-c2c(C)cc(C)cc2C)cc[n+]1-c1c(C)cc(C)cc1C,[2H]C(Cl)(Cl)Cl,-38.3
CC1(C)OB(CC(B2OC(C)(C)C(C)(C)O2)c2ccc(N)cc2)OC1(C)C,[2H]C(Cl)(Cl)Cl,33.7
c1ccc(Nc2ccc(B3Nc4cccc5cccc(c45)N3)cc2)cc1,[2H]C(Cl)(Cl)Cl,30.9
CCCCCCCC(CC(=O)OCC)B1OC(C)(C)C(C)(C)O1,[2H]C(Cl)(Cl)Cl,34.12
COB1ON=Cc2ccccc21,[2H]C([2H])([2H])C#N,32.9
CC1(C)OB(N2C=CC=C(Cl)C2)OC1(C)C,[2H]c1c([2H])c([2H])c([2H])c([2H])c1[2H],23.7
CCCCCCCCCCCCC(C)(CB1OC(C)(C)C(C)(C)O1)/C(=N/N1CCCCC1)C(F)(F)F,[2H]C(Cl)(Cl)Cl,33.9
CC(C)N(B(N(C(C)C)C(C)C)n1ccnc1)C(C)C,[2H]C(Cl)(Cl)Cl,28.0
C=CCC[B-](C(F)(F)F)(C(F)(F)F)[N+](C)(C)C,[2H]C(Cl)(Cl)Cl,-6.1
COC(=O)c1ccc([C@]2(B3OC(C)(C)C(C)(C)O3)CC(=O)[C@H]2C)cc1,[2H]C(Cl)(Cl)Cl,32.9
OB(Cl)C[C@H]1CCC[NH2+]1,[2H]C(Cl)(Cl)Cl,30.7
C[Si](C)(C)C1=C2CB3C[C@@H]4CC(CC2=C([Si](C)(C)C)[Si]1(C)C)C[C@H]3C4,[2H]C(Cl)(Cl)Cl,89.3
CC1(C)CC(C)(C)OB(c2ccc(C=O)c(Br)c2)O1,[2H]C(Cl)(Cl)Cl,25.8
C[N+]12CC(=O)O[B-]1(C(I)CC(F)(F)C(F)(F)C(F)(F)C(F)(F)F)OC(=O)C2,[2H]C([2H])([2H])S(=O)C([2H])([2H])[2H],10.19
CC(C)(C)C1=CB(Br)N2C(C(C)(C)C)=CB(Br)N12,[2H]C(Cl)(Cl)Cl,32.1
C=CC1CC(B2OC(C)(C)C(C)(C)O2)=CC12C(=O)OC2c1ccccc1,[2H]C(Cl)(Cl)Cl,29.3
CC(C)N(Cc1ccccc1B(O)O)C(C)C,[2H]C(Cl)(Cl)Cl,29.09
CN(C)B1N([Si](C)(C)C)c2ccccc2N1[Si](C)(C)C,[2H]C(Cl)(Cl)Cl,32.0
CCC/C=C(/B1OC(C)(C)C(C)(C)O1)N1CCOC1=O,[2H]C(Cl)(Cl)Cl,29.0
ClCCCCC(CB1Oc2ccccc2O1)B1Oc2ccccc2O1,[2H]C(Cl)(Cl)Cl,35.0
CCC[B-]1(CCC)n2c(C)c(CC)c(C)c2C(C)=C2C(C)=C(CC)C(C)=[N+]21,[2H]C(Cl)(Cl)Cl,3.83
CC1(C)OB(c2cccc(-c3ccccc3)c2)OC1(C)C,[2H]C(Cl)(Cl)Cl,31.0
CC(C)N(B(Cl)c1ccc(B(Cl)N(C(C)C)C(C)C)n1C)C(C)C,[2H]c1c([2H])c([2H])c([2H])c([2H])c1[2H],33.8
CC1(C)OB(/C(=C\c2ccccc2)C(O)C2=CCCCC2)OC1(C)C,[2H]C(Cl)(Cl)Cl,30.3
C[B-](C)([n+]1cc[nH]c1Br)[n+]1cc[nH]c1Br.[Cl-],[2H]C([2H])([2H])S(=O)C([2H])([2H])[2H],-8.0
CCNB1OCCO1,[2H]C(Cl)(Cl)Cl,25.7
CC1(C)OB(/C(=C(/c2ccccc2)c2c(C(=O)OC3COC3)ccc3ccc(Cl)cc23)c2ccccc2)OC1(C)C,[2H]C(Cl)(Cl)Cl,30.61
COc1cc(OC)c(C2=C3C=CC4=[N+]3[B@-]3(OC)n5c2ccc5C(c2c(OC)cc(OC)cc2OC)=c2ccc(n23)=C4c2c(OC)cc(OC)cc2OC)c(OC)c1,[2H]C(Cl)(Cl)Cl,-15.2
CC(C)N(B1OCc2ccccc2O1)C(C)C,[2H]c1c([2H])c([2H])c([2H])c([2H])c1[2H],19.8
C[N+]1=Cc2ccccc2[B-](O)(O)O1,[2H]O[2H],4.3
CC(C)=C(CB1OC(C)(C)C(C)(C)O1)c1cccc(Cl)c1,[2H]C(Cl)(Cl)Cl,32.9
Cc1ccccc1C1=[N+]2C(=C(c3ccccc3)c3ccc(Cl)n3[B-]2(F)c2ccccc2)C=C1,[2H]C(Cl)(Cl)Cl,3.9
[BH3-][PH2+]Oc1c(C(C)(C)C)cc(C(C)(C)C)cc1C(C)(C)C,[2H]C(Cl)(Cl)Cl,-41.9
Cn1c(=O)c([BH2-][N+]2(C)CCCCC2)nc2ccccc21,[2H]C(Cl)(Cl)Cl,-7.0
CC(C)(C)c1ccc(CCC(CS(=O)(=O)F)B2OC(C)(C)C(C)(C)O2)cc1,[2H]C(Cl)(Cl)Cl,33.68
CC1(C)OB(c2cc(B3OC(C)(C)C(C)(C)O3)cc(C(=O)N3CCOCC3)c2)OC1(C)C,[2H]C(Cl)(Cl)Cl,30.8
Cc1ccc(C)c(OCCCC(C)(C)C(=O)OCCCC[C@H](NC(=O)c2ccccc2)B2OC(C)(C)C(C)(C)O2)c1,[2H]C(Cl)(Cl)Cl,17.9
COc1ccc(C2=C3C=CC(Cl)=[N+]3[B-](F)(c3ccccc3)n3c(Cl)ccc32)cc1,[2H]C(Cl)(Cl)Cl,5.62
CC[O+](CC)[B-](F)(F)c1c(C(F)(F)F)cc(C(F)(F)F)cc1C(F)(F)F,[2H]C(Cl)(Cl)Cl,-2.4
CC1(C)CCCC(C)(C)N1B([SH]1C=CC=C1)[SH]1C=CC=C1,[2H]C(Cl)(Cl)Cl,42.0
[N-]=[N+]=NB(c1c(F)c(F)c(F)c(F)c1F)c1c(F)c(F)c(F)c(F)c1F,[2H]c1c([2H])c([2H])c(C([2H])([2H])[2H])c([2H])c1[2H],43.9
CC1(C)OB(CC(B2OC(C)(C)C(C)(C)O2)c2ccccc2)OC1(C)C,[2H]C(Cl)(Cl)Cl,33.9
C/C(B1OC(C)(C)C(C)(C)O1)=C(/C#C[Si](C)(C)C)c1cccc2ccccc12,[2H]C(Cl)(Cl)Cl,30.4
Brc1ccc2c(c1)[B-](c1ccccc1)(c1ccccc1)[n+]1ccccc1N2,[2H]C([2H])([2H])C(=O)C([2H])([2H])[2H],-1.39
Cc1cccc(C)c1N=C1B(N(C(C)(C)C)[Si](C)(C)C)N(C(C)(C)C)C1=Nc1c(C)cccc1C,[2H]C(Cl)(Cl)Cl,41.0
CCC1=C(C)C2=C(C)c3c(C)c(CC)c(C)n3[B-](C#Cc3cc(-c4ccccn4)nc(-c4ccccn4)c3)(C#Cc3cc(-c4ccccn4)nc(-c4ccccn4)c3)[N+]2=C1C,[2H]C(Cl)(Cl)Cl,-9.88
C=C[B-]1(F)n2c(Cl)ccc2C(c2ccccc2)=C2C=CC(Cl)=[N+]21,[2H]C(Cl)(Cl)Cl,3.13
CC(c1ccccc1)N1C=CN(C(C)c2ccccc2)B1NC(C)(C)C,[2H]C(Cl)(Cl)Cl,22.5
COC(=O)[BH-](C#N)[NH+]1CCCCC1,[2H]C(Cl)(Cl)Cl,-15.4
CB(C)c1c2c(C(C)C)cccc2cc2cccc(N(C)C)c12,[2H]C(Cl)(Cl)Cl,8.0
Cc1ccc([C@@]2(C)[C@H](B3OC(C)(C)C(C)(C)O3)[C@@H]2c2ccccc2)cc1,[2H]C(Cl)(Cl)Cl,37.8
CCB(Cl)C(B(C)Cl)([Si](C)(C)C)[Si](C)(C)C,[2H]C(Cl)(Cl)Cl,73.1
C=CC(O)(CCCCCl)B1OC(=O)CN(C)CC(=O)O1,[2H]C([2H])([2H])C(=O)C([2H])([2H])[2H],10.22
Cc1ccc(B2OC(C3CCCCC3)(C3CCCCC3)[C@H](C(C)C)N2S(=O)(=O)c2ccc(C)cc2)cc1,[2H]C(Cl)(Cl)Cl,34.2
OB(I)C[C@H]1CCC[NH2+]1,[2H]C(Cl)(Cl)Cl,30.2
Cc1ccc(S(=O)(=O)N2B(C3CCCCCC3)OC(c3ccccc3)(c3ccccc3)[C@@H]2c2ccccc2)cc1,[2H]C(Cl)(Cl)Cl,34.8
CC(O)C[N+](C)(C)[BH2-]C#N,[2H]C(Cl)(Cl)Cl,-10.56
CCCC/C(=C\B1OC(C)(C)C(C)(C)O1)CCC(C)O,[2H]C(Cl)(Cl)Cl,30.11
COc1cccc([C@]2(C)[C@H](B3OC(C)(C)C(C)(C)O3)[C@@H]2B2OC(C)(C)C(C)(C)O2)c1,[2H]C(Cl)(Cl)Cl,32.2
Cc1sccc1B1OC(C)(C)C(C)(C)O1,[2H]C(Cl)(Cl)Cl,28.98
CC(OB1OC(C)(C)C(C)(C)O1)c1ccc(F)cc1,[2H]C(Cl)(Cl)Cl,22.02
Fc1c(F)c(F)c2c(c1F)B(Br)c1c(F)c(F)c(F)c(F)c1-2,[2H]c1c([2H])c([2H])c([2H])c([2H])c1[2H],59.1
Fc1cccc2c1C=C1B(c3ccccc3C(c3ccccc3)=C1c1ccccc1)N2Cc1ccccc1,[2H]C(Cl)(Cl)Cl,31.4
COP(=O)(OC)[C@@H]([BH2-][P+](C)(c1ccccc1)c1ccccc1)c1ccc(C)cc1,[2H]C(Cl)(Cl)Cl,-26.02
CC1(C)OB(C2(B3OC(C)(C)C(C)(C)O3)CCOCC2)OC1(C)C,[2H]C(Cl)(Cl)Cl,34.0
N#Cc1ccccc1Nc1ccc2n1[B-](F)(c1ccccc1)[N+]1=C(Cl)C=CC1=C2c1ccccc1,[2H]C(Cl)(Cl)Cl,3.89
[BH3-][P+]1(c2ccccc2)OC(c2ccccc2)(c2ccccc2)[C@@H]2O[C@@](C)(OCC)[C@](C)(OCC)O[C@H]2C(c2ccccc2)(c2ccccc2)O1,[2H]C(Cl)(Cl)Cl,-36.83
O=C1OCCN1/C(=C\c1ccccc1)B(O)O,[2H]C(Cl)(Cl)Cl,29.94
Cc1ccc2c(c1)C=CCN2B1OC(C)(C)C(C)(C)O1,[2H]c1c([2H])c([2H])c([2H])c([2H])c1[2H],23.9
CC(c1ccc(N(C)C)cc1B1OC(C)(C)C(C)(C)O1)[SiH](C)C,[2H]C(Cl)(Cl)Cl,31.71
CCCCCC[B-]1(CCCCCC)n2cc(C#C[Si](C)(C)C)c[n+]2[B-](CCCCCC)(CCCCCC)n2cc(C#C[Si](C)(C)C)c[n+]21,[2H]C(Cl)(Cl)Cl,3.46
Clc1cccc2c1[BH-](C1c3ccccc3-c3ccccc31)[n+]1ccccc1-2,[2H]C(Cl)(Cl)Cl,-1.09
CC1(C)OB(/C=C\C(=C/c2ccccc2)[C@H](/C=C/c2ccccc2)NC(=O)c2ccccc2)OC1(C)C,[2H]C(Cl)(Cl)Cl,30.3
CN1N=Cc2ccccc2B1O,[2H]OC([2H])([2H])[2H],27.4
Cc1ccc(S(=O)(=O)N2B(c3cccc(C)c3)OC(C3CCCCC3)(C3CCCCC3)[C@@H]2C(C)C)cc1,[2H]C(Cl)(Cl)Cl,32.5
C1CCC(N(B2OB(N(C3CCCCC3)C3CCCCC3)OB(N(C3CCCCC3)C3CCCCC3)O2)C2CCCCC2)CC1,[2H]C(Cl)(Cl)Cl,20.9
CC12OB(/C=C/c3ccccc3)O[C@]1(C)c1cccc3cccc2c13,[2H]C(Cl)(Cl)Cl,30.3
CCCC[P+]([BH2-][C@@H](c1ccc(-c2ccccc2)cc1)P(=O)(OC)OC)(CCCC)CCCC,[2H]C(Cl)(Cl)Cl,-28.05
O=C1C[N+]2(CC(=O)c3ccc(-c4ccccc4)cc3)CC(=O)O[B-]2(c2ccccc2)O1,[2H]C([2H])([2H])S(=O)C([2H])([2H])[2H],11.0
CCCC[B-]1(O)[NH2+][C@@H](C)[C@@H](c2ccccc2)O1,[2H]C(Cl)(Cl)Cl,8.0
CC1(C)OB([C@H]2[C@H]3C[C@@H]4[C@H]([C@@H]3c3ccc5occc5c3)[C@@H]42)OC1(C)C,[2H]C(Cl)(Cl)Cl,33.5
C[N+](C)(C)[BH2-]c1nn([C@@H]2O[C@H](COCc3ccccc3)[C@@H](OCc3ccccc3)[C@H]2OCc2ccccc2)c(=O)n(Cc2ccccc2)c1=O,[2H]C(Cl)(Cl)Cl,-7.0
CC(C)(C)C(=O)Nc1ccc(B2OC(C)(C)C(C)(C)O2)c2c(NC(=O)C(C)(C)C)ccc(B3OC(C)(C)C(C)(C)O3)c12,[2H]C([2H])(Cl)Cl,17.3
C[SiH](C)Cc1cc2c(cc1B1OC(C)(C)C(C)(C)O1)OCO2,[2H]C(Cl)(Cl)Cl,30.65
c1ccc([P+]2(c3ccccc3)CCCCC[B-]23C2CCCC3CCC2)cc1,[2H]C(Cl)(Cl)Cl,-11.08
CCCCC([BH2-][n+]1cc(C)cc(C)c1)c1ccccc1,[2H]C(Cl)(Cl)Cl,-1.26
C=CC1CC(B2OC(C)(C)C(C)(C)O2)(B2OC(C)(C)C(C)(C)O2)C=C1c1ccccc1C,[2H]C(Cl)(Cl)Cl,34.8
CC(B(N[Si](C)(C)C)C(C)[Si](C)(Cl)Cl)[Si](C)(Cl)Cl,[2H]C(Cl)(Cl)Cl,45.1
CC1(C)OB(/C=C/c2ccccc2)OC1(C)C,[2H]C(Cl)(Cl)Cl,30.1
CC(C)c1cc(C(C)C)c[n+]([BH2-][C@H](C)c2ccc3c(c2)CCCC3)c1,[2H]C(Cl)(Cl)Cl,-0.97
COc1ccc2ccc(C(=O)OC3COC3)c(/C(=C(\B3OC(C)(C)C(C)(C)O3)c3ccc(C)c(F)c3)c3ccc(C)c(F)c3)c2c1,[2H]C(Cl)(Cl)Cl,30.7
C[Si](C)(C)C1=C([Si](C)(C)C)B(Cl)[C@H]([Si](C)(C)C)[C@@H]([Si](C)(C)C)[C@H]([Si](C)(C)C)B1Cl,[2H]C(Cl)(Cl)Cl,67.0
Cn1cccc1B1OC(C)(C)C(C)(C)O1,[2H]C(Cl)(Cl)Cl,28.12
CC1(C)OB(C[Si](C)(C)CCOC(=O)c2ccccc2)OC1(C)C,[2H]C(Cl)(Cl)Cl,33.6
CC1(C)CC12CCCCCCB2N=[N+]=[N-],[2H]C(Cl)(Cl)Cl,65.0
C[N+]1(C)c2ccccc2C(c2ccccc2)N(c2ccccc2)[B-]1(Cl)Cl,[2H]C(Cl)(Cl)Cl,9.8
Clc1ccc([B@@-]23OCC[N+]4=Cc5ccccc5O[B@@-]4(c4ccc(Cl)cc4)OCC[N+]2=Cc2ccccc2O3)cc1,[2H]C(Cl)(Cl)Cl,2.14
Cc1cccc(C)c1B1OC(C)(C)C(C)(C)O1,[2H]C(Cl)(Cl)Cl,32.2
N#C[B-]1(c2ccccc2)n2c(Cl)ccc2C(c2ccccc2)=C2C=CC(Cl)=[N+]21,[2H]C(Cl)(Cl)Cl,-7.31
CC(C)(C)B1N(C(C)(C)C)B(C(C)(C)C)N1C(C)(C)C,[2H]c1c([2H])c([2H])c([2H])c([2H])c1[2H],41.1
COC(=O)C(F)(F)CC(Br)[B-]12OC(=O)C[N+]1(C)CC(=O)O2,[2H]C([2H])([2H])S(=O)C([2H])([2H])[2H],10.05
CCCCCCC(B1Nc2cccc3cccc(c23)N1)B1OC(C)(C)C(C)(C)O1,[2H]C(Cl)(Cl)Cl,33.9
C=CC1CC(B2OC(C)(C)C(C)(C)O2)=CC1(C(=O)OCc1ccc(OC)cc1)C(O)c1ccccc1,[2H]C(Cl)(Cl)Cl,29.2
CC(C)/N=C(/C1=[N+](C(C)C)[B-](C(F)(F)F)(C(F)(F)F)[N+](C)(C)[B-]1(C(F)(F)F)C(F)(F)F)N(C)C,[2H]C(Cl)(Cl)Cl,-2.0
CC(C)[NH+]1[BH2-][NH+](C(C)C)[BH2-][NH+](C(C)C)[BH2-]1,[2H]C(Cl)(Cl)Cl,-10.3
C=CC(O)(B1OC(=O)CN(C)CC(=O)O1)c1ccccc1,[2H]C([2H])([2H])C(=O)C([2H])([2H])[2H],10.08
Cc1ccc2c(c1)[N@H+]1Cc3cc(C(C)(C)C)cc(C(C)(C)C)c3O[B@@-]1(c1ccccc1)O2,[2H]C([2H])([2H])S(=O)C([2H])([2H])[2H],8.7
C[N+]12CC(=O)O[B-]1(C(I)CC(F)(F)C(=O)NCCc1cccc(C(F)(F)F)c1)OC(=O)C2,[2H]C([2H])([2H])S(=O)C([2H])([2H])[2H],10.75
CCOC(=O)/C=C/c1cc(B2OC(C)(C)C(C)(C)O2)ccc1Br,[2H]C(Cl)(Cl)Cl,30.9
Cc1cccc(C([BH-]2c3c(Cl)cccc3-c3cccc[n+]32)c2cccc(C)c2)c1,[2H]C(Cl)(Cl)Cl,-0.55
C[Si@@]1(c2ccccc2)OB(c2ccc(Br)cc2)O[Si@@](C)(c2ccccc2)O1,[2H]C(Cl)(Cl)Cl,27.8
COc1cccc(C2=C3C=CC(c4ccc(C)cc4)=[N+]3[B-](F)(c3ccccc3)n3c(Cl)ccc32)c1,[2H]C(Cl)(Cl)Cl,4.4
CCCC/C(B1OC(C)(C)C(C)(C)O1)=C(\c1ccccc1)c1c(C(=O)OC)ccc2ccc(OC)cc12,[2H]C(Cl)(Cl)Cl,30.17
CC(c1ccccc1)N1C=CN(C(C)(C)C)B1Br,[2H]C(Cl)(Cl)Cl,17.3
CC1(C)OB(c2c3ccccc3cc3ccccc23)OC1(C)C,[2H]C(Cl)(Cl)Cl,32.96
CC1(C)OB(/C=C/c2cccc(F)c2)OC1(C)C,[2H]C(Cl)(Cl)Cl,30.1
CC1(C)OB(CC(B2OC(C)(C)C(C)(C)O2)c2cccc(F)c2)OC1(C)C,[2H]C(Cl)(Cl)Cl,33.8
CC1(C)OB(/C=C/c2ccc(C#N)nc2)OC1(C)C,[2H]C(Cl)(Cl)Cl,29.3
FC(F)(F)c1ccc([P+]2(c3ccc(C(F)(F)F)cc3)[BH2-][P+](c3ccc(C(F)(F)F)cc3)(c3ccc(C(F)(F)F)cc3)[BH2-][P+](c3ccc(C(F)(F)F)cc3)(c3ccc(C(F)(F)F)cc3)[BH2-][P+](c3ccc(C(F)(F)F)cc3)(c3ccc(C(F)(F)F)cc3)[BH2-]2)cc1,[2H]C(Cl)(Cl)Cl,-31.3
Cn1c(B2Oc3ccccc3O2)ccc1B1Oc2ccccc2O1,[2H]C1([2H])OC([2H])([2H])C([2H])([2H])C1([2H])[2H],30.0
C(#C[B-](c1ccccc1)(c1ccccc1)c1ccccc1)CCCSc1ccc2ccccc2c1.C[N+](C)(C)C,[2H]C([2H])([2H])S(=O)C([2H])([2H])[2H],-12.4
CC1(C)OB(c2cccnc2)OC1(C)C,[2H]C(Cl)(Cl)Cl,31.0
Fc1ccc2c(c1Cl)[BH2-][n+]1cccc(C(c3ccccc3)c3ccccc3)c1-2,[2H]C(Cl)(Cl)Cl,-0.49
C[N+](C)(C)[B-](C(F)(F)F)(C(F)(F)F)C(F)(Br)C(F)(F)Br,[2H]C([2H])([2H])C#N,-7.4
CCOC(=O)/C=C/c1cc(B2OC(C)(C)C(C)(C)O2)ccc1C(=O)OC,[2H]C(Cl)(Cl)Cl,30.9
CCCC/C(B1OC(C)(C)C(C)(C)O1)=C(\c1cc(C)cc(C)c1)c1c(C(=O)OC2COC2)ccc2ccc(OC)cc12,[2H]C(Cl)(Cl)Cl,29.52
CC(C)(C)OC(=O)N(C1CCCCC1)[C@@H](CCc1ccccc1)B1OC(C)(C)C(C)(C)O1,[2H]C(Cl)(Cl)Cl,14.2
CC12OB(/C=C/CCCCl)O[C@]1(C)c1cccc3cccc2c13,[2H]C(Cl)(Cl)Cl,29.73
Cc1ccc(CCB2OC(C)C(C)O2)cc1C,[2H]C(Cl)(Cl)Cl,34.02
Cc1cc(C)c(B2OC(C)(C)C(C)(C)O2)c(C)c1,[2H]C(Cl)(Cl)Cl,32.3
COC(C[N+](C)(C)[BH2-]c1nc2ccccc2n(C)c1=O)OC,[2H]C(Cl)(Cl)Cl,-7.2
CC1(C)OB(C(C=C=Cc2ccc(F)cc2)B2OC(C)(C)C(C)(C)O2)OC1(C)C,[2H]C(Cl)(Cl)Cl,33.0
Cc1ccc(S(=O)(=O)N2B(c3ccc4ccccc4c3)OC(C3CCCCC3)(C3CCCCC3)[C@@H]2c2ccccc2)cc1,[2H]C(Cl)(Cl)Cl,33.6
CCN(CC)Cc1cccc2c1O[BH2-][N+](CC)(CC)C2,[2H]c1c([2H])c([2H])c([2H])c([2H])c1[2H],0.3
c1ccc(C2OB(c3ccccc3CN3CCCC3)OC2c2ccccc2)cc1,[2H]C(Cl)(Cl)Cl,13.2
CC1(C)OB([C@@H](CCCCc2ccccc2)CCCOC(=O)Cc2ccc3c(c2)C(=O)c2ccccc2CO3)OC1(C)C,[2H]C(Cl)(Cl)Cl,35.7
C1=C2B(c3ccccc3C(c3ccccc3)=C2c2ccccc2)N(Cc2ccccc2)c2ccccc21,[2H]C(Cl)(Cl)Cl,33.4
Cc1cccc(C)c1OCC(C)NC(=O)C(F)(F)CC(I)[B-]12OC(=O)C[N+]1(C)CC(=O)O2,[2H]C([2H])([2H])S(=O)C([2H])([2H])[2H],10.79
CN1CC(=O)OB(C(C)(CBr)C(=O)c2ccccc2)OC(=O)C1,[2H]C([2H])([2H])C(=O)C([2H])([2H])[2H],10.65
CCN(CC)Cc1cccc2c1O[B-](Cl)(Cl)[N+](CC)(CC)C2,[2H]c1c([2H])c([2H])c([2H])c([2H])c1[2H],7.7
CC(C)(C)/C=C(\B1C(Br)=Cc2ccccc2N1C1CCCC1)c1ccc(F)cc1,[2H]C(Cl)(Cl)Cl,37.29
C=CC(O)(CCc1ccccc1)B1OC(=O)CN(C)CC(=O)O1,[2H]C([2H])([2H])C(=O)C([2H])([2H])[2H],10.39
CO[B-]12n3c4ccc3C(c3ccc([N+](=O)[O-])cc3)=c3ccc(n31)=C(c1ccc([N+](=O)[O-])cc1)C1=[N+]2C(=C4c2ccc([N+](=O)[O-])cc2)C=C1,[2H]C(Cl)(Cl)Cl,-15.4
Cc1cc(C)c(B(c2c(C)cc(C)cc2C)c2cccc3cccc(C[N+](C)(C)C)c23)c(C)c1.O=S(=O)([O-])C(F)(F)F,[2H]C(Cl)(Cl)Cl,67.8
CCCC[N+](C)([BH2-]C#N)CB1OC(C)(C)C(C)(C)O1,[2H]C(Cl)(Cl)Cl,-15.5
CC(C)CC(CC(C)C)O[Si](OC(CC(C)C)CC(C)C)(OC(CC(C)C)CC(C)C)OC(C(=O)[O-])c1ccc(B2OC(C)(C)CC(C)(C)O2)cc1Cl,[2H]C(Cl)(Cl)Cl,26.0
C[Si](C)(C)/C=C/C(=C1\C[C@H]2C[C@H]3CB1[C@H](C3)C2)[Si](C)(C)C,[2H]c1c([2H])c([2H])c([2H])c([2H])c1[2H],78.3
CC1(C)OB([C@@H]2[C@@H]3C[C@H]([C@@H]2B2OC(C)(C)C(C)(C)O2)[C@H]2c4ccccc4[C@@H]32)OC1(C)C,[2H]C(Cl)(Cl)Cl,33.9
CC1(C)[C@@H]2C[C@H]3OB([C@@H]4[C@H](B5O[C@@H]6C[C@@H]7C[C@@H](C7(C)C)[C@]6(C)O5)[C@@]4(C)c4ccccc4)O[C@@]3(C)[C@H]1C2,[2H]C(Cl)(Cl)Cl,32.2
CC(C)C1=CCB2C(=C1)C1=CC(C(C)C)=CCB1N2c1ccccc1,[2H]c1c([2H])c([2H])c([2H])c([2H])c1[2H],54.15
COC(=O)[BH-](C#N)[n+]1ccccc1N,[2H]O[2H],-17.2
COB1CCCCCCC1Cl,[2H]C(Cl)(Cl)Cl,49.8
CCCC/C(B1OC(C)(C)C(C)(C)O1)=C(\c1ccccc1)c1c(C(=O)OC2CCC2)ccc2ccc(OC)cc12,[2H]C(Cl)(Cl)Cl,32.87
CC1(C)OB(/C=C\C(=C/c2ccccc2)[C@@H](NC(=O)c2ccccc2)c2ccc(Cl)cc2)OC1(C)C,[2H]C(Cl)(Cl)Cl,30.1
c1ccc([B-]2(c3ccccc3)Oc3ccc(-c4ccc(-c5ccc(-c6ccc7c8c6ccc[n+]8[B-](c6ccccc6)(c6ccccc6)O7)cc5)cc4)c4ccc[n+]2c34)cc1,[2H]C([2H])(Cl)Cl,11.2
CC(C)N(C(=O)O[C@@H](Cc1csc2ccccc12)B1OC(C)(C)C(C)(C)O1)C(C)C,[2H]C(Cl)(Cl)Cl,12.68
C[Si](C)(C)CB(C[Si](C)(C)C)C[Si](C)(C)C[Si](C)(C)C,[2H]c1c([2H])c([2H])c([2H])c([2H])c1[2H],78.6
C[N+](C)(C)[BH2-]c1nc2ccccc2n(-c2ccccc2)c1=O,[2H]C(Cl)(Cl)Cl,-5.7
CC(C)P(=NB1OC(C)(C)C(C)(C)O1)(C(C)C)C(C)C,[2H]c1c([2H])c([2H])c([2H])c([2H])c1[2H],23.9
CC1(C)OB(c2cccc(/C=C/C=O)c2)OC1(C)C,[2H]C(Cl)(Cl)Cl,30.8
CCC[C@H](B1OC(C)(C)C(C)(C)O1)N1CCOC1=O,[2H]C(Cl)(Cl)Cl,32.32
[BH3-][P+](C(C)=C(c1ccccc1)c1ccccc1)(c1ccccc1)c1ccccc1,[2H]C(Cl)(Cl)Cl,-31.7
CN1CC(=O)OB(C(C)(CN=[N+]=[N-])C(=O)c2ccccc2)OC(=O)C1,[2H]C([2H])([2H])C(=O)C([2H])([2H])[2H],11.09
Cc1ccc(Cl)c2c1-c1c(C(c3ccccc3)c3ccccc3)ccc[n+]1[BH2-]2,[2H]C(Cl)(Cl)Cl,-0.95
C=CC1CC(B2OC(C)(C)C(C)(C)O2)=CC1(C(=O)OC)C(O)c1ccoc1,[2H]C(Cl)(Cl)Cl,29.1
C[N+](C)(C)[BH2-]CC(=O)N1c2ccccc2C=Cc2ccccc21,[2H]C(Cl)(Cl)Cl,-4.2
COC(=O)C[BH-](c1n(C)cc[n+]1C)C(C(=O)OC)c1ccccc1,[2H]C(Cl)(Cl)Cl,-16.5
C=CC1=C2C[B-]3(CC2=C(C=C)[C@@H](c2ccc(C(F)(F)F)cc2)N1)n1cccc1-c1ccc(-c2ccccc2)c[n+]13,[2H]C([2H])(Cl)Cl,7.4
BN1C(C)(C)CCCC1(C)C,[2H]c1c([2H])c([2H])c([2H])c([2H])c1[2H],-21.1
CCB(CC)N(B(CC)CC)C(C)(C)C,[2H]c1c([2H])c([2H])c(C([2H])([2H])[2H])c([2H])c1[2H],57.9
O=C(/C=C/B1Nc2cccc3cccc(c23)N1)OCc1ccccc1Br,[2H]C(Cl)(Cl)Cl,27.6
COc1cccc(B2Nc3cccc4cccc(c34)N2)n1,[2H]C(Cl)(Cl)Cl,27.6
CC1(C)OB(/C=C/CCCOCc2ccc3ccccc3c2)OC1(C)C,[2H]C(Cl)(Cl)Cl,30.0
N#C[BH-](C(=O)O)[n+]1cccc(N)c1,[2H]O[2H],-13.7
CC(C)[N+](=[B-](Cl)C1=CCc2ccccc21)C(C)C,[2H]C([2H])(Cl)Cl,34.7
C=CCB1CCCC[Si](C)(C)/C([Si](C)(C)C)=C\1CC=C,[2H]c1c([2H])c([2H])c([2H])c([2H])c1[2H],80.5
Cc1ccccc1/C=C/B1OC(C)(C)C(C)(C)O1,[2H]C(Cl)(Cl)Cl,30.5
CCCCCCC1(C(O)C2(B3OC(C)(C)C(C)(C)O3)OC2c2ccccc2)OC1c1ccccc1,[2H]C(Cl)(Cl)Cl,28.4
CC1(C)OB([C@]2(c3ccccc3)C[C@H](c3ccc4ccccc4c3-c3ncccc3C(F)(F)F)C2)OC1(C)C,[2H]C(Cl)(Cl)Cl,33.6
Cc1cccc(C(C)[BH2-][N+](C)(C)C)c1,[2H]C(Cl)(Cl)Cl,0.74
CCOc1cc(B2OC(C)(C)CC(C)(C)O2)ccc1C(C)=NO[Si](OC(CC(C)C)CC(C)C)(OC(CC(C)C)CC(C)C)OC(CC(C)C)CC(C)C,[2H]C(Cl)(Cl)Cl,26.1
OCc1ccc(Nc2ccc3n2[B-](F)(c2ccccc2)[N+]2=C(Cl)C=CC2=C3c2ccccc2)cc1,[2H]C(Cl)(Cl)Cl,3.97
COc1ccc([C@]2(C)[C@H](B3OC(C)(C)C(C)(C)O3)[C@@H]2B2OC(C)(C)C(C)(C)O2)cc1,[2H]C(Cl)(Cl)Cl,32.7
CCO[Si](OCC)(OCC)c1sc(B2OC(C)(C)CC(C)(C)O2)cc1C,[2H]C(Cl)(Cl)Cl,24.8
c1ccc(CNB2OCCO2)nc1,[2H]C(Cl)(Cl)Cl,24.01
C=C(CB1OC(C)(C)C(C)(C)O1)c1ccc(F)cc1,[2H]C(Cl)(Cl)Cl,33.28
C=C(c1ccccc1)C(O)(B1OC(=O)CN(C)CC(=O)O1)c1ccccc1,[2H]C([2H])([2H])C(=O)C([2H])([2H])[2H],10.66
Cc1cccc2cc(C(C)CB3OC(C)C(C)O3)cc(C)c12,[2H]C(Cl)(Cl)Cl,34.03
Cc1cc(C)c(B2c3cc(Br)c4ccccc4c3-c3cccc4cccc2c34)c(C)c1,[2H]C([2H])(Cl)Cl,58.4
CCCCN1C(=O)c2ccccc2[C@@H](C(=O)O)[C@H]1c1ccc(B2OC(C)(C)C(C)(C)O2)cc1,[2H]C(Cl)(Cl)Cl,30.7
[BH3-][P+]1(c2ccccc2)C=C(C)[C@@H]2[C@H]1[C@@H]1C=C(C)[C@H]2[P@@+]1([BH3-])c1ccccc1,[2H]C(Cl)(Cl)Cl,-35.8
CC(CB1OC(C)(C)C(C)(C)O1)(Cc1ccccc1)/C(=N/N1CCCCC1)C(F)(F)F,[2H]C(Cl)(Cl)Cl,32.9
COP(=O)(OC)[C@@H]([BH2-][P+](C)(c1ccccc1)c1ccccc1)c1ccc(C(F)(F)F)cc1,[2H]C(Cl)(Cl)Cl,-26.03
CN(Cc1ccccc1)B(Cl)Cl,[2H]C(Cl)(Cl)Cl,31.4
COc1ccc(CCC[C@H](C)B2OC(C)(C)C(C)(C)O2)cc1,[2H]C(Cl)(Cl)Cl,34.31
CC(=O)c1cccc([B@@-]23OCC[N+]4=Cc5ccccc5O[B@@-]4(c4cccc(C(C)=O)c4)OCC[N+]2=Cc2ccccc2O3)c1,[2H]C(Cl)(Cl)Cl,6.9
CC1(C)OB(CC(B2OC(C)(C)C(C)(C)O2)c2ccc3ccccc3c2)OC1(C)C,[2H]C(Cl)(Cl)Cl,34.2
Cn1c([BH2-][N+](C)(C)C)nc2ccccc2c1=O,[2H]C(Cl)(Cl)Cl,-8.1
COc1cccc(C2=Cc3ccccc3N(Cc3ccccc3)B2c2c(OC)ccc3ccccc23)c1,[2H]C(Cl)(Cl)Cl,39.8
CCCCC[C@H](NC(=O)CCc1ccc(C#N)cc1)B1OC(C)(C)C(C)(C)O1,[2H]C(Cl)(Cl)Cl,23.7
Cc1c(C)[n+]2cn1Cn1c[n+](c(C)c1C)[B-](Br)(Br)[n+]1cn(c(C)c1C)Cn1c[n+](c(C)c1C)[B-]2(Br)Br.[Br-].[Br-],[2H]C([2H])([2H])S(=O)C([2H])([2H])[2H],-12.3
C[N+](C)(C)[BH2-]c1nc2ccccc2c2ccccc12,[2H]C(Cl)(Cl)Cl,-5.4
COc1cccc2c1OB(c1c3c(OC)cccc3cc3cccc(OC)c13)O2,[2H]C(Cl)(Cl)Cl,30.0
Cc1ccc2nc(C)cc(B3OC(C)(C)C(C)(C)O3)c2c1,[2H]C(Cl)(Cl)Cl,31.32
CC(C)C(C(N)=O)[N+](C)(C)[BH2-]C(=O)O,[2H]C([2H])([2H])S(=O)C([2H])([2H])[2H],-26.3
C[Si](C)(OB(O[Si](C)(C)c1ccccc1)O[Si](C)(C)c1ccccc1)c1ccccc1,[2H]C(Cl)(Cl)Cl,15.0
Clc1c(Cl)c(Cl)c2c(c1Cl)OB(C#CB1Oc3c(Cl)c(Cl)c(Cl)c(Cl)c3O1)O2,[2H]OC([2H])([2H])[2H],22.1
Cn1cc[n+]([BH2-]n2c3ccccc3c3ccccc32)c1,[2H]C1([2H])OC([2H])([2H])C([2H])([2H])C1([2H])[2H],-11.4
Cc1c(C)c2c(c(C)c1OCc1ccc(C(CB3OC(C)(C)C(C)(C)O3)c3c(F)c(F)c(C#N)c(F)c3F)cc1)CC[C@@](C)(CCC[C@H](C)CCC[C@H](C)CCCC(C)C)O2,[2H]C(Cl)(Cl)Cl,32.0
CC(CB1OC(C)(C)C(C)(C)O1)(CC1CCCCC1)/C(=N/N1CCCCC1)C(F)(F)F,[2H]C(Cl)(Cl)Cl,32.8
CC(C)O[Si](C)(C)/C(=C\B1OC(C)(C)C(C)(C)O1)C(C)(C)C,[2H]C(Cl)(Cl)Cl,30.5
CC#CC(O)(B1OC(=O)CN(C)CC(=O)O1)c1ccc(C(C)(C)C)cc1,[2H]C([2H])([2H])C(=O)C([2H])([2H])[2H],9.78
Cc1ccc(B2OC(C)(C)C(C)(C)O2)cc1,[2H]C(Cl)(Cl)Cl,30.97
CC1(C)OB(CCc2ccccc2Cl)OC1(C)C,[2H]C(Cl)(Cl)Cl,33.67
C#CC[B-]1(CC#C)n2c(C(C)(C)C)cc(C(C)(C)C)c2-c2cccc[n+]21,[2H]C(Cl)(Cl)Cl,1.33
Cc1ccc(S(=O)(=O)N2CC(B3OC(C)(C)C(C)(C)O3)c3cc(F)ccc32)cc1,[2H]C(Cl)(Cl)Cl,32.2
CC1(C)OB(c2ccccc2CN2CCN(c3ncccn3)CC2)OC1(C)C,[2H]C(Cl)(Cl)Cl,20.5
Cc1cc2nc([BH2-][N+](C)(C)C)c(=O)n(C)c2cc1C,[2H]C(Cl)(Cl)Cl,-6.0
CC1(C)OB(C[Si](C)(C)c2cccs2)OC1(C)C,[2H]C(Cl)(Cl)Cl,33.66
Cc1cc(C)c(N2C=CN(c3c(C)cc(C)cc3C)C2=C2CCC3BC2CCC3)c(C)c1,[2H]C([2H])(Cl)Cl,-15.84
C1CCN(B(N2CCCC2)N2CCCC2)C1,[2H]C(Cl)(Cl)Cl,23.7
