Smiles,solvent,B_count,ppm_values
CC1(C)OB(C[C@](C)(CCCCCc2ccccc2)/C(=N/N2CCCCC2)C(F)(F)F)OC1(C)C,[2H]C(Cl)(Cl)Cl,1,34
CCCCCCC(C)(CB1OC(C)(C)C(C)(C)O1)/C(=N/N1CCCCC1)C(F)(F)F,[2H]C(Cl)(Cl)Cl,1,32.8
CCCCCC(C)(CB1OC(C)(C)C(C)(C)O1)/C(=N/N1CCCCC1)C(F)(F)F,[2H]C(Cl)(Cl)Cl,1,32.8
CCCCCCCC(C)(CB1OC(C)(C)C(C)(C)O1)/C(=N/N1CCCCC1)C(F)(F)F,[2H]C(Cl)(Cl)Cl,1,33.3
CCCCCCCCC(C)(CB1OC(C)(C)C(C)(C)O1)/C(=N/N1CCCCC1)C(F)(F)F,[2H]C(Cl)(Cl)Cl,1,33.4
CCCCCCCCCC(C)(CB1OC(C)(C)C(C)(C)O1)/C(=N/N1CCCCC1)C(F)(F)F,[2H]C(Cl)(Cl)Cl,1,33.1
CCCCCCCCCCC(C)(CB1OC(C)(C)C(C)(C)O1)/C(=N/N1CCCCC1)C(F)(F)F,[2H]C(Cl)(Cl)Cl,1,34.2
CCCCCCCCCCCCC(C)(CB1OC(C)(C)C(C)(C)O1)/C(=N/N1CCCCC1)C(F)(F)F,[2H]C(Cl)(Cl)Cl,1,33.9
CCCCCCCCCCCCCCC(C)(CB1OC(C)(C)C(C)(C)O1)/C(=N/N1CCCCC1)C(F)(F)F,[2H]C(Cl)(Cl)Cl,1,33.9
CC(C)CCC(C)(CB1OC(C)(C)C(C)(C)O1)/C(=N/N1CCCCC1)C(F)(F)F,[2H]C(Cl)(Cl)Cl,1,33
CC(C)CCCCC(C)(CB1OC(C)(C)C(C)(C)O1)/C(=N/N1CCCCC1)C(F)(F)F,[2H]C(Cl)(Cl)Cl,1,32.8
CC(CCCCCF)(CB1OC(C)(C)C(C)(C)O1)/C(=N/N1CCCCC1)C(F)(F)F,[2H]C(Cl)(Cl)Cl,1,32.5
CCCCCCOCCCCC(C)(CB1OC(C)(C)C(C)(C)O1)/C(=N/N1CCCCC1)C(F)(F)F,[2H]C(Cl)(Cl)Cl,1,34.4
CCCCCCOCCCCCC(C)(CB1OC(C)(C)C(C)(C)O1)/C(=N/N1CCCCC1)C(F)(F)F,[2H]C(Cl)(Cl)Cl,1,34.3
CC(CB1OC(C)(C)C(C)(C)O1)(CC1CCC1)/C(=N/N1CCCCC1)C(F)(F)F,[2H]C(Cl)(Cl)Cl,1,32.8
CC(CB1OC(C)(C)C(C)(C)O1)(CC1CCCC1)/C(=N/N1CCCCC1)C(F)(F)F,[2H]C(Cl)(Cl)Cl,1,32.8
CC(CB1OC(C)(C)C(C)(C)O1)(CC1CCCCC1)/C(=N/N1CCCCC1)C(F)(F)F,[2H]C(Cl)(Cl)Cl,1,32.8
CC(CCC1CCCC1)(CB1OC(C)(C)C(C)(C)O1)/C(=N/N1CCCCC1)C(F)(F)F,[2H]C(Cl)(Cl)Cl,1,33.4
CC(CCC1CCCCC1)(CB1OC(C)(C)C(C)(C)O1)/C(=N/N1CCCCC1)C(F)(F)F,[2H]C(Cl)(Cl)Cl,1,33.6
CC(CCCC1CCCCC1)(CB1OC(C)(C)C(C)(C)O1)/C(=N/N1CCCCC1)C(F)(F)F,[2H]C(Cl)(Cl)Cl,1,32.9
Cc1ccc(CCCC(C)(CB2OC(C)(C)C(C)(C)O2)/C(=N/N2CCCCC2)C(F)(F)F)cc1,[2H]C(Cl)(Cl)Cl,1,33.7
COc1ccc(CCCC(C)(CB2OC(C)(C)C(C)(C)O2)/C(=N/N2CCCCC2)C(F)(F)F)cc1,[2H]C(Cl)(Cl)Cl,1,32.7
CC(CCCc1ccc(C(F)(F)F)cc1)(CB1OC(C)(C)C(C)(C)O1)/C(=N/N1CCCCC1)C(F)(F)F,[2H]C(Cl)(Cl)Cl,1,33.7
Cc1ccc(CCCCC(C)(CB2OC(C)(C)C(C)(C)O2)/C(=N/N2CCCCC2)C(F)(F)F)cc1,[2H]C(Cl)(Cl)Cl,1,33.5
COc1ccc(CCCCC(C)(CB2OC(C)(C)C(C)(C)O2)/C(=N/N2CCCCC2)C(F)(F)F)cc1,[2H]C(Cl)(Cl)Cl,1,32.9
Cc1ccccc1CCCC(C)(CB1OC(C)(C)C(C)(C)O1)/C(=N/N1CCCCC1)C(F)(F)F,[2H]C(Cl)(Cl)Cl,1,33.9
COc1cccc(CCCC(C)(CB2OC(C)(C)C(C)(C)O2)/C(=N/N2CCCCC2)C(F)(F)F)c1,[2H]C(Cl)(Cl)Cl,1,33.8
CC(CCCc1cccc(C(F)(F)F)c1)(CB1OC(C)(C)C(C)(C)O1)/C(=N/N1CCCCC1)C(F)(F)F,[2H]C(Cl)(Cl)Cl,1,33.1
CC(CCCc1ccc(F)cc1)(CB1OC(C)(C)C(C)(C)O1)/C(=N/N1CCCCC1)C(F)(F)F,[2H]C(Cl)(Cl)Cl,1,33.5
CC(CB1OC(C)(C)C(C)(C)O1)(Cc1ccccc1)/C(=N/N1CCCCC1)C(F)(F)F,[2H]C(Cl)(Cl)Cl,1,32.9
CC(CCc1ccccc1)(CB1OC(C)(C)C(C)(C)O1)/C(=N/N1CCCCC1)C(F)(F)F,[2H]C(Cl)(Cl)Cl,1,33.3
CC(CCCc1ccccc1)(CB1OC(C)(C)C(C)(C)O1)/C(=N/N1CCCCC1)C(F)(F)F,[2H]C(Cl)(Cl)Cl,1,33.5
CC(CCCCc1ccccc1)(CB1OC(C)(C)C(C)(C)O1)/C(=N/N1CCCCC1)C(F)(F)F,[2H]C(Cl)(Cl)Cl,1,33.8
CC(CCCCCc1ccccc1)(CB1OC(C)(C)C(C)(C)O1)/C(=N/N1CCCCC1)C(F)(F)F,[2H]C(Cl)(Cl)Cl,1,34
CCCCCCC(C)(CB1OC(C)(C)C(C)(C)O1)C(=O)C(F)(F)F,[2H]C(Cl)(Cl)Cl,1,32.7
CC1(C)OB(CC=C2CCC(OCc3ccc(-c4ccccc4)cc3)CC2)OC1(C)C,[2H]C(Cl)(Cl)Cl,1,33.46
CCCCCC/C(=C/B1OC(C)(C)C(C)(C)O1)[Si](C)(C)OC(C)C,[2H]C(Cl)(Cl)Cl,1,29.5
CCCCCC/C(=C\B1OC(C)(C)C(C)(C)O1)[Si](C)(C)OC(C)C,[2H]C(Cl)(Cl)Cl,1,29.3
CCCCCCCC/C(=C/B1OC(C)(C)C(C)(C)O1)[Si](C)(C)OC(C)C,[2H]C(Cl)(Cl)Cl,1,29.7
CC(C)O[Si](C)(C)/C(=C\B1OC(C)(C)C(C)(C)O1)CCO[Si](C)(C)C(C)(C)C,[2H]C(Cl)(Cl)Cl,1,29.2
CC(C)O[Si](C)(C)/C(=C\B1OC(C)(C)C(C)(C)O1)CCCCl,[2H]C(Cl)(Cl)Cl,1,30.6
CC(C)[Si](C)(C)/C(=C\B1OC(C)(C)C(C)(C)O1)c1ccccc1,[2H]C(Cl)(Cl)Cl,1,29.8
CC(C)O[Si](C)(C)/C(=C\B1OC(C)(C)C(C)(C)O1)C1CCCCC1,[2H]C(Cl)(Cl)Cl,1,30.1
CC(C)O[Si](C)(C)/C(=C\B1OC(C)(C)C(C)(C)O1)C(C)(C)C,[2H]C(Cl)(Cl)Cl,1,30.5
O=C([O-])C(F)(F)F.OB(O)C[C@H]1CCC[NH2+]1,[2H]C(Cl)(Cl)Cl,1,30.6
OB(Cl)C[C@H]1CCC[NH2+]1,[2H]O[2H],1,30.7
CC(C)(O)C(C)(C)O.OB(Cl)C[C@H]1CCC[NH2+]1,[2H]C(Cl)(Cl)Cl,1,32.1
OB(Br)C[C@H]1CCC[NH2+]1,[2H]C(Cl)(Cl)Cl,1,30.2
OB(I)C[C@H]1CCC[NH2+]1,[2H]C(Cl)(Cl)Cl,1,30.2
[BH3-]c1n(-c2c(C)cc(C)cc2C)cc[n+]1-c1c(C)cc(C)cc1C,[2H]C(Cl)(Cl)Cl,1,-38.3
[BH3-]c1n2c(c3[n+]1[C@@H](C(C)C)CO3)OC[C@@H]2C(C)C,[2H]C(Cl)(Cl)Cl,1,-37.9
[BH3-]c1n2c(c3[n+]1[C@@H](C(C)(C)C)CO3)OC[C@@H]2C(C)(C)C,[2H]C(Cl)(Cl)Cl,1,-35.2
[BH3-]c1n2c(c3[n+]1[C@@H]1c4ccccc4C[C@H]1O3)O[C@@H]1Cc3ccccc3[C@@H]12,[2H]C(Cl)(Cl)Cl,1,-35.3
Cc1cc(C)c(-n2cc[n+](-c3c(C)cc(C)cc3C)c2[BH-]2C3CCCC2CCC3)c(C)c1,[2H]C(Cl)(Cl)Cl,1,-16.6
CC(C)[C@H]1COc2c3[n+](c([BH-]4C5CCCC4CCC5)n21)[C@@H](C(C)C)CO3,[2H]C1([2H])OC([2H])([2H])C([2H])([2H])C1([2H])[2H],1,-19.1
C=C(CC(=O)OC)B1OC(C)(C)C(C)(C)O1,[2H]C(Cl)(Cl)Cl,1,29.58
C=C(CC(=O)OCCCc1ccccc1)B1OC(C)(C)C(C)(C)O1,[2H]C(Cl)(Cl)Cl,1,29.69
C=C(CC(=O)OCC)B1OC(C)(C)C(C)(C)O1,[2H]C(Cl)(Cl)Cl,1,29.57
COC(=O)C/C(=C\c1ccccc1)B1OC(C)(C)C(C)(C)O1,[2H]C(Cl)(Cl)Cl,1,30.19
CCOC(=O)C/C(=C\c1ccccc1)B1OC(C)(C)C(C)(C)O1,[2H]C(Cl)(Cl)Cl,1,30.2
CC1(C)OB(/C(=C/c2ccccc2)CC(=O)OCCCc2ccccc2)OC1(C)C,[2H]C(Cl)(Cl)Cl,1,30.19
C/C=C(\CC(=O)OC)B1OC(C)(C)C(C)(C)O1,[2H]C(Cl)(Cl)Cl,1,30.12
C/C=C(\CC(=O)OCC)B1OC(C)(C)C(C)(C)O1,[2H]C(Cl)(Cl)Cl,1,29.98
C/C=C(\CC(=O)OC(C)C)B1OC(C)(C)C(C)(C)O1,[2H]C(Cl)(Cl)Cl,1,30.01
C/C=C(\CC(=O)OC(C)(C)C)B1OC(C)(C)C(C)(C)O1,[2H]C(Cl)(Cl)Cl,1,30.05
C/C=C(\CC(=O)OCc1ccccc1[N+](=O)[O-])B1OC(C)(C)C(C)(C)O1,[2H]C(Cl)(Cl)Cl,1,29.88
C/C=C(/B1OC(C)(C)C(C)(C)O1)C(C)C(=O)OCC,[2H]C(Cl)(Cl)Cl,1,30.05
c1ccc(P(c2ccccc2)c2ccccc2B2OCCO2)cc1,[2H]C(Cl)(Cl)Cl,1,31.8
CP(C)c1ccccc1B1OCCO1,[2H]C(Cl)(Cl)Cl,1,32
CP(C)c1ccccc1B1OC(C)(C)C(C)(C)O1,[2H]C(Cl)(Cl)Cl,1,31.3
CP(C)c1ccccc1B1OCC(C)(C)CO1,[2H]C(Cl)(Cl)Cl,1,29
C/C1=C/C[P+](C)(C)c2ccccc2[B-]2(O1)OC(C)(C)C(C)(C)O2,[2H]C([2H])([2H])C#N,1,6.6
CCC(=O)CC(C)B1OC(C)(C)C(C)(C)O1,[2H]C(Cl)(Cl)Cl,1,34.08
F[B-](F)(F)/C=C/c1ccc(OC(F)(F)F)cc1.[K+],[2H]C([2H])([2H])C(=O)C([2H])([2H])[2H],1,3.06
CC1(C)OB(/C=C/c2ccc(OC(F)(F)F)cc2)OC1(C)C,[2H]C(Cl)(Cl)Cl,1,30
CC1(C)OB(/C=C/c2ccc(Br)cc2)OC1(C)C,[2H]C(Cl)(Cl)Cl,1,29.6
F[B-](F)(F)/C=C/c1ccc(Br)cc1.[K+],[2H]C([2H])([2H])S(=O)C([2H])([2H])[2H],1,2.36
CC1Nc2cc(/C=C/B3OC(C)(C)C(C)(C)O3)cnc2S1,[2H]C([2H])([2H])S(=O)C([2H])([2H])[2H],1,29.5
CC1Nc2cc(/C=C/[B-](F)(F)F)cnc2S1.[K+],[2H]C([2H])([2H])S(=O)C([2H])([2H])[2H],1,2.8
F[B-](F)(F)/C=C/Cc1ccccc1.[K+],[2H]C([2H])([2H])S(=O)C([2H])([2H])[2H],1,2.41
CC1(C)OB(/C=C/c2ccc(C#N)cc2)OC1(C)C,[2H]C(Cl)(Cl)Cl,1,29.3
N#Cc1ccc(/C=C/[B-](F)(F)F)cc1.[K+],[2H]C([2H])([2H])S(=O)C([2H])([2H])[2H],1,2.42
Fc1cc(F)cc(/C=C/[B-](F)(F)F)c1.[K+],[2H]C([2H])([2H])S(=O)C([2H])([2H])[2H],1,2.46
CC(C)(C)OC(=O)Nc1cccc(/C=C/B2OC(C)(C)C(C)(C)O2)c1,[2H]C(Cl)(Cl)Cl,1,30.5
CC(C)(C)OC(=O)Nc1cccc(/C=C/[B-](F)(F)F)c1.[K+],[2H]C([2H])([2H])S(=O)C([2H])([2H])[2H],1,2.7
Cc1ccccc1/C=C/[B-](F)(F)F.[K+],[2H]C([2H])([2H])S(=O)C([2H])([2H])[2H],1,2.55
F[B-](F)(F)/C=C/c1ccncc1.[K+],[2H]C([2H])([2H])S(=O)C([2H])([2H])[2H],1,2.38
CC1(C)OB(/C=C/c2ccnc(Cl)c2)OC1(C)C,[2H]C(Cl)(Cl)Cl,1,29.5
F[B-](F)(F)/C=C/c1ccnc(Cl)c1,[2H]C([2H])([2H])S(=O)C([2H])([2H])[2H],1,1.9
CC1(C)OB(/C=C/c2ccc(C#N)nc2)OC1(C)C,[2H]C(Cl)(Cl)Cl,1,29.3
N#Cc1ccc(/C=C/[B-](F)(F)F)cn1,[2H]C([2H])([2H])S(=O)C([2H])([2H])[2H],1,2.35
COC(=O)c1cncc(/C=C/B2OC(C)(C)C(C)(C)O2)c1,[2H]C(Cl)(Cl)Cl,1,28.5
COC(=O)c1cncc(/C=C/[B-](F)(F)F)c1.[K+],[2H]C([2H])([2H])S(=O)C([2H])([2H])[2H],1,2.27
Cc1ccc2cc(/C=C/B3OC(C)(C)C(C)(C)O3)ccc2n1,[2H]C(Cl)(Cl)Cl,1,29.8
Cc1ccc2cc(/C=C/[B-](F)(F)F)ccc2n1.[K+],[2H]C([2H])([2H])S(=O)C([2H])([2H])[2H],1,2.4
C/C(=C\c1ccccc1)C(O)/C(=C/C(C)(C)C)B1OC(C)(C)C(C)(C)O1,[2H]C(Cl)(Cl)Cl,1,30
CCCCCC/C(=C\c1ccccc1)C(O)/C(=C/c1ccccc1)B1OC(C)(C)C(C)(C)O1,[2H]C(Cl)(Cl)Cl,1,30.3
CC/C=C(\C)C(O)/C(=C/C(C)(C)C)B1OC(C)(C)C(C)(C)O1,[2H]C(Cl)(Cl)Cl,1,37
CC/C=C(\C)C(O)/C(=C/c1ccccc1)B1OC(C)(C)C(C)(C)O1,[2H]C(Cl)(Cl)Cl,1,30
CC1(C)OB(/C(=C\c2ccccc2)C(O)C2=CCCCC2)OC1(C)C,[2H]C(Cl)(Cl)Cl,1,30.3
CC1(C)OB(/C(=C\c2ccccc2)C(O)/C(Br)=C/c2ccccc2)OC1(C)C,[2H]C(Cl)(Cl)Cl,1,30.2
CC1(C(O)C2(B3OC(C)(C)C(C)(C)O3)OC2c2ccccc2)OC1c1ccccc1,[2H]C(Cl)(Cl)Cl,1,29.7
CCCCCCC1(C(O)C2(B3OC(C)(C)C(C)(C)O3)OC2c2ccccc2)OC1c1ccccc1,[2H]C(Cl)(Cl)Cl,1,28.4
CCC1OC1(C)C(O)C1(B2OC(C)(C)C(C)(C)O2)OC1c1ccccc1,[2H]C(Cl)(Cl)Cl,1,29.4
CC1(C)OB(C2(C(O)C34CCCCC3O4)OC2c2ccccc2)OC1(C)C,[2H]C(Cl)(Cl)Cl,1,29.7
CC1(C)OB(/C(=C\c2ccccc2)C(O)C2OC2c2ccccc2)OC1(C)C,[2H]C(Cl)(Cl)Cl,1,30.2
CC(C)(C)/C=C(\B1OC(C)(C)C(C)(C)O1)C(O)C1(C)OC1c1ccccc1,[2H]C(Cl)(Cl)Cl,1,30.5
CCC1OC1(C)C(O)/C(=C/C(C)(C)C)B1OC(C)(C)C(C)(C)O1,[2H]C(Cl)(Cl)Cl,1,30.2
CCCCCCC1(C(O)/C(=C/c2ccccc2)B2OC(C)(C)C(C)(C)O2)OC1c1ccccc1,[2H]C(Cl)(Cl)Cl,1,30.1
CCC1OC1(C)C(O)/C(=C/c1ccccc1)B1OC(C)(C)C(C)(C)O1,[2H]C(Cl)(Cl)Cl,1,30.8
CC1(C)OB(/C(=C\c2ccccc2)C(O)C23CCCCC2O3)OC1(C)C,[2H]C(Cl)(Cl)Cl,1,30.5
C=C(B1Nc2cccc3cccc(c23)N1)c1ccc(OC)cc1,[2H]C(Cl)(Cl)Cl,1,29.1
C=C(B1Nc2cccc3cccc(c23)N1)c1ccc(C(F)(F)F)cc1,[2H]C(Cl)(Cl)Cl,1,29
C=C(CCCCCC)B1Nc2cccc3cccc(c23)N1,[2H]C(Cl)(Cl)Cl,1,28.5
C=C(B1Nc2cccc3cccc(c23)N1)C(C)(C)C,[2H]C(Cl)(Cl)Cl,1,30.1
C=C(B1Nc2cccc3cccc(c23)N1)[Si](C)(C)C,[2H]C(Cl)(Cl)Cl,1,30.1
C=C(COC)B1Nc2cccc3cccc(c23)N1,[2H]C(Cl)(Cl)Cl,1,27.9
C=C(CCBr)B1Nc2cccc3cccc(c23)N1,[2H]C(Cl)(Cl)Cl,1,28.2
C=C(B1Nc2cccc3cccc(c23)N1)c1cc2c(cc1C)C(C)(C)CCC2(C)C,[2H]C(Cl)(Cl)Cl,1,28.7
C=C(B1OC(C)(C)C(C)(C)O1)c1cc2c(cc1C)C(C)(C)CCC2(C)C,[2H]C(Cl)(Cl)Cl,1,30.1
CC1(C)OB([Se]c2ccccc2)OC1(C)C,[2H]C(Cl)(Cl)Cl,1,32.82
C/C(Nc1c(C(C)C)cccc1C(C)C)=[N+](/[BH-](c1c(F)c(F)c(F)c(F)c1F)c1c(F)c(F)c(F)c(F)c1F)c1c(F)c(F)c(F)c(F)c1F,[2H]c1c([2H])c([2H])c(C([2H])([2H])[2H])c([2H])c1[2H],1,-13.3
C/C(Nc1c(C(C)C)cccc1C(C)C)=[N+](/[BH-](c1c(F)c(F)c(F)c(F)c1F)c1c(F)c(F)c(F)c(F)c1F)c1ccc(C#N)cc1,[2H]c1c([2H])c([2H])c(C([2H])([2H])[2H])c([2H])c1[2H],1,-14.6
CC1=[N+](c2c(F)c(F)c(F)c(F)c2F)[B-](c2c(F)c(F)c(F)c(F)c2F)(c2c(F)c(F)c(F)c(F)c2F)N1c1c(C(C)C)cccc1C(C)C,[2H]c1c([2H])c([2H])c(C([2H])([2H])[2H])c([2H])c1[2H],1,7.52
CC1=[N+](c2c(F)c(F)c(F)c(F)c2F)[B-](c2c(F)c(F)c(F)c(F)c2F)(c2c(F)c(F)c(F)c(F)c2F)C(=O)N1c1c(C(C)C)cccc1C(C)C,[2H]c1c([2H])c([2H])c(C([2H])([2H])[2H])c([2H])c1[2H],1,-10.01
CC1=[N+](c2ccc(C#N)cc2)[B-](c2c(F)c(F)c(F)c(F)c2F)(c2c(F)c(F)c(F)c(F)c2F)C(=O)N1c1c(C(C)C)cccc1C(C)C,[2H]c1c([2H])c([2H])c(C([2H])([2H])[2H])c([2H])c1[2H],1,-10.2
Cc1ccc(N=C(N(B2OC(C)(C)C(C)(C)O2)c2ccc(C)cc2)P(c2ccccc2)c2ccccc2)cc1,[2H]C(Cl)(Cl)Cl,1,21.8
CC1(C)OB(N(C(=S)P(c2ccccc2)c2ccccc2)C2CCCCC2)OC1(C)C,[2H]C(Cl)(Cl)Cl,1,24.4
CC1(C)OB(OC(=O)P(c2ccccc2)c2ccccc2)OC1(C)C,[2H]c1c([2H])c([2H])c([2H])c([2H])c1[2H],1,22.7
CC(C)N=C(N(B1OC(C)(C)C(C)(C)O1)C(C)C)P(c1ccccc1)c1ccccc1,[2H]C(Cl)(Cl)Cl,1,21.6
CC1(C)OB(N(C(=NC2CCCCC2)P(c2ccccc2)c2ccccc2)C2CCCCC2)OC1(C)C,[2H]C(Cl)(Cl)Cl,1,22.4
CC1(C)OB(N(C(=O)P(c2ccccc2)c2ccccc2)c2ccccc2)OC1(C)C,[2H]C(Cl)(Cl)Cl,1,25.2
CC1(C)OB(N(C(=O)P(c2ccccc2)c2ccccc2)c2ccc([N+](=O)[O-])cc2)OC1(C)C,[2H]C(Cl)(Cl)Cl,1,23.9
CCN(B1OC(C)(C)C(C)(C)O1)C(=O)P(c1ccccc1)c1ccccc1,[2H]C(Cl)(Cl)Cl,1,24.5
CC1(C)OB(N(C(=O)P(c2ccccc2)c2ccccc2)C2CCCCC2)OC1(C)C,[2H]C(Cl)(Cl)Cl,1,24.7
CC(C)(C)N(B1OC(C)(C)C(C)(C)O1)C(=O)P(c1ccccc1)c1ccccc1,[2H]C(Cl)(Cl)Cl,1,25.2
CC1(C)OB(N(C(=S)P(c2ccccc2)c2ccccc2)c2ccccc2)OC1(C)C,[2H]C(Cl)(Cl)Cl,1,24.1
CC1(C)OB(N(Cc2ccccc2)C(=S)P(c2ccccc2)c2ccccc2)OC1(C)C,[2H]C(Cl)(Cl)Cl,1,24.5
CC(C)(C)N(B1OC(C)(C)C(C)(C)O1)C(=S)P(c1ccccc1)c1ccccc1,[2H]C(Cl)(Cl)Cl,1,23.4
CC1=CC(=O)C(B2OC(C)(C)C(C)(C)O2)=C(C)C1=O,[2H]C(Cl)(Cl)Cl,1,28.3
COc1cc(C)c(OC)c(C)c1B1OC(C)(C)C(C)(C)O1,[2H]C(Cl)(Cl)Cl,1,31.8
CC1=CC(=O)C([B-](F)(F)F)=C(C)C1=O.[K+],[2H]C(Cl)(Cl)Cl,1,2
COc1cc(C)c(OC)c(C)c1B1OC(=O)CN(C)CC(=O)O1,[2H]C([2H])([2H])C(=O)C([2H])([2H])[2H],1,12.3
CC1=CC(=O)C(B2OC(=O)CN(C)CC(=O)O2)=C(C)C1=O,[2H]C([2H])([2H])C#N,1,11.9
C=C(CB1OC(C)(C)C(C)(C)O1)c1ccccc1,[2H]C(Cl)(Cl)Cl,1,33.27
C=C(CB1OC(C)(C)C(C)(C)O1)c1ccc(Cl)cc1,[2H]C(Cl)(Cl)Cl,1,33.28
C=C(CB1OC(C)(C)C(C)(C)O1)c1ccc2ccccc2c1,[2H]C(Cl)(Cl)Cl,1,33.21
C=C(CB1OC(C)(C)C(C)(C)O1)c1ccc(Br)cc1,[2H]C(Cl)(Cl)Cl,1,33.15
C=C(CB1OC(C)(C)C(C)(C)O1)c1ccc(C)cc1,[2H]C(Cl)(Cl)Cl,1,22.4
C=C(CB1OC(C)(C)C(C)(C)O1)c1ccccc1F,[2H]C(Cl)(Cl)Cl,1,32.77
C=C(CB1OC(C)(C)C(C)(C)O1)c1ccc(F)cc1,[2H]C(Cl)(Cl)Cl,1,33.28
C=C(CB1OC(C)(C)C(C)(C)O1)c1cccc(C(F)(F)F)c1,[2H]C(Cl)(Cl)Cl,1,22.18
C=C(CB1OC(C)(C)C(C)(C)O1)c1cc(C)ccc1C,[2H]C(Cl)(Cl)Cl,1,22.44
C=C(CB1OC(C)(C)C(C)(C)O1)c1ccc(C(C)(C)C)cc1,[2H]C(Cl)(Cl)Cl,1,33.2
CC(C)=C(CB1OC(C)(C)C(C)(C)O1)c1cccc(Cl)c1,[2H]C(Cl)(Cl)Cl,1,32.9
CC(C)=C(CB1OC(C)(C)C(C)(C)O1)c1ccccc1,[2H]C(Cl)(Cl)Cl,1,33.04
COc1ccc(/C(=C/Cc2ccccc2)CB2OC(C)(C)C(C)(C)O2)cc1,[2H]C(Cl)(Cl)Cl,1,33.03
C=C(CB1OC(C)(C)C(C)(C)O1)c1cccc(OC)c1,[2H]C(Cl)(Cl)Cl,1,33.27
OB(c1ccccc1Cl)c1ccccc1Cl,[2H]C(Cl)(Cl)Cl,1,45
OB(c1cc(F)c(F)c(F)c1)c1cc(F)c(F)c(F)c1,[2H]C(Cl)(Cl)Cl,1,44
OB(c1ccccc1)c1ccccc1,[2H]C(Cl)(Cl)Cl,1,46
O[B-]([NH2+]Cc1ccccc1)(c1cc(F)c(F)c(F)c1)c1cc(F)c(F)c(F)c1,[2H]C(Cl)(Cl)Cl,1,3
NCC[NH2+][B-](O)(c1cc(F)c(F)c(F)c1)c1cc(F)c(F)c(F)c1,[2H]C(Cl)(Cl)Cl,1,1
O=C(CCCc1ccccc1)O[B-]([NH2+]Cc1ccccc1)(c1ccccc1Cl)c1ccccc1Cl,[2H]C(Cl)(Cl)Cl,1,2
O=C(CCCc1ccccc1)O[B-]([NH2+]Cc1ccccc1)(c1cc(F)c(F)c(F)c1)c1cc(F)c(F)c(F)c1,[2H]C(Cl)(Cl)Cl,1,1
O=C(O)c1ccccc1NCc1ccccc1.OB(c1cc(F)c(F)c(F)c1)c1cc(F)c(F)c(F)c1,[2H]C(Cl)(Cl)Cl,1,2
O=C(O)c1ccccc1[NH+](Cc1ccccc1)[B-](O)(c1ccccc1)c1ccccc1,[2H]C(Cl)(Cl)Cl,1,4
CCCCC(=C=C(C)C)B(O)O,[2H]c1c([2H])c([2H])c(C([2H])([2H])[2H])c([2H])c1[2H],1,29
CC(C)=C=C(CCc1ccccc1)B(O)O,[2H]c1c([2H])c([2H])c(C([2H])([2H])[2H])c([2H])c1[2H],1,29
CC1(C)OB(c2sccc2Br)OC1(C)C,[2H]C(Cl)(Cl)Cl,1,28.7
CC1(C)OB(c2sc3ccccc3c2Br)OC1(C)C,[2H]C(Cl)(Cl)Cl,1,28.9
CC(C)CCOB1OC(C)(C)C(C)(C)O1,[2H]C(Cl)(Cl)Cl,1,22.01
CCCCOB1OC(C)(C)C(C)(C)O1,[2H]C(Cl)(Cl)Cl,1,22.06
CC(OB1OC(C)(C)C(C)(C)O1)c1ccccc1,[2H]C(Cl)(Cl)Cl,1,22.09
Cc1ccc(C(C)OB2OC(C)(C)C(C)(C)O2)cc1,[2H]C(Cl)(Cl)Cl,1,22.2
COc1ccc(C(C)OB2OC(C)(C)C(C)(C)O2)cc1,[2H]C(Cl)(Cl)Cl,1,22.29
COc1ccccc1C(C)OB1OC(C)(C)C(C)(C)O1,[2H]C(Cl)(Cl)Cl,1,22.14
CC(OB1OC(C)(C)C(C)(C)O1)c1ccc(F)cc1,[2H]C(Cl)(Cl)Cl,1,22.02
CC(OB1OC(C)(C)C(C)(C)O1)c1ccccc1Cl,[2H]C(Cl)(Cl)Cl,1,22.12
CC(OB1OC(C)(C)C(C)(C)O1)c1ccccc1Br,[2H]C(Cl)(Cl)Cl,1,22.15
CC(OB1OC(C)(C)C(C)(C)O1)c1ccc([N+](=O)[O-])cc1,[2H]c1c([2H])c([2H])c([2H])c([2H])c1[2H],1,21.84
CC(OB1OC(C)(C)C(C)(C)O1)c1cccc([N+](=O)[O-])c1,[2H]C(Cl)(Cl)Cl,1,22.33
CC1(C)OB(OC(c2ccccc2)c2ccccc2)OC1(C)C,[2H]C(Cl)(Cl)Cl,1,22.26
CC1(C)OB(OCc2ccccc2)OC1(C)C,[2H]C(Cl)(Cl)Cl,1,22.45
COc1cccc(COB2OC(C)(C)C(C)(C)O2)c1,[2H]C(Cl)(Cl)Cl,1,21.71
CC1(C)OB(OCc2cccc(O)c2)OC1(C)C,[2H]C(Cl)(Cl)Cl,1,21.82
CC1(C)OB(OCc2cccc(Br)c2)OC1(C)C,[2H]C(Cl)(Cl)Cl,1,22.27
CC1(C)OB(OCc2ccc(F)cc2)OC1(C)C,[2H]C(Cl)(Cl)Cl,1,22.37
CC1(C)OB(OCc2ccc(Cl)cc2)OC1(C)C,[2H]C(Cl)(Cl)Cl,1,22.05
CC1(C)OB(OCc2ccc(Br)cc2)OC1(C)C,[2H]C(Cl)(Cl)Cl,1,21.34
CC1(C)OB(OCc2ccc(C#N)cc2)OC1(C)C,[2H]C(Cl)(Cl)Cl,1,22.32
CC1(C)OB(OCc2ccc(O)cc2)OC1(C)C,[2H]C(Cl)(Cl)Cl,1,22.32
CC1(C)OB(OCc2ccc([N+](=O)[O-])cc2)OC1(C)C,[2H]C(Cl)(Cl)Cl,1,22.33
CC1(C)OB(OCC=Cc2ccccc2)OC1(C)C,[2H]C(Cl)(Cl)Cl,1,22.2
CC1(C)OB(OCc2ccco2)OC1(C)C,[2H]C(Cl)(Cl)Cl,1,22.31
C=C(C)CC(C)(C(=C)OC)C(B1OC(C)(C)C(C)(C)O1)c1ccccc1,[2H]C(Cl)(Cl)Cl,1,32.8
C/C=C/CC(C)(C(=O)OC)C(B1OC(C)(C)C(C)(C)O1)c1ccccc1,[2H]C(Cl)(Cl)Cl,1,33.1
COC(=O)C(C)(CC=C(C)C)C(B1OC(C)(C)C(C)(C)O1)c1ccccc1,[2H]C(Cl)(Cl)Cl,1,33.1
COC(=O)C(C)(Cc1ccccc1)C(B1OC(C)(C)C(C)(C)O1)c1ccccc1,[2H]C(Cl)(Cl)Cl,1,32.8
CCC(C)(C(=O)OC)C(B1OC(C)(C)C(C)(C)O1)c1ccccc1,[2H]C(Cl)(Cl)Cl,1,32.8
CCCCC(C)(C(=O)OC)C(B1OC(C)(C)C(C)(C)O1)c1ccccc1,[2H]C(Cl)(Cl)Cl,1,33
C=C(C)CC(C)(C(=O)OC)C(B1OC(C)(C)C(C)(C)O1)c1ccccc1,[2H]C(Cl)(Cl)Cl,1,32.3
C=C(CCc1ccccc1)CC(C)(C(=O)OC)C(B1OC(C)(C)C(C)(C)O1)c1ccccc1,[2H]C(Cl)(Cl)Cl,1,33.1
C=CCC(C)(C(=O)OC)C(B1OC(C)(C)C(C)(C)O1)c1ccccc1,[2H]C(Cl)(Cl)Cl,1,32.8
C=CCC(C)(C(=O)OC)C(B1OC(C)(C)C(C)(C)O1)c1ccc(OC)cc1,[2H]C(Cl)(Cl)Cl,1,33.2
C=CCC(C)(C(=O)OC)C(B1OC(C)(C)C(C)(C)O1)c1ccc(Br)cc1,[2H]C(Cl)(Cl)Cl,1,32.4
C=CCC(C)(C(=O)OC)C(B1OC(C)(C)C(C)(C)O1)c1ccc(Cl)cc1,[2H]C(Cl)(Cl)Cl,1,32.6
C=CCC(C)(C(=O)OC)C(B1OC(C)(C)C(C)(C)O1)c1ccccc1Cl,[2H]C(Cl)(Cl)Cl,1,32.8
C=CCC(C)(C(=O)OC)C(B1OC(C)(C)C(C)(C)O1)c1cccc(Cl)c1,[2H]C(Cl)(Cl)Cl,1,32.1
C=CCC(CCCC)(C(=O)OC)C(B1OC(C)(C)C(C)(C)O1)c1ccccc1,[2H]C(Cl)(Cl)Cl,1,32.7
C=CCC(C)(C(=O)OC)C(B1OC(C)(C)C(C)(C)O1)c1ccco1,[2H]C(Cl)(Cl)Cl,1,32.1
C=CCC(C)(C(=O)OC)C(CCc1ccccc1)B1OC(C)(C)C(C)(C)O1,[2H]C(Cl)(Cl)Cl,1,34
CCCCCCCCCCOB1OC(C)(C)C(C)(C)O1,[2H]C(Cl)(Cl)Cl,1,22.1
CC1(C)OB(OC(c2ccccc2)c2ccc(F)cc2)OC1(C)C,[2H]C(Cl)(Cl)Cl,1,22.4
Cc1ccc(COB2OC(C)(C)C(C)(C)O2)cc1,[2H]C(Cl)(Cl)Cl,1,22.3
Cc1ccccc1COB1OC(C)(C)C(C)(C)O1,[2H]C(Cl)(Cl)Cl,1,22.4
CC1(C)OB(OCc2cccc3ccccc23)OC1(C)C,[2H]C(Cl)(Cl)Cl,1,22.5
Cc1ccc(S(=O)(=O)N2CC(B3OC(C)(C)C(C)(C)O3)c3cc(-c4ccccc4)ccc32)cc1,[2H]C(Cl)(Cl)Cl,1,32.52
Cc1ccc(S(=O)(=O)N2CC(B3OC(C)(C)C(C)(C)O3)c3cc(F)ccc32)cc1,[2H]C(Cl)(Cl)Cl,1,32.2
Cc1ccc(S(=O)(=O)N2CC(B3OC(C)(C)C(C)(C)O3)c3cc(Cl)ccc32)cc1,[2H]C(Cl)(Cl)Cl,1,32.39
Cc1ccc(S(=O)(=O)N2CC(B3OC(C)(C)C(C)(C)O3)c3cc(Br)ccc32)cc1,[2H]C(Cl)(Cl)Cl,1,32.01
Cc1ccc(S(=O)(=O)N2CC(B3OC(C)(C)C(C)(C)O3)c3ccc(-c4ccccc4)cc32)cc1,[2H]C(Cl)(Cl)Cl,1,32.64
Cc1ccc(S(=O)(=O)N2CC(B3OC(C)(C)C(C)(C)O3)c3ccc(F)cc32)cc1,[2H]C(Cl)(Cl)Cl,1,32.03
Cc1ccc(S(=O)(=O)N2CC(B3OC(C)(C)C(C)(C)O3)c3ccc(Cl)cc32)cc1,[2H]C(Cl)(Cl)Cl,1,32.95
Cc1ccc(S(=O)(=O)N2CC(B3OC(C)(C)C(C)(C)O3)c3ccc(Br)cc32)cc1,[2H]C(Cl)(Cl)Cl,1,32.37
Cc1ccc(S(=O)(=O)N2CC(B3OC(C)(C)C(C)(C)O3)c3c(Cl)cccc32)cc1,[2H]C(Cl)(Cl)Cl,1,32.24
Cc1ccc(S(=O)(=O)N2CC(B3OC(C)(C)C(C)(C)O3)c3cccc(F)c32)cc1,[2H]C(Cl)(Cl)Cl,1,32.22
Cc1ccc(S(=O)(=O)N2CC(B3OC(C)(C)C(C)(C)O3)c3cc([N+](=O)[O-])ccc32)cc1,[2H]C(Cl)(Cl)Cl,1,31.86
CC1(C)OB(C2CN(S(=O)(=O)c3ccccc3)c3ccc(F)cc32)OC1(C)C,[2H]c1c([2H])c([2H])c([2H])c([2H])c1[2H],1,32.05
Cc1ccc(S(=O)(=O)N2CC(B3OC(C)(C)C(C)(C)O3)c3ccccc32)cc1,[2H]C(Cl)(Cl)Cl,1,32.38
CC1(C)OB(C2CN(S(=O)(=O)c3ccccc3)c3ccccc32)OC1(C)C,[2H]C(Cl)(Cl)Cl,1,29.89
Cc1ccc(S(=O)(=O)N2CC(B3OC(C)(C)C(C)(C)O3)c3ccc(C)cc32)cc1,[2H]C(Cl)(Cl)Cl,1,32.03
COc1ccc2c(c1)C(B1OC(C)(C)C(C)(C)O1)CN2S(=O)(=O)c1ccc(C)cc1,[2H]C(Cl)(Cl)Cl,1,32.39
C(=C/c1ccccc1)\B1Nc2cccc3cccc(c23)N1,[2H]C(Cl)(Cl)Cl,1,27.8
CC(C)OB1OC(C)(C)C(C)(C)O1,[2H]c1c([2H])c([2H])c([2H])c([2H])c1[2H],1,22.2
CC1(C)OB(CI)OC1(C)C,[2H]c1c([2H])c([2H])c([2H])c([2H])c1[2H],1,31.8
CC1(C)OB(C/C(=C/CSc2ccccc2)CO[Si](C)(C)C(C)(C)C)OC1(C)C,[2H]c1c([2H])c([2H])c([2H])c([2H])c1[2H],1,33.4
C=C(C)CC/C=C(\CO[Si](C)(C)C(C)(C)C)CB1OC(C)(C)C(C)(C)O1,[2H]c1c([2H])c([2H])c([2H])c([2H])c1[2H],1,33.6
C=CCC/C=C(\CO[Si](C)(C)C(C)(C)C)CB1OC(C)(C)C(C)(C)O1,[2H]c1c([2H])c([2H])c([2H])c([2H])c1[2H],1,33.5
CCOC(=O)CC(B1OC(C)(C)C(C)(C)O1)C1CCCCC1,[2H]C(Cl)(Cl)Cl,1,33.7
CCOC(=O)CC(B1OC(C)(C)C(C)(C)O1)C(C)C,[2H]C(Cl)(Cl)Cl,1,33.83
COC(=O)CC(C)B1OC(C)(C)C(C)(C)O1,[2H]C(Cl)(Cl)Cl,1,33.99
CCOC(=O)CC(CC(C)C)B1OC(C)(C)C(C)(C)O1,[2H]C(Cl)(Cl)Cl,1,34.1
CCCCCCCC(CC(=O)OCC)B1OC(C)(C)C(C)(C)O1,[2H]C(Cl)(Cl)Cl,1,34.12
CCOC(=O)CC(B1OC(C)(C)C(C)(C)O1)c1ccccc1,[2H]C(Cl)(Cl)Cl,1,32.6
CCOC(=O)CC(B1OC(C)(C)C(C)(C)O1)c1ccc(OC)cc1,[2H]C(Cl)(Cl)Cl,1,32.59
O=C1OCCN1/C(=C\c1ccccc1)B(O)O,[2H]C(Cl)(Cl)Cl,1,29.94
CC1(C)OB(/C(=C/c2ccccc2)N2CCOC2=O)OC1(C)C,[2H]C(Cl)(Cl)Cl,1,29.12
O=C1OCCN1/C(=C\c1ccccc1)B1Nc2cccc3cccc(c23)N1,[2H]C(Cl)(Cl)Cl,1,27.26
COC(=O)N(C)/C(=C\c1ccccc1)B1OC(C)(C)C(C)(C)O1,[2H]C(Cl)(Cl)Cl,1,29.53
CC(C)/C=C(/B1OC(C)(C)C(C)(C)O1)N1C(=O)OC[C@@H]1c1ccccc1,[2H]C(Cl)(Cl)Cl,1,28.56
CC(C)/C=C(/B1OC(C)(C)C(C)(C)O1)N1C(=O)OC[C@H]1c1ccccc1,[2H]C(Cl)(Cl)Cl,1,28.51
CC(C)/C=C(/B1OC(C)(C)C(C)(C)O1)N1C(=O)O[C@H](c2ccccc2)[C@@H]1c1ccccc1,[2H]C(Cl)(Cl)Cl,1,28.81
CC1(C)OB(/C(=C/C2CCCCC2)N2C(=O)O[C@H](c3ccccc3)[C@@H]2c2ccccc2)OC1(C)C,[2H]C(Cl)(Cl)Cl,1,28.8
COC(=O)N(/C(=C\c1ccccc1)B1OC(C)(C)C(C)(C)O1)c1ccccc1,[2H]C(Cl)(Cl)Cl,1,29.89
CCC[C@H](B1OC(C)(C)C(C)(C)O1)N1CCOC1=O,[2H]C(Cl)(Cl)Cl,1,32.32
CCCC[C@H](B1OC(C)(C)C(C)(C)O1)N1CCOC1=O,[2H]C(Cl)(Cl)Cl,1,32.43
CC(C)C[C@H](B1OC(C)(C)C(C)(C)O1)N1CCOC1=O,[2H]C(Cl)(Cl)Cl,1,32.62
CCCCC[C@H](B1OC(C)(C)C(C)(C)O1)N1CCOC1=O,[2H]C(Cl)(Cl)Cl,1,32.3
CC1(C)OB([C@@H](CCCc2ccccc2)N2CCOC2=O)OC1(C)C,[2H]C(Cl)(Cl)Cl,1,32.02
CC1(C)OB([C@@H](CC2CCCCC2)N2CCOC2=O)OC1(C)C,[2H]C(Cl)(Cl)Cl,1,32.49
Cc1ccc(C[C@H](B2OC(C)(C)C(C)(C)O2)N2CCOC2=O)cc1,[2H]C(Cl)(Cl)Cl,1,32.56
CC(C)c1ccc(C[C@H](B2OC(C)(C)C(C)(C)O2)N2CCOC2=O)cc1,[2H]C(Cl)(Cl)Cl,1,31.43
CC1(C)OB([C@@H](Cc2ccc(OCc3ccccc3)cc2)N2CCOC2=O)OC1(C)C,[2H]C(Cl)(Cl)Cl,1,32.68
CC1(C)OB([C@@H](Cc2ccc(Cl)cc2)N2CCOC2=O)OC1(C)C,[2H]C(Cl)(Cl)Cl,1,32.28
Cc1cccc(C[C@H](B2OC(C)(C)C(C)(C)O2)N2CCOC2=O)c1,[2H]C(Cl)(Cl)Cl,1,31.88
COc1cccc(C[C@H](B2OC(C)(C)C(C)(C)O2)N2CCOC2=O)c1,[2H]C(Cl)(Cl)Cl,1,32.35
COc1cc(C[C@H](B2OC(C)(C)C(C)(C)O2)N2CCOC2=O)cc(OC)c1OC,[2H]C(Cl)(Cl)Cl,1,32.82
Cc1ccccc1C[C@H](B1OC(C)(C)C(C)(C)O1)N1CCOC1=O,[2H]C(Cl)(Cl)Cl,1,32.04
CC1(C)OB([C@@H](Cc2ccccc2)N2C(=O)OC[C@H]2c2ccccc2)OC1(C)C,[2H]C(Cl)(Cl)Cl,1,31.42
CC1(C)OB([C@@H](Cc2ccccc2)N2C(=O)OC[C@@H]2c2ccccc2)OC1(C)C,[2H]C(Cl)(Cl)Cl,1,31.95
COC(=O)N(C)C(Cc1ccccc1)B1OC(C)(C)C(C)(C)O1,[2H]C(Cl)(Cl)Cl,1,21.52
CC(C)C[C@H](B1OC(C)(C)C(C)(C)O1)N1C(=O)OC[C@@H]1c1ccccc1,[2H]C(Cl)(Cl)Cl,1,32.49
CC(C)C[C@@H](B1OC(C)(C)C(C)(C)O1)N1C(=O)OC[C@@H]1c1ccccc1,[2H]C(Cl)(Cl)Cl,1,32.74
CC(C)C[C@H](B1OC(C)(C)C(C)(C)O1)N1C(=O)OC[C@H]1c1ccccc1,[2H]C(Cl)(Cl)Cl,1,32.26
CC(C)C[C@@H](B1OC(C)(C)C(C)(C)O1)N1C(=O)OC[C@H]1c1ccccc1,[2H]C(Cl)(Cl)Cl,1,32.65
CC1(C)OB([C@@H](Cc2ccccc2)N2CCOC2=O)OC1(C)C,[2H]C(Cl)(Cl)Cl,1,32.31
CC(C)C[C@H](B1OC(C)(C)C(C)(C)O1)N1C(=O)O[C@H](c2ccccc2)[C@@H]1c1ccccc1,[2H]C(Cl)(Cl)Cl,1,32.69
CC(C)C[C@@H](B1OC(C)(C)C(C)(C)O1)N1C(=O)O[C@H](c2ccccc2)[C@@H]1c1ccccc1,[2H]C(Cl)(Cl)Cl,1,31.98
CC1(C)OB([C@@H](CC2CCCCC2)N2C(=O)O[C@H](c3ccccc3)[C@@H]2c2ccccc2)OC1(C)C,[2H]C(Cl)(Cl)Cl,1,32.66
CC1(C)OB([C@H](CC2CCCCC2)N2C(=O)O[C@H](c3ccccc3)[C@@H]2c2ccccc2)OC1(C)C,[2H]C(Cl)(Cl)Cl,1,33.1
COC(=O)N(c1ccccc1)C(Cc1ccccc1)B1OC(C)(C)C(C)(C)O1,[2H]C(Cl)(Cl)Cl,1,23.85
CC/C=C(/B1OC(C)(C)C(C)(C)O1)N1CCOC1=O,[2H]C(Cl)(Cl)Cl,1,28.81
CCC/C=C(/B1OC(C)(C)C(C)(C)O1)N1CCOC1=O,[2H]C(Cl)(Cl)Cl,1,29
CC(C)/C=C(/B1OC(C)(C)C(C)(C)O1)N1CCOC1=O,[2H]C(Cl)(Cl)Cl,1,28.85
CCCC/C=C(/B1OC(C)(C)C(C)(C)O1)N1CCOC1=O,[2H]C(Cl)(Cl)Cl,1,28.97
CC1(C)OB(/C(=C/CCc2ccccc2)N2CCOC2=O)OC1(C)C,[2H]C(Cl)(Cl)Cl,1,28.72
CC1(C)OB(/C(=C/C2CCCCC2)N2CCOC2=O)OC1(C)C,[2H]C(Cl)(Cl)Cl,1,28.61
Cc1ccc(/C=C(/B2OC(C)(C)C(C)(C)O2)N2CCOC2=O)cc1,[2H]C(Cl)(Cl)Cl,1,29.62
CC(C)c1ccc(/C=C(/B2OC(C)(C)C(C)(C)O2)N2CCOC2=O)cc1,[2H]C(Cl)(Cl)Cl,1,29.66
CC1(C)OB(/C(=C/c2ccc(OCc3ccccc3)cc2)N2CCOC2=O)OC1(C)C,[2H]C(Cl)(Cl)Cl,1,29.84
CC1(C)OB(/C(=C/c2ccc(Cl)cc2)N2CCOC2=O)OC1(C)C,[2H]C(Cl)(Cl)Cl,1,29.47
Cc1cccc(/C=C(/B2OC(C)(C)C(C)(C)O2)N2CCOC2=O)c1,[2H]C(Cl)(Cl)Cl,1,29.64
CC1(C)OB(/C(=C/c2cccc(F)c2)N2CCOC2=O)OC1(C)C,[2H]C(Cl)(Cl)Cl,1,29.38
COc1cccc(/C=C(/B2OC(C)(C)C(C)(C)O2)N2CCOC2=O)c1,[2H]C(Cl)(Cl)Cl,1,29.25
COc1cc(/C=C(/B2OC(C)(C)C(C)(C)O2)N2CCOC2=O)cc(OC)c1OC,[2H]C(Cl)(Cl)Cl,1,28.47
Cc1ccccc1/C=C(/B1OC(C)(C)C(C)(C)O1)N1CCOC1=O,[2H]C(Cl)(Cl)Cl,1,29.46
CC1(C)OB(/C(=C/c2ccccc2)N2C(=O)OC[C@H]2c2ccccc2)OC1(C)C,[2H]C(Cl)(Cl)Cl,1,30.09
CC1(C)OB(/C(=C/c2ccccc2)N2C(=O)OC[C@@H]2c2ccccc2)OC1(C)C,[2H]C(Cl)(Cl)Cl,1,30.1
COC(=O)[C@@]1(c2ccccc2)C[C@]1(B1OC(C)(C)C(C)(C)O1)c1ccc(F)cc1,[2H]C(Cl)(Cl)Cl,1,30.08
COC(=O)[C@@]1(c2ccccc2)C[C@]1(B1OC(C)(C)C(C)(C)O1)c1ccccc1,[2H]C(Cl)(Cl)Cl,1,30.36
COC(=O)[C@@]1(c2ccc(Cl)c(Cl)c2)C[C@]1(B1OC(C)(C)C(C)(C)O1)c1ccccc1,[2H]C(Cl)(Cl)Cl,1,30.36
OB1Oc2ccc(F)cc2C1[NH+]1CCOCC1.[Cl-],[2H]OC([2H])([2H])[2H],1,14.8
OB1Oc2c(F)cccc2C1[NH+]1CCOCC1.[Cl-],[2H]OC([2H])([2H])[2H],1,14.6
OB1Oc2ccccc2C1[NH+]1CCOCC1.[Cl-],[2H]O[2H],1,14.3
OB1Oc2ccccc2C1[NH+]1CCCCC1.[Cl-],[2H]OC([2H])([2H])[2H],1,16.3
OB1Oc2ccccc2C1[NH+]1CCCC1.[Cl-],[2H]OC([2H])([2H])[2H],1,18.5
OB1Oc2ccccc2C1[NH+](Cc1ccccc1)Cc1ccccc1.[Cl-],[2H]OC([2H])([2H])[2H],1,10.8
C[NH+](Cc1ccccc1)C1B(O)Oc2ccccc21.[Cl-],[2H]OC([2H])([2H])[2H],1,15.7
C[NH+](C)C1B(O)Oc2ccccc21.[Cl-],[2H]OC([2H])([2H])[2H],1,16.6
CC[NH+](CC)C1B(O)Oc2ccccc21.[Cl-],[2H]OC([2H])([2H])[2H],1,16
CCC[NH+](CCC)C1B(O)Oc2ccccc21.[Cl-],[2H]OC([2H])([2H])[2H],1,15.3
[BH3-][NH+]1C(C)(C)CCCC1(C)C,[2H]c1c([2H])c([2H])c([2H])c([2H])c1[2H],1,-21.1
[BH3-][NH+](C1CCCCC1)C1CCCCC1,[2H]c1c([2H])c([2H])c([2H])c([2H])c1[2H],1,-21.1
[BH3-][NH+](C(C)C)C(C)(C)C,[2H]c1c([2H])c([2H])c([2H])c([2H])c1[2H],1,-23.72
CC1(C)OB(CC(CN(Cc2ccccc2)Cc2ccccc2)c2ccccc2)OC1(C)C,[2H]C(Cl)(Cl)Cl,1,33.49
Cc1ccc(C(CB2OC(C)(C)C(C)(C)O2)CN(Cc2ccccc2)Cc2ccccc2)cc1,[2H]C(Cl)(Cl)Cl,1,32.62
CC1(C)OB(CC(CN(Cc2ccccc2)Cc2ccccc2)c2ccc(C(F)(F)F)cc2)OC1(C)C,[2H]C(Cl)(Cl)Cl,1,32.94
CC1(C)OB(CC(CN(Cc2ccccc2)Cc2ccccc2)c2ccc(Cl)cc2)OC1(C)C,[2H]C(Cl)(Cl)Cl,1,32.07
CC1(C)OB(CC(CN(Cc2ccccc2)Cc2ccccc2)c2cccc(Cl)c2)OC1(C)C,[2H]C(Cl)(Cl)Cl,1,32.92
CC1(C)OB(CC(CN(Cc2ccccc2)Cc2ccccc2)c2ccccc2Cl)OC1(C)C,[2H]C(Cl)(Cl)Cl,1,33.52
CC1(C)OB(CC(CN(Cc2ccccc2)Cc2ccccc2)c2ccccc2Br)OC1(C)C,[2H]C(Cl)(Cl)Cl,1,33.95
CC1(C)OB(CC(CN(Cc2ccccc2)Cc2ccccc2)c2cccs2)OC1(C)C,[2H]C(Cl)(Cl)Cl,1,30.01
CC1(C)OB(C2C(CN(Cc3ccccc3)Cc3ccccc3)[C@H]3CC[C@@H]2C3)OC1(C)C,[2H]C(Cl)(Cl)Cl,1,34.29
CCOC(=O)C(CB1OC(C)(C)C(C)(C)O1)CN(Cc1ccccc1)Cc1ccccc1,[2H]C(Cl)(Cl)Cl,1,33.63
CC1(C)OB(/C(=C(\CN(Cc2ccccc2)Cc2ccccc2)c2ccccc2)c2ccccc2)OC1(C)C,[2H]C(Cl)(Cl)Cl,1,27.69
C/C(B1OC(C)(C)C(C)(C)O1)=C(/CN(Cc1ccccc1)Cc1ccccc1)c1ccccc1,[2H]C(Cl)(Cl)Cl,1,31.08
CC1(C)OB(/C(=C(\CN(Cc2ccccc2)Cc2ccccc2)c2cccs2)c2cccs2)OC1(C)C,[2H]C(Cl)(Cl)Cl,1,22.41
C=C(B1OC(C)(C)C(C)(C)O1)C(CN(Cc1ccccc1)Cc1ccccc1)c1ccccc1,[2H]C(Cl)(Cl)Cl,1,30.63
C=C(B1OC(C)(C)C(C)(C)O1)C(CN(Cc1ccccc1)Cc1ccccc1)C1CCCCC1,[2H]C(Cl)(Cl)Cl,1,30.23
C=C(B1OC(C)(C)C(C)(C)O1)C(CCCCCCCCCC)CN(Cc1ccccc1)Cc1ccccc1,[2H]C(Cl)(Cl)Cl,1,31.58
CC(C)(C)OC(=O)NCC(CB1OC(C)(C)C(C)(C)O1)c1ccccc1,[2H]C(Cl)(Cl)Cl,1,33.16
CCC[C@H]([NH3+])B1OC(C)(C)C(C)(C)O1.[Cl-],[2H]C(Cl)(Cl)Cl,1,31.4
CC(C)[C@H]([NH3+])B1OC(C)(C)C(C)(C)O1.[Cl-],[2H]C([2H])([2H])S(=O)C([2H])([2H])[2H],1,33
CC1(C)OB([C@@H]([NH3+])C2CCCCC2)OC1(C)C.[Cl-],[2H]C(Cl)(Cl)Cl,1,33.1
CC1(C)OB([C@@H]([NH3+])Cc2ccccc2)OC1(C)C.[Cl-],[2H]C([2H])([2H])S(=O)C([2H])([2H])[2H],1,32.9
CC1(C)OB([C@@H]([NH3+])Cc2cn(Cc3ccccc3)c3ccccc23)OC1(C)C.[Cl-],[2H]C([2H])([2H])S(=O)C([2H])([2H])[2H],1,33.1
[NH2+]=C(Cc1ccccc1)[B-](F)(F)F,[2H]C([2H])([2H])C(=O)C([2H])([2H])[2H],1,-0.48
CCC(=[NH2+])[B-](F)(F)F,[2H]C([2H])([2H])C(=O)C([2H])([2H])[2H],1,-0.59
CC(C)CC(=[NH2+])[B-](F)(F)F,[2H]C([2H])([2H])C(=O)C([2H])([2H])[2H],1,-0.64
[NH2+]=C(C1CC1)[B-](F)(F)F,[2H]C([2H])([2H])C(=O)C([2H])([2H])[2H],1,-0.79
[NH2+]=C(C1CCCC1)[B-](F)(F)F,[2H]C([2H])([2H])C(=O)C([2H])([2H])[2H],1,-0.48
[NH2+]=C(CCCCO)[B-](F)(F)F,[2H]C([2H])([2H])C(=O)C([2H])([2H])[2H],1,-0.6
[NH3+]C(c1ccc2c(c1)OCO2)[B-](F)(F)F,[2H]OC([2H])([2H])[2H],1,2.59
[NH3+]C(c1ccc(-c2ccccc2)cc1)[B-](F)(F)F,[2H]C([2H])([2H])S(=O)C([2H])([2H])[2H],1,2.6
COc1ccc(C([NH3+])[B-](F)(F)F)cc1,[2H]C([2H])([2H])S(=O)C([2H])([2H])[2H],1,2.39
CC(C)C([NH3+])[B-](F)(F)F,[2H]OC([2H])([2H])[2H],1,2.84
CC(C)CC([NH3+])[B-](F)(F)F,[2H]OC([2H])([2H])[2H],1,2.96
[NH3+]C(C1CC1)[B-](F)(F)F,[2H]OC([2H])([2H])[2H],1,2.77
[NH3+]C(C1CCCC1)[B-](F)(F)F,[2H]C([2H])([2H])S(=O)C([2H])([2H])[2H],1,2.77
CCC([NH3+])[B-](F)(F)F,[2H]OC([2H])([2H])[2H],1,2.91
[NH3+]C(CCCCO)[B-](F)(F)F,[2H]OC([2H])([2H])[2H],1,29.35
CCC([NH3+])B(O)O.[Cl-],[2H]OC([2H])([2H])[2H],1,28.74
[Cl-].[NH3+]C(B(O)O)c1ccc(F)cc1,[2H]OC([2H])([2H])[2H],1,28.17
[Cl-].[NH3+]C(B(O)O)c1ccccc1,[2H]OC([2H])([2H])[2H],1,28.2
Cc1ccc(C([NH3+])B(O)O)cc1.[Cl-],[2H]OC([2H])([2H])[2H],1,27.97
[Cl-].[NH3+]C(B(O)O)c1ccc(Cl)cc1,[2H]OC([2H])([2H])[2H],1,28.12
[Cl-].[NH3+]C(B(O)O)c1ccc(C(F)(F)F)cc1,[2H]OC([2H])([2H])[2H],1,27.79
[Cl-].[NH3+]C(B(O)O)c1ccc2c(c1)OCO2,[2H]OC([2H])([2H])[2H],1,28.07
[Cl-].[NH3+]C(B(O)O)c1ccc(-c2ccccc2)cc1,[2H]OC([2H])([2H])[2H],1,29.28
COc1ccc(C([NH3+])B(O)O)cc1.[Cl-],[2H]OC([2H])([2H])[2H],1,28.54
[Cl-].[NH3+]C(Cc1ccccc1)B(O)O,[2H]OC([2H])([2H])[2H],1,28.6
CC(C)C([NH3+])B(O)O.[Cl-],[2H]OC([2H])([2H])[2H],1,28.64
[Cl-].[NH3+]C(B(O)O)C1CC1,[2H]OC([2H])([2H])[2H],1,0.36
[Cl-].[NH3+]C(B(O)O)C1CCCC1,[2H]OC([2H])([2H])[2H],1,28.64
[Cl-].[NH3+]C(CCCCO)B(O)O,[2H]OC([2H])([2H])[2H],1,29.35
CC(C)CC([NH3+])B(O)O.[Cl-],[2H]OC([2H])([2H])[2H],1,29.06
[NH3+]C(c1ccc(F)cc1)[B-](F)(F)F,[2H]OC([2H])([2H])[2H],1,2.56
Cc1ccc(C([NH3+])[B-](F)(F)F)cc1,[2H]OC([2H])([2H])[2H],1,2.67
[NH2+]=C(c1ccc(Cl)cc1)[B-](F)(F)F,[2H]C([2H])([2H])C(=O)C([2H])([2H])[2H],1,-0.01
[NH3+]C(c1ccc(Cl)cc1)[B-](F)(F)F,[2H]OC([2H])([2H])[2H],1,2.51
N#Cc1ccc(C(=[NH2+])[B-](F)(F)F)cc1,[2H]C([2H])([2H])C(=O)C([2H])([2H])[2H],1,-0.07
N#Cc1ccc(C([NH3+])[B-](F)(F)F)cc1,[2H]OC([2H])([2H])[2H],1,2.27
[NH2+]=C(c1ccc(C(F)(F)F)cc1)[B-](F)(F)F,[2H]C([2H])([2H])C(=O)C([2H])([2H])[2H],1,-0.04
[NH3+]C(c1ccc(C(F)(F)F)cc1)[B-](F)(F)F,[2H]OC([2H])([2H])[2H],1,2.46
[NH2+]=C(c1ccc2c(c1)OCO2)[B-](F)(F)F,[2H]C([2H])([2H])C(=O)C([2H])([2H])[2H],1,0.06
[NH2+]=C(c1ccc(-c2ccccc2)cc1)[B-](F)(F)F,[2H]C([2H])([2H])C(=O)C([2H])([2H])[2H],1,0.12
COc1ccc(C(=[NH2+])[B-](F)(F)F)cc1,[2H]C([2H])([2H])C(=O)C([2H])([2H])[2H],1,0.15
CC(CC(=O)CCCB1OC(C)(C)C(C)(C)O1)N(Cc1ccccc1)C(=O)[O-],[2H]C(Cl)(Cl)Cl,1,32.32
CC(=O)c1ccc(C(CB2OC(C)(C)C(C)(C)O2)c2c(F)c(F)c(C#N)c(F)c2F)cc1,[2H]C(Cl)(Cl)Cl,1,32.7
CC1(C)OB(CC(c2ccc(Cn3ccc4ccccc43)cc2)c2c(F)c(F)c(C#N)c(F)c2F)OC1(C)C,[2H]C(Cl)(Cl)Cl,1,33.6
CC1(C)OB(CC(c2ccc(Cn3cccc3)cc2)c2c(F)c(F)c(C#N)c(F)c2F)OC1(C)C,[2H]C(Cl)(Cl)Cl,1,33.2
CC1(C)OB(CC(c2ccc(N3CCOCC3)cc2)c2c(F)c(F)c(C#N)c(F)c2F)OC1(C)C,[2H]C(Cl)(Cl)Cl,1,32.5
CC1(C)OB(CC(c2ccc(COCCSc3ccccc3)cc2)c2c(F)c(F)c(C#N)c(F)c2F)OC1(C)C,[2H]C(Cl)(Cl)Cl,1,34.1
CSc1ccc(C(CB2OC(C)(C)C(C)(C)O2)c2c(F)c(F)c(C#N)c(F)c2F)cc1,[2H]C(Cl)(Cl)Cl,1,33.4
CN(C)c1ccc(C(CB2OC(C)(C)C(C)(C)O2)c2c(F)c(F)c(C#N)c(F)c2F)cc1,[2H]C(Cl)(Cl)Cl,1,33.3
CC1(C)OB(CC(c2ccc(COCc3ccco3)cc2)c2c(F)c(F)c(C#N)c(F)c2F)OC1(C)C,[2H]C(Cl)(Cl)Cl,1,33.5
C=CCCOCc1ccc(C(CB2OC(C)(C)C(C)(C)O2)c2c(F)c(F)c(C#N)c(F)c2F)cc1,[2H]C(Cl)(Cl)Cl,1,33
CC1(C)OB([C@@H]2CCc3ccccc3[C@H]2c2c(F)c(F)c(C#N)c(F)c2F)OC1(C)C,[2H]C(Cl)(Cl)Cl,1,33.5
CC1(C)OB(CC(c2c(F)c(F)c(F)c(F)c2C#N)c2cccc3ccccc23)OC1(C)C,[2H]C(Cl)(Cl)Cl,1,33.5
CC1(C)OB(CC(c2ccc(SC(F)(F)F)cc2)c2c(F)c(F)c(F)c(F)c2C#N)OC1(C)C,[2H]C(Cl)(Cl)Cl,1,33.3
CC1(C)O[C@@H]2[C@@H](CO[C@@]3(COCc4ccc(C(CB5OC(C)(C)C(C)(C)O5)c5c(F)c(F)c(C#N)c(F)c5F)cc4)OC(C)(C)O[C@@H]23)O1,[2H]C(Cl)(Cl)Cl,1,30.1
Cc1c(C)c2c(c(C)c1OCc1ccc(C(CB3OC(C)(C)C(C)(C)O3)c3c(F)c(F)c(C#N)c(F)c3F)cc1)CC[C@@](C)(CCC[C@H](C)CCC[C@H](C)CCCC(C)C)O2,[2H]C(Cl)(Cl)Cl,1,32
CC1(C)OB(CC(c2ccccc2)c2c(F)cc(F)c(F)c2C#N)OC1(C)C,[2H]C(Cl)(Cl)Cl,1,33.7
CC1(C)OB(CC(c2ccccc2)c2cc(C#N)cc(F)c2F)OC1(C)C,[2H]C(Cl)(Cl)Cl,1,33.4
N#Cc1c(F)c(F)c(C(C[B-](F)(F)F)c2ccccc2)c(F)c1F.[K+],[2H]C([2H])([2H])S(=O)C([2H])([2H])[2H],1,3.8
CC(C)(C)c1ccc(C(CB2OC(C)(C)C(C)(C)O2)c2c(F)c(F)c(C#N)c(F)c2F)cc1,[2H]C(Cl)(Cl)Cl,1,33.3
CC1(C)OB(CC(c2ccccc2)c2c(F)c(F)c(C#N)c(F)c2F)OC1(C)C,[2H]C(Cl)(Cl)Cl,1,33
Cc1ccc(C(CB2OC(C)(C)C(C)(C)O2)c2c(F)c(F)c(C#N)c(F)c2F)cc1,[2H]C(Cl)(Cl)Cl,1,32.9
CC(C)Cc1ccc(C(CB2OC(C)(C)C(C)(C)O2)c2c(F)c(F)c(C#N)c(F)c2F)cc1,[2H]C(Cl)(Cl)Cl,1,33.3
COc1ccc(C(CB2OC(C)(C)C(C)(C)O2)c2c(F)c(F)c(C#N)c(F)c2F)cc1,[2H]C(Cl)(Cl)Cl,1,33.3
CC1(C)OB(CC(c2ccc(OCc3ccccc3)cc2)c2c(F)c(F)c(C#N)c(F)c2F)OC1(C)C,[2H]C(Cl)(Cl)Cl,1,32.4
CC1(C)OB(CC(c2ccc(Oc3ccccc3)cc2)c2c(F)c(F)c(C#N)c(F)c2F)OC1(C)C,[2H]C(Cl)(Cl)Cl,1,33.5
CC1(C)OB(CC(c2ccc(COCc3ccccc3)cc2)c2c(F)c(F)c(C#N)c(F)c2F)OC1(C)C,[2H]C(Cl)(Cl)Cl,1,34.1
Cc1cccc(C(CB2OC(C)(C)C(C)(C)O2)c2c(F)c(F)c(C#N)c(F)c2F)c1,[2H]C(Cl)(Cl)Cl,1,33.1
CC1(C)OB(CC(c2ccc(-c3ccccc3)c(F)c2)c2c(F)c(F)c(C#N)c(F)c2F)OC1(C)C,[2H]C(Cl)(Cl)Cl,1,33.6
COc1cc(C(CB2OC(C)(C)C(C)(C)O2)c2c(F)c(F)c(C#N)c(F)c2F)ccc1OCc1ccccc1,[2H]C(Cl)(Cl)Cl,1,33.5
CC1(C)OB(CC(c2ccc3c(c2)OCO3)c2c(F)c(F)c(C#N)c(F)c2F)OC1(C)C,[2H]C(Cl)(Cl)Cl,1,33.2
COc1ccccc1C(CB1OC(C)(C)C(C)(C)O1)c1c(F)c(F)c(C#N)c(F)c1F,[2H]C(Cl)(Cl)Cl,1,33.2
CC1(C)OB(CC(c2ccccc2OCc2ccccc2)c2c(F)c(F)c(C#N)c(F)c2F)OC1(C)C,[2H]C(Cl)(Cl)Cl,1,33.1
CC1(C)OB(CC(c2ccc(F)cc2)c2c(F)c(F)c(C#N)c(F)c2F)OC1(C)C,[2H]C(Cl)(Cl)Cl,1,33.1
CC1(C)OB(CC(c2ccc(OC(F)(F)F)cc2)c2c(F)c(F)c(C#N)c(F)c2F)OC1(C)C,[2H]C(Cl)(Cl)Cl,1,33.3
COC(=O)C[BH2-]N1C=C(C)C=C(C)C1,[2H]C(Cl)(Cl)Cl,1,-6.09
Cn1cc[n+](C)c1[BH2-]Cc1ccc(F)cc1,[2H]C(Cl)(Cl)Cl,1,-25.7
COC(=O)C[BH2-]c1n(C)cc[n+]1C,[2H]C(Cl)(Cl)Cl,1,-28.3
COC(=O)C[BH2-]c1n(C(C)C)cc[n+]1C(C)C,[2H]C(Cl)(Cl)Cl,1,-28.18
Cn1cc[n+](C)c1[BH2-]CC(=O)OCc1ccccc1,[2H]C(Cl)(Cl)Cl,1,-28.3
Cn1cc[n+](C)c1[BH2-]Cc1ccc2ccccc2c1,[2H]C(Cl)(Cl)Cl,1,-25.7
COC(=O)C[BH-](c1n(C)cc[n+]1C)C(C(=O)OC)c1ccc(F)cc1,[2H]C(Cl)(Cl)Cl,1,16.41
COC(=O)C[BH-](c1n(C)cc[n+]1C)C(C(=O)OC)c1ccccc1,[2H]C(Cl)(Cl)Cl,1,-16.5
CCOC(=O)C[BH-](c1n(C)cc[n+]1C)C(C(=O)OC)c1ccc(F)cc1,[2H]C(Cl)(Cl)Cl,1,-16.5
COC(=O)C[BH-](c1n(C)cc[n+]1C)C(C(=O)OC)c1ccc(Cl)cc1,[2H]C(Cl)(Cl)Cl,1,-16.5
COC(=O)C[BH-](c1n(C)cc[n+]1C)C(C)c1ccc(Br)cc1,[2H]C(Cl)(Cl)Cl,1,-16.5
COC(=O)C[BH-](c1n(C)cc[n+]1C)C(C(=O)OC)c1cc(F)cc(F)c1,[2H]C(Cl)(Cl)Cl,1,-16.5
COC(=O)C[BH-](c1n(C)cc[n+]1C)C(C(=O)OC)c1ccc(C(C)=O)cc1,[2H]C(Cl)(Cl)Cl,1,-16.3
COC(=O)C[BH-](c1n(C)cc[n+]1C)C(C(=O)OC)c1ccc(C)cc1,[2H]C(Cl)(Cl)Cl,1,-16.7
COC(=O)C[BH-](c1n(C)cc[n+]1C)C(C(=O)OC)c1ccc(-c2ccccc2)cc1,[2H]C(Cl)(Cl)Cl,1,-16.5
COC(=O)C[BH-](c1n(C)cc[n+]1C)C(C(=O)OC)c1ccc(OC)cc1,[2H]C(Cl)(Cl)Cl,1,-16.5
COC(=O)C[BH-](c1n(C(C)C)cc[n+]1C(C)C)C(C(=O)OC)c1ccccc1,[2H]C(Cl)(Cl)Cl,1,-16.56
COC(=O)C[BH-](C(C(=O)OC)c1ccccc1)[n+]1cc(C)cc(C)c1,[2H]C(Cl)(Cl)Cl,1,0
COC(=O)C([BH-](CC(=O)OCc1ccccc1)c1n(C)cc[n+]1C)c1ccccc1,[2H]C(Cl)(Cl)Cl,1,-16.5
COC(=O)C([BH-](Cc1ccc(F)cc1)c1n(C)cc[n+]1C)c1ccccc1,[2H]C(Cl)(Cl)Cl,1,-14.2
[BH3-][P+]1(C)C(c2ccccc2)=C/C1=C(/c1ccccc1)c1cc2ccccc2n1-c1ncccn1,[2H]C(Cl)(Cl)Cl,1,-35.6
COP(=O)(OC)[C@@H]([BH2-][P+](C)(c1ccccc1)c1ccccc1)c1ccccc1,[2H]C(Cl)(Cl)Cl,1,-26.4
COP(=O)(OC)[C@@H]([BH2-][P+](C)(c1ccccc1)c1ccccc1)c1ccc(Br)cc1,[2H]C(Cl)(Cl)Cl,1,-26.68
COP(=O)(OC)[C@@H]([BH2-][P+](C)(c1ccccc1)c1ccccc1)c1ccc(C(F)(F)F)cc1,[2H]C(Cl)(Cl)Cl,1,-26.03
COP(=O)(OC)[C@@H]([BH2-][P+](C)(c1ccccc1)c1ccccc1)c1ccc(-c2ccccc2)cc1,[2H]C(Cl)(Cl)Cl,1,-25.86
COP(=O)(OC)[C@@H]([BH2-][P+](C)(c1ccccc1)c1ccccc1)c1ccc(OCc2ccccc2)cc1,[2H]C(Cl)(Cl)Cl,1,-25.98
COP(=O)(OC)[C@@H]([BH2-][P+](C)(c1ccccc1)c1ccccc1)c1ccc(C#N)cc1,[2H]C(Cl)(Cl)Cl,1,-26.18
COc1cccc([C@H]([BH2-][P+](C)(c2ccccc2)c2ccccc2)P(=O)(OC)OC)c1,[2H]C(Cl)(Cl)Cl,1,-26.15
COC(=O)c1cccc([C@H]([BH2-][P+](C)(c2ccccc2)c2ccccc2)P(=O)(OC)OC)c1,[2H]C(Cl)(Cl)Cl,1,-25.93
COP(=O)(OC)[C@@H]([BH2-][P+](C)(c1ccccc1)c1ccccc1)c1cccc(I)c1,[2H]C(Cl)(Cl)Cl,1,-25.96
COP(=O)(OC)[C@@H]([BH2-][P+](C)(c1ccccc1)c1ccccc1)c1ccccc1F,[2H]C(Cl)(Cl)Cl,1,-26.96
COP(=O)(OC)[C@@H]([BH2-][P+](C)(c1ccccc1)c1ccccc1)c1ccc(F)c(Cl)c1,[2H]C(Cl)(Cl)Cl,1,-26.1
COP(=O)(OC)[C@@H]([BH2-][P+](C)(c1ccccc1)c1ccccc1)c1ccc(C)c([N+](=O)[O-])c1,[2H]C(Cl)(Cl)Cl,1,-26.09
COc1cc(OC)cc([C@H]([BH2-][P+](C)(c2ccccc2)c2ccccc2)P(=O)(OC)OC)c1,[2H]C(Cl)(Cl)Cl,1,-26.05
COP(=O)(OC)[C@@H]([BH2-][P+](C)(c1ccccc1)c1ccccc1)c1ccc2c(c1)Cc1ccccc1-2,[2H]C(Cl)(Cl)Cl,1,-25.8
COP(=O)(OC)[C@@H]([BH2-][P+](C)(c1ccccc1)c1ccccc1)c1ccc2[nH]ccc2c1,[2H]C(Cl)(Cl)Cl,1,-25.15
COP(=O)(OC)[C@@H]([BH2-][P+](C)(c1ccccc1)c1ccccc1)c1ccc2c(c1)OCO2,[2H]C(Cl)(Cl)Cl,1,-26.79
COP(=O)(OC)[C@@H]([BH2-][P+](C)(c1ccccc1)c1ccccc1)c1cccc2c1oc1ccccc12,[2H]C(Cl)(Cl)Cl,1,-25.76
COP(=O)(OC)[C@@H]([BH2-][P+](C)(c1ccccc1)c1ccccc1)c1cccc2c1sc1ccccc12,[2H]C(Cl)(Cl)Cl,1,-26.64
COP(=O)(OC)[C@@H]([BH2-][P+](C)(c1ccccc1)c1ccccc1)c1cc2ccccc2c2ccccc12,[2H]C(Cl)(Cl)Cl,1,-25.37
COP(=O)(OC)[C@@H]([BH2-][P+](C)(c1ccccc1)c1ccccc1)c1cccc2ccccc12,[2H]C(Cl)(Cl)Cl,1,-25.28
CC[P+]([BH2-][C@@H](c1ccccc1)P(=O)(OC)OC)(c1ccccc1)c1ccccc1,[2H]C(Cl)(Cl)Cl,1,-27.98
COP(=O)(OC)[C@@H]([BH2-][P+](c1ccccc1)(c1ccccc1)C(C)C)c1ccccc1,[2H]C(Cl)(Cl)Cl,1,-26.75
COP(=O)(OC)[C@@H]([BH2-][P+](C)(C)c1ccccc1)c1ccccc1,[2H]C(Cl)(Cl)Cl,1,-26.3
CC[P+]([BH2-][C@@H](c1ccccc1)P(=O)(OC)OC)(CC)c1ccccc1,[2H]C(Cl)(Cl)Cl,1,-28.58
COP(=O)(OC)[C@@H]([BH2-][P+](c1ccccc1)(C1CCCCC1)C1CCCCC1)c1ccccc1,[2H]C(Cl)(Cl)Cl,1,-29.53
COP(=O)(OC)[C@@H]([BH2-][P+](C)(C)C)c1ccc(-c2ccccc2)cc1,[2H]C(Cl)(Cl)Cl,1,-25.14
CCCC[P+]([BH2-][C@@H](c1ccc(-c2ccccc2)cc1)P(=O)(OC)OC)(CCCC)CCCC,[2H]C(Cl)(Cl)Cl,1,-28.05
COP(=O)(OC)[C@@H]([BH2-][P+](OC)(OC)OC)c1ccc(-c2ccccc2)cc1,[2H]C(Cl)(Cl)Cl,1,-32.52
CCOP(=O)(OCC)[C@@H]([BH2-][P+](C)(c1ccccc1)c1ccccc1)c1ccccc1,[2H]C(Cl)(Cl)Cl,1,-26.75
CC(C)OP(=O)(OC(C)C)[C@@H](B[PH](C)(c1ccccc1)c1ccccc1)c1ccccc1,[2H]C(Cl)(Cl)Cl,1,-25.9
CCCCCCOP(=O)(OCCCCCC)[C@@H](B[PH](C)(c1ccccc1)c1ccccc1)c1ccccc1,[2H]C(Cl)(Cl)Cl,1,-25.97
C[P+]([BH2-][C@@H](c1ccc(Br)cc1)P(=O)(c1ccccc1)c1ccccc1)(c1ccccc1)c1ccccc1,[2H]C(Cl)(Cl)Cl,1,-26.84
COP(=O)(OC)[C@@H]([BH2-][P+](C)(c1ccccc1)c1ccccc1)c1ccc(Cl)cc1,[2H]C(Cl)(Cl)Cl,1,-26.85
COP(=O)(OC)[C@@H]([BH2-][P+](C)(c1ccccc1)c1ccccc1)c1ccc(CO)cc1,[2H]C(Cl)(Cl)Cl,1,-26.06
COc1ccc([C@H]([BH2-][P+](C)(c2ccccc2)c2ccccc2)P(=O)(OC)OC)cc1,[2H]C(Cl)(Cl)Cl,1,-26.16
COP(=O)(OC)[C@@H]([BH2-][P+](C)(c1ccccc1)c1ccccc1)c1ccc(C)cc1,[2H]C(Cl)(Cl)Cl,1,-26.02
COP(=O)(OC)[C@@H]([BH2-][P+](C)(c1ccccc1)c1ccccc1)c1ccc([N+](=O)[O-])cc1,[2H]C(Cl)(Cl)Cl,1,-26.62
COC(=O)c1ccc([C@H]([BH2-][P+](C)(c2ccccc2)c2ccccc2)P(=O)(OC)OC)cc1,[2H]C(Cl)(Cl)Cl,1,-26.79
COP(=O)(OC)[C@@H]([BH2-][P+](C)(c1ccccc1)c1ccccc1)c1ccc(F)cc1,[2H]C(Cl)(Cl)Cl,1,-25.98
C[N+]12CC(=O)O[B-]1(/C=C/COC(=O)c1ccccc1)OC(=O)C2,[2H]C([2H])([2H])S(=O)C([2H])([2H])[2H],1,10.17
C[N+]12CC(=O)O[B-]1(/C=C/CCCCl)OC(=O)C2,[2H]C([2H])([2H])S(=O)C([2H])([2H])[2H],1,10.16
CCCCCC/C=C/[B-]12OC(=O)C[N+]1(C)CC(=O)O2,[2H]C([2H])([2H])S(=O)C([2H])([2H])[2H],1,10.16
C[N+]12CC(=O)O[B-]1(/C=C/CCN1C(=O)c3ccccc3C1=O)OC(=O)C2,[2H]C([2H])([2H])S(=O)C([2H])([2H])[2H],1,10.45
CCOC(=O)C(F)(F)CC(Br)[B-]12OC(=O)C[N+]1(C)CC(=O)O2,[2H]C([2H])([2H])S(=O)C([2H])([2H])[2H],1,10.14
COC(=O)C(F)(F)CC(Br)[B-]12OC(=O)C[N+]1(C)CC(=O)O2,[2H]C([2H])([2H])S(=O)C([2H])([2H])[2H],1,10.05
CC(C)(C)NC(=O)C(F)(F)CC(Br)[B-]12OC(=O)C[N+]1(C)CC(=O)O2,[2H]C([2H])([2H])S(=O)C([2H])([2H])[2H],1,9.78
C[N+]12CC(=O)O[B-]1(C(Br)CC(F)(F)C(=O)NC1CCCCC1)OC(=O)C2,[2H]C([2H])([2H])S(=O)C([2H])([2H])[2H],1,10.55
C[N+]12CC(=O)O[B-]1(C(Br)CC(F)(F)C(=O)NCc1ccccc1)OC(=O)C2,[2H]C([2H])([2H])S(=O)C([2H])([2H])[2H],1,10.07
C[N+]12CC(=O)O[B-]1(C(Br)CC(F)(F)C(=O)NCc1ccc(F)cc1F)OC(=O)C2,[2H]C([2H])([2H])S(=O)C([2H])([2H])[2H],1,10.37
CC(C)c1ccc(CNC(=O)C(F)(F)CC(Br)[B-]23OC(=O)C[N+]2(C)CC(=O)O3)cc1,[2H]C([2H])([2H])S(=O)C([2H])([2H])[2H],1,10.54
C[N+]12CC(=O)O[B-]1(C(Br)CC(F)(F)C(=O)NCc1ccccc1Cl)OC(=O)C2,[2H]C([2H])([2H])S(=O)C([2H])([2H])[2H],1,10.2
C[N+]12CC(=O)O[B-]1(C(Br)CC(F)(F)C(=O)NCc1cccc3ccccc13)OC(=O)C2,[2H]C([2H])([2H])S(=O)C([2H])([2H])[2H],1,10.36
C[N+]12CC(=O)O[B-]1(C(Br)CC(F)(F)C(=O)NCCc1cccc(C(F)(F)F)c1)OC(=O)C2,[2H]C([2H])([2H])S(=O)C([2H])([2H])[2H],1,10.59
C[N+]12CC(=O)O[B-]1(C(Br)CC(F)(F)C(=O)NCCc1ccc3c(c1)OCO3)OC(=O)C2,[2H]C([2H])([2H])S(=O)C([2H])([2H])[2H],1,10.41
C[N+]12CC(=O)O[B-]1(C(Br)CC(F)(F)C(=O)NCCc1ccc3occc3c1)OC(=O)C2,[2H]C([2H])([2H])S(=O)C([2H])([2H])[2H],1,10.47
C[N+]12CC(=O)O[B-]1(C(Br)CC(F)(F)C(=O)NCCc1cccs1)OC(=O)C2,[2H]C([2H])([2H])S(=O)C([2H])([2H])[2H],1,10.31
C[N+]12CC(=O)O[B-]1(C(Br)CC(F)(F)S(=O)(=O)c1ccccc1)OC(=O)C2,[2H]C([2H])([2H])S(=O)C([2H])([2H])[2H],1,10.02
CCOP(=O)(OCC)C(F)(F)CC(Br)[B-]12OC(=O)C[N+]1(C)CC(=O)O2,[2H]C([2H])([2H])S(=O)C([2H])([2H])[2H],1,10.3
C[N+]12CC(=O)O[B-]1(C(Br)CC(F)(F)c1nc3ccccc3o1)OC(=O)C2,[2H]C([2H])([2H])S(=O)C([2H])([2H])[2H],1,9.98
C[N+]12CC(=O)O[B-]1(C(Br)CC(F)(F)c1ccccc1)OC(=O)C2,[2H]C([2H])([2H])S(=O)C([2H])([2H])[2H],1,9.97
C[N+]12CC(=O)O[B-]1(C(Br)CC(F)(F)c1ccc(Br)cc1)OC(=O)C2,[2H]C([2H])([2H])S(=O)C([2H])([2H])[2H],1,9.97
C[N+]12CC(=O)O[B-]1(C(Br)CC(F)(F)c1ccc(Cl)cc1)OC(=O)C2,[2H]C([2H])([2H])S(=O)C([2H])([2H])[2H],1,9.92
C[N+]12CC(=O)O[B-]1(C(Br)CC(F)(F)c1cccc(F)c1)OC(=O)C2,[2H]C([2H])([2H])S(=O)C([2H])([2H])[2H],1,10.07
C[N+]12CC(=O)O[B-]1(C(Br)CC(F)(F)c1ccc(C(F)F)cc1)OC(=O)C2,[2H]C([2H])([2H])S(=O)C([2H])([2H])[2H],1,10.39
CCOC(=O)C(F)(F)CC(I)[B-]12OC(=O)C[N+]1(C)CC(=O)O2,[2H]C([2H])([2H])S(=O)C([2H])([2H])[2H],1,10.13
CC(C)(C)NC(=O)C(F)(F)CC(I)[B-]12OC(=O)C[N+]1(C)CC(=O)O2,[2H]C([2H])([2H])S(=O)C([2H])([2H])[2H],1,10.53
C[N+]12CC(=O)O[B-]1(C(I)CC(F)(F)C(=O)NC1CCCCC1)OC(=O)C2,[2H]C([2H])([2H])S(=O)C([2H])([2H])[2H],1,10.34
C[N+]12CC(=O)O[B-]1(C(I)CC(F)(F)C(=O)Nc1ccc(F)cc1)OC(=O)C2,[2H]C([2H])([2H])S(=O)C([2H])([2H])[2H],1,10.72
C[N+]12CC(=O)O[B-]1(C(I)CC(F)(F)C(=O)Nc1ccc(OC(F)(F)F)cc1)OC(=O)C2,[2H]C([2H])([2H])S(=O)C([2H])([2H])[2H],1,10.74
C[N+]12CC(=O)O[B-]1(C(I)CC(F)(F)C(=O)NCc1ccccc1)OC(=O)C2,[2H]C([2H])([2H])S(=O)C([2H])([2H])[2H],1,10.87
C[N+]12CC(=O)O[B-]1(C(I)CC(F)(F)C(=O)NCc1ccc(F)cc1F)OC(=O)C2,[2H]C([2H])([2H])S(=O)C([2H])([2H])[2H],1,10.76
CC(C)c1ccc(CNC(=O)C(F)(F)CC(I)[B-]23OC(=O)C[N+]2(C)CC(=O)O3)cc1,[2H]C([2H])([2H])S(=O)C([2H])([2H])[2H],1,10.82
C[N+]12CC(=O)O[B-]1(C(I)CC(F)(F)C(=O)NCc1ccccc1Cl)OC(=O)C2,[2H]C([2H])([2H])S(=O)C([2H])([2H])[2H],1,10.62
C[N+]12CC(=O)O[B-]1(C(I)CC(F)(F)C(=O)NCCc1cccc(C(F)(F)F)c1)OC(=O)C2,[2H]C([2H])([2H])S(=O)C([2H])([2H])[2H],1,10.75
C[N+]12CC(=O)O[B-]1(C(I)CC(F)(F)C(=O)NCCc1cccs1)OC(=O)C2,[2H]C([2H])([2H])S(=O)C([2H])([2H])[2H],1,10.51
C[N+]12CC(=O)O[B-]1(C(I)CC(F)(F)S(=O)(=O)c1ccccc1)OC(=O)C2,[2H]C([2H])([2H])S(=O)C([2H])([2H])[2H],1,10.53
C[N+]12CC(=O)O[B-]1(C(I)CC(F)(F)C(F)(F)C(F)(F)C(F)(F)F)OC(=O)C2,[2H]C([2H])([2H])S(=O)C([2H])([2H])[2H],1,10.19
C[N+]12CC(=O)O[B-]1(C(Br)CC(F)(F)C(F)(F)C(F)(F)C(F)(F)C(F)(F)C(F)(F)F)OC(=O)C2,[2H]C([2H])([2H])S(=O)C([2H])([2H])[2H],1,10.53
CCCCCC[C@@H](C)NC(=O)C(F)(F)CC(Br)[B-]12OC(=O)C[N+]1(C)CC(=O)O2,[2H]C([2H])([2H])S(=O)C([2H])([2H])[2H],1,10.39
CC(NC(=O)C(F)(F)CC(Br)[B-]12OC(=O)C[N+]1(C)CC(=O)O2)C12C[C@H]3C[C@H](C1)C[C@@H](C2)C3,[2H]C([2H])([2H])S(=O)C([2H])([2H])[2H],1,10.45
Cc1cccc(C)c1OCC(C)NC(=O)C(F)(F)CC(Br)[B-]12OC(=O)C[N+]1(C)CC(=O)O2,[2H]C([2H])([2H])S(=O)C([2H])([2H])[2H],1,10.31
COC(=O)[C@H](C)NC(=O)C(F)(F)CC(Br)[B-]12OC(=O)C[N+]1(C)CC(=O)O2,[2H]C([2H])([2H])S(=O)C([2H])([2H])[2H],1,10.51
COC(=O)CC[C@H](NC(=O)C(F)(F)CC(Br)[B-]12OC(=O)C[N+]1(C)CC(=O)O2)C(=O)OC,[2H]C([2H])([2H])S(=O)C([2H])([2H])[2H],1,10.44
COC(=O)[C@@H](Cc1ccccc1)NC(=O)C(F)(F)CC(Br)[B-]12OC(=O)C[N+]1(C)CC(=O)O2,[2H]C([2H])([2H])S(=O)C([2H])([2H])[2H],1,10.39
CC(C)[C@@H]1CC[C@@H](C)C[C@H]1OC(=O)C(F)(F)CC(Br)[B-]12OC(=O)C[N+]1(C)CC(=O)O2,[2H]C([2H])([2H])S(=O)C([2H])([2H])[2H],1,10.32
CC1(C)O[C@H]2[C@@H](O1)[C@@H](COC(=O)C(F)(F)CC(Br)[B-]13OC(=O)C[N+]1(C)CC(=O)O3)O[C@@H]1OC(C)(C)O[C@@H]12,[2H]C([2H])([2H])S(=O)C([2H])([2H])[2H],1,10.12
C[C@]12CC[C@H](OC(=O)C(F)(F)CC(Br)[B-]34OC(=O)C[N+]3(C)CC(=O)O4)CC1=CC[C@@H]1[C@@H]2CC[C@]2(C)C(=O)CC[C@@H]12,[2H]C([2H])([2H])S(=O)C([2H])([2H])[2H],1,10.31
C[C@]12CC[C@H]3[C@@H](CCC4=CC(=O)CC[C@@]43C)[C@@H]1CC[C@@H]2OC(=O)C(F)(F)CC(Br)[B-]12OC(=O)C[N+]1(C)CC(=O)O2,[2H]C([2H])([2H])S(=O)C([2H])([2H])[2H],1,10.16
CC(C)CCC[C@@H](C)[C@H]1CC[C@H]2[C@@H]3CC=C4C[C@@H](OC(=O)C(F)(F)CC(Br)[B-]56OC(=O)C[N+]5(C)CC(=O)O6)CC[C@]4(C)[C@H]3CC[C@]12C,[2H]C([2H])([2H])S(=O)C([2H])([2H])[2H],1,10.17
CCCCCCCCCCCCCCCCCCOC(=O)[C@@]1(C)CC[C@]2(C)CC[C@]3(C)C(=CC(=O)[C@@H]4[C@@]5(C)CC[C@H](OC(=O)C(F)(F)CC(Br)[B-]67OC(=O)C[N+]6(C)CC(=O)O7)C(C)(C)[C@@H]5CC[C@]43C)[C@@H]2C1,[2H]C([2H])([2H])S(=O)C([2H])([2H])[2H],1,9.53
Cc1cccc(C)c1OCC(C)NC(=O)C(F)(F)CC(I)[B-]12OC(=O)C[N+]1(C)CC(=O)O2,[2H]C([2H])([2H])S(=O)C([2H])([2H])[2H],1,10.79
COC(=O)[C@H](C)NC(=O)C(F)(F)CC(I)[B-]12OC(=O)C[N+]1(C)CC(=O)O2,[2H]C([2H])([2H])S(=O)C([2H])([2H])[2H],1,10.51
COC(=O)CC[C@H](NC(=O)C(F)(F)CC(I)[B-]12OC(=O)C[N+]1(C)CC(=O)O2)C(=O)OC,[2H]C([2H])([2H])S(=O)C([2H])([2H])[2H],1,10.69
COC(=O)[C@@H](Cc1ccccc1)NC(=O)C(F)(F)CC(I)[B-]12OC(=O)C[N+]1(C)CC(=O)O2,[2H]C([2H])([2H])S(=O)C([2H])([2H])[2H],1,10.72
CCCCCC[C@H](C(Br)[B-]12OC(=O)C[N+]1(C)CC(=O)O2)C(F)(F)C(=O)OCC,[2H]C([2H])([2H])S(=O)C([2H])([2H])[2H],1,10.22
CCOC(=O)C(F)(F)[C@H](CCCCl)C(Br)[B-]12OC(=O)C[N+]1(C)CC(=O)O2,[2H]C([2H])([2H])S(=O)C([2H])([2H])[2H],1,10.24
CCOC(=O)C(F)(F)[C@H](/C=C/CCBr)[B-]12OC(=O)C[N+]1(C)CC(=O)O2,[2H]C([2H])([2H])S(=O)C([2H])([2H])[2H],1,10.03
CCOC(=O)C(F)(F)[C@H](COC(=O)c1ccccc1)C(Br)[B-]12OC(=O)C[N+]1(C)CC(=O)O2,[2H]C([2H])([2H])S(=O)C([2H])([2H])[2H],1,10.11
CCOC(=O)C(F)(F)[C@H](CCN1C(=O)c2ccccc2C1=O)C(Br)[B-]12OC(=O)C[N+]1(C)CC(=O)O2,[2H]C([2H])([2H])S(=O)C([2H])([2H])[2H],1,10.5
CCOC(=O)C(F)(F)[C@H](/C=C/CCI)[B-]12OC(=O)C[N+]1(C)CC(=O)O2,[2H]C([2H])([2H])S(=O)C([2H])([2H])[2H],1,9.92
CCOC(=O)C(F)(F)[C@H](COC(=O)c1ccccc1)C(I)[B-]12OC(=O)C[N+]1(C)CC(=O)O2,[2H]C([2H])([2H])S(=O)C([2H])([2H])[2H],1,10.44
CCOC(=O)C(F)(F)[C@H](CCN1C(=O)c2ccccc2C1=O)C(I)[B-]12OC(=O)C[N+]1(C)CC(=O)O2,[2H]C([2H])([2H])S(=O)C([2H])([2H])[2H],1,10.23
CCOC(=O)C(F)(F)CC(Sc1ccccc1)[B-]12OC(=O)C[N+]1(C)CC(=O)O2,[2H]C([2H])([2H])S(=O)C([2H])([2H])[2H],1,11.48
CCOC(=O)C(F)(F)CC(Sc1nc2ccccc2s1)[B-]12OC(=O)C[N+]1(C)CC(=O)O2,[2H]C([2H])([2H])S(=O)C([2H])([2H])[2H],1,11.18
CCOC(=O)C(F)(F)CC[B-]12OC(=O)C[N+]1(C)CC(=O)O2,[2H]C([2H])([2H])S(=O)C([2H])([2H])[2H],1,12.46
CCOC(=O)C(F)(F)/C=C/[B-]12OC(=O)C[N+]1(C)CC(=O)O2,[2H]C([2H])([2H])S(=O)C([2H])([2H])[2H],1,10.42
CC1(C)OB(C2CC(F)(F)C(=O)N2c2ccccc2)OC1(C)C,[2H]C(Cl)(Cl)Cl,1,32.11
C[N+]12CC(=O)O[B-]1(CCC(F)(F)C(=O)NCc1ccccc1)OC(=O)C2,[2H]C([2H])([2H])S(=O)C([2H])([2H])[2H],1,12.84
C[N+]12CC(=O)O[B-]1(C(CC(F)(F)C(=O)NCc1ccccc1)OC(=O)c1ccccc1)OC(=O)C2,[2H]C([2H])([2H])S(=O)C([2H])([2H])[2H],1,10.34
C[N+]12CC(=O)O[B-]1(C(CC(F)(F)C(=O)NCc1ccccc1)SCc1ccccc1)OC(=O)C2,[2H]C([2H])([2H])S(=O)C([2H])([2H])[2H],1,11.8
C[N+]12CC(=O)O[B-]1([C@H]1CC(F)(F)C3=[N+]1CCc1cc4c(cc13)OCO4)OC(=O)C2,[2H]C([2H])([2H])S(=O)C([2H])([2H])[2H],1,19.99
C[Si@@H](CCC[C@@H](CB1OC(C)(C)C(C)(C)O1)c1cccc(Cl)c1)c1ccccc1,[2H]C(Cl)(Cl)Cl,1,33.26
C[Si@@H](CCC[C@@H](B1OC(C)(C)C(C)(C)O1)c1cccc(Cl)c1)c1ccccc1,[2H]C(Cl)(Cl)Cl,1,32.91
COc1ccc(CC[C@H](OC(=O)N(C(C)C)C(C)C)B2OC(C)(C)C(C)(C)O2)cc1,[2H]C(Cl)(Cl)Cl,1,12.86
CC(C)N(C(=O)O[C@@H](Cc1ccccc1)B1OC(C)(C)C(C)(C)O1)C(C)C,[2H]C(Cl)(Cl)Cl,1,12.5
COc1ccc(C[C@H](OC(=O)N(C(C)C)C(C)C)B2OC(C)(C)C(C)(C)O2)cc1,[2H]C(Cl)(Cl)Cl,1,12.66
CSc1ccc(C[C@H](OC(=O)N(C(C)C)C(C)C)B2OC(C)(C)C(C)(C)O2)cc1,[2H]C(Cl)(Cl)Cl,1,12.54
CC(C)N(C(=O)O[C@@H](Cc1ccc(C(F)(F)F)cc1)B1OC(C)(C)C(C)(C)O1)C(C)C,[2H]C(Cl)(Cl)Cl,1,12.58
COC(=O)c1ccc(C[C@H](OC(=O)N(C(C)C)C(C)C)B2OC(C)(C)C(C)(C)O2)cc1,[2H]C(Cl)(Cl)Cl,1,12.59
COc1cc(C[C@H](OC(=O)N(C(C)C)C(C)C)B2OC(C)(C)C(C)(C)O2)ccc1O[Si](C)(C)C(C)(C)C,[2H]C(Cl)(Cl)Cl,1,12.73
COc1cc(C[C@H](OC(=O)N(C(C)C)C(C)C)B2OC(C)(C)C(C)(C)O2)ccc1OC(=O)C(C)(C)C,[2H]C(Cl)(Cl)Cl,1,12.68
CC(C)N(C(=O)O[C@@H](Cc1ccc(N2CCN(c3ccccc3)CC2)cc1)B1OC(C)(C)C(C)(C)O1)C(C)C,[2H]C(Cl)(Cl)Cl,1,12.88
CC(C)N(C(=O)O[C@@H](Cc1ccc(C#C[Si](C(C)C)(C(C)C)C(C)C)cc1)B1OC(C)(C)C(C)(C)O1)C(C)C,[2H]C(Cl)(Cl)Cl,1,12.33
CC(C)N(C(=O)O[C@@H](Cc1ccc(CN2C(=O)c3ccccc3C2=O)cc1)B1OC(C)(C)C(C)(C)O1)C(C)C,[2H]C(Cl)(Cl)Cl,1,12.43
CC(C)N(C(=O)O[C@@H](Cc1ccccc1Br)B1OC(C)(C)C(C)(C)O1)C(C)C,[2H]C(Cl)(Cl)Cl,1,12.59
CC/C=C/CCOc1cccc(C[C@H](OC(=O)N(C(C)C)C(C)C)B2OC(C)(C)C(C)(C)O2)c1,[2H]C(Cl)(Cl)Cl,1,12.92
CC(C)N(C(=O)O[C@@H](C/C=C/c1ccccc1)B1OC(C)(C)C(C)(C)O1)C(C)C,[2H]C(Cl)(Cl)Cl,1,12.98
CC(C)N(C(=O)O[C@@H](Cc1cn(Cc2ccccc2)c2ccccc12)B1OC(C)(C)C(C)(C)O1)C(C)C,[2H]C(Cl)(Cl)Cl,1,12.64
CC(C)N(C(=O)O[C@@H](Cc1ccc2c(c1)Sc1ccccc1N2C)B1OC(C)(C)C(C)(C)O1)C(C)C,[2H]C(Cl)(Cl)Cl,1,12.53
CC(C)N(C(=O)O[C@@H](Cc1csc2ccccc12)B1OC(C)(C)C(C)(C)O1)C(C)C,[2H]C(Cl)(Cl)Cl,1,12.68
CC(C)N(C(=O)O[C@@H](Cc1ccco1)B1OC(C)(C)C(C)(C)O1)C(C)C,[2H]C(Cl)(Cl)Cl,1,12.57
CC(C)N(C(=O)O[C@@H](CCCCO[Si](c1ccccc1)(c1ccccc1)C(C)(C)C)B1OC(C)(C)C(C)(C)O1)C(C)C,[2H]C(Cl)(Cl)Cl,1,13
Cc1ccc(S(=O)(=O)N2CCC(CC[C@H](OC(=O)N(C(C)C)C(C)C)B3OC(C)(C)C(C)(C)O3)CC2)cc1,[2H]C(Cl)(Cl)Cl,1,12.98
CC(C)=CCC[C@H](C)CC[C@H](OC(=O)N(C(C)C)C(C)C)B1OC(C)(C)C(C)(C)O1,[2H]C(Cl)(Cl)Cl,1,12.59
CC(C)=CCC[C@@H](C)CC[C@H](OC(=O)N(C(C)C)C(C)C)B1OC(C)(C)C(C)(C)O1,[2H]C(Cl)(Cl)Cl,1,12.59
COc1ccc2c(c1)c(CC[C@H](OC(=O)N(C(C)C)C(C)C)B1OC(C)(C)C(C)(C)O1)c(C)n2C(=O)c1ccc(Cl)cc1,[2H]C(Cl)(Cl)Cl,1,12.78
CC(C)N(C(=O)O[C@@H](CCC[C@@H](C)[C@H]1CC[C@@]2(C)C3=C(CC[C@]12C)[C@@]1(C)CC[C@H](OC(=O)c2ccccc2)C(C)(C)[C@@H]1CC3)B1OC(C)(C)C(C)(C)O1)C(C)C,[2H]C(Cl)(Cl)Cl,1,13.25
[BH3-][P+](c1ccccc1)(c1ccccc1)C(CC)C(=O)OC,[2H]C(Cl)(Cl)Cl,1,-39
[BH3-][P+](C1CCCCC1)(C1CCCCC1)C(CC)C(=O)OC,[2H]C(Cl)(Cl)Cl,1,-43.02
[BH3-][P+](c1ccccc1)(c1ccccc1)C(C(=O)OC)C(C)C,[2H]C(Cl)(Cl)Cl,1,-38.63
[BH3-][P+](c1ccccc1)(c1ccccc1)C(Cc1ccccc1)C(=O)OC,[2H]C(Cl)(Cl)Cl,1,-39.06
[BH3-][P+](c1ccccc1)(c1ccccc1)C(C(=O)OC)c1ccccc1,[2H]C(Cl)(Cl)Cl,1,-38.51
[BH3-][P+](c1ccccc1)(c1ccccc1)C(CC)C(=O)O,[2H]C(Cl)(Cl)Cl,1,-39.36
[BH3-][P+](c1ccccc1)(c1ccccc1)C(CC)C(=O)NOC,[2H]C(Cl)(Cl)Cl,1,-39.7
CCCCCCB1OC(C)(C)CC(C)(C)O1,[2H]C(Cl)(Cl)Cl,1,30
CC1(C)OB(CCCCCCCc2ccccn2)OC1(C)C,[2H]C(Cl)(Cl)Cl,1,33.9
CC1(C)OB(CCCCO[Si](c2ccccc2)(c2ccccc2)C(C)(C)C)OC1(C)C,[2H]C(Cl)(Cl)Cl,1,33.9
CC1(C)OB(CC[Si](C)(C)c2ccccc2)OC1(C)C,[2H]C(Cl)(Cl)Cl,1,34.06
CC(C)(CCCCOCc1ccccc1)B1OC(C)(C)C(C)(C)O1,[2H]C(Cl)(Cl)Cl,1,34.7
CCCC[C@@H](Cc1ccccc1)B1OC(C)(C)C(C)(C)O1,[2H]C(Cl)(Cl)Cl,1,34.2
COc1ccc(C[C@@H](Cc2ccccc2)B2OC(C)(C)C(C)(C)O2)cc1,[2H]C(Cl)(Cl)Cl,1,33.6
CC1(C)OB([C@H](CCc2ccccc2)[Si](C)(C)c2ccccc2)OC1(C)C,[2H]C(Cl)(Cl)Cl,1,34.83
CC(C)(CCCCO[Si](c1ccccc1)(c1ccccc1)C(C)(C)C)B1OC(C)(C)C(C)(C)O1,[2H]C(Cl)(Cl)Cl,1,34.5
CCCC[C@@](C)(Cc1ccccc1)B1OC(C)(C)C(C)(C)O1,[2H]C(Cl)(Cl)Cl,1,34.5
CCCC[C@@](C)(Cc1ccc2c(c1)OCO2)B1OC(C)(C)C(C)(C)O1,[2H]C(Cl)(Cl)Cl,1,34.5
CCCC/C=C/[C@@](C)(Cc1ccccc1)B1OC(C)(C)C(C)(C)O1,[2H]C(Cl)(Cl)Cl,1,33.3
CC(C)[C@@](C)(Cc1ccccc1)B1OC(C)(C)C(C)(C)O1,[2H]C(Cl)(Cl)Cl,1,34.3
C[N+]1=Cc2ccccc2B(O)O1.[Cl-],[2H]O[2H],1,4.5
Cc1ccc(C(CC(=O)[Si](C)(C)C)B2OC(C)(C)C(C)(C)O2)cc1,[2H]C(Cl)(Cl)Cl,1,33.5
CC1(C)OB(C(CC(=O)[Si](C)(C)C)c2ccc(Cl)cc2)OC1(C)C,[2H]C(Cl)(Cl)Cl,1,33.2
CC1(C)OB(C(CC(=O)[Si](C)(C)C)c2ccc(F)cc2)OC1(C)C,[2H]C(Cl)(Cl)Cl,1,32.9
CC1(C)OB(C(CC(=O)[Si](C)(C)C)c2ccccc2C(F)(F)F)OC1(C)C,[2H]C(Cl)(Cl)Cl,1,32.4
CC1(C)OB(C(CC(=O)[Si](C)(C)C)c2ccccc2OC(F)(F)F)OC1(C)C,[2H]C(Cl)(Cl)Cl,1,32.5
CC1(C)OB(C(CC(=O)[Si](C)(C)C)c2cccc(Br)c2)OC1(C)C,[2H]C(Cl)(Cl)Cl,1,32.6
CC1(C)OB(C(CC(=O)[Si](C)(C)C)c2cccc(Br)c2F)OC1(C)C,[2H]C(Cl)(Cl)Cl,1,30.8
Cc1ccc(C(CC(=O)[Si](C)(C)c2ccccc2)B2OC(C)(C)C(C)(C)O2)cc1,[2H]C(Cl)(Cl)Cl,1,32.4
CC[Si](CC)(CC)C(=O)CC(B1OC(C)(C)C(C)(C)O1)c1ccc(C)cc1,[2H]C(Cl)(Cl)Cl,1,33.3
Cc1ccc(C(CC(=O)[Si](C)(C)C(C)(C)C)B2OC(C)(C)C(C)(C)O2)cc1,[2H]C(Cl)(Cl)Cl,1,33.3
CC1(C)OB(CCC(=O)[Si](C)(C)C(C)(C)C)OC1(C)C,[2H]C(Cl)(Cl)Cl,1,34
CCCCC(CC(=O)[Si](C)(C)C(C)(C)C)B1OC(C)(C)C(C)(C)O1,[2H]C(Cl)(Cl)Cl,1,34.4
CC1(C)OB(C(CC(=O)[Si](C)(C)C(C)(C)C)Cc2ccccc2)OC1(C)C,[2H]C(Cl)(Cl)Cl,1,35.6
Cc1ccc(S(=O)(=O)N2B(c3cccc(C)c3)OC(C3CCCCC3)(C3CCCCC3)[C@@H]2C(C)C)cc1,[2H]C(Cl)(Cl)Cl,1,32.5
Cc1ccc(S(=O)(=O)N2B(c3ccccc3C)OC(c3ccccc3)(c3ccccc3)[C@@H]2c2ccccc2)cc1,[2H]C(Cl)(Cl)Cl,1,37.2
Cc1ccc(S(=O)(=O)N2B(c3ccoc3)OC(C3CCCCC3)(C3CCCCC3)[C@@H]2C(C)C)cc1,[2H]C(Cl)(Cl)Cl,1,30.2
Cc1ccc(S(=O)(=O)N2B(c3ccc4c5ccccc5n(-c5ccccc5)c4c3)OC(C3CCCCC3)(C3CCCCC3)[C@@H]2C(C)C)cc1,[2H]C(Cl)(Cl)Cl,1,30.1
CCCCB1OC(c2ccccc2)(c2ccccc2)[C@H](c2ccccc2)N1S(=O)(=O)c1ccc(C)cc1,[2H]C(Cl)(Cl)Cl,1,37.5
Cc1ccc(S(=O)(=O)N2B(CCCc3ccccc3)OC(c3ccccc3)(c3ccccc3)[C@@H]2c2ccccc2)cc1,[2H]C(Cl)(Cl)Cl,1,34.8
Cc1ccc(S(=O)(=O)N2B(Cc3ccccc3)OC(c3ccccc3)(c3ccccc3)[C@@H]2c2ccccc2)cc1,[2H]C(Cl)(Cl)Cl,1,36.7
Cc1ccc(S(=O)(=O)N2B(CCCBr)OC(c3ccccc3)(c3ccccc3)[C@@H]2c2ccccc2)cc1,[2H]C(Cl)(Cl)Cl,1,34.3
Cc1ccc(S(=O)(=O)N2B(C3CC3)OC(c3ccccc3)(c3ccccc3)[C@@H]2c2ccccc2)cc1,[2H]C(Cl)(Cl)Cl,1,36
Cc1ccc(S(=O)(=O)N2B(C3CCC3)OC(c3ccccc3)(c3ccccc3)[C@@H]2c2ccccc2)cc1,[2H]C(Cl)(Cl)Cl,1,38
Cc1ccc(S(=O)(=O)N2B(C3CCCC3)OC(c3ccccc3)(c3ccccc3)[C@@H]2c2ccccc2)cc1,[2H]C(Cl)(Cl)Cl,1,36.8
Cc1ccc(S(=O)(=O)N2B(C3CCCCC3)OC(c3ccccc3)(c3ccccc3)[C@@H]2c2ccccc2)cc1,[2H]C(Cl)(Cl)Cl,1,36.2
Cc1ccc(S(=O)(=O)N2B(C3CCCCCC3)OC(c3ccccc3)(c3ccccc3)[C@@H]2c2ccccc2)cc1,[2H]C(Cl)(Cl)Cl,1,34.8
Cc1ccc(S(=O)(=O)N2B(C(C)C)OC(c3ccccc3)(c3ccccc3)[C@@H]2c2ccccc2)cc1,[2H]C(Cl)(Cl)Cl,1,37.5
CCC(CC)B1OC(c2ccccc2)(c2ccccc2)[C@H](c2ccccc2)N1S(=O)(=O)c1ccc(C)cc1,[2H]C(Cl)(Cl)Cl,1,37.2
CCC1(CC)OB(C(C)(C)C)N(S(=O)(=O)c2ccc(C)cc2)[C@H]1c1ccccc1,[2H]C(Cl)(Cl)Cl,1,36.8
Cc1ccc(S(=O)(=O)N2B(CCc3ccccc3)OC(c3ccccc3)(c3ccccc3)[C@@H]2c2ccccc2)cc1,[2H]C(Cl)(Cl)Cl,1,37.5
CN(C(=O)OC(C)(C)C)[C@@H](CCc1ccccc1)B1OC(C)(C)C(C)(C)O1,[2H]C(Cl)(Cl)Cl,1,16
CCCCN(C(=O)OC(C)(C)C)[C@@H](CCc1ccccc1)B1OC(C)(C)C(C)(C)O1,[2H]C(Cl)(Cl)Cl,1,14.6
CC(C)(C)OC(=O)N(C1CCCCC1)[C@@H](CCc1ccccc1)B1OC(C)(C)C(C)(C)O1,[2H]C(Cl)(Cl)Cl,1,14.2
CCCC[C@@H](C)B1OC(C2CCCCC2)(C2CCCCC2)[C@H](CC)N1S(=O)(=O)c1ccc(C)cc1,[2H]C(Cl)(Cl)Cl,1,36.9
CC[C@@H]1N(S(=O)(=O)c2ccc(C)cc2)B(CCc2ccccc2)OC1(C1CCCCC1)C1CCCCC1,[2H]C(Cl)(Cl)Cl,1,36.3
CC[C@@H]1N(S(=O)(=O)c2ccc(C)cc2)B(C2CCCCC2)OC1(C1CCCCC1)C1CCCCC1,[2H]C(Cl)(Cl)Cl,1,36
CC[C@@H]1N(S(=O)(=O)c2ccc(C)cc2)B(C(C)C)OC1(C1CCCCC1)C1CCCCC1,[2H]C(Cl)(Cl)Cl,1,36.6
Cc1ccc(S(=O)(=O)N2B(CCc3ccccc3)OC(C3CCCCC3)(C3CCCCC3)[C@@H]2C(C)C)cc1,[2H]C(Cl)(Cl)Cl,1,36.6
CC1(C)[C@@H]2C[C@H]3OB(c4ccc5ccccc5c4)O[C@@]3(C)[C@H]1C2,[2H]C(Cl)(Cl)Cl,1,30.4
c1ccc2cc(B3O[C@H](C4CCCCC4)[C@@H](C4CCCCC4)O3)ccc2c1,[2H]C(Cl)(Cl)Cl,1,31.5
CCCCB1OC(C2CCCCC2)(C2CCCCC2)[C@H](C(C)C)N1S(=O)(=O)c1ccc(C)cc1,[2H]C(Cl)(Cl)Cl,1,36.3
CCCCB1OC(C2CCCCC2)(C2CCCCC2)[C@H](c2ccccc2)N1S(=O)(=O)c1ccc(C)cc1,[2H]C(Cl)(Cl)Cl,1,35.4
Cc1ccc(S(=O)(=O)N2B(C(C)(C)C)OC(c3ccccc3)(c3ccccc3)[C@@H]2c2ccccc2)cc1,[2H]C(Cl)(Cl)Cl,1,38.7
CCCCB1OC(C2CCCCC2)(C2CCCCC2)[C@H](CC)N1S(=O)(=O)c1ccc(C)cc1,[2H]C(Cl)(Cl)Cl,1,34.8
Cc1ccc(S(=O)(=O)N2B(c3ccccc3)OC(C3CCCCC3)(C3CCCCC3)[C@@H]2C(C)C)cc1,[2H]C(Cl)(Cl)Cl,1,33.2
Cc1ccc(B2OC(C3CCCCC3)(C3CCCCC3)[C@H](C(C)C)N2S(=O)(=O)c2ccc(C)cc2)cc1,[2H]C(Cl)(Cl)Cl,1,34.2
Cc1ccc(S(=O)(=O)N2B(c3ccc(C#N)cc3)OC(C3CCCCC3)(C3CCCCC3)[C@@H]2C(C)C)cc1,[2H]C(Cl)(Cl)Cl,1,32.1
COC(=O)[C@@H](C)C(C=C(C)C)B1OC(C)(C)C(C)(C)O1,[2H]C(Cl)(Cl)Cl,1,32.6
O=C(/C=C/B1Nc2cccc3cccc(c23)N1)OCc1ccccc1Br,[2H]C(Cl)(Cl)Cl,1,27.6
COC(=O)C[C@H](B1OC(C)(C)C(C)(C)O1)c1ccccc1,[2H]C(Cl)(Cl)Cl,1,33.2
CC1(C)OB([C@@H](CC(=O)N2CCCC2)c2ccccc2)OC1(C)C,[2H]C(Cl)(Cl)Cl,1,28
CO[Si](C)(C)[C@@H](CCc1ccccc1)[C@H](C)B1OC(C)(C)C(C)(C)O1,[2H]C(Cl)(Cl)Cl,1,33.58
COC[C@H]1CCCN1C[Si](C)(C)[C@@H](CCc1ccccc1)[C@H](C)B1OC(C)(C)C(C)(C)O1,[2H]C(Cl)(Cl)Cl,1,33.34
CO[Si](C)(C)[C@@H](CCc1ccccc1)B1OC(C)(C)C(C)(C)O1,[2H]C(Cl)(Cl)Cl,1,35.26
Clc1cccc2c1[BH2-][n+]1ccccc1-2,[2H]C([2H])([2H])C(=O)C([2H])([2H])[2H],1,-9.23
Clc1cccc2c1[BH2-][n+]1cccc(C(c3ccccc3)c3ccccc3)c1-2,[2H]C(Cl)(Cl)Cl,1,-0.48
Fc1ccc(C(c2ccc(F)cc2)c2ccc[n+]3c2-c2cccc(Cl)c2[BH2-]3)cc1,[2H]C(Cl)(Cl)Cl,1,-0.64
Clc1ccc(C(c2ccc(Cl)cc2)c2ccc[n+]3c2-c2cccc(Cl)c2[BH2-]3)cc1,[2H]C(Cl)(Cl)Cl,1,-0.24
Clc1cccc(C(c2cccc(Cl)c2)c2ccc[n+]3c2-c2cccc(Cl)c2[BH2-]3)c1,[2H]C(Cl)(Cl)Cl,1,-0.8
COc1ccc(C(c2ccc(OC)cc2)c2ccc[n+]3c2-c2cccc(Cl)c2[BH2-]3)cc1,[2H]C(Cl)(Cl)Cl,1,-0.51
COc1cccc(C(c2cccc(OC)c2)c2ccc[n+]3c2-c2cccc(Cl)c2[BH2-]3)c1,[2H]C(Cl)(Cl)Cl,1,0
Cc1cccc(C([BH-]2c3c(Cl)cccc3-c3cccc[n+]32)c2cccc(C)c2)c1,[2H]C(Cl)(Cl)Cl,1,-0.55
Clc1cccc2c1[BH-](C1c3cc(Br)ccc3-c3ccc(Br)cc31)[n+]1ccccc1-2,[2H]C(Cl)(Cl)Cl,1,-1.48
Clc1cccc2c1[BH-](C1c3ccccc3-c3ccccc31)[n+]1ccccc1-2,[2H]C(Cl)(Cl)Cl,1,-1.09
Clc1cccc2c1[BH-](C1c3ccccc3Sc3ccccc31)[n+]1ccccc1-2,[2H]C(Cl)(Cl)Cl,1,0.49
Fc1cccc2c1[BH2-][n+]1cccc(C(c3ccccc3)c3ccccc3)c1-2,[2H]C(Cl)(Cl)Cl,1,-0.97
Brc1cccc2c1[BH2-][n+]1cccc(C(c3ccccc3)c3ccccc3)c1-2,[2H]C(Cl)(Cl)Cl,1,-0.01
Fc1ccc2c(c1Cl)[BH2-][n+]1cccc(C(c3ccccc3)c3ccccc3)c1-2,[2H]C(Cl)(Cl)Cl,1,-0.49
Fc1ccc(Cl)c2c1-c1c(C(c3ccccc3)c3ccccc3)ccc[n+]1[BH2-]2,[2H]C(Cl)(Cl)Cl,1,-0.29
Clc1ccc2c(c1Cl)[BH2-][n+]1cccc(C(c3ccccc3)c3ccccc3)c1-2,[2H]C(Cl)(Cl)Cl,1,-0.46
Clc1cc(Cl)c2c(c1)-c1c(C(c3ccccc3)c3ccccc3)ccc[n+]1[BH2-]2,[2H]C(Cl)(Cl)Cl,1,-0.49
Cc1ccc(Cl)c2c1-c1c(C(c3ccccc3)c3ccccc3)ccc[n+]1[BH2-]2,[2H]C(Cl)(Cl)Cl,1,-0.95
c1ccc(C([BH-]2c3c(ccc4ccccc34)-c3cccc[n+]32)c2ccccc2)cc1,[2H]C(Cl)(Cl)Cl,1,0.3
CCOC(=O)[C@@H]([B@H-]1c2c(OC(F)(F)F)cccc2-c2cccc[n+]21)c1ccccc1,[2H]C(Cl)(Cl)Cl,1,-2.45
[BH2-]1c2ccccc2-c2cccc[n+]21,[2H]C([2H])([2H])C(=O)C([2H])([2H])[2H],1,-9.05
Clc1ccc2c(c1)-c1cccc[n+]1[BH2-]2,[2H]C([2H])([2H])C(=O)C([2H])([2H])[2H],1,-9.14
Fc1cccc2c1-c1cccc[n+]1[BH2-]2,[2H]C(Cl)(Cl)Cl,1,-8.82
Cc1cccc2[n+]1[BH2-]c1ccccc1-2,[2H]C(Cl)(Cl)Cl,1,-9.64
Cc1ccc2[n+](c1)[BH2-]c1ccccc1-2,[2H]C(Cl)(Cl)Cl,1,-9.14
Cc1cc[n+]2c(c1)-c1ccccc1[BH2-]2,[2H]C(Cl)(Cl)Cl,1,-8.46
Fc1cccc2c1[BH2-][n+]1ccccc1-2,[2H]C(Cl)(Cl)Cl,1,-9.16
Brc1cccc2c1[BH2-][n+]1ccccc1-2,[2H]C(Cl)(Cl)Cl,1,-7.6
Fc1ccc(Cl)c2c1-c1cccc[n+]1[BH2-]2,[2H]C(Cl)(Cl)Cl,1,-8.08
[BH2-]1c2c(ccc3ccccc23)-c2cccc[n+]21,[2H]C(Cl)(Cl)Cl,1,-9.1
Fc1ccc2c(c1Cl)[BH2-][n+]1ccccc1-2,[2H]C(Cl)(Cl)Cl,1,-8.43
Clc1ccc2c(c1Cl)[BH2-][n+]1ccccc1-2,[2H]C(Cl)(Cl)Cl,1,-8.25
Clc1cc(Cl)c2c(c1)-c1cccc[n+]1[BH2-]2,[2H]C(Cl)(Cl)Cl,1,-8.39
Cc1ccc(Cl)c2c1-c1cccc[n+]1[BH2-]2,[2H]C(Cl)(Cl)Cl,1,-8.69
Fc1ccc2c(c1)[BH2-][n+]1ccccc1-2,[2H]C(Cl)(Cl)Cl,1,-8.3
Cc1ccc2c(c1Cl)[BH2-][n+]1ccccc1-2,[2H]C(Cl)(Cl)Cl,1,-8.34
Clc1ccc(Cl)c2c1[BH2-][n+]1ccccc1-2,[2H]C(Cl)(Cl)Cl,1,-8.51
FC(F)(F)Oc1cccc2c1[BH2-][n+]1ccccc1-2,[2H]C(Cl)(Cl)Cl,1,-8.77
Cc1cc(C)c2c(c1)-c1cccc[n+]1[BH2-]2,[2H]C(Cl)(Cl)Cl,1,-8.58
[BH2-]1c2sc3ccccc3c2-c2cccc[n+]21,[2H]C(Cl)(Cl)Cl,1,-10.21
Fc1ccc[n+]2c1-c1ccccc1[BH2-]2,[2H]C(Cl)(Cl)Cl,1,-7.31
[2H]C(CCCc1ccccc1)B1Nc2cccc3cccc(c23)N1,[2H]C(Cl)(Cl)Cl,1,32.35
Cc1ccc(C)c(OCCCC(C)(C)C(=O)OCCCC[C@H](NC(=O)c2ccccc2)B2OC(C)(C)C(C)(C)O2)c1,[2H]C(Cl)(Cl)Cl,1,17.9
CCCN(CCC)S(=O)(=O)c1ccc(C(=O)OCCCC[C@H](NC(=O)c2ccccc2)B2OC(C)(C)C(C)(C)O2)cc1,[2H]C(Cl)(Cl)Cl,1,18
CC(C)[C@@H]1CC[C@@H](C)C[C@H]1OC(=O)CCCC[C@H](NC(=O)c1ccccc1)B1OC(C)(C)C(C)(C)O1,[2H]C(Cl)(Cl)Cl,1,17.2
CC1(C)O[C@H]2O[C@H]([C@H]3COC(C)(C)O3)[C@H](OC(=O)CCCC[C@H](NC(=O)c3ccccc3)B3OC(C)(C)C(C)(C)O3)[C@H]2O1,[2H]C(Cl)(Cl)Cl,1,17.7
Cc1c(C)c2c(c(C)c1OC(=O)CCCC[C@H](NC(=O)c1ccccc1)B1OC(C)(C)C(C)(C)O1)CC[C@@](C)(CCC[C@H](C)CCC[C@H](C)CCCC(C)C)O2,[2H]C(Cl)(Cl)Cl,1,17.2
CCCCC[C@H](NC(=O)c1ccc(SC)cc1)B1OC(C)(C)C(C)(C)O1,[2H]C(Cl)(Cl)Cl,1,16.6
CCCCC[C@H](NC(=O)c1ccc(NC(=O)OC(C)(C)C)cc1)B1OC(C)(C)C(C)(C)O1,[2H]C(Cl)(Cl)Cl,1,15.5
CCCCC[C@H](NC(=O)c1cccc2ccccc12)B1OC(C)(C)C(C)(C)O1,[2H]C(Cl)(Cl)Cl,1,23.9
CCCCC[C@H](NC(=O)c1ccc(Cl)cc1)B1OC(C)(C)C(C)(C)O1,[2H]C(Cl)(Cl)Cl,1,19.1
CCCCC[C@H](NC(=O)c1ccc(C(=O)OC)cc1)B1OC(C)(C)C(C)(C)O1,[2H]C(Cl)(Cl)Cl,1,21.8
CCCCC[C@H](NC(=O)c1ccsc1)B1OC(C)(C)C(C)(C)O1,[2H]C(Cl)(Cl)Cl,1,17.3
CCCCC[C@H](NC(=O)C=C(C)C)B1OC(C)(C)C(C)(C)O1,[2H]C(Cl)(Cl)Cl,1,14.1
CC(=O)N[C@@H](CCCCOCc1ccc2ccccc2c1)B1OC(C)(C)C(C)(C)O1,[2H]C(Cl)(Cl)Cl,1,16.6
CCCCCCCC(=O)N[C@@H](CCCCOCc1ccccc1)B1OC(C)(C)C(C)(C)O1,[2H]C(Cl)(Cl)Cl,1,16.6
CCCCC[C@H](NC(=O)CCc1ccccc1)B1OC(C)(C)C(C)(C)O1,[2H]C(Cl)(Cl)Cl,1,19.2
CCCCC[C@H](NC(=O)CCc1ccc(C#N)cc1)B1OC(C)(C)C(C)(C)O1,[2H]C(Cl)(Cl)Cl,1,23.7
CCCCC[C@H](NC(=O)CCc1ccco1)B1OC(C)(C)C(C)(C)O1,[2H]C(Cl)(Cl)Cl,1,19.9
CC1(C)OB([C@H](CCCCc2ccccc2)NC(=O)C2CC2)OC1(C)C,[2H]C(Cl)(Cl)Cl,1,16.2
CCCCC[C@H](NC(=O)C1CN(C(=O)OCc2ccccc2)C1)B1OC(C)(C)C(C)(C)O1,[2H]C(Cl)(Cl)Cl,1,27.9
CC1(C)OB([C@H](CCCCOCc2ccccc2)NC(=O)C2CCCCC2)OC1(C)C,[2H]C(Cl)(Cl)Cl,1,16
CC(C)(C)C(=O)N[C@@H](CCCCOCc1ccccc1)B1OC(C)(C)C(C)(C)O1,[2H]C(Cl)(Cl)Cl,1,15.8
COC(=O)C12CC(C(=O)N[C@@H](CCCCc3ccccc3)B3OC(C)(C)C(C)(C)O3)(C1)C2,[2H]C(Cl)(Cl)Cl,1,24.5
CCCCC[C@H](NC(=O)Cc1ccc2c(c1)C(=O)c1ccccc1CO2)B1OC(C)(C)C(C)(C)O1,[2H]C(Cl)(Cl)Cl,1,22.4
CCCCC[C@H](NC(=O)CCc1nc(-c2ccccc2)c(-c2ccccc2)o1)B1OC(C)(C)C(C)(C)O1,[2H]C(Cl)(Cl)Cl,1,20.8
CCCCC[C@H](NC(=O)Cc1c(C)n(C(=O)c2ccc(Cl)cc2)c2ccc(OC)cc12)B1OC(C)(C)C(C)(C)O1,[2H]C(Cl)(Cl)Cl,1,21.9
CCCCC[C@H](NC(=O)c1ccccc1)B1OC(C)(C)C(C)(C)O1,[2H]C(Cl)(Cl)Cl,1,17.8
CCCCCCC[C@H](NC(=O)c1ccccc1)B1OC(C)(C)C(C)(C)O1,[2H]C(Cl)(Cl)Cl,1,18.3
CC1(C)OB([C@H](CCCCc2ccccc2)NC(=O)c2ccccc2)OC1(C)C,[2H]C(Cl)(Cl)Cl,1,18.2
CC(C)C[C@H](NC(=O)c1ccccc1)B1OC(C)(C)C(C)(C)O1,[2H]C(Cl)(Cl)Cl,1,18.6
CC1(C)OB([C@H](CC2CCCCC2)NC(=O)c2ccccc2)OC1(C)C,[2H]C(Cl)(Cl)Cl,1,18.6
CC1(C)OB([C@H](CCCCl)NC(=O)c2ccccc2)OC1(C)C,[2H]C(Cl)(Cl)Cl,1,16.7
CC1(C)OB([C@H](CCCCCl)NC(=O)c2ccccc2)OC1(C)C,[2H]C(Cl)(Cl)Cl,1,17.6
CC1(C)OB([C@H](CCCCO[Si](C)(C)C(C)(C)C)NC(=O)c2ccccc2)OC1(C)C,[2H]C(Cl)(Cl)Cl,1,18.9
CC1(C)OB([C@H](CCCCOCc2ccccc2)NC(=O)c2ccccc2)OC1(C)C,[2H]C(Cl)(Cl)Cl,1,18.3
CC1(C)OB([C@H](CCCCCOC(=O)c2ccccc2)NC(=O)c2ccccc2)OC1(C)C,[2H]C(Cl)(Cl)Cl,1,18.2
CC1(C)OB([C@H](CC[C@@H](CC(=O)[O-])O[Si](C)(C)C(C)(C)C)NC(=O)Cc2cccs2)OC1(C)C,[2H]C(Cl)(Cl)Cl,1,21.8
O=C(O)C[C@@H]1CC[C@H](NC(=O)Cc2cccs2)B(O)O1,[2H]OC([2H])([2H])[2H],1,11.7
CC1(C)OB(/C=C/CCCl)OC1(C)C,[2H]C(Cl)(Cl)Cl,1,29.7
Cc1ccc(C)c(OCCCC(C)(C)C(=O)OCCC/C=C/B2OC(C)(C)C(C)(C)O2)c1,[2H]C(Cl)(Cl)Cl,1,29.9
CCCN(CCC)S(=O)(=O)c1ccc(C(=O)OCCC/C=C/B2OC(C)(C)C(C)(C)O2)cc1,[2H]C(Cl)(Cl)Cl,1,30.3
CC(C)[C@@H]1CC[C@@H](C)C[C@H]1OC(=O)CCC/C=C/B1OC(C)(C)C(C)(C)O1,[2H]C(Cl)(Cl)Cl,1,29.9
CC1(C)O[C@H]2O[C@H]([C@H]3COC(C)(C)O3)[C@H](OC(=O)CCC/C=C/B3OC(C)(C)C(C)(C)O3)[C@H]2O1,[2H]C(Cl)(Cl)Cl,1,30
Cc1c(C)c2c(c(C)c1OC(=O)CCC/C=C/B1OC(C)(C)C(C)(C)O1)CC[C@@](C)(CCC[C@H](C)CCC[C@H](C)CCCC(C)C)O2,[2H]C(Cl)(Cl)Cl,1,29.9
CC1(C)OB(/C=C/CCCOCc2ccc3ccccc3c2)OC1(C)C,[2H]C(Cl)(Cl)Cl,1,30
COc1cccc(C2=Cc3ccccc3N(Cc3ccccc3)B2c2c(OC)ccc3ccccc23)c1,[2H]C(Cl)(Cl)Cl,1,39.8
COc1cccc(C2=Cc3ccccc3N(Cc3ccc(C)cc3)B2c2c(OC)ccc3ccccc23)c1,[2H]C(Cl)(Cl)Cl,1,40.5
COc1cccc(C2=Cc3ccccc3N(Cc3ccc(F)cc3)B2c2c(OC)ccc3ccccc23)c1,[2H]C(Cl)(Cl)Cl,1,41
COc1cccc(C2=Cc3ccccc3N(Cc3ccc(Cl)cc3)B2c2c(OC)ccc3ccccc23)c1,[2H]C(Cl)(Cl)Cl,1,41.7
COc1cccc(C2=Cc3ccccc3N(Cc3cccs3)B2c2c(OC)ccc3ccccc23)c1,[2H]C(Cl)(Cl)Cl,1,40.3
COc1cccc(C2=Cc3ccccc3N(C(C)C)B2c2c(OC)ccc3ccccc23)c1,[2H]C(Cl)(Cl)Cl,1,39.1
COc1cccc(C2=Cc3ccccc3N(Cc3ccccc3)B2c2c(OC)ccc3cc(C)ccc23)c1,[2H]C(Cl)(Cl)Cl,1,40.9
COc1ccc2ccccc2c1B1C=Cc2ccccc2N1Cc1cccs1,[2H]C(Cl)(Cl)Cl,1,38.58
COc1ccc2ccccc2c1B1C(Br)=Cc2ccccc2N1C(C)C,[2H]C(Cl)(Cl)Cl,1,37.9
COc1ccc2cc(C)ccc2c1B1C(Br)=Cc2ccccc2N1Cc1ccccc1,[2H]C(Cl)(Cl)Cl,1,37.4
COc1ccc2ccccc2c1B1C=Cc2ccccc2N1C(C)C,[2H]C(Cl)(Cl)Cl,1,37.03
COc1ccc2cc(C)ccc2c1B1C=Cc2ccccc2N1Cc1ccccc1,[2H]C(Cl)(Cl)Cl,1,38
CCOc1ccc2ccccc2c1B1C=Cc2ccccc2N1Cc1ccccc1,[2H]C(Cl)(Cl)Cl,1,37.84
CCOc1ccc2ccccc2c1B1C(Br)=Cc2ccccc2N1Cc1ccccc1,[2H]C(Cl)(Cl)Cl,1,38.22
CCSc1ccc2ccccc2c1B1C=Cc2ccccc2N1Cc1ccccc1,[2H]C(Cl)(Cl)Cl,1,37.04
CCSc1ccc2ccccc2c1B1C(Br)=Cc2ccccc2N1Cc1ccccc1,[2H]C(Cl)(Cl)Cl,1,36.9
COc1ccc(C2=Cc3ccccc3N(Cc3ccccc3)B2c2c(OC)ccc3ccccc23)cc1,[2H]C(Cl)(Cl)Cl,1,39.8
COc1ccc2ccccc2c1B1C(c2ccc(SC)cc2)=Cc2ccccc2N1Cc1ccccc1,[2H]C(Cl)(Cl)Cl,1,40.9
COc1ccc2ccccc2c1B1C(c2ccc(N(c3ccccc3)c3ccccc3)cc2)=Cc2ccccc2N1Cc1ccccc1,[2H]C(Cl)(Cl)Cl,1,41.4
COc1ccc(C2=Cc3ccccc3N(Cc3ccccc3)B2c2c(OC)ccc3ccccc23)cc1Cl,[2H]C(Cl)(Cl)Cl,1,40.8
COc1ccc(C2=Cc3ccccc3N(Cc3ccccc3)B2c2c(OC)ccc3ccccc23)cc1F,[2H]C(Cl)(Cl)Cl,1,40
COc1ccc(C2=Cc3ccccc3N(Cc3ccccc3)B2c2c(OC)ccc3ccccc23)cc1C,[2H]C(Cl)(Cl)Cl,1,41
COc1ccc2ccccc2c1B1C(c2ccc3c(c2)OCCO3)=Cc2ccccc2N1Cc1ccccc1,[2H]C(Cl)(Cl)Cl,1,41.2
COc1ccc2ccccc2c1B1C(c2ccc3c(c2)OCO3)=Cc2ccccc2N1Cc1ccccc1,[2H]C(Cl)(Cl)Cl,1,40.53
COc1ccc2ccccc2c1B1C(c2ccc3c(c2)CCO3)=Cc2ccccc2N1Cc1ccccc1,[2H]C(Cl)(Cl)Cl,1,40.8
COC(=O)c1cccc(C2=Cc3ccccc3N(Cc3ccccc3)B2c2c(OC)ccc3ccccc23)c1,[2H]C(Cl)(Cl)Cl,1,40.5
COc1ccc2ccccc2c1B1C(c2ccc(C(=C(c3ccccc3)c3ccccc3)c3ccccc3)cc2)=Cc2ccccc2N1Cc1ccccc1,[2H]C(Cl)(Cl)Cl,1,42.5
COc1ccc2ccccc2c1B1C(c2ccc(-n3c4ccccc4c4ccccc43)cc2)=Cc2ccccc2N1Cc1ccccc1,[2H]C(Cl)(Cl)Cl,1,41.7
COc1ccc2ccccc2c1B1C(c2ccccc2)=Cc2ccccc2N1Cc1ccccc1,[2H]C(Cl)(Cl)Cl,1,40.5
COc1ccc2ccccc2c1B1C(c2ccoc2)=Cc2ccccc2N1Cc1ccccc1,[2H]C(Cl)(Cl)Cl,1,40.7
COc1ccc2ccccc2c1B1C(c2ccsc2)=Cc2ccccc2N1Cc1ccccc1,[2H]C(Cl)(Cl)Cl,1,40.3
CCOc1ccc2ccccc2c1B1C(c2cccc(OC)c2)=Cc2ccccc2N1Cc1ccccc1,[2H]C(Cl)(Cl)Cl,1,36.7
COc1ccc2ccccc2c1B1C(c2coc3ccccc23)=Cc2ccccc2N1Cc1ccccc1,[2H]C(Cl)(Cl)Cl,1,40.8
CCCCN1B(c2c(OC)ccc3ccccc23)C(c2cccc(OC)c2)=Cc2ccccc21,[2H]C(Cl)(Cl)Cl,1,38.6
CCSc1ccc2ccccc2c1B1C(c2cccc(OC)c2)=Cc2ccccc2N1Cc1ccccc1,[2H]C(Cl)(Cl)Cl,1,36.8
CCOC(=O)C(C)(C)Oc1ccc(C2=Cc3ccccc3N(Cc3ccccc3)B2c2c(OC)ccc3ccccc23)cc1,[2H]C(Cl)(Cl)Cl,1,41.2
COc1ccc2ccccc2c1B1C(c2ccc3c(c2)CC[C@@H]2[C@@H]3CC[C@]3(C)C(=O)CC[C@@H]23)=Cc2ccccc2N1Cc1ccccc1,[2H]C(Cl)(Cl)Cl,1,42
COC(=O)[C@H](Cc1ccc(C2=Cc3ccccc3N(Cc3ccccc3)B2c2c(OC)ccc3ccccc23)cc1)NC(=O)OC(C)(C)C,[2H]C(Cl)(Cl)Cl,1,41.8
COc1ccc2ccccc2c1B1C(c2c(OC)ccc3ccccc23)=Cc2cc(C)ccc2N1Cc1ccccc1,[2H]C([2H])([2H])C(=O)C([2H])([2H])[2H],1,38.8
COc1ccc2ccccc2c1B1C(c2c(OC)ccc3ccccc23)=Cc2ccccc2N1Cc1ccc(Cl)cc1,[2H]C(Cl)(Cl)Cl,1,41.2
COc1ccc2cc(C)ccc2c1B1C(c2c(OC)ccc3ccccc23)=Cc2ccccc2N1Cc1ccccc1,[2H]C(Cl)(Cl)Cl,1,41.8
COc1ccc2ccccc2c1B1C(c2c(OC)ccc3ccccc23)=Cc2ccccc2N1Cc1ccccc1,[2H]C(Cl)(Cl)Cl,1,40.8
COc1ccc2ccccc2c1B1C=Cc2ccccc2N1Cc1ccccc1,[2H]C(Cl)(Cl)Cl,1,37.08
COc1ccc2ccccc2c1B1C(Br)=Cc2ccccc2N1Cc1ccccc1,[2H]C(Cl)(Cl)Cl,1,38.5
COc1ccc2c(c1)C=CB(c1c(OC)ccc3ccccc13)N2Cc1ccccc1,[2H]C(Cl)(Cl)Cl,1,36.92
COc1ccc2ccccc2c1B1C(Br)=Cc2cc(C)ccc2N1Cc1ccccc1,[2H]C(Cl)(Cl)Cl,1,38.5
COc1ccc2ccccc2c1B1C=Cc2cc(C)ccc2N1Cc1ccccc1,[2H]C(Cl)(Cl)Cl,1,37.26
COc1ccc2c(c1)C=C(Br)B(c1c(OC)ccc3ccccc13)N2Cc1ccccc1,[2H]C(Cl)(Cl)Cl,1,39.2
COc1ccc2ccccc2c1B1C=Cc2ccc(F)cc2N1Cc1ccccc1,[2H]C(Cl)(Cl)Cl,1,37.77
COc1ccc2ccccc2c1B1C(Br)=Cc2ccc(F)cc2N1Cc1ccccc1,[2H]C(Cl)(Cl)Cl,1,40.2
COc1ccc2ccccc2c1B1C=Cc2c(ccc3ccccc23)N1Cc1ccccc1,[2H]C(Cl)(Cl)Cl,1,37.05
COc1ccc2ccccc2c1B1C(Br)=Cc2c(ccc3ccccc23)N1Cc1ccccc1,[2H]C(Cl)(Cl)Cl,1,38.5
COc1ccc2ccccc2c1B1C(Br)=Cc2ccccc2N1Cc1ccc(C)cc1,[2H]C(Cl)(Cl)Cl,1,39.8
COc1ccc2ccccc2c1B1C(Br)=Cc2ccccc2N1Cc1ccc(F)cc1,[2H]C(Cl)(Cl)Cl,1,40.8
COc1ccc2ccccc2c1B1C(Br)=Cc2ccccc2N1Cc1ccc(Cl)cc1,[2H]C(Cl)(Cl)Cl,1,39.9
CCCCN1B(c2c(OC)ccc3ccccc23)C(Br)=Cc2ccccc21,[2H]C(Cl)(Cl)Cl,1,37.8
COc1ccc2ccccc2c1B1C=Cc2ccccc2N1Cc1ccc(C)cc1,[2H]C(Cl)(Cl)Cl,1,37.66
COc1ccc2ccccc2c1B1C=Cc2ccccc2N1Cc1ccc(F)cc1,[2H]C(Cl)(Cl)Cl,1,37.49
COc1ccc2ccccc2c1B1C=Cc2ccccc2N1Cc1ccc(Cl)cc1,[2H]C(Cl)(Cl)Cl,1,37.75
CCCCN1B(c2c(OC)ccc3ccccc23)C=Cc2ccccc21,[2H]C(Cl)(Cl)Cl,1,36.85
CC1(C)OB([Si@](C)(c2ccc(-c3ccccc3)cc2)C2CCCCC2)OC1(C)C,[2H]C(Cl)(Cl)Cl,1,34.9
CC1(C)OB([Si@@](C)(c2ccccc2)c2cccc3ccccc23)OC1(C)C,[2H]C1([2H])OC([2H])([2H])C([2H])([2H])C1([2H])[2H],1,35.1
CC1(C)OB([Si](C)(CCCOCc2ccccc2)C2CCCCC2)OC1(C)C,[2H]C(Cl)(Cl)Cl,1,34.9
CC1(C)OB([Si](C)(Cc2ccccc2)C2CCCCC2)OC1(C)C,[2H]C(Cl)(Cl)Cl,1,34.5
CC1(C)OB([Si@](C)(c2ccc(-c3ccc(Br)cc3)cc2)C2CCCCC2)OC1(C)C,[2H]C(Cl)(Cl)Cl,1,34.3
CC1(C)OB([Si@](OCc2ccccc2)(c2ccccc2)C(C)(C)C)OC1(C)C,[2H]C(Cl)(Cl)Cl,1,33.2
C[C@@H]1C[Si@@](B2OC(C)(C)C(C)(C)O2)(C2CCCC2)c2ccccc21,[2H]C(Cl)(Cl)Cl,1,34.1
CC1(C)OB(CCC=C=Cc2ccccc2)OC1(C)C,[2H]C(Cl)(Cl)Cl,1,33.9
OB1C=C/C(=C\c2ccccc2)[C@H](c2ccccc2)O1,[2H]C(Cl)(Cl)Cl,1,27.4
Cc1ccc([C@H](NC(=O)c2ccccc2)C(/C=C\B2OC(C)(C)C(C)(C)O2)=C/c2ccccc2)cc1,[2H]C(Cl)(Cl)Cl,1,29.7
Cc1ccc([C@@H]2OB(O)C=C/C2=C\c2ccccc2)cc1,[2H]C(Cl)(Cl)Cl,1,27.5
COc1ccc([C@@H]2OB(O)C=C/C2=C\c2ccccc2)cc1,[2H]C(Cl)(Cl)Cl,1,27.3
OB1C=C/C(=C\c2ccccc2)[C@H](c2ccc(F)cc2)O1,[2H]C(Cl)(Cl)Cl,1,27.3
OB1C=C/C(=C\c2ccccc2)[C@H](c2ccc(Br)cc2)O1,[2H]C(Cl)(Cl)Cl,1,27.4
Cc1cccc([C@@H]2OB(O)C=C/C2=C\c2ccccc2)c1,[2H]C(Cl)(Cl)Cl,1,27.3
Cc1ccccc1[C@@H]1OB(O)C=C/C1=C\c1ccccc1,[2H]C(Cl)(Cl)Cl,1,27.5
OB1C=C/C(=C\c2ccccc2)[C@H](c2ccc3ccccc3c2)O1,[2H]C(Cl)(Cl)Cl,1,27.7
OB1C=C/C(=C\c2ccccc2)[C@H](CCc2ccccc2)O1,[2H]C(Cl)(Cl)Cl,1,27.1
OB1C=C/C(=C\c2ccc(F)cc2)[C@H](c2ccccc2)O1,[2H]C(Cl)(Cl)Cl,1,27.3
COc1cccc(/C=C2\C=CB(O)O[C@H]2c2ccccc2)c1,[2H]C(Cl)(Cl)Cl,1,27.3
OB1C=C/C(=C\c2ccc3ccccc3c2)[C@H](c2ccccc2)O1,[2H]C(Cl)(Cl)Cl,1,27.4
COc1ccc([C@H](NC(=O)c2ccccc2)C(/C=C\B2OC(C)(C)C(C)(C)O2)=C/c2ccccc2)cc1,[2H]C(Cl)(Cl)Cl,1,30.2
CC1(C)OB(/C=C\C(=C/c2ccccc2)[C@@H](NC(=O)c2ccccc2)c2ccc(Cl)cc2)OC1(C)C,[2H]C(Cl)(Cl)Cl,1,30.1
CC1(C)OB(/C=C\C(=C/c2ccccc2)[C@@H](NC(=O)c2ccccc2)c2cccc(F)c2)OC1(C)C,[2H]C(Cl)(Cl)Cl,1,30.2
CC1(C)OB(/C=C\C(=C/c2ccccc2)[C@@H](NC(=O)c2ccccc2)c2ccccc2Br)OC1(C)C,[2H]C(Cl)(Cl)Cl,1,29.8
CC1(C)OB(/C=C\C(=C/c2ccccc2)[C@@H](NC(=O)c2ccccc2)c2ccc3ccccc3c2)OC1(C)C,[2H]C(Cl)(Cl)Cl,1,30.2
COc1cccc(/C(=C/C(C)(C)C)B2C(Br)=Cc3ccccc3N2C2CCCC2)c1,[2H]C(Cl)(Cl)Cl,1,35.4
COc1ccc(/C(=C/C(C)(C)C)B2C(Br)=Cc3ccccc3N2C2CCCC2)cc1,[2H]C(Cl)(Cl)Cl,1,38.69
COc1cccc(C2=Cc3ccccc3N(C3CCCC3)B2/C(=C\C(C)(C)C)c2cccc(OC)c2)c1,[2H]C(Cl)(Cl)Cl,1,38.2
COc1cccc(C#CC2=Cc3ccccc3N(C3CCCC3)B2/C(=C\C(C)(C)C)c2cccc(OC)c2)c1,[2H]C(Cl)(Cl)Cl,1,38.68
COc1cccc(/C(=C/C(C)(C)C)B2C(P(c3ccccc3)c3ccccc3)=Cc3ccccc3N2C2CCCC2)c1,[2H]C(Cl)(Cl)Cl,1,39.93
COc1cc(/C(=C/C(C)(C)C)B2C(Br)=Cc3ccccc3N2C2CCCC2)ccc1Br,[2H]C(Cl)(Cl)Cl,1,36.6
CC(C)(C)/C=C(\B1C(Br)=Cc2ccccc2N1C1CCCC1)c1ccc(Oc2ccccc2)cc1,[2H]C(Cl)(Cl)Cl,1,37
CC(C)(C)/C=C(\B1C(Br)=Cc2ccccc2N1C1CCCC1)c1ccc(F)c(C#N)c1,[2H]C(Cl)(Cl)Cl,1,39
CC(C)(C)/C=C(\B1C(Br)=Cc2ccccc2N1C1CCCC1)c1cccc(C#N)c1,[2H]C(Cl)(Cl)Cl,1,35.74
Cc1c(C=O)cccc1/C(=C/C(C)(C)C)B1C(Br)=Cc2ccccc2N1C1CCCC1,[2H]C(Cl)(Cl)Cl,1,37.9
COC(=O)c1cc(Cl)cc(/C(=C/C(C)(C)C)B2C(Br)=Cc3ccccc3N2C2CCCC2)c1,[2H]C(Cl)(Cl)Cl,1,36.47
CC(C)=CCC/C(C)=C/COC(=O)c1cccc(/C(=C/C(C)(C)C)B2C(Br)=Cc3ccccc3N2C2CCCC2)c1,[2H]C(Cl)(Cl)Cl,1,37.2
CC(C)(C)/C=C(\B1C(Br)=Cc2ccccc2N1C1CCCC1)c1cccc(C(=O)[O-])c1,[2H]C(Cl)(Cl)Cl,1,37.57
CC(C)(C)/C=C(\B1C(Br)=Cc2ccccc2N1C1CCCC1)c1ccsc1,[2H]C(Cl)(Cl)Cl,1,36.08
CC(C)(C)/C=C(\B1C(Br)=Cc2ccccc2N1C1CCCC1)c1ccc2ccccc2c1,[2H]C(Cl)(Cl)Cl,1,39.75
COc1cccc(/C(=C/C(C)(C)C)B2C(Br)=Cc3cc(C(C)(C)C)ccc3N2C2CCCC2)c1,[2H]C(Cl)(Cl)Cl,1,39.42
COc1cccc(/C(=C/C(C)(C)C)B2C(Br)=Cc3cc(F)ccc3N2C2CCCC2)c1,[2H]C(Cl)(Cl)Cl,1,38.35
COc1cccc(/C(=C/C(C)(C)C)B2C(Br)=Cc3cc(Cl)ccc3N2C2CCCC2)c1,[2H]C(Cl)(Cl)Cl,1,39.56
COc1cccc(/C(=C/C(C)(C)C)B2C(Br)=Cc3ccc(C)cc3N2C2CCCC2)c1,[2H]C(Cl)(Cl)Cl,1,39.75
COc1cccc(/C(=C/C(C)(C)C)B2C(Br)=C(c3ccccc3)c3ccccc3N2C2CCCC2)c1,[2H]C(Cl)(Cl)Cl,1,37.88
COc1cccc(/C(=C/C(C)(C)C)B2C(Br)=C(C)c3ccccc3N2C2CCCC2)c1,[2H]C(Cl)(Cl)Cl,1,39.57
COc1cccc(/C(=C/C(C)(C)C)B2C(c3ccccc3)=Cc3ccccc3N2C2CCCC2)c1,[2H]C(Cl)(Cl)Cl,1,38.38
CCCN1B(/C(=C\C(C)(C)C)c2cccc(OC)c2)C(Br)=Cc2ccccc21,[2H]C(Cl)(Cl)Cl,1,37.07
COc1cccc(/C(=C/C(C)(C)C)B2C(Br)=Cc3ccccc3N2c2ccccc2)c1,[2H]C(Cl)(Cl)Cl,1,34.57
COc1cccc(/C(=C/C(C)(C)CCc2ccccc2)B2C(Br)=Cc3ccccc3N2C2CCCC2)c1,[2H]C(Cl)(Cl)Cl,1,36.98
COc1cccc(/C(=C/C(C)(C)Cc2ccccc2)B2C(Br)=Cc3ccccc3N2C2CCCC2)c1,[2H]C(Cl)(Cl)Cl,1,37.27
COc1cccc(/C(=C/C2(C)CCCCC2)B2C(Br)=Cc3ccccc3N2C2CCCC2)c1,[2H]C(Cl)(Cl)Cl,1,39.06
COC(=O)c1cccc(/C(=C/C(C)(C)C)B2C=Cc3ccccc3N2C2CCCC2)c1,[2H]C(Cl)(Cl)Cl,1,37.34
C#CB1C(Br)=Cc2ccccc2N1C1CCCC1,[2H]C(Cl)(Cl)Cl,1,27.49
C#CB1C(Br)=Cc2cc(C(C)(C)C)ccc2N1C1CCCC1,[2H]C(Cl)(Cl)Cl,1,27.37
C#CB1C(Br)=Cc2cc(F)ccc2N1C1CCCC1,[2H]C(Cl)(Cl)Cl,1,26.91
C#CB1C(Br)=Cc2cc(Cl)ccc2N1C1CCCC1,[2H]C(Cl)(Cl)Cl,1,27.72
C#CB1C(Br)=Cc2ccc(C)cc2N1C1CCCC1,[2H]C(Cl)(Cl)Cl,1,27.54
C#CB1C(Br)=C(c2ccccc2)c2ccccc2N1C1CCCC1,[2H]C(Cl)(Cl)Cl,1,26.67
C#CB1C=C(C)c2ccccc2N1C1CCCC1,[2H]C(Cl)(Cl)Cl,1,27.56
COc1cccc(/C(=C/C(C)(C)C)B2C=Cc3ccccc3N2C2CCCC2)c1,[2H]C(Cl)(Cl)Cl,1,36.58
C#CB1C(Br)=Cc2ccccc2N1CCC,[2H]C(Cl)(Cl)Cl,1,25.32
C#CB1C(Br)=Cc2ccccc2N1c1ccccc1,[2H]C(Cl)(Cl)Cl,1,26.06
C#CB1C(c2ccccc2)=Cc2ccccc2N1C1CCCC1,[2H]C(Cl)(Cl)Cl,1,25.81
C#CB1C=Cc2ccccc2N1C1CCCC1,[2H]C(Cl)(Cl)Cl,1,26.92
C#CB1C=Cc2ccccc2N1CC,[2H]C(Cl)(Cl)Cl,1,26.46
CN(C(=O)CCCCB1OC(C)(C)C(C)(C)O1)c1ccccc1,[2H]C(Cl)(Cl)Cl,1,34.6
C[C@H](CCB1OC(C)(C)C(C)(C)O1)[C@H]1CC[C@H]2[C@@H]3CC[C@@H]4C[C@H](O[Si](C)(C)C(C)(C)C)CC[C@]4(C)[C@H]3CC[C@]12C,[2H]C(Cl)(Cl)Cl,1,35.4
CC1(C)OB(CCCCCBr)OC1(C)C,[2H]C(Cl)(Cl)Cl,1,33.8
COCCCCB1OC(C)(C)C(C)(C)O1,[2H]C(Cl)(Cl)Cl,1,33.8
CC1(C)OB([C@]2(c3ccccc3)C[C@H](c3ccc4ccccc4c3-c3nccc4ccccc34)C2)OC1(C)C,[2H]C(Cl)(Cl)Cl,1,33.9
Cc1cccnc1-c1c2ccccc2ccc1[C@H]1C[C@](B2OC(C)(C)C(C)(C)O2)(c2ccccc2)C1,[2H]C(Cl)(Cl)Cl,1,33.6
Cc1cnc(-c2c3ccccc3ccc2[C@H]2C[C@](B3OC(C)(C)C(C)(C)O3)(c3ccccc3)C2)c(C)c1,[2H]C(Cl)(Cl)Cl,1,34.1
Cc1cc(F)cnc1-c1c2ccccc2ccc1[C@H]1C[C@](B2OC(C)(C)C(C)(C)O2)(c2ccccc2)C1,[2H]C(Cl)(Cl)Cl,1,35.3
CC1(C)OB([C@]2(c3ccccc3)C[C@H](c3ccc4ccccc4c3-c3ncccc3C(F)(F)F)C2)OC1(C)C,[2H]C(Cl)(Cl)Cl,1,33.6
COc1ccc2ccc([C@H]3C[C@](B4OC(C)(C)C(C)(C)O4)(c4ccccc4)C3)c(-c3nccc4ccccc34)c2c1,[2H]C(Cl)(Cl)Cl,1,35.3
Cc1cccc([C@H]2C[C@](B3OC(C)(C)C(C)(C)O3)(c3ccccc3)C2)c1-c1nccc2ccccc12,[2H]C(Cl)(Cl)Cl,1,35.7
CC1(C)OB([C@]2(c3ccccc3)C[C@H](c3ccc4cc(C#N)ccc4c3-c3nccc4ccccc34)C2)OC1(C)C,[2H]C(Cl)(Cl)Cl,1,34.4
COC(=O)c1ccc2c(-c3nccc4ccccc34)c([C@H]3C[C@](B4OC(C)(C)C(C)(C)O4)(c4ccccc4)C3)ccc2c1,[2H]C(Cl)(Cl)Cl,1,35.3
CC1(C)OB([C@]2(c3ccccc3)C[C@H](c3ccc4ccccc4c3-c3ncnc4ccccc34)C2)OC1(C)C,[2H]C(Cl)(Cl)Cl,1,34.3
Cc1nccnc1-c1c2ccccc2ccc1[C@H]1C[C@](B2OC(C)(C)C(C)(C)O2)(c2ccccc2)C1,[2H]C(Cl)(Cl)Cl,1,35.8
Cc1ccc([C@]2(B3OC(C)(C)C(C)(C)O3)C[C@H](c3ccc4ccccc4c3-c3nccc4ccccc34)C2)cc1,[2H]C(Cl)(Cl)Cl,1,33.4
Cc1cccc([C@]2(B3OC(C)(C)C(C)(C)O3)C[C@H](c3ccc4ccccc4c3-c3nccc4ccccc34)C2)c1,[2H]C(Cl)(Cl)Cl,1,34.4
Cc1ccccc1[C@]1(B2OC(C)(C)C(C)(C)O2)C[C@H](c2ccc3ccccc3c2-c2nccc3ccccc23)C1,[2H]C(Cl)(Cl)Cl,1,35.9
Cc1cc(C)cc([C@]2(B3OC(C)(C)C(C)(C)O3)C[C@@H](c3ccc4ccccc4c3-c3nccc4ccccc34)C2)c1,[2H]C(Cl)(Cl)Cl,1,36.2
CC1(C)OB([C@]2(c3ccc4c(c3)OCO4)C[C@H](c3ccc4ccccc4c3-c3nccc4ccccc34)C2)OC1(C)C,[2H]C(Cl)(Cl)Cl,1,33.9
CC1(C)OB([C@]2(c3ccc(F)cc3)C[C@H](c3ccc4ccccc4c3-c3nccc4ccccc34)C2)OC1(C)C,[2H]C(Cl)(Cl)Cl,1,34.4
CC1(C)OB([C@]2(c3ccc(Cl)cc3)C[C@H](c3ccc4ccccc4c3-c3nccc4ccccc34)C2)OC1(C)C,[2H]C(Cl)(Cl)Cl,1,34.6
CC1(C)OB([C@]2(c3ccc(C(F)(F)F)cc3)C[C@@H](c3ccc4ccccc4c3-c3nccc4ccccc34)C2)OC1(C)C,[2H]C(Cl)(Cl)Cl,1,34.4
CC1(C)OB([C@]2(c3ccc(C#Cc4ccccc4)cc3)C[C@H](c3ccc4ccccc4c3-c3nccc4ccccc34)C2)OC1(C)C,[2H]C(Cl)(Cl)Cl,1,36.5
CC1(C)OB([C@]2(c3ccc(-c4ccccc4)cc3)C[C@H](c3ccc4ccccc4c3-c3nccc4ccccc34)C2)OC1(C)C,[2H]C(Cl)(Cl)Cl,1,33.6
CC1(C)OB([C@]2(c3ccc4ccccc4c3)C[C@H](c3ccc4ccccc4c3-c3nccc4ccccc34)C2)OC1(C)C,[2H]C(Cl)(Cl)Cl,1,32.6
CC1(C)OB([C@]2(c3cccc4ccccc43)C[C@H](c3ccc4ccccc4c3-c3nccc4ccccc34)C2)OC1(C)C,[2H]C(Cl)(Cl)Cl,1,34.2
CC1(C)OB([C@]2(c3cccs3)C[C@@H](c3ccc4ccccc4c3-c3nccc4ccccc34)C2)OC1(C)C,[2H]C(Cl)(Cl)Cl,1,33.5
CC1(C)OB([C@]2(c3ccsc3)C[C@@H](c3ccc4ccccc4c3-c3nccc4ccccc34)C2)OC1(C)C,[2H]C(Cl)(Cl)Cl,1,35.4
Cc1ccc([C@]2(B3OC(C)(C)C(C)(C)O3)C[C@@H](c3ccc4ccccc4c3-c3nccc4ccccc34)C2)s1,[2H]C(Cl)(Cl)Cl,1,34.6
CC1(C)OB([C@]2(c3csc4ccccc43)C[C@H](c3ccc4ccccc4c3-c3nccc4ccccc34)C2)OC1(C)C,[2H]C(Cl)(Cl)Cl,1,33.4
CC1(C)OB([C@]2(c3ccc4sccc4c3)C[C@H](c3ccc4ccccc4c3-c3nccc4ccccc34)C2)OC1(C)C,[2H]C(Cl)(Cl)Cl,1,34.1
CC(C)(C)OC(=O)n1ccc2cc([C@]3(B4OC(C)(C)C(C)(C)O4)C[C@@H](c4ccc5ccccc5c4-c4nccc5ccccc45)C3)ccc21,[2H]C(Cl)(Cl)Cl,1,37.1
CC1(C)OB([C@]2(/C=C/c3ccccc3)C[C@H](c3ccc4ccccc4c3-c3nccc4ccccc34)C2)OC1(C)C,[2H]C(Cl)(Cl)Cl,1,33.2
C=C(c1ccccc1)[C@]1(B2OC(C)(C)C(C)(C)O2)C[C@@H](c2ccc3ccccc3c2-c2nccc3ccccc23)C1,[2H]C(Cl)(Cl)Cl,1,33.5
CC1(C)OB([C@]2(/C=C/C3CC3)C[C@H](c3ccc4ccccc4c3-c3nccc4ccccc34)C2)OC1(C)C,[2H]C(Cl)(Cl)Cl,1,33.2
C=C(C)[C@]1(B2OC(C)(C)C(C)(C)O2)C[C@@H](c2ccc3ccccc3c2-c2nccc3ccccc23)C1,[2H]C(Cl)(Cl)Cl,1,34.3
COc1ccc2cc([C@H](C)C[C@]3(B4OC(C)(C)C(C)(C)O4)C[C@@H](c4ccc5ccccc5c4-c4nccc5ccccc45)C3)ccc2c1,[2H]C(Cl)(Cl)Cl,1,38.1
CC1CC[C@@H](C(C)C)C(OC(=O)CCC[C@]2(B3O[C@@H](C)[C@@H](C)O3)C[C@@H](c3ccc4ccccc4c3-c3nccc4ccccc34)C2)C1,[2H]C(Cl)(Cl)Cl,1,36.7
CC1CC[C@@H](C(C)C)C(OC(=O)CCC[C@]2(B3O[C@H](C)[C@@H](C)O3)C[C@@H](c3ccc4ccccc4c3-c3nccc4ccccc34)C2)C1,[2H]C(Cl)(Cl)Cl,1,33.7
C/C(=C\COC(=O)CCC[C@]1(B2O[C@@H](C)C(C)(C)O2)C[C@@H](c2ccc3ccccc3c2-c2nccc3ccccc23)C1)CCC[C@H](C)CCC[C@H](C)CCCC(C)C,[2H]C(Cl)(Cl)Cl,1,36.7
CC(C)CCC[C@@H](C)[C@H]1CC[C@H]2[C@@H]3CC=C4C[C@@H](OC(=O)CCC[C@]5(B6OC(C)(C)C(C)(C)O6)C[C@@H](c6ccc7ccccc7c6-c6nccc7ccccc67)C5)CC[C@]4(C)[C@H]3CC[C@]12C,[2H]C(Cl)(Cl)Cl,1,38.8
C[C@H](CCC1(B2OC(C)(C)C(C)(C)O2)CC(c2ccc3ccccc3c2-c2nccc3ccccc23)C1)[C@H]1CC[C@H]2[C@@H]3CC[C@@H]4C[C@H](O[Si](C)(C)C(C)(C)C)CC[C@]4(C)[C@H]3CC[C@]12C,[2H]C(Cl)(Cl)Cl,1,34.9
CCCC[C@]1(B2OC(C)(C)C(C)(C)O2)C[C@@H](c2ccc3ccccc3c2-c2nccc3ccccc23)C1,[2H]C(Cl)(Cl)Cl,1,34.1
CC1(C)OB([C@]2(C)C[C@H](c3ccc4ccccc4c3-c3nccc4ccccc34)C2)OC1(C)C,[2H]C(Cl)(Cl)Cl,1,35.5
CC[C@]1(B2OC(C)(C)C(C)(C)O2)C[C@@H](c2ccc3ccccc3c2-c2nccc3ccccc23)C1,[2H]C(Cl)(Cl)Cl,1,36
CC(C)C[C@]1(B2OC(C)(C)C(C)(C)O2)C[C@@H](c2ccc3ccccc3c2-c2nccc3ccccc23)C1,[2H]C(Cl)(Cl)Cl,1,36.5
CC(C)[C@]1(B2OC(C)(C)C(C)(C)O2)C[C@@H](c2ccc3ccccc3c2-c2nccc3ccccc23)C1,[2H]C(Cl)(Cl)Cl,1,36.3
CC1(C)OB([C@]2(Cc3ccccc3)C[C@H](c3ccc4ccccc4c3-c3nccc4ccccc34)C2)OC1(C)C,[2H]C(Cl)(Cl)Cl,1,36.1
COCCCC[C@]1(B2OC(C)(C)C(C)(C)O2)C[C@@H](c2ccc3ccccc3c2-c2nccc3ccccc23)C1,[2H]C(Cl)(Cl)Cl,1,35.3
C=CCC[C@]1(B2OC(C)(C)C(C)(C)O2)C[C@@H](c2ccc3ccccc3c2-c2nccc3ccccc23)C1,[2H]C(Cl)(Cl)Cl,1,36.4
COC(=O)CC[C@]1(B2OC(C)(C)C(C)(C)O2)C[C@@H](c2ccc3ccccc3c2-c2nccc3ccccc23)C1,[2H]C(Cl)(Cl)Cl,1,35.6
CN(C(=O)CCC[C@]1(B2OC(C)(C)C(C)(C)O2)C[C@@H](c2ccc3ccccc3c2-c2nccc3ccccc23)C1)c1ccccc1,[2H]C(Cl)(Cl)Cl,1,36
CC1(C)OB([C@]2(C3CC3)C[C@H](c3ccc4ccccc4c3-c3nccc4ccccc34)C2)OC1(C)C,[2H]C(Cl)(Cl)Cl,1,34.4
CC1(C)OB([C@]2(C3CCC3)C[C@@H](c3ccc4ccccc4c3-c3nccc4ccccc34)C2)OC1(C)C,[2H]C(Cl)(Cl)Cl,1,35.2
CC1(C)OB([C@]2(C3CCCC3)C[C@H](c3ccc4ccccc4c3-c3nccc4ccccc34)C2)OC1(C)C,[2H]C(Cl)(Cl)Cl,1,35.5
CC(C)(C)OC(=O)N1CCC([C@]2(B3OC(C)(C)C(C)(C)O3)C[C@@H](c3ccc4ccccc4c3-c3nccc4ccccc34)C2)CC1,[2H]C(Cl)(Cl)Cl,1,37.8
CC1(C)OB([C@]2(c3ccco3)C[C@H](c3ccc4ccccc4c3-c3nccc4ccccc34)C2)OC1(C)C,[2H]C(Cl)(Cl)Cl,1,33.8
CC1(C)OB([C@]2(c3ccoc3)C[C@H](c3ccc4ccccc4c3-c3nccc4ccccc34)C2)OC1(C)C,[2H]C(Cl)(Cl)Cl,1,34.4
CC1(C)OB(C[C@]2(c3ccccc3)C[C@H](c3ccc4ccccc4c3-c3nccc4ccccc34)C2)OC1(C)C,[2H]C(Cl)(Cl)Cl,1,34.2
CC1(C)OB([Si@@](CCCc2ccc3ccc4cccc5ccc2c3c45)(c2ccccc2)C(C)(C)C)OC1(C)C,[2H]C(Cl)(Cl)Cl,1,34.34
COc1ccc(CN2CCc3ccccc3[C@@H]2CB2Nc3cccc4cccc(c34)N2)cc1,[2H]C(Cl)(Cl)Cl,1,31.6
CCCCC[C@@H](CCCc1ccc(Br)cc1)B1OC(C)(C)C(C)(C)O1,[2H]C(Cl)(Cl)Cl,1,33.59
CCCCC[C@@H](CCCc1ccccc1)B1OC(C)(C)C(C)(C)O1,[2H]C(Cl)(Cl)Cl,1,34.23
CC(C)C[C@@H](CCO[Si](c1ccccc1)(c1ccccc1)C(C)(C)C)CB1OC(C)(C)C(C)(C)O1,[2H]C(Cl)(Cl)Cl,1,35.12
CCCCC[C@@H](CCCOc1ccccc1)B1OC(C)(C)C(C)(C)O1,[2H]C(Cl)(Cl)Cl,1,34.21
CCCCC[C@@H](CCCC(=O)c1ccccc1)B1OC(C)(C)C(C)(C)O1,[2H]C(Cl)(Cl)Cl,1,34.08
CCCCC[C@@H](CCCOC(=O)c1ccc(Cl)cc1)B1OC(C)(C)C(C)(C)O1,[2H]C(Cl)(Cl)Cl,1,35.76
CCCCC[C@@H](CCCOC(=O)c1ccc(I)cc1)B1OC(C)(C)C(C)(C)O1,[2H]C(Cl)(Cl)Cl,1,36.03
CCCCCC(CCCN(Cc1ccccc1)C(=O)[O-])B1OC(C)(C)C(C)(C)O1,[2H]C(Cl)(Cl)Cl,1,34.46
CCCCC[C@@H](CCCN1C(=O)c2ccccc2C1=O)B1OC(C)(C)C(C)(C)O1,[2H]C(Cl)(Cl)Cl,1,35.88
CCCCC[C@@H](CCCc1ccc(O)cc1)B1OC(C)(C)C(C)(C)O1,[2H]C(Cl)(Cl)Cl,1,36.02
CCCCC[C@@H](CCCOC(=O)c1ccco1)B1OC(C)(C)C(C)(C)O1,[2H]C(Cl)(Cl)Cl,1,35.39
CCCCC[C@@H](CCCOC(=O)c1cccs1)B1OC(C)(C)C(C)(C)O1,[2H]C(Cl)(Cl)Cl,1,35.35
CCCCCC(CCCn1cc(C(=O)OC)c2ccccc21)B1OC(C)(C)C(C)(C)O1,[2H]C(Cl)(Cl)Cl,1,35.39
CCCCCC(CC1CCN(C(=O)OCc2ccccc2)CC1)B1OC(C)(C)C(C)(C)O1,[2H]C(Cl)(Cl)Cl,1,35.84
COC(=O)CCCCC(CCCCc1ccccc1)B1OC(C)(C)C(C)(C)O1,[2H]C(Cl)(Cl)Cl,1,33.7
CC1(C)OB([C@H](CCCCOc2ccccc2)CCCCc2ccccc2)OC1(C)C,[2H]C(Cl)(Cl)Cl,1,33.72
CC1(C)OB([C@@H](CCCCc2ccccc2)C2CCCCCCC2)OC1(C)C,[2H]C(Cl)(Cl)Cl,1,33.82
CC1(C)OB([C@@H](CCCCc2ccccc2)C2Cc3ccccc3C2)OC1(C)C,[2H]C(Cl)(Cl)Cl,1,33.68
CC1(C)OB([C@@H](CCCCc2ccccc2)C2CCOCC2)OC1(C)C,[2H]C(Cl)(Cl)Cl,1,33.62
CC1(C)OB([C@@H](CCCCc2ccccc2)C2CCC3(CC2)OCCO3)OC1(C)C,[2H]C(Cl)(Cl)Cl,1,35.38
CC1(C)OB([C@@H](CCCCc2ccccc2)C2COC2)OC1(C)C,[2H]C(Cl)(Cl)Cl,1,33.49
CC(C)(C)OC(=O)N1CC(C(CCCCc2ccccc2)B2OC(C)(C)C(C)(C)O2)C1,[2H]C(Cl)(Cl)Cl,1,35.28
CCC(C)[C@H](CCCCc1ccccc1)B1OC(C)(C)C(C)(C)O1,[2H]C(Cl)(Cl)Cl,1,33.67
CC(CCc1ccccc1)[C@H](CCCCc1ccccc1)B1OC(C)(C)C(C)(C)O1,[2H]C(Cl)(Cl)Cl,1,34.61
CC1(C)OB([C@@H](CCCCc2ccccc2)C2CCOC2)OC1(C)C,[2H]C(Cl)(Cl)Cl,1,32.74
COC(=O)CCCC[C@@H](CCCc1ccc(OC)cc1)B1OC(C)(C)C(C)(C)O1,[2H]C(Cl)(Cl)Cl,1,36.32
COc1ccc(CCC[C@H](CCCO[Si](C)(C)C(C)(C)C)B2OC(C)(C)C(C)(C)O2)cc1,[2H]C(Cl)(Cl)Cl,1,33.63
COc1ccc(CCC[C@H](CC2CCCCC2)B2OC(C)(C)C(C)(C)O2)cc1,[2H]C(Cl)(Cl)Cl,1,34.31
COc1ccc(CCC[C@H](C)B2OC(C)(C)C(C)(C)O2)cc1,[2H]C(Cl)(Cl)Cl,1,34.31
COc1ccc(CCC[C@H](B2OC(C)(C)C(C)(C)O2)C(C)C)cc1,[2H]C(Cl)(Cl)Cl,1,34.85
CC1(C)[C@H]2CC=C(CC[C@H](CCCCc3ccccc3)B3OC(C)(C)C(C)(C)O3)[C@@H]1C2,[2H]C(Cl)(Cl)Cl,1,35.26
COc1ccc2cc([C@H](C)C(=O)OCCCC(CCCCc3ccccc3)B3OC(C)(C)C(C)(C)O3)ccc2c1,[2H]C(Cl)(Cl)Cl,1,36.03
Cc1ccc(C)c(OCCCC(C)(C)C(=O)OCCC[C@H](CCCCc2ccccc2)B2OC(C)(C)C(C)(C)O2)c1,[2H]C(Cl)(Cl)Cl,1,34.07
C[C@H](CCC[C@H](CCCCCOc1ccccc1)B1OC(C)(C)C(C)(C)O1)[C@H]1CC[C@H]2[C@@H]3CC[C@@H]4C[C@H](O[Si](C)(C)C(C)(C)C)CC[C@]4(C)[C@H]3CC[C@]12C,[2H]C(Cl)(Cl)Cl,1,37.9
CC1(C)OB([C@@H](CCCCc2ccccc2)CCCOC(=O)COc2ccc(Cl)cc2Cl)OC1(C)C,[2H]C(Cl)(Cl)Cl,1,34.13
CC1(C)OB([C@@H](CCCCc2ccccc2)CCCOC(=O)Cc2ccc3c(c2)C(=O)c2ccccc2CO3)OC1(C)C,[2H]C(Cl)(Cl)Cl,1,35.7
COc1ccc2c(c1)c(CC(=O)OCCC[C@H](CCCCCOc1ccccc1)B1OC(C)(C)C(C)(C)O1)c(C)n2C(=O)c1ccc(Cl)cc1,[2H]C(Cl)(Cl)Cl,1,36.5
CCCN(CCC)S(=O)(=O)c1ccc(C(=O)OCCC[C@H](CCCCc2ccccc2)B2OC(C)(C)C(C)(C)O2)cc1,[2H]C(Cl)(Cl)Cl,1,35.11
COc1ccc(-c2ccc3cc(C(=O)OCCC[C@H](CCCCc4ccccc4)B4OC(C)(C)C(C)(C)O4)ccc3c2)cc1C12C[C@H]3C[C@@H](C1)C[C@@H](C2)C3,[2H]C(Cl)(Cl)Cl,1,34.12
CC[C@@H](CCCc1ccc(OC)cc1)B1OC(C)(C)C(C)(C)O1,[2H]C(Cl)(Cl)Cl,1,35.15
CCC[C@@H](CCCc1ccc(OC)cc1)B1OC(C)(C)C(C)(C)O1,[2H]C(Cl)(Cl)Cl,1,35.15
CCCCC[C@@H](CCCc1ccc(OC)cc1)B1OC(C)(C)C(C)(C)O1,[2H]C(Cl)(Cl)Cl,1,34
CC1(C)OB([C@@H](CCCCc2ccccc2)C2CCCCC2)OC1(C)C,[2H]C(Cl)(Cl)Cl,1,34.18
COc1ccc(CCC[C@H](CCCCOC(C)=O)B2OC(C)(C)C(C)(C)O2)cc1,[2H]C(Cl)(Cl)Cl,1,33.78
CCCC#C[B-](c1ccccc1)(c1ccccc1)c1ccccc1.C[N+](C)(C)C,[2H]C([2H])([2H])S(=O)C([2H])([2H])[2H],1,-13.4
CCCCC#C[B-](c1ccccc1)(c1ccccc1)c1ccccc1.C[N+](C)(C)C,[2H]C([2H])([2H])S(=O)C([2H])([2H])[2H],1,-12.4
CCCCCCC#C[B-](c1ccccc1)(c1ccccc1)c1ccccc1.C[N+](C)(C)C,[2H]C([2H])([2H])S(=O)C([2H])([2H])[2H],1,-12.4
C(#C[B-](c1ccccc1)(c1ccccc1)c1ccccc1)CC1CCCCC1.C[N+](C)(C)C,[2H]C([2H])([2H])S(=O)C([2H])([2H])[2H],1,-12.4
C(#C[B-](c1ccccc1)(c1ccccc1)c1ccccc1)C1CC1.C[N+](C)(C)C,[2H]C([2H])([2H])S(=O)C([2H])([2H])[2H],1,-12.6
C(#C[B-](c1ccccc1)(c1ccccc1)c1ccccc1)CCc1ccccc1.C[N+](C)(C)C,[2H]C([2H])([2H])S(=O)C([2H])([2H])[2H],1,-12.5
C(#C[B-](c1ccccc1)(c1ccccc1)c1ccccc1)CCCOc1ccccc1.C[N+](C)(C)C,[2H]C([2H])([2H])S(=O)C([2H])([2H])[2H],1,-13.4
C[N+](C)(C)C.Cc1ccc(OCCCC#C[B-](c2ccccc2)(c2ccccc2)c2ccccc2)cc1,[2H]C([2H])([2H])S(=O)C([2H])([2H])[2H],1,-12.4
CCc1ccc(OCCCC#C[B-](c2ccccc2)(c2ccccc2)c2ccccc2)cc1.C[N+](C)(C)C,[2H]C([2H])([2H])S(=O)C([2H])([2H])[2H],1,-12.4
CC(C)(C)c1ccc(OCCCC#C[B-](c2ccccc2)(c2ccccc2)c2ccccc2)cc1.C[N+](C)(C)C,[2H]C([2H])([2H])S(=O)C([2H])([2H])[2H],1,-12.4
COc1ccc(OCCCC#C[B-](c2ccccc2)(c2ccccc2)c2ccccc2)cc1.C[N+](C)(C)C,[2H]C([2H])([2H])S(=O)C([2H])([2H])[2H],1,-12.5
C[N+](C)(C)C.Fc1ccc(OCCCC#C[B-](c2ccccc2)(c2ccccc2)c2ccccc2)cc1,[2H]C([2H])([2H])S(=O)C([2H])([2H])[2H],1,-12.4
C[N+](C)(C)C.Clc1ccc(OCCCC#C[B-](c2ccccc2)(c2ccccc2)c2ccccc2)cc1,[2H]C([2H])([2H])S(=O)C([2H])([2H])[2H],1,-13.3
COc1ccccc1OCCCC#C[B-](c1ccccc1)(c1ccccc1)c1ccccc1.C[N+](C)(C)C,[2H]C([2H])([2H])S(=O)C([2H])([2H])[2H],1,-12.4
CCOc1ccc(OCCCC#C[B-](c2ccccc2)(c2ccccc2)c2ccccc2)cc1.C[N+](C)(C)C,[2H]C([2H])([2H])S(=O)C([2H])([2H])[2H],1,-12.4
C[N+](C)(C)C.Cc1cc(C)cc(OCCCC#C[B-](c2ccccc2)(c2ccccc2)c2ccccc2)c1,[2H]C([2H])([2H])S(=O)C([2H])([2H])[2H],1,-12.4
C[N+](C)(C)C.Cc1ccc(OCCCC#C[B-](c2ccccc2)(c2ccccc2)c2ccccc2)c(C)c1,[2H]C([2H])([2H])S(=O)C([2H])([2H])[2H],1,-12.5
C[N+](C)(C)C.Cc1cc(OCCCC#C[B-](c2ccccc2)(c2ccccc2)c2ccccc2)cc(C)c1Cl,[2H]C([2H])([2H])S(=O)C([2H])([2H])[2H],1,-12.4
C(#C[B-](c1ccccc1)(c1ccccc1)c1ccccc1)CCCOc1ccc2ccccc2c1.C[N+](C)(C)C,[2H]C([2H])([2H])S(=O)C([2H])([2H])[2H],1,-12.4
C(#C[B-](c1ccccc1)(c1ccccc1)c1ccccc1)CCCOCc1ccccc1.C[N+](C)(C)C,[2H]C([2H])([2H])S(=O)C([2H])([2H])[2H],1,-13.4
C[N+](C)(C)C.Cc1cn(CCCC#C[B-](c2ccccc2)(c2ccccc2)c2ccccc2)c2ccccc12,[2H]C([2H])([2H])S(=O)C([2H])([2H])[2H],1,-8.5
C[N+](C)(C)C.Cc1ccc(SCCCC#C[B-](c2ccccc2)(c2ccccc2)c2ccccc2)cc1,[2H]C([2H])([2H])S(=O)C([2H])([2H])[2H],1,-12.4
C[N+](C)(C)C.Fc1ccc(SCCC#C[B-](c2ccccc2)(c2ccccc2)c2ccccc2)cc1,[2H]C([2H])([2H])S(=O)C([2H])([2H])[2H],1,-13.4
C[N+](C)(C)C.Clc1cccc(SCCCC#C[B-](c2ccccc2)(c2ccccc2)c2ccccc2)c1,[2H]C([2H])([2H])S(=O)C([2H])([2H])[2H],1,-13.4
C(#C[B-](c1ccccc1)(c1ccccc1)c1ccccc1)CCCSc1ccc2ccccc2c1.C[N+](C)(C)C,[2H]C([2H])([2H])S(=O)C([2H])([2H])[2H],1,-12.4
C[N+](C)(C)C.Cc1cc(OCCCC#C[B-](c2ccccc2)(c2ccccc2)c2ccccc2)cc(C)c1Br,[2H]C([2H])([2H])S(=O)C([2H])([2H])[2H],1,-12.5
CCN(CC)C1=NC=CC(B2OC(C)(C)C(C)(C)O2)=CC1,[2H]C(Cl)(Cl)Cl,1,30.5
CC1(C)OB(C2CCCN(C(=O)C(F)(F)F)CC2)OC1(C)C,[2H]C(Cl)(Cl)Cl,1,34
CC1(C)OB(c2ccc3c(c2)C2CCCCC2C(=O)N3)OC1(C)C,[2H]C(Cl)(Cl)Cl,1,30.25
CC1(C)OB(c2ccc(NC(=O)C3=CCCCC3)cc2)OC1(C)C,[2H]C(Cl)(Cl)Cl,1,30.42
Cc1ccccc1-n1ccnc1C(=O)CCc1ccc(B2OC(C)(C)C(C)(C)O2)cc1,[2H]C(Cl)(Cl)Cl,1,30.7
C=C(C)[C@@]1(C)C[C@@H](C(=O)c2nccn2-c2ccccc2C)[C@@H]1c1ccc(B2OC(C)(C)C(C)(C)O2)cc1,[2H]C(Cl)(Cl)Cl,1,30.8
CC#CCC1(CC#CC)c2ccccc2-c2ccc(B3OC(C)(C)C(C)(C)O3)cc21,[2H]C(Cl)(Cl)Cl,1,30.4
CC#CC[B-]1(CC#CC)c2cc(C(C)(C)C)ccc2-c2cccc[n+]21,[2H]C(Cl)(Cl)Cl,1,-0.7
CC#CC[B-]1(CC#CC)c2cc(C(C)(C)C)ccc2-c2c3ccccc3cc[n+]21,[2H]C(Cl)(Cl)Cl,1,-0.7
Cc1nc(-c2ccc(B3OC(C)(C)C(C)(C)O3)cc2)c(C)c2c1C[C@]1(C2)c2ccccc2-c2ccc(N(c3ccccc3)c3ccccc3)cc21,[2H]C(Cl)(Cl)Cl,1,-6.9
CC1(C)OB([C@H]2[C@H]3C[C@@H]4[C@H]([C@@H]3c3ccc(N5CCOCC5)cc3)[C@@H]42)OC1(C)C,[2H]C(Cl)(Cl)Cl,1,33.3
CC1(C)OB([C@H]2[C@H]3C[C@@H]4[C@H]([C@@H]3c3ccc([N+](=O)[O-])cc3)[C@@H]42)OC1(C)C,[2H]C(Cl)(Cl)Cl,1,33.3
CC1(C)OB([C@H]2[C@H]3C[C@@H]4[C@H]([C@@H]3c3ccc(OC(F)(F)F)cc3)[C@@H]42)OC1(C)C,[2H]C(Cl)(Cl)Cl,1,33.3
Cc1cc(F)ccc1[C@@H]1[C@@H]2C[C@@H]3[C@H]1[C@@H]3[C@H]2B1OC(C)(C)C(C)(C)O1,[2H]C(Cl)(Cl)Cl,1,33.4
CC1(C)OB([C@H]2[C@H]3C[C@@H]4[C@H]([C@@H]3c3ccc(O)cc3)[C@@H]42)OC1(C)C,[2H]C(Cl)(Cl)Cl,1,33.4
CC1(C)OB([C@H]2[C@H]3C[C@@H]4[C@H]([C@@H]3c3ccsc3)[C@@H]42)OC1(C)C,[2H]C(Cl)(Cl)Cl,1,33.5
CC1(C)OB([C@H]2[C@H]3C[C@@H]4[C@H]([C@@H]3c3cnc(N5CCCCC5)nc3)[C@@H]42)OC1(C)C,[2H]C(Cl)(Cl)Cl,1,33.4
CC1(C)OB([C@H]2[C@H]3C[C@@H]4[C@H]([C@@H]3c3ccc5occc5c3)[C@@H]42)OC1(C)C,[2H]C(Cl)(Cl)Cl,1,33.5
Cn1ccc2cc([C@@H]3[C@@H]4C[C@@H]5[C@H]3[C@@H]5[C@H]4B3OC(C)(C)C(C)(C)O3)ccc21,[2H]C(Cl)(Cl)Cl,1,33.6
CC(C)=C[C@@H]1[C@@H]2C[C@@H]3[C@H]1[C@@H]3[C@H]2B1OC(C)(C)C(C)(C)O1,[2H]C(Cl)(Cl)Cl,1,33.5
CC1(C)OB([C@H]2[C@H]3C[C@@H]4[C@H]([C@@H]3CC=Cc3ccccc3)[C@@H]42)OC1(C)C,[2H]C(Cl)(Cl)Cl,1,33.7
COc1ccc([C@@H]2[C@@H]3C[C@@H]4[C@H]2[C@@H]4[C@H]3B2OC(C)(C)C(C)(C)O2)cc1,[2H]C(Cl)(Cl)Cl,1,33.5
CC1(C)OB([C@H]2[C@H]3C[C@@H]4[C@H]([C@@H]3c3ccc(C#N)cc3)[C@@H]42)OC1(C)C,[2H]C(Cl)(Cl)Cl,1,33.3
CC1(C)OB([C@H]2[C@H]3C[C@@H]4[C@H]([C@@H]3c3ccccc3)[C@@H]42)OC1(C)C,[2H]C(Cl)(Cl)Cl,1,33.6
CC1(C)OB([C@H]2[C@H]3C[C@@H]4[C@H]([C@@H]3c3cccc(OCc5ccccc5)c3)[C@@H]42)OC1(C)C,[2H]C(Cl)(Cl)Cl,1,33.4
COC(=O)c1ccc([C@@H]2[C@@H]3C[C@@H]4[C@H]2[C@@H]4[C@H]3B2OC(C)(C)C(C)(C)O2)cc1,[2H]C(Cl)(Cl)Cl,1,33.6
CC1(C)OB([C@H]2[C@H]3C[C@@H]4[C@H]([C@@H]3c3ccc(C(F)(F)F)cc3)[C@@H]42)OC1(C)C,[2H]C(Cl)(Cl)Cl,1,33.3
CC1(C)OB([C@H]2[C@H]3C[C@@H]4[C@H]([C@@H]3c3ccc(N)cc3)[C@@H]42)OC1(C)C,[2H]C(Cl)(Cl)Cl,1,33.4
COC(=O)c1cc([C@@H]2[C@@H]3C[C@@H]4[C@H]2[C@@H]4[C@H]3B2OC(C)(C)C(C)(C)O2)co1,[2H]C(Cl)(Cl)Cl,1,33.4
COCCc1nc(C)c2c(c1C)C[B@-]1(C2)c2cc(N(c3ccccc3)c3ccccc3)ccc2-c2cccc[n+]21,[2H]C([2H])(Cl)Cl,1,5.3
CCCCc1nc(C)c2c(c1C)C[B-]1(C2)c2cc(C(C)(C)C)ccc2C2c3ccccc3C=C[N@@H+]21,[2H]C(Cl)(Cl)Cl,1,3.3
C=CC1=C2C[B-]3(CC2=C(C=C)[C@@H](c2ccc(C(F)(F)F)cc2)N1)n1cccc1-c1ccc(-c2ccccc2)c[n+]13,[2H]C([2H])(Cl)Cl,1,7.4
CC(C)(C)c1cc(C(C)(C)C)n2c1-c1cccc[n+]1[B-]21Cc2cnc(-c3ccccc3)cc2C1,[2H]C([2H])(Cl)Cl,1,5.9
C#CC[B-]1(CC#C)c2ccccc2-c2ccc(N3CCCCCC3)c[n+]21,[2H]C(Cl)(Cl)Cl,1,-1
C#CC[B-]1(CC#C)c2ccccc2-c2ccc(N(CCCC)CCCC)c[n+]21,[2H]C(Cl)(Cl)Cl,1,-0.85
C#CC[B-]1(CC#C)c2cc(C(C)(C)C)ccc2-c2cccc[n+]21,[2H]C(Cl)(Cl)Cl,1,-1
C#CC[B-]1(CC#C)n2cccc2-c2ccc(-c3ccccc3)c[n+]21,[2H]C(Cl)(Cl)Cl,1,1.65
C#CC[B-]1(CC#C)n2c(C(C)(C)C)cc(C(C)(C)C)c2-c2cccc[n+]21,[2H]C(Cl)(Cl)Cl,1,1.33
CC1(C)OB(C[C@@](C)(CCC2CCCCC2)/C(=N/N2CCCCC2)C(F)(F)F)OC1(C)C,[2H]C(Cl)(Cl)Cl,1,33.6
COc1cccc(CCC[C@@](C)(CB2OC(C)(C)C(C)(C)O2)/C(=N/N2CCCCC2)C(F)(F)F)c1,[2H]C(Cl)(Cl)Cl,1,33.8
CCCCCCN(CCCCCC)C(=O)c1ccccc1B1OC(C)(C)C(C)(C)O1,[2H]C(Cl)(Cl)Cl,1,32.9
CCCCCCN(CCCCCC)C(=O)c1cccc(B2OC(C)CC(C)(C)O2)c1C(F)(F)F,[2H]C(Cl)(Cl)Cl,1,26.2
CCCCCCN(CCCCCC)C(=O)c1cccc(F)c1B1OC(C)(C)C(C)(C)O1,[2H]C(Cl)(Cl)Cl,1,30
CCCCCCN(CCCCCC)C(=O)c1ccc(B2OC(C)(C)C(C)(C)O2)s1,[2H]C(Cl)(Cl)Cl,1,28.6
CCCCCCN(CCCCCC)C(=O)c1cccc(B2OC(C)(C)C(C)(C)O2)c1OC,[2H]C(Cl)(Cl)Cl,1,31.9
CCCCCCN(CCCCCC)C(=O)c1cccc(B2OC(C)(C)C(C)(C)O2)c1C,[2H]C(Cl)(Cl)Cl,1,30.5
CCCCCCN(CCCCCC)C(=O)c1cccc(B2OC(C)(C)C(C)(C)O2)c1Br,[2H]C(Cl)(Cl)Cl,1,30
CCCCCCN(CCCCCC)C(=O)c1cccc(B2OC(C)(C)C(C)(C)O2)c1Cl,[2H]C(Cl)(Cl)Cl,1,32.1
CCCCCCN(CCCCCC)C(=O)c1cccc(B2OC(C)(C)C(C)(C)O2)c1C(F)(F)F,[2H]C(Cl)(Cl)Cl,1,30.5
CCCCCCN(CCCCCC)C(=O)c1cccc(B2OC(C)(C)C(C)(C)O2)c1OC(F)(F)F,[2H]C(Cl)(Cl)Cl,1,30.2
CCCCCCN(CCCCCC)C(=O)c1cc(B2OC(C)(C)C(C)(C)O2)ccc1C(=O)OC,[2H]C(Cl)(Cl)Cl,1,29.6
CC1(C)OB(c2cccc(C(=O)N3CCCCC3)c2)OC1(C)C,[2H]C(Cl)(Cl)Cl,1,30.8
CCCCCCN(CCCCCC)C(=O)c1cc(Br)cc(B2OC(C)(C)C(C)(C)O2)c1,[2H]C(Cl)(Cl)Cl,1,30.7
CCCCCCN(CCCCCC)C(=O)c1cc(B2OC(C)(C)C(C)(C)O2)cc(-c2ccccc2)c1,[2H]C(Cl)(Cl)Cl,1,32.5
CCCCCCN(CCCCCC)C(=O)c1cc(C#N)cc(B2OC(C)(C)C(C)(C)O2)c1,[2H]C(Cl)(Cl)Cl,1,30.3
CCCCCCN(CCCCCC)C(=O)c1cc(B2OC(C)(C)C(C)(C)O2)cc(Cl)c1Cl,[2H]C(Cl)(Cl)Cl,1,30.4
CCCCCCN(CCCCCC)C(=O)c1cc(B2OC(C)(C)C(C)(C)O2)cc(C(F)(F)F)c1F,[2H]C(Cl)(Cl)Cl,1,30.1
CCCCCCN(CCCCCC)C(=O)c1ccc(B2OC(C)(C)C(C)(C)O2)[nH]1,[2H]C(Cl)(Cl)Cl,1,28.3
CCCCCCN(CCCCCC)C(=O)c1cc2cccc(B3OC(C)(C)C(C)(C)O3)c2[nH]1,[2H]C(Cl)(Cl)Cl,1,31.2
CN(C)C(=O)c1ncccc1B1OC(C)(C)C(C)(C)O1,[2H]C(Cl)(Cl)Cl,1,30.6
CCOC(=O)c1ncccc1B1OC(C)(C)C(C)(C)O1,[2H]C(Cl)(Cl)Cl,1,30.5
CCOC(=O)Cc1ncccc1B1OC(C)(C)C(C)(C)O1,[2H]C(Cl)(Cl)Cl,1,30.9
CCOP(=O)(OCC)c1ccccc1B1OC(C)(C)C(C)(C)O1,[2H]C(Cl)(Cl)Cl,1,30.7
CCOP(=O)(OCC)c1cc(B2OC(C)(C)C(C)(C)O2)ccc1OC,[2H]C(Cl)(Cl)Cl,1,30.7
CCOP(=O)(OCC)c1cc(B2OC(C)(C)C(C)(C)O2)ccc1C,[2H]C(Cl)(Cl)Cl,1,30.9
CCOP(=O)(OCC)c1cc(B2OC(C)(C)C(C)(C)O2)ccc1Br,[2H]C(Cl)(Cl)Cl,1,30.9
CC1(C)OB(c2cccc(P(=O)(C3CCCCC3)C3CCCCC3)c2)OC1(C)C,[2H]C(Cl)(Cl)Cl,1,30.9
COc1c(P=O)cc(B2OC(C)(C)C(C)(C)O2)c(C2CCCCC2)c1C1CCCCC1,[2H]C(Cl)(Cl)Cl,1,29.8
CC1(C)OB(c2ccc(Cl)c(P(=O)(C3CCCCC3)C3CCCCC3)c2)OC1(C)C,[2H]C(Cl)(Cl)Cl,1,30.5
CCCCCCN(CCCCCC)C(=O)c1cccc(B2OC(C)(C)C(C)(C)O2)c1,[2H]C(Cl)(Cl)Cl,1,30.2
CCCCCCN(CCCCCC)C(=O)c1ccc(B2OC(C)(C)C(C)(C)O2)cc1,[2H]C(Cl)(Cl)Cl,1,29.9
COc1ccc2ccccc2c1B1C(/C=C/c2ccccc2)=Cc2ccccc2N1Cc1ccccc1,[2H]C(Cl)(Cl)Cl,1,41.4
C=C(C1=Cc2ccccc2N(Cc2ccccc2)B1c1c(OC)ccc2ccccc12)c1ccccc1,[2H]C(Cl)(Cl)Cl,1,40.6
C=C(C)C1=Cc2ccccc2N(Cc2ccccc2)B1c1c(OC)ccc2ccccc12,[2H]C(Cl)(Cl)Cl,1,39.8
COc1cccc(C2=Cc3cc(OC)ccc3N(Cc3ccccc3)B2c2c(OC)ccc3ccccc23)c1,[2H]C(Cl)(Cl)Cl,1,40.1
COc1cccc(C2=Cc3ccc(F)cc3N(Cc3ccccc3)B2c2c(OC)ccc3ccccc23)c1,[2H]C(Cl)(Cl)Cl,1,40.7
COc1cccc(C2=Cc3c(ccc4ccccc34)N(Cc3ccccc3)B2c2c(OC)ccc3ccccc23)c1,[2H]C(Cl)(Cl)Cl,1,40.2
COc1ccc2ccccc2c1B1C(Br)=Cc2ccccc2N1Cc1cccs1,[2H]C(Cl)(Cl)Cl,1,40
CC1(C)OB([Si@@](C)(c2ccccc2)C(C)(C)C)OC1(C)C,[2H]C(Cl)(Cl)Cl,1,34.7
CC1(C)OB([Si@@](C)(c2ccccc2)c2cccc3ccccc23)OC1(C)C,[2H]C(Cl)(Cl)Cl,1,34.9
COC(=O)c1ccc(B2OC(C)(C)CC(C)(C)O2)cc1,[2H]C(Cl)(Cl)Cl,1,26.13
COC(=O)c1ccc(B2O[C@H]3C[C@H]4C[C@H](C4(C)C)[C@@]3(C)O2)cc1,[2H]C(Cl)(Cl)Cl,1,30.11
CC1(C)OB(c2ccc(C(=O)NCCN3CCOCC3)cc2)OC1(C)C,[2H]C(Cl)(Cl)Cl,1,30.59
C[SiH](C)Cc1ccccc1B1OC(C)(C)C(C)(C)O1,[2H]C(Cl)(Cl)Cl,1,31.11
[2H][Si](C)(C)Cc1ccccc1B1OC(C)(C)C(C)(C)O1,[2H]C(Cl)(Cl)Cl,1,31.15
COB1OC(C)(C)C(C)(C)O1,[2H]C1([2H])OC([2H])([2H])C([2H])([2H])C1([2H])[2H],1,22.33
CC(C)(C)OB1OC(C)(C)C(C)(C)O1,[2H]C1([2H])OC([2H])([2H])C([2H])([2H])C1([2H])[2H],1,21.24
Cc1ccc(C[SiH](C)C)c(B2OC(C)(C)C(C)(C)O2)c1,[2H]C(Cl)(Cl)Cl,1,31.19
COc1ccc(C[SiH](C)C)c(B2OC(C)(C)C(C)(C)O2)c1,[2H]C(Cl)(Cl)Cl,1,30.97
C[SiH](C)Cc1ccc(C(C)(C)C)cc1B1OC(C)(C)C(C)(C)O1,[2H]C(Cl)(Cl)Cl,1,31.7
C[SiH](C)Cc1ccc(-c2ccccc2)cc1B1OC(C)(C)C(C)(C)O1,[2H]C(Cl)(Cl)Cl,1,31.37
C[SiH](C)Cc1ccc(C(F)(F)F)cc1B1OC(C)(C)C(C)(C)O1,[2H]C(Cl)(Cl)Cl,1,31.08
Cc1ccc(B2OC(C)(C)C(C)(C)O2)c(C[SiH](C)C)c1,[2H]C(Cl)(Cl)Cl,1,31.12
COc1ccc(B2OC(C)(C)C(C)(C)O2)c(C[SiH](C)C)c1,[2H]C(Cl)(Cl)Cl,1,31.14
C[SiH](C)Cc1cc(C(F)(F)F)ccc1B1OC(C)(C)C(C)(C)O1,[2H]C(Cl)(Cl)Cl,1,31.08
Cc1cccc(B2OC(C)(C)C(C)(C)O2)c1C[SiH](C)C,[2H]C(Cl)(Cl)Cl,1,31.61
C[SiH](C)Cc1c(F)cccc1B1OC(C)(C)C(C)(C)O1,[2H]C(Cl)(Cl)Cl,1,31.13
C[SiH](C)Cc1c(B2OC(C)(C)C(C)(C)O2)cccc1-c1ccccc1,[2H]C(Cl)(Cl)Cl,1,31.95
C[SiH](C)Cc1c(F)cc(F)cc1B1OC(C)(C)C(C)(C)O1,[2H]C(Cl)(Cl)Cl,1,30.34
Cc1cc(C)c(B2OC(C)(C)C(C)(C)O2)c(C[SiH](C)C)c1,[2H]C(Cl)(Cl)Cl,1,31.7
Cc1cc(C[SiH](C)C)c(B2OC(C)(C)C(C)(C)O2)cc1C,[2H]C(Cl)(Cl)Cl,1,31.21
C[SiH](C)Cc1cc2c(cc1B1OC(C)(C)C(C)(C)O1)OCO2,[2H]C(Cl)(Cl)Cl,1,30.65
C[SiH](C)Cc1cc2ccccc2cc1B1OC(C)(C)C(C)(C)O1,[2H]C(Cl)(Cl)Cl,1,31.17
C[SiH](C)Cc1c(B2OC(C)(C)C(C)(C)O2)ccc2ccccc12,[2H]C(Cl)(Cl)Cl,1,31.89
C[SiH](C)Cc1cc2c3ccccc3c3ccccc3c2cc1B1OC(C)(C)C(C)(C)O1,[2H]C(Cl)(Cl)Cl,1,31.51
C[SiH](C)Cc1c(B2OC(C)(C)C(C)(C)O2)cc2ccc3cccc4ccc1c2c34,[2H]C(Cl)(Cl)Cl,1,32.1
COc1ccc(C[SiH](C(C)C)C(C)C)c(B2OC(C)(C)C(C)(C)O2)c1,[2H]C(Cl)(Cl)Cl,1,31.65
CC(C)[SiH](Cc1ccccc1B1OC(C)(C)C(C)(C)O1)C(C)C,[2H]C(Cl)(Cl)Cl,1,31.69
CC(c1ccccc1B1OC(C)(C)C(C)(C)O1)[SiH](C)C,[2H]C(Cl)(Cl)Cl,1,31.14
COc1ccc(C(C)[SiH](C)C)c(B2OC(C)(C)C(C)(C)O2)c1,[2H]C(Cl)(Cl)Cl,1,31.31
CC(c1ccc([Si](C)(C)C)cc1B1OC(C)(C)C(C)(C)O1)[SiH](C)C,[2H]C(Cl)(Cl)Cl,1,31.93
CC(c1ccc(N(C)C)cc1B1OC(C)(C)C(C)(C)O1)[SiH](C)C,[2H]C(Cl)(Cl)Cl,1,31.71
COc1cccc(B2OC(C)(C)C(C)(C)O2)c1C(C)[SiH](C)C,[2H]C(Cl)(Cl)Cl,1,31.37
C[SiH](C)C(c1ccccc1)c1ccccc1B1OC(C)(C)C(C)(C)O1,[2H]C(Cl)(Cl)Cl,1,31.58
CC[SiH](CC)C(C)c1ccccc1B1OC(C)(C)C(C)(C)O1,[2H]C(Cl)(Cl)Cl,1,31.28
CC[SiH](CC)C(C)c1cc2ccccc2cc1B1OC(C)(C)C(C)(C)O1,[2H]C(Cl)(Cl)Cl,1,31.34
C[SiH](C)C(C)(C)c1ccccc1B1OC(C)(C)C(C)(C)O1,[2H]C(Cl)(Cl)Cl,1,32.67
CC(C)[C@@H]1CC[C@@H](C)C[C@H]1Oc1ccc(C[SiH](C)C)c(B2OC(C)(C)C(C)(C)O2)c1,[2H]C(Cl)(Cl)Cl,1,31.92
CC[SiH](CC)C(C)c1ccc(C[C@@H]2COC(C)(C)N2C(=O)OC(C)(C)C)cc1B1OC(C)(C)C(C)(C)O1,[2H]C(Cl)(Cl)Cl,1,31.77
CC(C)CCC[C@@H](C)[C@H]1CC[C@H]2[C@@H]3CC[C@H]4C[C@H](Oc5ccc(C[SiH](C)C)c(B6OC(C)(C)C(C)(C)O6)c5)CC[C@]4(C)[C@H]3CC[C@]12C,[2H]C(Cl)(Cl)Cl,1,31.32
COc1ccc2c(c1)B(O)O[Si](C)(C)C2,[2H]C(Cl)(Cl)Cl,1,27.91
CC(C)(C)c1ccc2c(c1)B(O)O[Si](C)(C)C2,[2H]C(Cl)(Cl)Cl,1,28.47
C[Si]1(C)Cc2ccc(C(F)(F)F)cc2B(O)O1,[2H]C(Cl)(Cl)Cl,1,27.87
C[Si]1(C)Cc2cc3ccccc3cc2B(O)O1,[2H]C(Cl)(Cl)Cl,1,28.56
C[Si]1(C)Cc2c(ccc3ccccc23)B(O)O1,[2H]C(Cl)(Cl)Cl,1,28.72
C[SiH](C)Cc1ccc(B2OC(C)(C)C(C)(C)O2)cc1,[2H]C(Cl)(Cl)Cl,1,30.68
CC(C)CC(CC(C)C)O[Si](Cc1ccc(B2OC(C)(C)CC(C)(C)O2)cc1Br)(OC(CC(C)C)CC(C)C)OC(CC(C)C)CC(C)C,[2H]C(Cl)(Cl)Cl,1,25.8
CC(C)CC(CC(C)C)O[Si](Cc1ccc(B2OC(C)(C)CC(C)(C)O2)cc1C#N)(OC(CC(C)C)CC(C)C)OC(CC(C)C)CC(C)C,[2H]C(Cl)(Cl)Cl,1,25.9
CC(C)CC(CC(C)C)O[Si](Cc1ccc(B2OC(C)(C)CC(C)(C)O2)cc1C(F)(F)F)(OC(CC(C)C)CC(C)C)OC(CC(C)C)CC(C)C,[2H]C(Cl)(Cl)Cl,1,25.8
CC(C)CC(CC(C)C)O[Si](Cc1ccc(B2OC(C)(C)CC(C)(C)O2)cc1OC(F)(F)F)(OC(CC(C)C)CC(C)C)OC(CC(C)C)CC(C)C,[2H]C(Cl)(Cl)Cl,1,25.9
CC(C)CC(CC(C)C)O[Si](Cc1ccc(B2OC(C)(C)CC(C)(C)O2)c(F)c1F)(OC(CC(C)C)CC(C)C)OC(CC(C)C)CC(C)C,[2H]C(Cl)(Cl)Cl,1,25.8
CC(C)CC(CC(C)C)O[Si](Cc1c(F)cc(B2OC(C)(C)CC(C)(C)O2)cc1Cl)(OC(CC(C)C)CC(C)C)OC(CC(C)C)CC(C)C,[2H]C(Cl)(Cl)Cl,1,25.6
CC(C)CC(CC(C)C)c1c(O[Si](=O)[O-])c(C2(C)OCCO2)c(C(CC(C)C)CC(C)C)c(B2OC(C)(C)CC(C)(C)O2)c1C(CC(C)C)CC(C)C,[2H]C(Cl)(Cl)Cl,1,20.9
COc1cc(B2OC(C)(C)CC(C)(C)O2)ccc1C(C)=NO[Si](OC(CC(C)C)CC(C)C)(OC(CC(C)C)CC(C)C)OC(CC(C)C)CC(C)C,[2H]C(Cl)(Cl)Cl,1,26
CC(C)CC(CC(C)C)O[Si](ON=Cc1ccc(B2OC(C)(C)CC(C)(C)O2)cc1O[Si](C(C)C)(C(C)C)C(C)C)(OC(CC(C)C)CC(C)C)OC(CC(C)C)CC(C)C,[2H]C(Cl)(Cl)Cl,1,26.6
COC(=O)c1cc(B2OC(C)(C)CC(C)(C)O2)ccc1C=NO[Si](OC(CC(C)C)CC(C)C)(OC(CC(C)C)CC(C)C)OC(CC(C)C)CC(C)C,[2H]C(Cl)(Cl)Cl,1,26.8
CC(=O)Oc1cc(B2OC(C)(C)CC(C)(C)O2)ccc1C(=O)O,[2H]C(Cl)(Cl)Cl,1,25.6
COC(=O)C(C)c1ccc2c(c1)C/C(=N\O)c1ccc(B3OC(C)(C)CC(C)(C)O3)cc1S2,[2H]C(Cl)(Cl)Cl,1,25.7
CC(C)CC(CC(C)C)O[Si](OC(CC(C)C)CC(C)C)(OC(CC(C)C)CC(C)C)OC(C(=O)[O-])c1ccc(B2OC(C)(C)CC(C)(C)O2)cc1Cl,[2H]C(Cl)(Cl)Cl,1,26
COC(=O)[C@H](O[Si](OC(CC(C)C)CC(C)C)(OC(CC(C)C)CC(C)C)OC(CC(C)C)CC(C)C)c1ccc(B2OC(C)(C)CC(C)(C)O2)cc1Cl,[2H]C(Cl)(Cl)Cl,1,26.1
COC(=O)C(O)c1ccc(B2OC(C)(C)CC(C)(C)O2)cc1Cl,[2H]C(Cl)(Cl)Cl,1,25.9
COC(=O)C(OS(=O)(=O)c1ccc([N+](=O)[O-])cc1)c1ccc(B2OC(C)(C)CC(C)(C)O2)cc1Cl,[2H]C(Cl)(Cl)Cl,1,25.3
COC(=O)C(c1ccc(B2OC(C)(C)CC(C)(C)O2)cc1Cl)N1CCc2sccc2C1,[2H]C(Cl)(Cl)Cl,1,25.9
Cc1cc(B2OC(C)(C)CC(C)(C)O2)cc(C)c1Br,[2H]C(Cl)(Cl)Cl,1,26.4
CC1(C)CC(C)(C)OB(c2ccc(Br)cc2)O1,[2H]C(Cl)(Cl)Cl,1,26.3
COc1cc(B2OC(C)(C)CC(C)(C)O2)ccc1C=O,[2H]C(Cl)(Cl)Cl,1,26.2
CCOc1cc(B2OC(C)(C)CC(C)(C)O2)ccc1C=O,[2H]C(Cl)(Cl)Cl,1,26.3
COCCOc1cc(B2OC(C)(C)CC(C)(C)O2)ccc1C=O,[2H]C(Cl)(Cl)Cl,1,25.9
CC1(C)CC(C)(C)OB(c2ccc(C=O)c(OC(F)F)c2)O1,[2H]C(Cl)(Cl)Cl,1,26.4
CC1(C)CC(C)(C)OB(c2ccc(C=O)c(OC(F)(F)F)c2)O1,[2H]C(Cl)(Cl)Cl,1,25.5
CC1(C)CC(C)(C)OB(c2ccc(C=O)c(C(F)(F)F)c2)O1,[2H]C(Cl)(Cl)Cl,1,25.5
CC1(C)CC(C)(C)OB(c2ccc(C=O)c(Cl)c2)O1,[2H]C(Cl)(Cl)Cl,1,26.6
CC1(C)CC(C)(C)OB(c2ccc(C=O)c(Br)c2)O1,[2H]C(Cl)(Cl)Cl,1,25.8
CC1(C)CC(C)(C)OB(c2ccc(C=O)c(N3CCCCC3)c2)O1,[2H]C(Cl)(Cl)Cl,1,26
CC1(C)CC(C)(C)OB(c2ccc(C=O)c(N3CCOCC3)c2)O1,[2H]C(Cl)(Cl)Cl,1,26
CCOC(=O)c1cc(B2OC(C)(C)CC(C)(C)O2)ccc1C=NO[Si](OC(CC(C)C)CC(C)C)(OC(CC(C)C)CC(C)C)OC(CC(C)C)CC(C)C,[2H]C(Cl)(Cl)Cl,1,26.2
CC1(C)CC(C)(C)OB(c2cc(Br)c(C=O)cc2F)O1,[2H]C(Cl)(Cl)Cl,1,25
Cc1cc(B2OC(C)(C)CC(C)(C)O2)c(F)cc1C=O,[2H]C(Cl)(Cl)Cl,1,26
CC1(C)CC(C)(C)OB(c2ccc(C=O)c(F)c2F)O1,[2H]C(Cl)(Cl)Cl,1,25.7
CC(C)CC(CC(C)C)O[Si](ON=Cc1c(F)cc(B2OC(C)(C)CC(C)(C)O2)cc1O[Si](C(C)C)(C(C)C)C(C)C)(OC(CC(C)C)CC(C)C)OC(CC(C)C)CC(C)C,[2H]C(Cl)(Cl)Cl,1,25.7
CC(C)CC(CC(C)C)O[Si](ON=Cc1c(F)cc(B2OC(C)(C)CC(C)(C)O2)cc1C(F)(F)F)(OC(CC(C)C)CC(C)C)OC(CC(C)C)CC(C)C,[2H]C(Cl)(Cl)Cl,1,25.4
CC(C)CC(CC(C)C)O[Si](ON=Cc1c(F)cc(B2OC(C)(C)CC(C)(C)O2)cc1Br)(OC(CC(C)C)CC(C)C)OC(CC(C)C)CC(C)C,[2H]C(Cl)(Cl)Cl,1,25.2
CC(C)CC(CC(C)C)O[Si](ON=Cc1c(F)cc(B2OC(C)(C)CC(C)(C)O2)cc1Cl)(OC(CC(C)C)CC(C)C)OC(CC(C)C)CC(C)C,[2H]C(Cl)(Cl)Cl,1,25.2
CC(C)CC(CC(C)C)O[Si](ON=Cc1c(Cl)cc(B2OC(C)(C)CC(C)(C)O2)cc1Br)(OC(CC(C)C)CC(C)C)OC(CC(C)C)CC(C)C,[2H]C(Cl)(Cl)Cl,1,25.7
CC(C)CC(CC(C)C)O[Si](ON=Cc1c(Br)cc(B2OC(C)(C)CC(C)(C)O2)cc1Br)(OC(CC(C)C)CC(C)C)OC(CC(C)C)CC(C)C,[2H]C(Cl)(Cl)Cl,1,25
CC(C)CC(CC(C)C)O[Si](ON=Cc1c(Cl)cc(B2OC(C)(C)CC(C)(C)O2)cc1Cl)(OC(CC(C)C)CC(C)C)OC(CC(C)C)CC(C)C,[2H]C(Cl)(Cl)Cl,1,25.2
CCOc1cc(B2OC(C)(C)CC(C)(C)O2)ccc1C(C)=NO[Si](OC(CC(C)C)CC(C)C)(OC(CC(C)C)CC(C)C)OC(CC(C)C)CC(C)C,[2H]C(Cl)(Cl)Cl,1,26.1
CC(=NO[Si](OC(CC(C)C)CC(C)C)(OC(CC(C)C)CC(C)C)OC(CC(C)C)CC(C)C)c1ccc(B2OC(C)(C)CC(C)(C)O2)cc1Cl,[2H]C(Cl)(Cl)Cl,1,25.6
CC(=NO[Si](OC(CC(C)C)CC(C)C)(OC(CC(C)C)CC(C)C)OC(CC(C)C)CC(C)C)c1ccc(B2OC(C)(C)CC(C)(C)O2)cc1Br,[2H]C(Cl)(Cl)Cl,1,26.7
CC(=NO[Si](OC(CC(C)C)CC(C)C)(OC(CC(C)C)CC(C)C)OC(CC(C)C)CC(C)C)c1ccc(B2OC(C)(C)CC(C)(C)O2)cc1OC(F)(F)F,[2H]C(Cl)(Cl)Cl,1,25.6
CC(C)CC(CC(C)C)O[Si](ON=C1CCc2cc(B3OC(C)(C)CC(C)(C)O3)ccc21)(OC(CC(C)C)CC(C)C)OC(CC(C)C)CC(C)C,[2H]C(Cl)(Cl)Cl,1,26
CC(C)CC(CC(C)C)O[Si](ON=C1CCCc2cc(B3OC(C)(C)CC(C)(C)O3)ccc21)(OC(CC(C)C)CC(C)C)OC(CC(C)C)CC(C)C,[2H]C(Cl)(Cl)Cl,1,26.1
CC(C)CC(CC(C)C)O[Si](ON=C1CCC(C)c2cc(B3OC(C)(C)CC(C)(C)O3)ccc21)(OC(CC(C)C)CC(C)C)OC(CC(C)C)CC(C)C,[2H]C(Cl)(Cl)Cl,1,26
CC(C)CC(CC(C)C)O[Si](ON=C1CCOc2cc(B3OC(C)(C)CC(C)(C)O3)ccc21)(OC(CC(C)C)CC(C)C)OC(CC(C)C)CC(C)C,[2H]C(Cl)(Cl)Cl,1,27.1
CC(C)CC(CC(C)C)O[Si](ON=C1CCCCc2cc(B3OC(C)(C)CC(C)(C)O3)ccc21)(OC(CC(C)C)CC(C)C)OC(CC(C)C)CC(C)C,[2H]C(Cl)(Cl)Cl,1,27.7
COc1cc(B2OC(C)(C)CC(C)(C)O2)cc(F)c1C(C)=NO[Si](OC(CC(C)C)CC(C)C)(OC(CC(C)C)CC(C)C)OC(CC(C)C)CC(C)C,[2H]C(Cl)(Cl)Cl,1,25.9
CC(=NO[Si](OC(CC(C)C)CC(C)C)(OC(CC(C)C)CC(C)C)OC(CC(C)C)CC(C)C)c1cc(F)c(B2OC(C)(C)CC(C)(C)O2)cc1Br,[2H]C(Cl)(Cl)Cl,1,25.2
CC(=NO[Si](OC(CC(C)C)CC(C)C)(OC(CC(C)C)CC(C)C)OC(CC(C)C)CC(C)C)c1cc(F)c(B2OC(C)(C)CC(C)(C)O2)cc1Cl,[2H]C(Cl)(Cl)Cl,1,25.4
COC(=O)C(O[Si](OC(CC(C)C)CC(C)C)(OC(CC(C)C)CC(C)C)OC(CC(C)C)CC(C)C)c1ccc(B2OC(C)(C)CC(C)(C)O2)cc1Br,[2H]C(Cl)(Cl)Cl,1,25.6
CC(C)[Si](Oc1cc(=O)oc2cc(B3OC(C)(C)CC(C)(C)O3)ccc12)(C(C)C)C(C)C,[2H]C(Cl)(Cl)Cl,1,20.7
CC(C)CC(CC(C)C)O[Si](Oc1ccc(B2OC(C)(C)CC(C)(C)O2)cc1CNC(=O)OC(C)(C)C)(OC(CC(C)C)CC(C)C)OC(CC(C)C)CC(C)C,[2H]C(Cl)(Cl)Cl,1,26.7
CC(C)CC(CC(C)C)O[Si](OC(CC(C)C)CC(C)C)(OC(CC(C)C)CC(C)C)c1ccc(B2OC(C)(C)CC(C)(C)O2)cc1,[2H]C(Cl)(Cl)Cl,1,26.7
Cc1cc(B2OC(C)(C)CC(C)(C)O2)ccc1[Si](OC(CC(C)C)CC(C)C)(OC(CC(C)C)CC(C)C)OC(CC(C)C)CC(C)C,[2H]C(Cl)(Cl)Cl,1,26.8
CCc1cc(B2OC(C)(C)CC(C)(C)O2)ccc1[Si](OC(CC(C)C)CC(C)C)(OC(CC(C)C)CC(C)C)OC(CC(C)C)CC(C)C,[2H]C(Cl)(Cl)Cl,1,27
CC(C)CC(CC(C)C)O[Si](OC(CC(C)C)CC(C)C)(OC(CC(C)C)CC(C)C)c1ccc(B2OC(C)(C)CC(C)(C)O2)cc1C(C)C,[2H]C(Cl)(Cl)Cl,1,26.8
CC(C)CC(CC(C)C)O[Si](OC(CC(C)C)CC(C)C)(OC(CC(C)C)CC(C)C)c1ccc(B2OC(C)(C)CC(C)(C)O2)cc1C1CC1,[2H]C(Cl)(Cl)Cl,1,26.3
COc1cc(B2OC(C)(C)CC(C)(C)O2)ccc1[Si](OC(CC(C)C)CC(C)C)(OC(CC(C)C)CC(C)C)OC(CC(C)C)CC(C)C,[2H]C(Cl)(Cl)Cl,1,26.2
CCOc1cc(B2OC(C)(C)CC(C)(C)O2)ccc1[Si](OC(CC(C)C)CC(C)C)(OC(CC(C)C)CC(C)C)OC(CC(C)C)CC(C)C,[2H]C(Cl)(Cl)Cl,1,25.9
CC(C)CC(CC(C)C)O[Si](OC(CC(C)C)CC(C)C)(OC(CC(C)C)CC(C)C)c1ccc(B2OC(C)(C)CC(C)(C)O2)cc1C(F)(F)F,[2H]C(Cl)(Cl)Cl,1,25.4
CC(C)CC(CC(C)C)O[Si](OC(CC(C)C)CC(C)C)(OC(CC(C)C)CC(C)C)c1ccc(B2OC(C)(C)CC(C)(C)O2)cc1OC(F)(F)F,[2H]C(Cl)(Cl)Cl,1,25.9
CCO[Si](OC(CC(C)C)CC(C)C)(OC(CC(C)C)CC(C)C)c1ccc(B2OC(C)(C)CC(C)(C)O2)cc1OC(C)C,[2H]C(Cl)(Cl)Cl,1,25.9
CCO[Si](OC(CC(C)C)CC(C)C)(OC(CC(C)C)CC(C)C)c1ccc(B2OC(C)(C)CC(C)(C)O2)cc1CC,[2H]C(Cl)(Cl)Cl,1,27.3
CCO[Si](OC(CC(C)C)CC(C)C)(OC(CC(C)C)CC(C)C)c1ccc(B2OC(C)(C)CC(C)(C)O2)cc1C(C)C,[2H]C(Cl)(Cl)Cl,1,26.7
CCO[Si](OC(CC(C)C)CC(C)C)(OC(CC(C)C)CC(C)C)c1ccc(B2OC(C)(C)CC(C)(C)O2)cc1C1CC1,[2H]C(Cl)(Cl)Cl,1,26.1
CCO[Si](OCC)(OCC)c1ccc(B2OC(C)(C)CC(C)(C)O2)cc1OCc1cc(OC)cc(OC)c1,[2H]C(Cl)(Cl)Cl,1,25.1
CC(C)CC(CC(C)C)O[Si](OC(CC(C)C)CC(C)C)(OC(CC(C)C)CC(C)C)c1ccc(B2OC(C)(C)CC(C)(C)O2)s1,[2H]C(Cl)(Cl)Cl,1,25
CCO[Si](OCC)(OCC)c1sc(B2OC(C)(C)CC(C)(C)O2)cc1C,[2H]C(Cl)(Cl)Cl,1,24.8
CCO[Si](OCC)(OCC)c1cc(B2OC(C)(C)CC(C)(C)O2)c(Cl)s1,[2H]C(Cl)(Cl)Cl,1,24.8
CCO[Si](OCC)(OCC)c1cc(F)c(B2OC(C)(C)CC(C)(C)O2)c(F)c1,[2H]C(Cl)(Cl)Cl,1,25.6
CCO[Si](OCC)(OCC)c1cc(F)c(B2OC(C)(C)CC(C)(C)O2)c(Cl)c1,[2H]C(Cl)(Cl)Cl,1,24.5
CCO[Si](OCC)(OCC)c1cc(Cl)c(B2OC(C)(C)CC(C)(C)O2)cc1OC(C)C,[2H]C(Cl)(Cl)Cl,1,26.4
CCO[Si](OCC)(OCC)c1cc(Cl)c(B2OC(C)(C)CC(C)(C)O2)cc1OC,[2H]C(Cl)(Cl)Cl,1,26.7
CCO[Si](OCC)(OCC)c1cc(F)c(B2OC(C)(C)CC(C)(C)O2)cc1OCOC,[2H]C(Cl)(Cl)Cl,1,25.5
CCO[Si](OCC)(OCC)c1cc(F)c(B2OC(C)(C)CC(C)(C)O2)cc1OCc1cc(OC)cc(OC)c1,[2H]C(Cl)(Cl)Cl,1,26
CCO[Si](OCC)(OCC)c1cc(F)c(B2OC(C)(C)CC(C)(C)O2)cc1COc1cc(C)cc(C)c1,[2H]C(Cl)(Cl)Cl,1,26.1
CCO[Si](OCC)(OCC)c1cc(F)c(B2OC(C)(C)CC(C)(C)O2)cc1COC,[2H]C(Cl)(Cl)Cl,1,26.31
CCO[Si](OCC)(OCC)c1cc(F)c(B2OC(C)(C)CC(C)(C)O2)cc1C1OCCO1,[2H]C(Cl)(Cl)Cl,1,25.8
CCO[Si](OCC)(OCC)c1cc(F)c(B2OC(C)(C)CC(C)(C)O2)cc1C,[2H]C(Cl)(Cl)Cl,1,25.8
CCO[Si](OCC)(OCC)c1cc(F)c(B2OC(C)(C)CC(C)(C)O2)cc1OC,[2H]C(Cl)(Cl)Cl,1,25.9
COc1cc(B2OC(C)(C)CC(C)(C)O2)cc(OC)c1[Si](OC)(OC)OC,[2H]C(Cl)(Cl)Cl,1,25.7
COc1cc(B2OC(C)(C)CC(C)(C)O2)cc(C)c1[Si](OC)(OC)OC,[2H]C(Cl)(Cl)Cl,1,25.9
CCc1cc(B2OC(C)(C)CC(C)(C)O2)cc(CC)c1[Si](OC)(OC)OC,[2H]C(Cl)(Cl)Cl,1,26.2
CCO[Si](OCC)(OCC)c1c(C)cc(B2OC(C)(C)CC(C)(C)O2)cc1C,[2H]C(Cl)(Cl)Cl,1,26.3
CC(C)(C)c1ccc(C23CC(B4OC(C)(C)C(C)(C)O4)(C2)C3)cc1,[2H]C(Cl)(Cl)Cl,1,30.8
CC(C)(C)c1cc(C(C)(C)C)cc(C23CC(B4OC(C)(C)C(C)(C)O4)(C2)C3)c1,[2H]C(Cl)(Cl)Cl,1,30.8
CC(C)(C)SC12CC(B3OC(C)(C)C(C)(C)O3)(C1)C2,[2H]C(Cl)(Cl)Cl,1,29.7
CCCC[Sn](CCCC)(CCCC)C12CC(B3OC(C)(C)C(C)(C)O3)(C1)C2,[2H]C(Cl)(Cl)Cl,1,27.57
CC1(C)OB(C23CC(CBr)(C2)C3)OC1(C)C,[2H]C(Cl)(Cl)Cl,1,30.4
CC1(C)OB(C23CC(CO)(C2)C3)OC1(C)C,[2H]C(Cl)(Cl)Cl,1,30.4
CC1(C)OB(C23CC(CCO)(C2)C3)OC1(C)C,[2H]C(Cl)(Cl)Cl,1,30.4
CC(C)(C)OC(=O)C12CC(B3OC(C)(C)C(C)(C)O3)(C1)C2,[2H]C(Cl)(Cl)Cl,1,30.6
CC(C)(C)OC(=O)CC12CC(B3OC(C)(C)C(C)(C)O3)(C1)C2,[2H]C(Cl)(Cl)Cl,1,30.2
CC(C)(C)OC(=O)C(F)(F)C12CC(B3OC(C)(C)C(C)(C)O3)(C1)C2,[2H]C(Cl)(Cl)Cl,1,30.3
CC1(C)OB(C23CC(S(C)(=O)=O)(C2)C3)OC1(C)C,[2H]C(Cl)(Cl)Cl,1,29.9
CC1(C)OB(C23CC(S(N)(=O)=O)(C2)C3)OC1(C)C,[2H]C([2H])([2H])S(=O)C([2H])([2H])[2H],1,29.5
CC1(C)OB(C23CC(S(=O)(=O)N4CCCCC4)(C2)C3)OC1(C)C,[2H]C(Cl)(Cl)Cl,1,30
CC1(C)OB(C23CC(S(=O)(=O)N4CCOCC4)(C2)C3)OC1(C)C,[2H]C(Cl)(Cl)Cl,1,29.8
CC1(C)OB(C23CC(N4C(=O)C5C6CCC(C6)C5C4=O)(C2)C3)OC1(C)C,[2H]C(Cl)(Cl)Cl,1,30.7
CC1(C)OB(C23CC(NC(=O)C(F)(F)F)(C2)C3)OC1(C)C,[2H]C(Cl)(Cl)Cl,1,30.7
CC(C)(C)OC(=O)N1CC(CC23CC(B4OC(C)(C)C(C)(C)O4)(C2)C3)C1,[2H]C(Cl)(Cl)Cl,1,30.4
CC(C)(C)OC(=O)N1CCC(C23CC(B4OC(C)(C)C(C)(C)O4)(C2)C3)C1,[2H]C(Cl)(Cl)Cl,1,30.8
CC(C)(C)OC(=O)C12CCC(B3OC(C)(C)C(C)(C)O3)(C1)C2,[2H]C(Cl)(Cl)Cl,1,32.3
CC(C)(C)OC(=O)N1CCN(CC23CC([B-](F)(F)F)(CO2)C3)CC1.[K+],[2H]C([2H])([2H])C(=O)C([2H])([2H])[2H],1,2.6
CC1(C)OB(C23COC(CBr)(C2)C3)OC1(C)C,[2H]C(Cl)(Cl)Cl,1,31.9
CC1(C)OB(C23COC(CO)(C2)C3)OC1(C)C,[2H]C(Cl)(Cl)Cl,1,31.6
CC(C)(C)OC(=O)C12CC(B3OC(C)(C)C(C)(C)O3)(CO1)C2,[2H]C(Cl)(Cl)Cl,1,31.8
CC(C)(C)OC(=O)N1CC2(B3OC(C)(C)C(C)(C)O3)CC1C2,[2H]C(Cl)(Cl)Cl,1,31.5
CC(C)(C)OC(=O)N1CC2(B3OC(C)(C)C(C)(C)O3)CC1(C)C2,[2H]C(Cl)(Cl)Cl,1,32
CC(C)(C)OC(=O)N1CC2(B3OC(C)(C)C(C)(C)O3)CC1(C(F)(F)F)C2,[2H]C(Cl)(Cl)Cl,1,31.4
CC(C)(C)OC(=O)N1CC2(B3OC(C)(C)C(C)(C)O3)CC1(C(F)F)C2,[2H]C(Cl)(Cl)Cl,1,31.8
CC(C)(C)OC(=O)N1CC2(B3OC(C)(C)C(C)(C)O3)CC1(CF)C2,[2H]C(Cl)(Cl)Cl,1,31.8
CN(C)CC12CC(B3OC(C)(C)C(C)(C)O3)(CN1C(=O)OC(C)(C)C)C2,[2H]C(Cl)(Cl)Cl,1,32.1
CC(C)(C)OC(=O)NCC12CC([B-](F)(F)F)(CN1C(=O)OC(C)(C)C)C2.[K+],[2H]C([2H])([2H])C(=O)C([2H])([2H])[2H],1,3.6
CC(C)(C)OC(=O)N1CC2(B3OC(C)(C)C(C)(C)O3)CC1(C(N)=O)C2,[2H]C(Cl)(Cl)Cl,1,31.7
CC(C)[Si](C#CC12CC(B3OC(C)(C)C(C)(C)O3)(CN1C(=O)OC(C)(C)C)C2)(C(C)C)C(C)C,[2H]C(Cl)(Cl)Cl,1,32.1
CC(C)(C)OC(=O)N1CC2(B3OC(C)(C)C(C)(C)O3)CC1(CO)C2,[2H]C(Cl)(Cl)Cl,1,32
CC1(C)OB(C23CN4CC(CO)OCC4(C2)C3)OC1(C)C,[2H]C(Cl)(Cl)Cl,1,32
CC(C)(C)OC(=O)N1CC2(B3OC(C)(C)C(C)(C)O3)CC1(C(=O)OC(C)(C)C)C2,[2H]C(Cl)(Cl)Cl,1,31.9
CC(C)(C)c1ccc(C23CC([B-](F)(F)F)(C2)C3)cc1.[K+],[2H]C([2H])([2H])C(=O)C([2H])([2H])[2H],1,1.6
CCCC[N+](CCCC)(CCCC)CCCC.CS(=O)(=O)C12CC([B-](F)(F)F)(C1)C2,[2H]C(Cl)(Cl)Cl,1,2.3
O=C(NC12CC([B-](F)(F)F)(C1)C2)C(F)(F)F.[K+],[2H]C([2H])([2H])C(=O)C([2H])([2H])[2H],1,1.9
CC(C)(C)c1ccc(C23CC(B(O)O)(C2)C3)cc1,[2H]C([2H])([2H])C(=O)C([2H])([2H])[2H],1,28.4
CS(=O)(=O)C12CC(B(O)O)(C1)C2,[2H]C([2H])([2H])C(=O)C([2H])([2H])[2H],1,28.7
COc1ccc(CCC(C)(B2OC(C)(C)C(C)(C)O2)C23CC(c4ccc(C(C)(C)C)cc4)(C2)C3)cc1,[2H]C(Cl)(Cl)Cl,1,34.6
CC(CB1OC(C)(C)C(C)(C)O1)c1ccc(C#N)cc1,[2H]C(Cl)(Cl)Cl,1,33.5
CC1(C)CCC(C)(CB2OC(C)(C)C(C)(C)O2)c2ccccc21,[2H]C(Cl)(Cl)Cl,1,33.1
CC(C)(CB1OC(C)(C)C(C)(C)O1)Cc1ccccc1,[2H]C(Cl)(Cl)Cl,1,33.5
CC(C)(C)CC(C)(C)CB1OC(C)(C)C(C)(C)O1,[2H]C(Cl)(Cl)Cl,1,33.5
CC(C)(CCl)CB1OC(C)(C)C(C)(C)O1,[2H]C(Cl)(Cl)Cl,1,33.2
CC(CCCl)CB1OC(C)(C)C(C)(C)O1,[2H]C(Cl)(Cl)Cl,1,33.7
CC(C)(CBr)CB1OC(C)(C)C(C)(C)O1,[2H]C(Cl)(Cl)Cl,1,33.2
CC(CBr)CB1OC(C)(C)C(C)(C)O1,[2H]C(Cl)(Cl)Cl,1,33.5
CC(CCCBr)CB1OC(C)(C)C(C)(C)O1,[2H]C(Cl)(Cl)Cl,1,33.8
CC(CCCN1C(=O)c2ccccc2C1=O)CB1OC(C)(C)C(C)(C)O1,[2H]C(Cl)(Cl)Cl,1,34
CC(CCNC(=O)C(F)(F)F)CB1OC(C)(C)C(C)(C)O1,[2H]C(Cl)(Cl)Cl,1,33.7
CC(CCCOC(=O)c1ccco1)CB1OC(C)(C)C(C)(C)O1,[2H]C(Cl)(Cl)Cl,1,34
CC(CCCOC(=O)c1ccsc1)CB1OC(C)(C)C(C)(C)O1,[2H]C(Cl)(Cl)Cl,1,33.9
C=CCC(C)(C)CB1OC(C)(C)C(C)(C)O1,[2H]C(Cl)(Cl)Cl,1,33.5
COC(=O)C(C)c1ccc(CC(C)CB2OC(C)(C)C(C)(C)O2)cc1,[2H]C(Cl)(Cl)Cl,1,33.9
CC(CCC(=O)OC[C@H]1O[C@@H]2OC(C)(C)O[C@@H]2[C@H]2OC(C)(C)O[C@H]21)CB1OC(C)(C)C(C)(C)O1,[2H]C(Cl)(Cl)Cl,1,34.3
COC(=O)C(CC(C)CB1OC(C)(C)C(C)(C)O1)N1C(=O)c2ccccc2C1=O,[2H]C(Cl)(Cl)Cl,1,33.9
COC(=O)[C@H](N1C(=O)c2ccccc2C1=O)C(C)(C)CB1OC(C)(C)C(C)(C)O1,[2H]C(Cl)(Cl)Cl,1,33.4
CC1(C)OB(C[Si](C)(CCl)c2ccccc2)OC1(C)C,[2H]C(Cl)(Cl)Cl,1,33.5
CC1(C)OB(C[Si](C)(C)CCCCl)OC1(C)C,[2H]C(Cl)(Cl)Cl,1,33.7
CC1(C)OB(C[Si](C)(C)CBr)OC1(C)C,[2H]C(Cl)(Cl)Cl,1,33.6
CCOC(=O)C[Si](C)(C)CB1OC(C)(C)C(C)(C)O1,[2H]C(Cl)(Cl)Cl,1,33.5
CC(=O)OC[Si](C)(C)CB1OC(C)(C)C(C)(C)O1,[2H]C(Cl)(Cl)Cl,1,33.5
CC1(C)OB(C[Si](C)(C)CCOC(=O)C(Cl)Cl)OC1(C)C,[2H]C(Cl)(Cl)Cl,1,33.5
CC1(C)OB(C[Si](C)(C)CCOC(=O)c2ccccc2)OC1(C)C,[2H]C(Cl)(Cl)Cl,1,33.6
CC1(C)OB(C[Si](C)(C)CCOC(=O)C=Cc2ccccc2)OC1(C)C,[2H]C(Cl)(Cl)Cl,1,33.8
CC1(C)OB(C[Si](C)(C)CCOC(=O)CCC(=O)c2ccc(-c3ccccc3)cc2)OC1(C)C,[2H]C(Cl)(Cl)Cl,1,33.5
COc1c(C)c(C)c2c(c1C)CCC(C)(C(=O)OCC[Si](C)(C)CB1OC(C)(C)C(C)(C)O1)O2,[2H]C(Cl)(Cl)Cl,1,33.8
CC1(C)OB(C[Si](C)(C)[Si](C)(C)C)OC1(C)C,[2H]C(Cl)(Cl)Cl,1,34
CC1(C)OB(C[Si](C)(C)C[Si](C)(C)C)OC1(C)C,[2H]C(Cl)(Cl)Cl,1,34
CC[Si](CC)(CC)C(C)B1OC(C)(C)C(C)(C)O1,[2H]C(Cl)(Cl)Cl,1,34.7
CC[Si](CC)(CC)CCB1OC(C)(C)C(C)(C)O1,[2H]C(Cl)(Cl)Cl,1,34.7
CC1(C)OB(C[C@@H]2CCC[C@H]2CCl)OC1(C)C,[2H]C(Cl)(Cl)Cl,1,33.7
CC1=CB(O)Oc2cc3c(cc21)[C@H]1CC[C@]2(C)C(=O)CC[C@H]2[C@@H]1CC3,[2H]OC([2H])([2H])[2H],1,26.6
CC1=CB(O)N(C)c2ccccc21,[2H]OC([2H])([2H])[2H],1,27.95
CC1=CB(O)N(CC2CCCCC2)c2ccccc21,[2H]OC([2H])([2H])[2H],1,26.65
CC1=CB(O)Oc2ccccc21,[2H]OC([2H])([2H])[2H],1,27.02
CC1CB(O)Oc2ccccc21,[2H]OC([2H])([2H])[2H],1,32.21
CCC1=CB(O)Oc2ccccc21,[2H]OC([2H])([2H])[2H],1,27.22
CS(=O)(=O)OCC1=CB(O)Oc2ccccc21,[2H]OC([2H])([2H])[2H],1,26.75
OB1C=C(c2ccccc2)c2ccccc2O1,[2H]OC([2H])([2H])[2H],1,26.88
OB1C=Cc2ccccc2O1,[2H]OC([2H])([2H])[2H],1,27.02
CC1=CB(O)Oc2cccc(C)c21,[2H]OC([2H])([2H])[2H],1,26.63
CC1=CB(O)Oc2cccc(F)c21,[2H]OC([2H])([2H])[2H],1,26.74
CC1=CB(O)Oc2ccc(F)cc21,[2H]OC([2H])([2H])[2H],1,26.79
CC1=CB(O)Oc2ccc(Cl)cc21,[2H]OC([2H])([2H])[2H],1,26.84
CC1=CB(O)Oc2ccc(C(F)(F)F)cc21,[2H]OC([2H])([2H])[2H],1,26.74
CC1=CB(O)Oc2ccc(C(C)(C)C)cc21,[2H]OC([2H])([2H])[2H],1,27.16
COc1ccc2c(c1)C(C)=CB(O)O2,[2H]OC([2H])([2H])[2H],1,26.93
COc1cc2c(cc1-c1ccccc1)OB(O)C=C2C,[2H]OC([2H])([2H])[2H],1,27.13
CC1=CB(O)Oc2ccc(Oc3ccc(C#N)cc3)cc21,[2H]OC([2H])([2H])[2H],1,27.05
CC1=CB(O)Oc2ccc(O)cc21,[2H]OC([2H])([2H])[2H],1,26.98
CC1=CB(O)Oc2ccc(NC(=O)C(C)(C)C)cc21,[2H]OC([2H])([2H])[2H],1,27.02
CC1=CB(O)Oc2cc(C)ccc21,[2H]OC([2H])([2H])[2H],1,26.93
CCOC(=O)Cc1ccc2c(c1)OB(O)C=C2C,[2H]OC([2H])([2H])[2H],1,27.5
CCCCCCCCC(=O)NCc1ccc2c(c1)OB(O)C=C2C,[2H]OC([2H])([2H])[2H],1,27.08
CC1=CB(O)Oc2cc(C(F)(F)F)ccc21,[2H]OC([2H])([2H])[2H],1,26.77
CC1=CB(O)Oc2cc(F)ccc21,[2H]OC([2H])([2H])[2H],1,27.17
CC1=CB(O)Oc2c1ccc(F)c2Br,[2H]OC([2H])([2H])[2H],1,27.06
CC1=CB(O)Oc2c(F)cccc21,[2H]OC([2H])([2H])[2H],1,26.75
CC1=CB(O)Oc2c(F)cc(F)cc21,[2H]OC([2H])([2H])[2H],1,26.6
CC1=CB(O)Oc2c1ccc1ccccc21,[2H]OC([2H])([2H])[2H],1,27.39
COc1ccc2ccccc2c1-c1c2c(cc3ccccc13)C(C)=CB(O)O2,[2H]C([2H])([2H])C(=O)C([2H])([2H])[2H],1,26.96
CC1=CB(O)N(C)c2ccccc21,[2H]C([2H])([2H])S(=O)C([2H])([2H])[2H],1,27.95
CC1=CB(O)N(CC(C)C)c2ccccc21,[2H]OC([2H])([2H])[2H],1,26.66
CC1=CB(O)N2CCc3cccc1c32,[2H]C([2H])([2H])S(=O)C([2H])([2H])[2H],1,27.48
CC1=CB(O)n2ccc3cccc1c32,[2H]OC([2H])([2H])[2H],1,28.36
CC1=CB(O)n2c3ccccc3c3cccc1c32,[2H]OC([2H])([2H])[2H],1,29.12
C/C(=C/B(O)O)c1ccccc1N(C)C,[2H]OC([2H])([2H])[2H],1,28.3
C/C(=C/B(O)O)c1ccccc1[S](C)C,[2H]OC([2H])([2H])[2H],1,26.76
CC1=Cc2ccccc2OB1O,[2H]OC([2H])([2H])[2H],1,26.69
CCCCCCC1=Cc2ccccc2OB1O,[2H]OC([2H])([2H])[2H],1,27.59
OB1Oc2ccccc2C=C1c1ccccc1,[2H]OC([2H])([2H])[2H],1,26.74
OB1Oc2ccccc2C2=C1c1ccccc1C2,[2H]C(Cl)(Cl)Cl,1,26.89
OB1Oc2ccccc2C2=C1CCC2,[2H]OC([2H])([2H])[2H],1,26.2
OB1Oc2ccccc2C2=C1COCC2,[2H]OC([2H])([2H])[2H],1,26.67
CC1=C(c2ccc(C)cc2)c2ccccc2OB1O,[2H]OC([2H])([2H])[2H],1,26.83
Cc1ccc(C2=C(Br)B(O)Oc3ccccc32)cc1,[2H]OC([2H])([2H])[2H],1,24.64
CCCCC1=C(CCCC)c2ccccc2OB1O,[2H]OC([2H])([2H])[2H],1,26.92
CC1=C(C)c2ccccc2OB1O,[2H]OC([2H])([2H])[2H],1,26.55
OB1Oc2c(cc3ccccc3c2-c2c(O)ccc3ccccc23)C2=C1CCCC2,[2H]OC([2H])([2H])[2H],1,27.39
OB1Oc2c(cc3ccccc3c2-c2c(OC(c3ccccc3)(c3ccccc3)c3ccccc3)ccc3ccccc23)C2=C1CCCC2,[2H]C([2H])([2H])S(=O)C([2H])([2H])[2H],1,27.01
O=C([O-])c1c(F)ccc2c1OB([O-])C1CC21.[Li+].[Li+],[2H]O[2H],1,3.2
CC1(C)OB(C2CCCC2)OC1(C)C,[2H]C(Cl)(Cl)Cl,1,33.71
CC1(C)OB([C@@H]2C[C@H]3CC[C@@H]2C3)OC1(C)C,[2H]C(Cl)(Cl)Cl,1,33.04
CC1(C)OB(C2[C@H]3C[C@H]4C[C@H](C3)C[C@@H]2C4)OC1(C)C,[2H]C(Cl)(Cl)Cl,1,33.2
CC1(C)OB(C2CCOCC2)OC1(C)C,[2H]C(Cl)(Cl)Cl,1,32.12
COC(=O)C(C)CB1OC(C)(C)C(C)(C)O1,[2H]C(Cl)(Cl)Cl,1,32.35
CC(C)(C#N)CB1OC(C)(C)C(C)(C)O1,[2H]C(Cl)(Cl)Cl,1,32.4
C=COC(=O)C(C)(C)CB1OC(C)(C)C(C)(C)O1,[2H]C(Cl)(Cl)Cl,1,32.06
CC1(C)OB(C2CC=CCC2)OC1(C)C,[2H]C(Cl)(Cl)Cl,1,33.33
CC(C)C(C)CB1OC(C)(C)C(C)(C)O1,[2H]C(Cl)(Cl)Cl,1,33.22
CCCCCB1OC(C)(C)C(C)(C)O1,[2H]C(Cl)(Cl)Cl,1,34.21
CCCC(C)CB1OC(C)(C)C(C)(C)O1,[2H]C(Cl)(Cl)Cl,1,33.36
CC(CCc1ccccc1)CB1OC(C)(C)C(C)(C)O1,[2H]C(Cl)(Cl)Cl,1,33.67
CCCC(=O)CC(C)B1OC(C)(C)C(C)(C)O1,[2H]C(Cl)(Cl)Cl,1,33.69
CC(=O)CCCCB1OC(C)(C)C(C)(C)O1,[2H]C(Cl)(Cl)Cl,1,33.06
COc1ccc(CCB2OC(C)(C)C(C)(C)O2)cc1,[2H]C(Cl)(Cl)Cl,1,33.82
Cc1ccc(C(C)CB2OC(C)(C)C(C)(C)O2)cc1,[2H]C(Cl)(Cl)Cl,1,33.43
CC(C)c1ccc(C(C)CB2OC(C)(C)C(C)(C)O2)cc1,[2H]C(Cl)(Cl)Cl,1,33.45
CC(C)c1cc(C(C)C)cc(C(C)CB2OC(C)(C)C(C)(C)O2)c1,[2H]C(Cl)(Cl)Cl,1,33.87
CC(C)(CB1OC(C)(C)C(C)(C)O1)c1ccc(Cl)cc1,[2H]C(Cl)(Cl)Cl,1,32.87
CC(C)(CB1OC(C)(C)C(C)(C)O1)c1csc2ccccc12,[2H]C(Cl)(Cl)Cl,1,32.29
CC1(C)OB(C[Si](C)(C)CCl)OC1(C)C,[2H]C(Cl)(Cl)Cl,1,32.47
C#C[Si](C)(C)CB1OC(C)(C)C(C)(C)O1,[2H]C(Cl)(Cl)Cl,1,32.48
CC#C[Si](C)(C)CB1OC(C)(C)C(C)(C)O1,[2H]C(Cl)(Cl)Cl,1,33.31
C=C[Si](C)(C)CB1OC(C)(C)C(C)(C)O1,[2H]C(Cl)(Cl)Cl,1,32.82
C=CC[Si](C)(C)CB1OC(C)(C)C(C)(C)O1,[2H]C(Cl)(Cl)Cl,1,33.63
C=C[Si](C)(CB1OC(C)(C)C(C)(C)O1)c1ccccc1,[2H]C(Cl)(Cl)Cl,1,33.57
CC1(C)OB(C[Si](C)(C)c2ccccc2)OC1(C)C,[2H]C(Cl)(Cl)Cl,1,33.62
CC1(C)OB(C[Si](C)(C)c2cccc(Br)c2F)OC1(C)C,[2H]C(Cl)(Cl)Cl,1,33.33
CC1(C)OB(C[Si](C)(C)c2ccc(F)cc2)OC1(C)C,[2H]C(Cl)(Cl)Cl,1,33.77
CC1(C)OB(C[Si](C)(C)c2ccc(Br)cc2)OC1(C)C,[2H]C(Cl)(Cl)Cl,1,33.45
CC1(C)OB(C[Si](C)(C)c2ccccc2OS(=O)(=O)C(F)(F)F)OC1(C)C,[2H]C(Cl)(Cl)Cl,1,32.36
CC1(C)OB(C[Si](C)(C)c2cccs2)OC1(C)C,[2H]C(Cl)(Cl)Cl,1,33.66
CC1(C)OB(c2cccc3c2OCO3)OC1(C)C,[2H]C(Cl)(Cl)Cl,1,30.3
CC1(C)OB(c2cnc3cc(C(F)(F)F)ccc3c2Cl)OC1(C)C,[2H]C(Cl)(Cl)Cl,1,30.78
CC1(C)OB(c2cnc3cc(Cl)ccc3c2Cl)OC1(C)C,[2H]C(Cl)(Cl)Cl,1,30.32
Cc1ccc2nc(C)cc(B3OC(C)(C)C(C)(C)O3)c2c1,[2H]C(Cl)(Cl)Cl,1,31.32
COc1ccc2nc(C)cc(B3OC(C)(C)C(C)(C)O3)c2c1,[2H]C(Cl)(Cl)Cl,1,31.09
Cc1cc(B2OC(C)(C)C(C)(C)O2)c2cc(Cl)ccc2n1,[2H]C(Cl)(Cl)Cl,1,30.6
Cc1cc(B2OC(C)(C)C(C)(C)O2)c2cc(Br)ccc2n1,[2H]C(Cl)(Cl)Cl,1,31.19
COc1ccc2nc(C#N)cc(B3OC(C)(C)C(C)(C)O3)c2c1,[2H]C(Cl)(Cl)Cl,1,30.64
Cc1cc(B2OC(C)(C)C(C)(C)O2)c2ccc(Br)cc2n1,[2H]C(Cl)(Cl)Cl,1,30.88
Cc1ccc2c(B3OC(C)(C)C(C)(C)O3)cc(Br)cc2n1,[2H]C(Cl)(Cl)Cl,1,30.73
Cc1cc(B2OC(C)(C)C(C)(C)O2)c2ccc(C(F)(F)F)cc2n1,[2H]C(Cl)(Cl)Cl,1,31.02
Cc1ccc2c(B3OC(C)(C)C(C)(C)O3)cc(C(F)(F)F)cc2n1,[2H]C(Cl)(Cl)Cl,1,30.45
Cc1cc(B2OC(C)(C)C(C)(C)O2)c2ccc([Si](C)(C)C)cc2n1,[2H]C(Cl)(Cl)Cl,1,31.82
Cc1cc(B2OC(C)(C)C(C)(C)O2)c2ccc(C#N)cc2n1,[2H]C(Cl)(Cl)Cl,1,30.6
COc1ccc2c(B3OC(C)(C)C(C)(C)O3)cc(C)nc2c1,[2H]C(Cl)(Cl)Cl,1,30.95
Cc1ccc2c(B3OC(C)(C)C(C)(C)O3)cc(C)nc2c1,[2H]C(Cl)(Cl)Cl,1,31.34
Cc1ccc2c(B3OC(C)(C)C(C)(C)O3)cc(Cl)cc2n1,[2H]C(Cl)(Cl)Cl,1,30.64
Cc1cc(B2OC(C)(C)C(C)(C)O2)c2ccc(Cl)cc2n1,[2H]C(Cl)(Cl)Cl,1,30.9
CC(C)(C)[Si](C)(C)Oc1ccc(B(O)O)cc1,[2H]C(Cl)(Cl)Cl,1,28
CC(C)[Si](Oc1cccc(B(O)O)c1)(C(C)C)C(C)C,[2H]C(Cl)(Cl)Cl,1,28.1
CCCCCCN(CB1C2CCCC1CCC2)c1ccccn1,[2H]C(Cl)(Cl)Cl,1,-1.64
CN(CB1C2CCCC1CCC2)c1ccc(F)cn1,[2H]C(Cl)(Cl)Cl,1,-0.94
CNC1c2ccccc2C=CN1CB1C2CCCC1CCC2,[2H]C(Cl)(Cl)Cl,1,-2.97
c1ccc(N2CCCC2B2C3CCCC2CCC3)nc1,[2H]C(Cl)(Cl)Cl,1,-0.35
c1ccc(N2CCc3ccccc3C2B2C3CCCC2CCC3)nc1,[2H]C(Cl)(Cl)Cl,1,0.2
c1ccc(C2Cc3cccc(B4C5CCCC4CCC5)c3N2)nc1,[2H]C(Cl)(Cl)Cl,1,-2.48
CC(C)(C)N1C=CN(C(C)(C)C)[C]1B(c1c(F)c(F)c(F)c(F)c1F)c1c(F)c(F)c(F)c(F)c1F,[2H]C([2H])(Cl)Cl,1,-22.9
Cc1cc(C)c(N2C=CN(c3c(C)cc(C)cc3C)C2=C2CCC3BC2CCC3)c(C)c1,[2H]C([2H])(Cl)Cl,1,-15.84
CN1C=CN(C(C)(C)C)C1=C1CCC2BC1CCC2,[2H]C([2H])(Cl)Cl,1,-15.93
CN1C=CN(c2ccccc2)C1=C1CCC2BC1CCC2,[2H]C([2H])(Cl)Cl,1,-16.69
CN1C=CN(C)C1=C1CCC2BC1CCC2,[2H]C([2H])(Cl)Cl,1,-16.88
CN1C(Cl)=C(Cl)N(C)C1=C1CCC2BC1CCC2,[2H]C([2H])(Cl)Cl,1,-16.28
CC1=C(C)N(C)C(=C2CCC3BC2CCC3)N1C,[2H]C([2H])(Cl)Cl,1,-16.84
COc1ccc(B2Nc3cccc4cccc(c34)N2)cc1,[2H]C(Cl)(Cl)Cl,1,29.1
N#Cc1ccc(B2Nc3cccc4cccc(c34)N2)cc1,[2H]C(Cl)(Cl)Cl,1,28.8
O=Cc1ccc(B2Nc3cccc4cccc(c34)N2)cc1,[2H]C(Cl)(Cl)Cl,1,29.7
Nc1ccc(B2Nc3cccc4cccc(c34)N2)cc1,[2H]C(Cl)(Cl)Cl,1,30
COc1cccc(B2Nc3cccc4cccc(c34)N2)c1,[2H]C(Cl)(Cl)Cl,1,30.1
Cc1cccc(B2Nc3cccc4cccc(c34)N2)c1,[2H]C(Cl)(Cl)Cl,1,30.4
C=Cc1cccc(B2Nc3cccc4cccc(c34)N2)c1,[2H]C(Cl)(Cl)Cl,1,29.9
c1ccc(Nc2ccc(B3Nc4cccc5cccc(c45)N3)cc2)cc1,[2H]C(Cl)(Cl)Cl,1,30.9
COC(=O)c1ccccc1B1Nc2cccc3cccc(c23)N1,[2H]C(Cl)(Cl)Cl,1,31
Cc1ccccc1B1Nc2cccc3cccc(c23)N1,[2H]C(Cl)(Cl)Cl,1,30
c1ccc(-c2ccccc2B2Nc3cccc4cccc(c34)N2)cc1,[2H]C(Cl)(Cl)Cl,1,29.9
c1ccc2c(B3Nc4cccc5cccc(c45)N3)cccc2c1,[2H]C(Cl)(Cl)Cl,1,30.7
c1cc2c3c(cccc3c1)NB(c1ccc3c(c1)OCO3)N2,[2H]C(Cl)(Cl)Cl,1,29.7
COc1cccc(B2Nc3cccc4cccc(c34)N2)n1,[2H]C(Cl)(Cl)Cl,1,27.6
c1cc2c3c(cccc3c1)NB(c1ccc3[nH]ccc3c1)N2,[2H]C(Cl)(Cl)Cl,1,30.4
CC(C)c1cc(C(C)C)c(B2OC(C)(C)C(C)(C)O2)c(C(C)C)c1,[2H]C(Cl)(Cl)Cl,1,32.1
c1ccc(B2Nc3cccc4cccc(c34)N2)cc1,[2H]C(Cl)(Cl)Cl,1,29.5
CC1(C)OB(c2ccc(Cl)cc2)OC1(C)C,[2H]C(Cl)(Cl)Cl,1,30.8
CC1(C)OB(c2ccc(Br)cc2)OC1(C)C,[2H]C(Cl)(Cl)Cl,1,31.3
Cc1ccc(B2Nc3cccc4cccc(c34)N2)cc1,[2H]C(Cl)(Cl)Cl,1,29.7
CC1(C)OB(c2ccccc2C(F)(F)F)OC1(C)C,[2H]C(Cl)(Cl)Cl,1,30.8
COC(=O)c1cccc(B2OC(C)(C)C(C)(C)O2)c1,[2H]C(Cl)(Cl)Cl,1,31.3
CC1(C)OB(c2cccc([N+](=O)[O-])c2)OC1(C)C,[2H]C(Cl)(Cl)Cl,1,30.4
Cc1cccc(B2OC(C)(C)C(C)(C)O2)c1,[2H]C(Cl)(Cl)Cl,1,31
Cc1ccc(B2OC(C)(C)C(C)(C)O2)c(C)c1,[2H]C(Cl)(Cl)Cl,1,32
Cc1cccc(C)c1B1OC(C)(C)C(C)(C)O1,[2H]C(Cl)(Cl)Cl,1,32.2
FC(F)(F)c1ccc(B2Nc3cccc4cccc(c34)N2)cc1,[2H]C(Cl)(Cl)Cl,1,29.9
CC(=Nc1c(C(C)C)cccc1C(C)C)Nc1ccc(C#N)cc1.OB(Oc1c(F)c(F)c(F)c(F)c1F)Oc1c(F)c(F)c(F)c(F)c1F,[2H]c1c([2H])c([2H])c(C([2H])([2H])[2H])c([2H])c1[2H],1,-13.3
CC1(C)OB(c2ccccc2Oc2ccccc2)OC1(C)C,[2H]C(Cl)(Cl)Cl,1,30.44
Cc1sccc1B1OC(C)(C)C(C)(C)O1,[2H]C(Cl)(Cl)Cl,1,28.98
CC1(C)OB(c2ccccc2F)OC1(C)C,[2H]C(Cl)(Cl)Cl,1,31.12
Cc1ccc(B2OC(C)(C)C(C)(C)O2)cc1C,[2H]C(Cl)(Cl)Cl,1,30.6
CC(C)c1ccccc1B1OC(C)(C)C(C)(C)O1,[2H]C(Cl)(Cl)Cl,1,31.06
CC1(C)OB(C2(c3ccccc3)CCCCC2)OC1(C)C,[2H]C(Cl)(Cl)Cl,1,31.06
COc1ccc([B-](F)(F)F)cc1.[K+],[2H]C([2H])([2H])S(=O)C([2H])([2H])[2H],1,2.76
Cc1ccccc1[B-](F)(F)F.[K+],[2H]C([2H])([2H])C(=O)C([2H])([2H])[2H],1,3.44
N#Cc1ccc([B-](F)(F)F)cc1.[K+],[2H]C([2H])([2H])S(=O)C([2H])([2H])[2H],1,2.34
Fc1ccc([B-](F)(F)F)cc1.[K+],[2H]C([2H])([2H])S(=O)C([2H])([2H])[2H],1,2.59
F[B-](F)(F)c1cccnc1.[K+],[2H]C([2H])([2H])S(=O)C([2H])([2H])[2H],1,2.62
Brc1ccccc1B1C=Cc2ccccc2N1,[2H]C(Cl)(Cl)Cl,1,34.1
Cc1ccc(B2C=Cc3ccccc3N2)c(Br)c1,[2H]C(Cl)(Cl)Cl,1,34.2
Fc1ccc(B2C=Cc3ccccc3N2)c(Br)c1,[2H]C(Cl)(Cl)Cl,1,34.2
Brc1ccccc1B1C=Cc2ccccc2N1Cc1ccccc1,[2H]C(Cl)(Cl)Cl,1,36.7
CCCCN1B(c2ccccc2Br)C=Cc2ccccc21,[2H]C(Cl)(Cl)Cl,1,36.2
Cc1ccc2c(c1)N(Cc1ccccc1)B(c1ccccc1Br)C=C2,[2H]C(Cl)(Cl)Cl,1,36.7
Fc1cccc2c1C=CB(c1ccccc1Br)N2Cc1ccccc1,[2H]C(Cl)(Cl)Cl,1,36.8
Brc1ccsc1B1C=Cc2ccccc2N1,[2H]C(Cl)(Cl)Cl,1,36.68
C1=C2B(Nc3ccccc31)c1ccccc1C(c1ccccc1)=C2c1ccccc1,[2H]C(Cl)(Cl)Cl,1,29.13
Cc1ccc(C2=C(c3ccc(C)cc3)c3ccccc3B3Nc4ccccc4C=C32)cc1,[2H]C(Cl)(Cl)Cl,1,30.7
Fc1ccc(C2=C(c3ccc(F)cc3)c3ccccc3B3Nc4ccccc4C=C32)cc1,[2H]C(Cl)(Cl)Cl,1,29.6
FC(F)(F)c1ccc(C2=C(c3ccc(C(F)(F)F)cc3)c3ccccc3B3Nc4ccccc4C=C32)cc1,[2H]C(Cl)(Cl)Cl,1,31
CCCC1=C(CCC)c2ccccc2B2Nc3ccccc3C=C21,[2H]C(Cl)(Cl)Cl,1,22.4
Cc1ccc2c(c1)C(c1ccccc1)=C(c1ccccc1)C1=Cc3ccccc3NB12,[2H]C(Cl)(Cl)Cl,1,29.2
Fc1ccc2c(c1)C(c1ccccc1)=C(c1ccccc1)C1=Cc3ccccc3NB12,[2H]C(Cl)(Cl)Cl,1,29.4
C1=C2B(c3ccccc3C(c3ccccc3)=C2c2ccccc2)N(Cc2ccccc2)c2ccccc21,[2H]C(Cl)(Cl)Cl,1,33.4
CCCCN1B2C(=Cc3ccccc31)C(c1ccccc1)=C(c1ccccc1)c1ccccc12,[2H]C(Cl)(Cl)Cl,1,30.1
Cc1ccc2c(c1)N(Cc1ccccc1)B1C(=C2)C(c2ccccc2)=C(c2ccccc2)c2ccccc21,[2H]C(Cl)(Cl)Cl,1,31.4
COc1ccc(C2=C(c3ccc(OC)cc3)c3ccccc3B3C2=Cc2ccc(C)cc2N3Cc2ccccc2)cc1,[2H]C(Cl)(Cl)Cl,1,34
Fc1cccc2c1C=C1B(c3ccccc3C(c3ccccc3)=C1c1ccccc1)N2Cc1ccccc1,[2H]C(Cl)(Cl)Cl,1,31.4
C1=C2B(Nc3ccccc31)c1sccc1C(c1ccccc1)=C2c1ccccc1,[2H]C(Cl)(Cl)Cl,1,27.7
Brc1ccc2c(c1)B1Nc3ccccc3C=C1C(c1ccccc1)=C2c1ccccc1,[2H]C(Cl)(Cl)Cl,1,29
C(#Cc1ccc2c(c1)B1Nc3ccccc3C=C1C(c1ccccc1)=C2c1ccccc1)c1ccccc1,[2H]C(Cl)(Cl)Cl,1,31.1
CO[B-](F)(F)c1ccccc1[NH+]1C(C)(C)CCCC1(C)C,[2H]C(Cl)(Cl)Cl,1,3.4
CC1(C)CCCC(C)(C)[NH+]1c1ccccc1[B-](O)(F)F,[2H]C(Cl)(Cl)Cl,1,3.5
Cn1cc(B2OC(C)(C)C(C)(C)O2)c2ccccc21,[2H]C(Cl)(Cl)Cl,1,29.7
CC(C)(C)c1ccc(B2OC(C)(C)C(C)(C)O2)o1,[2H]C(Cl)(Cl)Cl,1,27.4
CC1(C)OB(c2ccc(O[Si](C)(C)C)o2)OC1(C)C,[2H]C(Cl)(Cl)Cl,1,26.7
CN1CC(=O)OB(CC=C(C#N)C#N)OC(=O)C1,[2H]C([2H])([2H])S(=O)C([2H])([2H])[2H],1,11.1
CN1CC(=O)OB(C/C=C(\C#N)C(=O)[O-])OC(=O)C1,[2H]C([2H])([2H])S(=O)C([2H])([2H])[2H],1,10.9
CN1CC(=O)OB(C/C=C(\C#N)C(=O)NCc2ccccc2)OC(=O)C1,[2H]C([2H])([2H])S(=O)C([2H])([2H])[2H],1,11.7
CN1CC(=O)OB(C/C=C(\C#N)C(N)=O)OC(=O)C1,[2H]C([2H])([2H])C#N,1,11.3
CN1CC(=O)OB(c2cc(C#N)c(N)s2)OC(=O)C1,[2H]C([2H])([2H])S(=O)C([2H])([2H])[2H],1,10.8
CCOC(=O)c1cc(B2OC(=O)CN(C)CC(=O)O2)sc1N,[2H]C([2H])([2H])S(=O)C([2H])([2H])[2H],1,11.1
CN1CC(=O)OB(c2cc(C(=O)c3ccccc3)c(N)s2)OC(=O)C1,[2H]C([2H])([2H])C#N,1,10.4
CN1CC(=O)OB(c2cc(C(N)=O)c(N)s2)OC(=O)C1,[2H]C([2H])([2H])C#N,1,10.4
CN1CC(=O)OB(c2cc(C(=O)c3ccc(F)cc3)c(N)s2)OC(=O)C1,[2H]C([2H])([2H])C#N,1,10.3
CN1CC(=O)OB(c2cc(C(=O)c3ccc([N+](=O)[O-])cc3)c(N)s2)OC(=O)C1,[2H]C([2H])([2H])S(=O)C([2H])([2H])[2H],1,11
CN1CC(=O)OB(c2cc(C(N)=S)c(N)s2)OC(=O)C1,[2H]C([2H])([2H])C#N,1,9.8
CN1CC(=O)OB(c2cc(C(=O)c3cc4ccccc4o3)c(N)s2)OC(=O)C1,[2H]C([2H])([2H])C#N,1,10.1
CN1CC(=O)OB(c2cc(C(=O)c3ccc[nH]3)c(N)[nH]2)OC(=O)C1,[2H]C([2H])([2H])C#N,1,10.3
COc1cccc(C(=O)c2cc(B3OC(=O)CN(C)CC(=O)O3)sc2N)c1,[2H]C([2H])([2H])C#N,1,10.1
CN1CC(=O)OB(c2cc3c(-c4ccccc4)c4c(nc3s2)CCCC4)OC(=O)C1,[2H]C([2H])([2H])C#N,1,10.9
CN1CC(=O)OB(c2cc3c(-c4ccccc4)cc(-c4ccccc4)nc3s2)OC(=O)C1,[2H]C([2H])([2H])C#N,1,11.2
Cc1nc2sc(B3OC(=O)CN(C)CC(=O)O3)cc2c(-c2ccccc2)c1C(=O)[O-],[2H]C([2H])([2H])C#N,1,10.1
Cc1cc(C)c(B2c3cc(Br)c4ccccc4c3-c3cccc4cccc2c34)c(C)c1,[2H]C([2H])(Cl)Cl,1,58.4
Cc1ccc(B2NC(=O)c3ccccc3N2)cc1,[2H]C([2H])([2H])S(=O)C([2H])([2H])[2H],1,30.6
Cc1cccc(B2NC(=O)c3ccccc3N2)c1,[2H]C([2H])([2H])S(=O)C([2H])([2H])[2H],1,29.22
Cc1ccccc1B1NC(=O)c2ccccc2N1,[2H]C([2H])([2H])S(=O)C([2H])([2H])[2H],1,30.48
COc1ccc(B2NC(=O)c3ccccc3N2)cc1,[2H]C([2H])([2H])S(=O)C([2H])([2H])[2H],1,29
COc1cccc(B2NC(=O)c3ccccc3N2)c1,[2H]C([2H])([2H])S(=O)C([2H])([2H])[2H],1,29.17
COc1ccccc1B1NC(=O)c2ccccc2N1,[2H]C([2H])([2H])S(=O)C([2H])([2H])[2H],1,30.09
Nc1ccc(B2NC(=O)c3ccccc3N2)cc1,[2H]C([2H])([2H])S(=O)C([2H])([2H])[2H],1,29.86
O=C1NB(c2ccc(O)cc2)Nc2ccccc21,[2H]C([2H])([2H])S(=O)C([2H])([2H])[2H],1,31.3
C[Si](C)(C)c1ccc(B2NC(=O)c3ccccc3N2)cc1,[2H]C([2H])([2H])S(=O)C([2H])([2H])[2H],1,30.35
CSc1cccc(B2NC(=O)c3ccccc3N2)c1,[2H]C([2H])([2H])S(=O)C([2H])([2H])[2H],1,29.87
CC(=O)c1ccc(B2NC(=O)c3ccccc3N2)cc1,[2H]C([2H])([2H])S(=O)C([2H])([2H])[2H],1,30.77
O=C1NB(c2ccc3c(c2)OCO3)Nc2ccccc21,[2H]C([2H])([2H])S(=O)C([2H])([2H])[2H],1,30.77
O=C1NB(c2ccc3[nH]ccc3c2)Nc2ccccc21,[2H]C([2H])([2H])S(=O)C([2H])([2H])[2H],1,30.53
O=C1NB(c2cccc3ccccc23)Nc2ccccc21,[2H]C([2H])([2H])S(=O)C([2H])([2H])[2H],1,32.03
O=C1NB(c2c3ccccc3cc3ccccc23)Nc2ccccc21,[2H]C([2H])([2H])S(=O)C([2H])([2H])[2H],1,33.8
O=C1NB(c2cc3ccccc3c3ccccc23)Nc2ccccc21,[2H]C([2H])([2H])S(=O)C([2H])([2H])[2H],1,33.16
O=C1NB(c2ccsc2)Nc2ccccc21,[2H]C([2H])([2H])S(=O)C([2H])([2H])[2H],1,28.02
COc1cccc(B2NC(=O)c3ccccc3N2)n1,[2H]C([2H])([2H])S(=O)C([2H])([2H])[2H],1,29.03
O=C1NB(c2cccc(C(F)(F)F)n2)Nc2ccccc21,[2H]C([2H])([2H])S(=O)C([2H])([2H])[2H],1,29.17
O=C1NB(c2cccc(F)n2)Nc2ccccc21,[2H]C([2H])([2H])S(=O)C([2H])([2H])[2H],1,28.47
CC(=O)c1cccc(B2NC(=O)c3ccccc3N2)n1,[2H]C([2H])([2H])S(=O)C([2H])([2H])[2H],1,28.94
COC(=O)c1cccc(B2NC(=O)c3ccccc3N2)n1,[2H]C([2H])([2H])S(=O)C([2H])([2H])[2H],1,29.3
O=C1NB(c2cccc(Cl)n2)Nc2ccccc21,[2H]C([2H])([2H])S(=O)C([2H])([2H])[2H],1,29.17
COc1cc(Cl)nc(B2NC(=O)c3ccccc3N2)c1,[2H]C([2H])([2H])S(=O)C([2H])([2H])[2H],1,29.03
CC1(C)COB(c2ccccc2)OC1,[2H]C(Cl)(Cl)Cl,1,26.84
CCCCc1ccc(B2OC(C)(C)C(C)(C)O2)cc1,[2H]C(Cl)(Cl)Cl,1,30.97
CCCCOc1ccc(B2OC(C)(C)C(C)(C)O2)cc1,[2H]C(Cl)(Cl)Cl,1,30.83
CC1(C)OB(c2ccc(OCc3ccccc3)cc2)OC1(C)C,[2H]C(Cl)(Cl)Cl,1,30.8
CC1(C)OB(c2ccc(-c3ccccc3)cc2)OC1(C)C,[2H]C(Cl)(Cl)Cl,1,30.99
CC1(C)OB(c2ccc(C(=O)c3ccccc3)cc2)OC1(C)C,[2H]C(Cl)(Cl)Cl,1,30.66
CC1(C)OB(c2cccc(-c3ccccc3)c2)OC1(C)C,[2H]C(Cl)(Cl)Cl,1,31
Cc1ccccc1B1OC(C)(C)C(C)(C)O1,[2H]C(Cl)(Cl)Cl,1,31.33
CC1(C)OB(c2ccccc2-c2ccccc2)OC1(C)C,[2H]C(Cl)(Cl)Cl,1,31.73
CC1(C)OB(c2cccc3ccccc23)OC1(C)C,[2H]C(Cl)(Cl)Cl,1,31.52
CC1(C)OB(c2ccc3ccccc3c2)OC1(C)C,[2H]C(Cl)(Cl)Cl,1,31.14
CC1(C)OB(c2c3ccccc3cc3ccccc23)OC1(C)C,[2H]C(Cl)(Cl)Cl,1,32.96
CC1(C)OB(c2ccc(-c3ccc(F)cc3)cc2)OC1(C)C,[2H]C(Cl)(Cl)Cl,1,30.85
COc1cc(B2OC(C)(C)C(C)(C)O2)cc(OC)c1OC,[2H]C(Cl)(Cl)Cl,1,30.64
CCCN(CCC)S(=O)(=O)c1ccc(B2OC(C)(C)C(C)(C)O2)cc1,[2H]C(Cl)(Cl)Cl,1,30.43
CC1CC(C)(C)OB(c2ccccc2)O1,[2H]C(Cl)(Cl)Cl,1,26.8
CC1(C)OB(C2CC2c2ccc(F)cc2)OC1(C)C,[2H]C(Cl)(Cl)Cl,1,33.06
CC1(C)OB(C2CC2c2ccc(Cl)cc2)OC1(C)C,[2H]C(Cl)(Cl)Cl,1,33.06
CC1(C)OB(C2CC2c2ccc(Br)cc2)OC1(C)C,[2H]C(Cl)(Cl)Cl,1,32.73
Cc1ccc(C2CC2B2OC(C)(C)C(C)(C)O2)cc1,[2H]C(Cl)(Cl)Cl,1,33.22
COc1ccc(C2CC2B2OC(C)(C)C(C)(C)O2)cc1,[2H]C(Cl)(Cl)Cl,1,33.02
CC1(C)OB(C2CC2c2ccc(OC(F)(F)F)cc2)OC1(C)C,[2H]C(Cl)(Cl)Cl,1,33.01
CC1(C)OB(C2CC2c2ccc(Oc3ccccc3)cc2)OC1(C)C,[2H]C(Cl)(Cl)Cl,1,33.14
CC(C)c1ccc(C2CC2B2OC(C)(C)C(C)(C)O2)cc1,[2H]C(Cl)(Cl)Cl,1,33.23
CC1(C)OB(C2CC2c2ccc(-c3ccccc3)cc2)OC1(C)C,[2H]C(Cl)(Cl)Cl,1,33.12
CC(=O)c1ccc(C2CC2B2OC(C)(C)C(C)(C)O2)cc1,[2H]C(Cl)(Cl)Cl,1,32.58
Cc1ccccc1C1CC1B1OC(C)(C)C(C)(C)O1,[2H]C(Cl)(Cl)Cl,1,33.55
Cc1cccc(C2CC2B2OC(C)(C)C(C)(C)O2)c1,[2H]C(Cl)(Cl)Cl,1,33.11
Cc1cc(C)cc(C2CC2B2OC(C)(C)C(C)(C)O2)c1,[2H]C(Cl)(Cl)Cl,1,32.83
CC1(C)OB(C2CC2c2cc(F)ccc2F)OC1(C)C,[2H]C(Cl)(Cl)Cl,1,32.83
Cc1cc(C2CC2B2OC(C)(C)C(C)(C)O2)ccc1F,[2H]C(Cl)(Cl)Cl,1,33.16
COc1cc(C2CC2B2OC(C)(C)C(C)(C)O2)cc(OC)c1OC,[2H]C(Cl)(Cl)Cl,1,33.59
CC1(C)OB(C2CC2c2cccc3ccccc23)OC1(C)C,[2H]C(Cl)(Cl)Cl,1,33.49
CC1(C)COB(C2CC2c2ccccc2)OC1,[2H]C(Cl)(Cl)Cl,1,33.18
CC1(C)OB(C2CN(S(=O)(=O)c3ccccc3)c3ccc(F)cc32)OC1(C)C,[2H]C(Cl)(Cl)Cl,1,32.05
CC1C(B2OC(C)(C)C(C)(C)O2)c2cc(F)ccc2N1S(=O)(=O)c1ccccc1,[2H]C(Cl)(Cl)Cl,1,31.8
CC[Si](CC)(CC)B1OC(C)(C)C(C)(C)O1,[2H]C(Cl)(Cl)Cl,1,35.1
Cn1c(B2OC(C)(C)C(C)(C)O2)cc2ccccc21,[2H]C(Cl)(Cl)Cl,1,29.7
CC(C)[Si](C(C)C)(C(C)C)n1cccc1B1OC(C)(C)C(C)(C)O1,[2H]C(Cl)(Cl)Cl,1,30
Cn1c(B2OC(C)(C)C(C)(C)O2)cc2ccc(Cl)cc21,[2H]C(Cl)(Cl)Cl,1,29.88
Cn1c(B2OC(C)(C)C(C)(C)O2)cc2ccc(F)cc21,[2H]C(Cl)(Cl)Cl,1,30.21
CCNB1OCCO1,[2H]C(Cl)(Cl)Cl,1,25.7
COCCNB1OCCO1,[2H]C(Cl)(Cl)Cl,1,25.8
ClCCNB1OCCO1,[2H]C(Cl)(Cl)Cl,1,25.6
c1ccc(CNB2OCCO2)cc1,[2H]C(Cl)(Cl)Cl,1,25.7
COc1ccc(CNB2OCCO2)cc1,[2H]C(Cl)(Cl)Cl,1,25.7
Cc1ccc(CNB2OCCO2)cc1,[2H]C(Cl)(Cl)Cl,1,26.4
Cc1ccccc1CNB1OCCO1,[2H]C(Cl)(Cl)Cl,1,25.68
CC(C)(C)c1ccc(CNB2OCCO2)cc1,[2H]C(Cl)(Cl)Cl,1,25.9
CSc1ccc(CNB2OCCO2)cc1,[2H]C(Cl)(Cl)Cl,1,25.3
Fc1ccc(CNB2OCCO2)cc1,[2H]C(Cl)(Cl)Cl,1,25.6
FC(F)(F)c1ccc(CNB2OCCO2)cc1,[2H]C(Cl)(Cl)Cl,1,25.8
Clc1ccc(CNB2OCCO2)cc1,[2H]C(Cl)(Cl)Cl,1,25.6
Brc1ccc(CNB2OCCO2)cc1,[2H]C(Cl)(Cl)Cl,1,25.9
Brc1ccccc1CNB1OCCO1,[2H]C(Cl)(Cl)Cl,1,25.9
Ic1ccc(CNB2OCCO2)cc1,[2H]C(Cl)(Cl)Cl,1,25.9
c1ccc(CNB2OCCO2)nc1,[2H]C(Cl)(Cl)Cl,1,24.01
c1cc(CNB2OCCO2)ccn1,[2H]C(Cl)(Cl)Cl,1,24.01
c1csc(CNB2OCCO2)c1,[2H]C(Cl)(Cl)Cl,1,25.8
Fc1ccc(CCNB2OCCO2)cc1,[2H]C(Cl)(Cl)Cl,1,25.2
c1ccc2cc(CNB3OCCO3)ccc2c1,[2H]C(Cl)(Cl)Cl,1,21.1
O=[N+]([O-])c1ccc(CNB2OCCO2)cc1,[2H]C(Cl)(Cl)Cl,1,25.6
CC1(C)OB(N2c3ccccc3CC3C=CC=CC32)OC1(C)C,[2H]c1c([2H])c([2H])c([2H])c([2H])c1[2H],1,25
CC1=CCN(B2OC(C)(C)C(C)(C)O2)c2ccccc21,[2H]c1c([2H])c([2H])c([2H])c([2H])c1[2H],1,23.9
CC1=Cc2ccccc2N(B2OC(C)(C)C(C)(C)O2)C1,[2H]c1c([2H])c([2H])c([2H])c([2H])c1[2H],1,24.1
Cc1cccc2c1C=CCN2B1OC(C)(C)C(C)(C)O1,[2H]c1c([2H])c([2H])c([2H])c([2H])c1[2H],1,23.9
Cc1ccc2c(c1)C=CCN2B1OC(C)(C)C(C)(C)O1,[2H]c1c([2H])c([2H])c([2H])c([2H])c1[2H],1,23.9
Cc1ccc2c(c1)N(B1OC(C)(C)C(C)(C)O1)CC=C2,[2H]c1c([2H])c([2H])c([2H])c([2H])c1[2H],1,24
CC1(C)OB(N2CC=Cc3cc(F)ccc32)OC1(C)C,[2H]c1c([2H])c([2H])c([2H])c([2H])c1[2H],1,23.9
CC1(C)OB(N2CC=Cc3cc(Cl)ccc32)OC1(C)C,[2H]c1c([2H])c([2H])c([2H])c([2H])c1[2H],1,23.8
CC1(C)OB(N2C=Cc3ccccc3C2)OC1(C)C,[2H]c1c([2H])c([2H])c([2H])c([2H])c1[2H],1,23.8
CC1(C)OB(N2CCN(C3OC(C)(C)C(C)(C)O3)c3ccccc32)OC1(C)C,[2H]c1c([2H])c([2H])c([2H])c([2H])c1[2H],1,24.1
CCC1=CN(B2OC(C)(C)C(C)(C)O2)C=CC1,[2H]c1c([2H])c([2H])c([2H])c([2H])c1[2H],1,24.1
COC(=O)[C@@]1(c2cccc(Br)c2)C[C@]1(B1OC(C)(C)C(C)(C)O1)c1ccccc1,[2H]C(Cl)(Cl)Cl,1,30.36
CC1(C)OB(CCc2ccccc2)OC1(C)C,[2H]C(Cl)(Cl)Cl,1,34.1
COC(=O)CCB1OC(C)(C)C(C)(C)O1,[2H]C(Cl)(Cl)Cl,1,33.7
CC1(C)OB(CCC2OCCCO2)OC1(C)C,[2H]C(Cl)(Cl)Cl,1,33.7
CC1(C)OB(C2CCN(C(=O)OCc3ccccc3)CC2)OC1(C)C,[2H]C(Cl)(Cl)Cl,1,33.8
CC1(C)OB(C2C=CCCC2)OC1(C)C,[2H]C(Cl)(Cl)Cl,1,33.8
CC1(C)OB(CCCCCCn2c3ccccc3c3ccccc32)OC1(C)C,[2H]C(Cl)(Cl)Cl,1,34.2
Cc1ccc(CB2OC(C)(C)C(C)(C)O2)cc1,[2H]C(Cl)(Cl)Cl,1,32.7
Cc1ccccc1CB1OC(C)(C)C(C)(C)O1,[2H]C(Cl)(Cl)Cl,1,33.8
COC(=O)c1ccc(C)cc1B1OC(C)(C)C(C)(C)O1,[2H]C(Cl)(Cl)Cl,1,31.2
COC(=O)c1cc(Br)c(C)cc1B1OC(C)(C)C(C)(C)O1,[2H]C(Cl)(Cl)Cl,1,31.3
CCOC(=O)c1c(Br)cccc1B1OC(C)(C)C(C)(C)O1,[2H]C(Cl)(Cl)Cl,1,30
COC(=O)c1nccc(C(F)(F)F)c1B1OC(C)(C)C(C)(C)O1,[2H]C(Cl)(Cl)Cl,1,31.6
CCOC(=O)c1nc2ccccc2cc1B1OC(C)(C)C(C)(C)O1,[2H]C(Cl)(Cl)Cl,1,30.6
CCOC(=O)/C=C/c1cc(B2OC(C)(C)C(C)(C)O2)ccc1OC,[2H]C(Cl)(Cl)Cl,1,31
CCOC(=O)/C=C/c1cc(B2OC(C)(C)C(C)(C)O2)cc(C(=O)OC)c1,[2H]C(Cl)(Cl)Cl,1,31.4
CCOC(=O)/C=C/c1cc(B2OC(C)(C)C(C)(C)O2)ccc1C(=O)OC,[2H]C(Cl)(Cl)Cl,1,30.9
CCOC(=O)/C=C/c1cc(B2OC(C)(C)C(C)(C)O2)cc2ccccc12,[2H]C(Cl)(Cl)Cl,1,31.2
CCOC(=O)/C=C/c1c(C)cc(B2OC(C)(C)C(C)(C)O2)cc1C,[2H]C(Cl)(Cl)Cl,1,31.1
CCOC(=O)/C=C/c1cc(B2OC(C)(C)C(C)(C)O2)ccc1Br,[2H]C(Cl)(Cl)Cl,1,30.9
CCOC(=O)/C=C/c1cc(B2OC(C)(C)C(C)(C)O2)ccc1F,[2H]C(Cl)(Cl)Cl,1,30.6
CC(=O)/C=C/c1cccc(B2OC(C)(C)C(C)(C)O2)c1,[2H]C(Cl)(Cl)Cl,1,30.6
CC(C)(C)OC(=O)/C=C/c1cccc(B2OC(C)(C)C(C)(C)O2)c1,[2H]C(Cl)(Cl)Cl,1,31
COC(=O)/C=C(\C)c1cccc(B2OC(C)(C)C(C)(C)O2)c1,[2H]C(Cl)(Cl)Cl,1,30.9
CC1(C)OB(c2cccc(/C=C/C=O)c2)OC1(C)C,[2H]C(Cl)(Cl)Cl,1,30.8
CC1(C)OB(c2cccc(/C=C/S(=O)(=O)c3ccccc3)c2)OC1(C)C,[2H]C(Cl)(Cl)Cl,1,30.6
COC(=O)C1=CCCC1c1cccc(B2OC(C)(C)C(C)(C)O2)c1,[2H]C(Cl)(Cl)Cl,1,30.9
CCOC(=O)/C=C/c1cccc(B2OC(C)(C)C(C)(C)O2)c1,[2H]C(Cl)(Cl)Cl,1,30.9
CC1(C)OB(c2cccc(/C=C/C#N)c2)OC1(C)C,[2H]C(Cl)(Cl)Cl,1,30.8
COC(=O)C(=Cc1cccc(B2OC(C)(C)C(C)(C)O2)c1)C(=O)N(c1ccccc1)c1ccccc1,[2H]C(Cl)(Cl)Cl,1,30.9
Cc1ccc(-c2cc(C)cc(B3OC(C)(C)C(C)(C)O3)c2)cc1,[2H]C(Cl)(Cl)Cl,1,31
CCOC(=O)/C=C/c1ccc(C)c(B2OC(C)(C)C(C)(C)O2)c1,[2H]C(Cl)(Cl)Cl,1,31.3
CCOC(=O)/C=C/c1cc(C)cc(B2OC(C)(C)C(C)(C)O2)c1,[2H]C(Cl)(Cl)Cl,1,31.1
CCOC(=O)/C=C/c1cc(B2OC(C)(C)C(C)(C)O2)ccc1C,[2H]C(Cl)(Cl)Cl,1,30.8
CCOC(=O)/C=C/c1ccc(OC)c(B2OC(C)(C)C(C)(C)O2)c1,[2H]C(Cl)(Cl)Cl,1,31.6
CC1(C)OB(N2C=CCC=C2)OC1(C)C,[2H]c1c([2H])c([2H])c([2H])c([2H])c1[2H],1,23.6
CC1(C)OB(C2c3ccccc3Cc3ccccc32)OC1(C)C,[2H]c1c([2H])c([2H])c([2H])c([2H])c1[2H],1,24.9
CC1=CN(B2OC(C)(C)C(C)(C)O2)C=CC1,[2H]c1c([2H])c([2H])c([2H])c([2H])c1[2H],1,23.7
CC1(C)OB(N2C=CCC(c3ccccc3)=C2)OC1(C)C,[2H]c1c([2H])c([2H])c([2H])c([2H])c1[2H],1,24
CC1=CN(B2OC(C)(C)C(C)(C)O2)C=C(C)C1,[2H]c1c([2H])c([2H])c([2H])c([2H])c1[2H],1,23.95
CN1CN(B2OC(C)(C)C(C)(C)O2)c2ccccc21,[2H]c1c([2H])c([2H])c([2H])c([2H])c1[2H],1,23
CC(=O)OC1=CN(B2OC(C)(C)C(C)(C)O2)C=CC1,[2H]c1c([2H])c([2H])c([2H])c([2H])c1[2H],1,23.9
CC(=O)OC1=CC=CN(B2OC(C)(C)C(C)(C)O2)C1,[2H]c1c([2H])c([2H])c([2H])c([2H])c1[2H],1,23.9
CC(=O)OC1=CN(B2OC(C)(C)C(C)(C)O2)CC=C1,[2H]c1c([2H])c([2H])c([2H])c([2H])c1[2H],1,23.9
COC1=CC=CN(B2OC(C)(C)C(C)(C)O2)C1,[2H]c1c([2H])c([2H])c([2H])c([2H])c1[2H],1,24
Cn1cccc1B1OC(C)(C)C(C)(C)O1,[2H]C(Cl)(Cl)Cl,1,28.12
Cc1cc(B2OC(C)(C)C(C)(C)O2)c(C)n1C,[2H]C(Cl)(Cl)Cl,1,30.19
Cc1c(B2OC(C)(C)C(C)(C)O2)c2ccccc2n1C,[2H]C(Cl)(Cl)Cl,1,30.71
Cc1cccc2c1c(B1OC(C)(C)C(C)(C)O1)cn2C,[2H]C(Cl)(Cl)Cl,1,30.47
COc1ccc2c(c1)c(B1OC(C)(C)C(C)(C)O1)cn2C,[2H]C(Cl)(Cl)Cl,1,30.14
COc1ccc2c(B3OC(C)(C)C(C)(C)O3)cn(C)c2c1,[2H]C(Cl)(Cl)Cl,1,29.97
COc1cccc2c(B3OC(C)(C)C(C)(C)O3)cn(C)c12,[2H]C(Cl)(Cl)Cl,1,30.25
CC1(C)OB(c2cn(Cc3ccccc3)c3ccccc23)OC1(C)C,[2H]C(Cl)(Cl)Cl,1,30.22
CC1(C)OB(c2cn3c4c(cccc24)CCC3)OC1(C)C,[2H]C(Cl)(Cl)Cl,1,30.23
COc1ccc(B2OC(C)(C)C(C)(C)O2)s1,[2H]C(Cl)(Cl)Cl,1,28.59
Cn1cc(B2OC(C)(C)C(C)(C)O2)c2cc(F)ccc21,[2H]C(Cl)(Cl)Cl,1,30.03
CC1(C)OB(OC2CN3CCC2CC3)OC1(C)C,[2H]C(Cl)(Cl)Cl,1,22
CC1(C)OB(OC2C3CC4CC(C3)CC2C4)OC1(C)C,[2H]C(Cl)(Cl)Cl,1,21.9
CC1(C)OB(Oc2cccs2)OC1(C)C,[2H]C(Cl)(Cl)Cl,1,22.1
COc1ccc(COB2OC(C)(C)C(C)(C)O2)cc1,[2H]C(Cl)(Cl)Cl,1,22.3
CC1(C)OB(OC(CBr)c2ccccc2)OC1(C)C,[2H]C(Cl)(Cl)Cl,1,22.4
CN(C)c1ccc(COB2OC(C)(C)C(C)(C)O2)cc1,[2H]C(Cl)(Cl)Cl,1,22.3
CC1(C)OB(OCc2ccccc2Cl)OC1(C)C,[2H]C(Cl)(Cl)Cl,1,22.3
CC1(C)OB(OCc2ccccc2Br)OC1(C)C,[2H]C(Cl)(Cl)Cl,1,22.4
CC1(C)OB(OCc2ccc(Cl)cc2Cl)OC1(C)C,[2H]C(Cl)(Cl)Cl,1,22.3
CC1(C)OB(OC2CCCCC2)OC1(C)C,[2H]C(Cl)(Cl)Cl,1,22.3
CC1(C)OB(c2cc(Cl)ccc2Nc2ncccn2)OC1(C)C,[2H]C(Cl)(Cl)Cl,1,5.66
Cc1ccc(B2OC(C)(C)C(C)(C)O2)c(Nc2ncccn2)c1,[2H]C(Cl)(Cl)Cl,1,6.05
CC1(C)OB(c2cccc(Cl)c2Nc2ncccn2)OC1(C)C,[2H]C(Cl)(Cl)Cl,1,5.52
CC1(C)OB(CCc2cccs2)OC1(C)C,[2H]C(Cl)(Cl)Cl,1,33.85
CC1(C)OB(CCCCCCn2ccc3ccccc32)OC1(C)C,[2H]C(Cl)(Cl)Cl,1,34.38
CC1(C)OB(Cc2ccccc2)OC1(C)C,[2H]C(Cl)(Cl)Cl,1,34.07
CC1(C)COB(CCCc2ccccc2)OC1,[2H]C(Cl)(Cl)Cl,1,30.38
CC1(C)OB(CC2CC2)OC1(C)C,[2H]C(Cl)(Cl)Cl,1,33.89
C=CCCB1OC(C)(C)C(C)(C)O1,[2H]C(Cl)(Cl)Cl,1,33.89
CC1(C)OB(CC2CCCC2)OC1(C)C,[2H]C(Cl)(Cl)Cl,1,33.94
CC1(C)OB(CCc2ccc3ccccc3c2)OC1(C)C,[2H]C(Cl)(Cl)Cl,1,34.49
CC1(C)OB(CCc2ccc(-c3ccccc3)cc2)OC1(C)C,[2H]C(Cl)(Cl)Cl,1,34.58
Cc1ccc(CCB2OC(C)(C)C(C)(C)O2)cc1,[2H]C(Cl)(Cl)Cl,1,34.11
COc1cccc(CCB2OC(C)(C)C(C)(C)O2)c1,[2H]C(Cl)(Cl)Cl,1,33.81
CC1(C)OB(CCc2ccc(Cl)cc2)OC1(C)C,[2H]C(Cl)(Cl)Cl,1,33.9
CC1(C)OB(CCc2ccccc2Cl)OC1(C)C,[2H]C(Cl)(Cl)Cl,1,33.67
CC1(C)OB(CCc2cccc(Cl)c2)OC1(C)C,[2H]C(Cl)(Cl)Cl,1,33.83
CC1(C)OB(CCCc2ccccc2)OC1(C)C,[2H]C(Cl)(Cl)Cl,1,33.91
CCCCB1OC(C)(C)C(C)(C)O1,[2H]C(Cl)(Cl)Cl,1,33.94
CCCCCCCCB1OC(C)(C)C(C)(C)O1,[2H]C(Cl)(Cl)Cl,1,34.34
COc1ccc(CCCB2OC(C)(C)C(C)(C)O2)cc1,[2H]C(Cl)(Cl)Cl,1,34.88
CC1(C)OB(CCOc2ccccc2)OC1(C)C,[2H]C(Cl)(Cl)Cl,1,33.51
CCOC(=O)CCCCB1OC(C)(C)C(C)(C)O1,[2H]C(Cl)(Cl)Cl,1,34.08
CC1(C)OB(CCCCCCCl)OC1(C)C,[2H]C(Cl)(Cl)Cl,1,34.08
CCC(C)B1OC(C)(C)C(C)(C)O1,[2H]C(Cl)(Cl)Cl,1,35.17
CC1(C)OB(C2CC3CCC2C3)OC1(C)C,[2H]C(Cl)(Cl)Cl,1,34.13
CC1(C)OB(C2CCN(C(=O)OCc3ccccc3)C2)OC1(C)C,[2H]C(Cl)(Cl)Cl,1,34.15
CCCCC(CC)CB1OC(C)(C)C(C)(C)O1,[2H]C(Cl)(Cl)Cl,1,34.57
CC1(B2OC(C)(C)C(C)(C)O2)C(c2ccccc2)C1c1ccccc1,[2H]C(Cl)(Cl)Cl,1,33.3
CC1(C)OB(c2ccc3c(c2)OCO3)OC1(C)C,[2H]C(Cl)(Cl)Cl,1,30.66
COc1ccc(B2OC(C)(C)C(C)(C)O2)cc1F,[2H]C(Cl)(Cl)Cl,1,30.69
Cc1cc(C)cc(B2OC(C)(C)C(C)(C)O2)c1,[2H]C(Cl)(Cl)Cl,1,31.52
COc1cc(OC)cc(B2OC(C)(C)C(C)(C)O2)c1,[2H]C(Cl)(Cl)Cl,1,30.82
COc1ccc(B2OCC(C)(C)CO2)cc1,[2H]C(Cl)(Cl)Cl,1,26.79
CC(C)[Si](Oc1ccc(B2OC(C)(C)C(C)(C)O2)cc1)(C(C)C)C(C)C,[2H]C(Cl)(Cl)Cl,1,32.12
CC1(C)OB(c2ccc(O[Si](c3ccccc3)(c3ccccc3)C(C)(C)C)cc2)OC1(C)C,[2H]C(Cl)(Cl)Cl,1,32.76
Cc1ccc(B2OC(C)(C)C(C)(C)O2)cc1,[2H]C(Cl)(Cl)Cl,1,30.97
CC(C)(C)c1ccc(B2OC(C)(C)C(C)(C)O2)cc1,[2H]C(Cl)(Cl)Cl,1,30.89
CN(C)c1ccc(B2OC(C)(C)C(C)(C)O2)cc1,[2H]C(Cl)(Cl)Cl,1,31.39
CSc1ccc(B2OC(C)(C)C(C)(C)O2)cc1,[2H]C(Cl)(Cl)Cl,1,30.81
CC1(C)OB(c2ccc(Oc3ccccc3)cc2)OC1(C)C,[2H]C(Cl)(Cl)Cl,1,32.2
CC1(C)OB(c2ccccc2)OC1(C)C,[2H]C(Cl)(Cl)Cl,1,31.03
CC1(C)OB(c2ccc(N)cc2)OC1(C)C,[2H]C(Cl)(Cl)Cl,1,30.86
CC1(C)OB(c2ccc(F)cc2)OC1(C)C,[2H]C(Cl)(Cl)Cl,1,30.66
CC1(C)OB(c2ccc(C(F)(F)F)cc2)OC1(C)C,[2H]C(Cl)(Cl)Cl,1,30.61
CC1(C)OB(c2ccc(OC(F)F)cc2)OC1(C)C,[2H]C(Cl)(Cl)Cl,1,30.91
COC(=O)c1ccc(B2OC(C)(C)C(C)(C)O2)cc1,[2H]C(Cl)(Cl)Cl,1,30.94
CC1(C)OB(c2cccc(F)c2)OC1(C)C,[2H]C(Cl)(Cl)Cl,1,30.56
CC1(C)OB(c2ccccc2N)OC1(C)C,[2H]C(Cl)(Cl)Cl,1,31.12
C=CCc1ccccc1B1OC(C)(C)C(C)(C)O1,[2H]C(Cl)(Cl)Cl,1,31.35
Cc1ccc(C)c(B2OC(C)(C)C(C)(C)O2)c1,[2H]C(Cl)(Cl)Cl,1,31.4
COc1ccc(B2OC(C)(C)C(C)(C)O2)cc1OC,[2H]C(Cl)(Cl)Cl,1,30.69
c1ccc(CNc2ccccc2B2Nc3cccc4cccc(c34)N2)cc1,[2H]C([2H])(Cl)Cl,1,30.1
CCCCCCCC(=O)n1c2ccccc2c2cccc(B3OC(C)(C)C(C)(C)O3)c21,[2H]C([2H])(Cl)Cl,1,21.8
CCCCCCCCn1c2ccccc2c2cccc(B3OC(C)(C)C(C)(C)O3)c21,[2H]C([2H])(Cl)Cl,1,31.8
COC(=O)c1ccc(N)c(B2OC(C)(C)C(C)(C)O2)c1,[2H]C(Cl)(Cl)Cl,1,30.94
CC1(C)OB(c2ccc(N)c(F)c2)OC1(C)C,[2H]C(Cl)(Cl)Cl,1,30.18
CC1(C)OB(c2ccc(O)c(F)c2)OC1(C)C,[2H]C(Cl)(Cl)Cl,1,30
CNc1ccc(B2OC(C)(C)C(C)(C)O2)cc1F,[2H]C(Cl)(Cl)Cl,1,30.84
CC1(C)OB(c2ccc(N)c(OC(F)F)c2)OC1(C)C,[2H]C(Cl)(Cl)Cl,1,35.04
COc1cc(B2OC(C)(C)C(C)(C)O2)ccc1N,[2H]C(Cl)(Cl)Cl,1,31.16
CCOC(=O)c1ccc(N)c(B2OC(C)(C)C(C)(C)O2)c1,[2H]C(Cl)(Cl)Cl,1,32.31
CCOC(=O)c1cc(OC)c(N)c(B2OC(C)(C)C(C)(C)O2)c1,[2H]C(Cl)(Cl)Cl,1,31.05
COc1cc(C(=O)[O-])c(B2OC(C)(C)C(C)(C)O2)cc1C(F)(F)F,[2H]C(Cl)(Cl)Cl,1,31.02
COc1cc(N)c(B2OC(C)(C)C(C)(C)O2)cc1C(F)(F)F,[2H]C(Cl)(Cl)Cl,1,30.65
Cc1cc(C(F)(F)F)cc(B2OC(C)(C)C(C)(C)O2)c1N,[2H]C(Cl)(Cl)Cl,1,31.47
Cc1cc(B2OC(C)(C)C(C)(C)O2)cc(C)c1N,[2H]C(Cl)(Cl)Cl,1,32.63
COc1ccc(B2OC(C)(C)C(C)(C)O2)c(C)c1C,[2H]C(Cl)(Cl)Cl,1,32.24
COc1cc(C)c(B2OC(C)(C)C(C)(C)O2)c(C)c1C,[2H]C(Cl)(Cl)Cl,1,32.35
CC1(C)OB(c2ccc(N3CCOCC3)cc2)OC1(C)C,[2H]C(Cl)(Cl)Cl,1,30.84
CC1(C)OB(c2ccc(N3CCCC3)cc2)OC1(C)C,[2H]C(Cl)(Cl)Cl,1,31.68
CC1(C)OB(c2ccc3c(c2)OCCN3)OC1(C)C,[2H]C(Cl)(Cl)Cl,1,30.57
CC1(C)OB(c2ccc3occc3c2)OC1(C)C,[2H]C(Cl)(Cl)Cl,1,31.5
CC1(C)OB(c2ccc3c(c2)CCCO3)OC1(C)C,[2H]C(Cl)(Cl)Cl,1,33.26
CC1(C)OB(c2ccc(O)cc2)OC1(C)C,[2H]C(Cl)(Cl)Cl,1,31.6
CC1(C)OB(c2ccc(N)c(C#N)c2)OC1(C)C,[2H]C(Cl)(Cl)Cl,1,30.82
CC1(C)OB(/C=C/c2ccccc2)OC1(C)C,[2H]C(Cl)(Cl)Cl,1,30.1
CC1(C)OB(/C=C/c2ccc(F)cc2)OC1(C)C,[2H]C(Cl)(Cl)Cl,1,30.3
CC1(C)OB(/C=C/c2cccc(F)c2)OC1(C)C,[2H]C(Cl)(Cl)Cl,1,30.1
Cc1ccc(/C=C/B2OC(C)(C)C(C)(C)O2)cc1,[2H]C(Cl)(Cl)Cl,1,30.3
Cc1cccc(/C=C/B2OC(C)(C)C(C)(C)O2)c1,[2H]C(Cl)(Cl)Cl,1,30.3
Cc1ccccc1/C=C/B1OC(C)(C)C(C)(C)O1,[2H]C(Cl)(Cl)Cl,1,30.5
CC(C)(C)c1ccc(/C=C/B2OC(C)(C)C(C)(C)O2)cc1,[2H]C(Cl)(Cl)Cl,1,30.3
CCCCCC/C=C/B1OC(C)(C)C(C)(C)O1,[2H]C(Cl)(Cl)Cl,1,29.6
CC(C)/C=C/B1OC(C)(C)C(C)(C)O1,[2H]C(Cl)(Cl)Cl,1,30.2
CC(=O)N1CC=C(C)C(B2OC(C)(C)C(C)(C)O2)C1,[2H]C(Cl)(Cl)Cl,1,32.6
CC(=O)N1CC=C(c2ccccc2)C(B2OC(C)(C)C(C)(C)O2)C1,[2H]C(Cl)(Cl)Cl,1,32.9
CCC1=CCN(C(C)=O)CC1B1OC(C)(C)C(C)(C)O1,[2H]C(Cl)(Cl)Cl,1,32.5
CC(=O)N1CC=C(Cc2ccccc2)C(B2OC(C)(C)C(C)(C)O2)C1,[2H]C(Cl)(Cl)Cl,1,32.1
CC(=O)N1CC=C(C(F)(F)F)C(B2OC(C)(C)C(C)(C)O2)C1,[2H]C(Cl)(Cl)Cl,1,31.9
CC(=O)N1C=C(c2ccccc2)C(B2OC(C)(C)C(C)(C)O2)CC1,[2H]C(Cl)(Cl)Cl,1,32.8
CCCCc1c(F)c(F)nc([NH+]2CCCCC2)c1F.Fc1c(F)c(F)c([B-](c2c(F)c(F)c(F)c(F)c2F)(c2c(F)c(F)c(F)c(F)c2F)c2c(F)c(F)c(F)c(F)c2F)c(F)c1F,[2H]C([2H])(Cl)Cl,1,-16.67
CCCCc1c(F)c(F)nc([NH+]2CCOCC2)c1F.Fc1c(F)c(F)c([B-](c2c(F)c(F)c(F)c(F)c2F)(c2c(F)c(F)c(F)c(F)c2F)c2c(F)c(F)c(F)c(F)c2F)c(F)c1F,[2H]C(Cl)(Cl)Cl,1,-14.76
Fc1c(F)c(F)c([B-](c2c(F)c(F)c(F)c(F)c2F)(c2c(F)c(F)c(F)c(F)c2F)c2c(F)c(F)c(F)c(F)c2F)c(F)c1F.c1ccc([NH+]2CCCCC2)nc1,[2H]C([2H])(Cl)Cl,1,-16.67
CC1(C)CCCC(C)(C)[NH+]1c1ccccn1.Fc1c(F)c(F)c([B-](c2c(F)c(F)c(F)c(F)c2F)(c2c(F)c(F)c(F)c(F)c2F)c2c(F)c(F)c(F)c(F)c2F)c(F)c1F,[2H]C([2H])(Cl)Cl,1,-16.66
C[NH+](C)c1ccccn1.Fc1c(F)c(F)c([B-](c2c(F)c(F)c(F)c(F)c2F)(c2c(F)c(F)c(F)c(F)c2F)c2c(F)c(F)c(F)c(F)c2F)c(F)c1F,[2H]C([2H])(Cl)Cl,1,-16.67
Bc1nc2cc(C)c(C)cc2nc1OC(C)C,[2H]C(Cl)(Cl)Cl,1,-5.8
CN(C)C(=O)c1ccccc1B1OC(C)(C)C(C)(C)O1,[2H]C(Cl)(Cl)Cl,1,29.6
CC1(C)OB(c2ccccc2C(=O)N2CCCCC2)OC1(C)C,[2H]C(Cl)(Cl)Cl,1,30.32
CCN(CC)C(=O)c1ccccc1B1OC(C)(C)C(C)(C)O1,[2H]C(Cl)(Cl)Cl,1,28.35
CN(C)C(=O)c1c(F)cccc1B1OC(C)(C)C(C)(C)O1,[2H]C(Cl)(Cl)Cl,1,30.3
CN(C)C(=O)c1c(Cl)cccc1B1OC(C)(C)C(C)(C)O1,[2H]C(Cl)(Cl)Cl,1,30.5
CN(C)C(=O)c1c(Br)cccc1B1OC(C)(C)C(C)(C)O1,[2H]C(Cl)(Cl)Cl,1,30.5
CN(C)C(=O)c1cc(F)ccc1B1OC(C)(C)C(C)(C)O1,[2H]C(Cl)(Cl)Cl,1,30.3
CN(C)C(=O)c1cc(Cl)ccc1B1OC(C)(C)C(C)(C)O1,[2H]C(Cl)(Cl)Cl,1,30.1
CN(C)C(=O)c1cc(Br)ccc1B1OC(C)(C)C(C)(C)O1,[2H]C(Cl)(Cl)Cl,1,30.4
COc1ccc(B2OC(C)(C)C(C)(C)O2)c(C(=O)N(C)C)c1,[2H]C(Cl)(Cl)Cl,1,30.72
COc1cccc(C(=O)N(C)C)c1B1OC(C)(C)C(C)(C)O1,[2H]C(Cl)(Cl)Cl,1,27.69
Cc1ccc(C(=O)N(C)C)c(B2OC(C)(C)C(C)(C)O2)c1,[2H]C(Cl)(Cl)Cl,1,28.5
CN(C)C(=O)c1ccc(OCc2ccccc2)cc1B1OC(C)(C)C(C)(C)O1,[2H]C(Cl)(Cl)Cl,1,22.5
CC1(C)OB(CC(=O)c2ccccc2)OC1(C)C,[2H]C(Cl)(Cl)Cl,1,31.6
CC1(C)OB(Cc2ccccc2C(=O)[O-])OC1(C)C,[2H]C(Cl)(Cl)Cl,1,30.7
Cc1ccccc1C(=O)CCB1OC(C)(C)C(C)(C)O1,[2H]C(Cl)(Cl)Cl,1,30.7
CC1(C)OB(OC(CCl)c2ccccc2)OC1(C)C,[2H]C(Cl)(Cl)Cl,1,22.12
C=C(Cc1ccccc1)CC(C)(C(=O)OC)C(B1OC(C)(C)C(C)(C)O1)c1ccccc1,[2H]C(Cl)(Cl)Cl,1,33
COC(=O)C(C)(C)C(B1OC(C)(C)C(C)(C)O1)c1ccccc1,[2H]C(Cl)(Cl)Cl,1,32.8
CC1(C)OB(N2CC=Cc3c(Br)cccc32)OC1(C)C,[2H]c1c([2H])c([2H])c([2H])c([2H])c1[2H],1,23.8
CC1(C)OB([C@@H](Cc2cccc(F)c2)N2CCOC2=O)OC1(C)C,[2H]C(Cl)(Cl)Cl,1,32.04
C[C@@H](/C=C/CCCB1OC(C)(C)C(C)(C)O1)NC(=O)OCc1ccccc1,[2H]C(Cl)(Cl)Cl,1,32.9
N#C/C=C(/CCCCOCc1ccc(-c2ccccc2)cc1)[B-](F)(F)F.[K+],[2H]C([2H])([2H])C#N,1,1.84
N#C/C=C(/c1ccccc1)[B-](F)(F)F.[K+],[2H]C([2H])([2H])S(=O)C([2H])([2H])[2H],1,1.65
Cc1ccccc1/C(=C/C#N)[B-](F)(F)F.[K+],[2H]C([2H])([2H])C#N,1,1.34
CCc1ccc(/C(=C/C#N)[B-](F)(F)F)cc1.[K+],[2H]C([2H])([2H])C#N,1,1.79
CC(C)(C)c1ccc(/C(=C/C#N)[B-](F)(F)F)cc1.[K+],[2H]C([2H])([2H])S(=O)C([2H])([2H])[2H],1,1.36
COc1ccccc1/C(=C/C#N)[B-](F)(F)F.[K+],[2H]C([2H])([2H])C#N,1,1.34
COc1cccc(/C(=C/C#N)[B-](F)(F)F)c1.[K+],[2H]C([2H])([2H])C#N,1,1.67
COc1ccc(/C(=C/C#N)[B-](F)(F)F)cc1.[K+],[2H]C([2H])([2H])C#N,1,1.86
N#C/C=C(/c1ccccc1F)[B-](F)(F)F.[K+],[2H]C([2H])([2H])C#N,1,1.37
N#C/C=C(/c1ccc(F)cc1)[B-](F)(F)F.[K+],[2H]C([2H])([2H])C#N,1,1.74
N#C/C=C(/c1ccccc1Cl)[B-](F)(F)F.[K+],[2H]C([2H])([2H])C#N,1,1.21
N#C/C=C(/c1cccc(Cl)c1)[B-](F)(F)F.[K+],[2H]C([2H])([2H])C#N,1,1.61
N#C/C=C(/c1ccc(Cl)cc1)[B-](F)(F)F.[K+],[2H]C([2H])([2H])C#N,1,1.66
N#C/C=C(/c1ccc(C#N)cc1)[B-](F)(F)F.[K+],[2H]C([2H])([2H])C#N,1,1.55
N#C/C=C(/c1cccc(C#N)c1)[B-](F)(F)F.[K+],[2H]C([2H])([2H])C#N,1,1.58
N#C/C=C(/c1ccc2ccccc2c1)[B-](F)(F)F.[K+],[2H]C([2H])([2H])S(=O)C([2H])([2H])[2H],1,1.72
N#C/C=C(/c1ccc2ccoc2c1)[B-](F)(F)F.[K+],[2H]C([2H])([2H])C#N,1,1.86
N#C/C=C(/c1ccc2c(c1)OCO2)[B-](F)(F)F.[K+],[2H]C([2H])([2H])C#N,1,1.72
N#C/C=C(/c1ccc(-c2ccccc2)cc1)[B-](F)(F)F.[K+],[2H]C([2H])([2H])C#N,1,1.79
[NH3+]C(c1ccccc1)[B-](F)(F)F,[2H]OC([2H])([2H])[2H],1,2.66
[NH3+]C(Cc1ccccc1)[B-](F)(F)F,[2H]OC([2H])([2H])[2H],1,2.85
[NH2+]=C(c1ccccc1)[B-](F)(F)F,[2H]C([2H])([2H])C(=O)C([2H])([2H])[2H],1,0.07
Cc1ccc(C(=[NH2+])[B-](F)(F)F)cc1,[2H]C([2H])([2H])C(=O)C([2H])([2H])[2H],1,0.1
CC1=CCC=CN1B1OC(C)(C)C(C)(C)O1,[2H]c1c([2H])c([2H])c([2H])c([2H])c1[2H],1,24.2
CC1(C)OB(N(Cc2ccc(Br)cc2)c2ccccc2)OC1(C)C,[2H]c1c([2H])c([2H])c([2H])c([2H])c1[2H],1,25.2
CN(Cc1ccccc1)B1OC(C)(C)C(C)(C)O1,[2H]c1c([2H])c([2H])c([2H])c([2H])c1[2H],1,25.1
Cc1ccc(CN(C)B2OC(C)(C)C(C)(C)O2)cc1,[2H]c1c([2H])c([2H])c([2H])c([2H])c1[2H],1,24.7
COc1ccc(CN(C)B2OC(C)(C)C(C)(C)O2)cc1,[2H]c1c([2H])c([2H])c([2H])c([2H])c1[2H],1,24.7
CN(Cc1ccc(Br)cc1)B1OC(C)(C)C(C)(C)O1,[2H]c1c([2H])c([2H])c([2H])c([2H])c1[2H],1,24.6
CN(Cc1ccccn1)B1OC(C)(C)C(C)(C)O1,[2H]c1c([2H])c([2H])c([2H])c([2H])c1[2H],1,24.8
CC1(C)OB(N(Cc2ccccn2)c2ccccc2)OC1(C)C,[2H]c1c([2H])c([2H])c([2H])c([2H])c1[2H],1,25.2
CN(CC1CCCCC1)B1OC(C)(C)C(C)(C)O1,[2H]c1c([2H])c([2H])c([2H])c([2H])c1[2H],1,24.5
COC1=CCC=CN1B1OC(C)(C)C(C)(C)O1,[2H]c1c([2H])c([2H])c([2H])c([2H])c1[2H],1,23.8
COC1=CN(B2OC(C)(C)C(C)(C)O2)C=CC1,[2H]c1c([2H])c([2H])c([2H])c([2H])c1[2H],1,23.8
CC1(C)OB(N2C=CCC(Cl)=C2)OC1(C)C,[2H]c1c([2H])c([2H])c([2H])c([2H])c1[2H],1,23.7
CC1(C)OB(N2C=CC=C(Cl)C2)OC1(C)C,[2H]c1c([2H])c([2H])c([2H])c([2H])c1[2H],1,23.7
CC1C=CN(B2OC(C)(C)C(C)(C)O2)C=C1,[2H]c1c([2H])c([2H])c([2H])c([2H])c1[2H],1,23.8
CC1=CCN(B2OC(C)(C)C(C)(C)O2)C=C1,[2H]c1c([2H])c([2H])c([2H])c([2H])c1[2H],1,23.8
Cc1ccc2c(c1)CC=CN2B1OC(C)(C)C(C)(C)O1,[2H]c1c([2H])c([2H])c([2H])c([2H])c1[2H],1,24.8
COc1ccc2c(c1)CC=CN2B1OC(C)(C)C(C)(C)O1,[2H]c1c([2H])c([2H])c([2H])c([2H])c1[2H],1,24.7
COc1ccc2c(c1)C=CCN2B1OC(C)(C)C(C)(C)O1,[2H]c1c([2H])c([2H])c([2H])c([2H])c1[2H],1,24.7
CC1(C)OB(N2C=CCc3cc(Br)ccc32)OC1(C)C,[2H]c1c([2H])c([2H])c([2H])c([2H])c1[2H],1,24.6
COc1cccc2c1N(B1OC(C)(C)C(C)(C)O1)C=CC2,[2H]c1c([2H])c([2H])c([2H])c([2H])c1[2H],1,24.8
CC1(C)OB(N2C=CCc3cccc(Br)c32)OC1(C)C,[2H]c1c([2H])c([2H])c([2H])c([2H])c1[2H],1,24.1
CC1(C)OB(N2CC=Cc3cccc(Br)c32)OC1(C)C,[2H]c1c([2H])c([2H])c([2H])c([2H])c1[2H],1,24.1
CC1(C)OB(C2C=CCc3nc4ccccc4cc32)OC1(C)C,[2H]c1c([2H])c([2H])c([2H])c([2H])c1[2H],1,25
CC1(C)OB(N(Cc2ccccc2)c2ccccc2)OC1(C)C,[2H]c1c([2H])c([2H])c([2H])c([2H])c1[2H],1,25.2
Cc1ccc(CN(B2OC(C)(C)C(C)(C)O2)c2ccccc2)cc1,[2H]c1c([2H])c([2H])c([2H])c([2H])c1[2H],1,25.2
COc1ccc(CN(B2OC(C)(C)C(C)(C)O2)c2ccccc2)cc1,[2H]c1c([2H])c([2H])c([2H])c([2H])c1[2H],1,25.2
CC1(C)OB(c2cnc(C(=O)NC34CC5CC(CC(C5)C3)C4)s2)OC1(C)C,[2H]C(Cl)(Cl)Cl,1,28.94
Cc1ccc([B-](F)(F)F)o1.[K+],[2H]C([2H])([2H])C#N,1,1.9
Cc1ccc([B-](c2ccc(C)o2)(c2ccc(C)o2)c2ccc(C)o2)o1.[Li+],[2H]C([2H])([2H])C#N,1,1.8
O=C(N[C@H](C1CCOCC1)[B-](F)(F)F)c1ccccc1,[2H]C([2H])([2H])S(=O)C([2H])([2H])[2H],1,2.78
CC(C)C[C@@H](NC(=O)c1ccccc1Br)[B-](F)(F)F,[2H]C([2H])([2H])S(=O)C([2H])([2H])[2H],1,2.85
O=C(NC(C1CCCCC1)[B-](F)(F)F)c1ccccc1.[K+],[2H]C([2H])([2H])S(=O)C([2H])([2H])[2H],1,2.5
CC(C)C(NC(=O)c1ccccc1)[B-](F)(F)F.[K+],[2H]C([2H])([2H])S(=O)C([2H])([2H])[2H],1,2.66
CC(C)CC(NC(=O)c1ccccc1)[B-](F)(F)F.[K+],[2H]C([2H])([2H])S(=O)C([2H])([2H])[2H],1,2.84
O=C(NC(C1CCOCC1)[B-](F)(F)F)c1ccccc1.[K+],[2H]C([2H])([2H])S(=O)C([2H])([2H])[2H],1,2.78
O=C(NC(C1CC1)[B-](F)(F)F)c1ccccc1.[K+],[2H]C([2H])([2H])S(=O)C([2H])([2H])[2H],1,2.78
CC(C)CC(NC(=O)c1ccccc1Br)[B-](F)(F)F.[K+],[2H]C([2H])([2H])S(=O)C([2H])([2H])[2H],1,2.85
CCCCC([BH2-][N+](C)(C)C)c1ccccc1,[2H]C(Cl)(Cl)Cl,1,0.59
CCCCC([BH2-][n+]1cc(C)cc(C)c1)c1ccccc1,[2H]C(Cl)(Cl)Cl,1,-1.26
C[N+](C)(C)[BH2-]C(c1ccccc1)C1CC1,[2H]C(Cl)(Cl)Cl,1,0.78
C[N+](C)(C)[BH2-]C(c1ccccc1)c1ccccc1,[2H]C(Cl)(Cl)Cl,1,-0.29
COc1ccc([B-](C)(c2ccccc2)[N+](C)(C)C)cc1,[2H]C(Cl)(Cl)Cl,1,-0.24
C[B-](c1ccccc1)(c1ccccc1Cl)[N+](C)(C)C,[2H]C(Cl)(Cl)Cl,1,-0.76
C[N+](C)(C)[BH2-]C(c1ccccc1)c1ccc2ccccc2c1,[2H]C(Cl)(Cl)Cl,1,-0.39
C[N+](C)(C)[BH2-]C(c1ccccc1)c1c(F)c(F)c(F)c(F)c1F,[2H]C(Cl)(Cl)Cl,1,-1.63
CC(C)c1cc(C(C)C)c[n+]([BH2-]C(Cc2ccccc2)c2ccc(Cl)cc2)c1,[2H]C(Cl)(Cl)Cl,1,-1.2
[BH3-][n+]1cc(C)cc(C)c1,[2H]C(Cl)(Cl)Cl,1,-12.59
[BH3-][n+]1cc(C(C)C)cc(C(C)C)c1,[2H]C(Cl)(Cl)Cl,1,-12.49
[BH3-][OH+]C[C@](C)(C/C=C/C=C)c1ccccc1,[2H]C(Cl)(Cl)Cl,1,0.58
BC(C)c1ccc2ccccc2c1,[2H]C(Cl)(Cl)Cl,1,-1.04
CC([BH2-][N+]1(C)CCCC1)c1ccc2ccccc2c1,[2H]C(Cl)(Cl)Cl,1,0.31
CCCC[P+]([BH2-]C(C)c1ccc2ccccc2c1)(CCCC)CCCC,[2H]C(Cl)(Cl)Cl,1,-25
CC([BH2-][n+]1ccccc1)c1ccc2ccccc2c1,[2H]C(Cl)(Cl)Cl,1,-1
COc1ccc2cc(C(C)[BH2-][N+](C)(C)C)ccc2c1,[2H]C(Cl)(Cl)Cl,1,0.57
CC([BH2-][N+](C)(C)C)c1ccc2cc(Br)ccc2c1,[2H]C(Cl)(Cl)Cl,1,0.62
CC(C)c1cc(C(C)C)c[n+]([BH2-]C(C)c2ccc3cc(Br)ccc3c2)c1,[2H]C(Cl)(Cl)Cl,1,-0.82
CC([BH2-][N+](C)(C)C)c1ccccc1,[2H]C(Cl)(Cl)Cl,1,0.75
COc1ccc(C(C)[BH2-][N+](C)(C)C)cc1,[2H]C(Cl)(Cl)Cl,1,0.7
Cc1ccc(C(C)[BH2-][N+](C)(C)C)cc1,[2H]C(Cl)(Cl)Cl,1,0.7
CC([BH2-][N+](C)(C)C)c1ccc(-c2ccccc2)cc1,[2H]C(Cl)(Cl)Cl,1,0.75
CC([BH2-][N+](C)(C)C)c1ccc(I)cc1,[2H]C(Cl)(Cl)Cl,1,0.7
CC([BH2-][N+](C)(C)C)c1ccc([N+](=O)[O-])cc1,[2H]C(Cl)(Cl)Cl,1,0.92
CC([BH2-][N+](C)(C)C)c1ccc(C(F)(F)F)cc1,[2H]C(Cl)(Cl)Cl,1,0.79
Cc1cccc(C(C)[BH2-][N+](C)(C)C)c1,[2H]C(Cl)(Cl)Cl,1,0.74
CC([BH2-][N+](C)(C)C)c1cccc(F)c1,[2H]C(Cl)(Cl)Cl,1,-0.65
CC([BH2-][N+](C)(C)C)c1cccc(Br)c1,[2H]C(Cl)(Cl)Cl,1,0.65
Cc1ccccc1C(C)[BH2-][N+](C)(C)C,[2H]C(Cl)(Cl)Cl,1,0.59
CC([BH2-][N+](C)(C)C)c1ccc2c(c1)CCCC2,[2H]C(Cl)(Cl)Cl,1,0.79
CC(C)c1cc(C(C)C)c[n+]([BH2-][C@H](C)c2ccc3c(c2)CCCC3)c1,[2H]C(Cl)(Cl)Cl,1,-0.97
CC([BH2-][N+](C)(C)C)c1ccc2c(c1)OCO2,[2H]C(Cl)(Cl)Cl,1,0.45
CC(C)c1cnc(B[C@H](C)c2cc3ccccc3[nH]c2=O)c(C(C)C)c1,[2H]C(Cl)(Cl)Cl,1,-0.98
C[N+](C)(C)[BH2-]Cc1ccccc1,[2H]C(Cl)(Cl)Cl,1,-1.48
CCC([BH2-][N+](C)(C)C)c1ccccc1,[2H]C(Cl)(Cl)Cl,1,0.46
CCC([BH2-][n+]1cc(C)cc(C)c1)c1ccccc1,[2H]C(Cl)(Cl)Cl,1,-1.68
CC12OB(/C=C/c3ccccc3)O[C@]1(C)c1cccc3cccc2c13,[2H]C(Cl)(Cl)Cl,1,30.3
C/C=C/B1OC2(C)c3cccc4cccc(c34)[C@@]2(C)O1,[2H]C(Cl)(Cl)Cl,1,29.9
CCCC/C=C/B1OC2(C)c3cccc4cccc(c34)[C@@]2(C)O1,[2H]C(Cl)(Cl)Cl,1,30
CC12OB(/C=C/CCCCl)O[C@]1(C)c1cccc3cccc2c13,[2H]C(Cl)(Cl)Cl,1,29.73
CC12OB(/C=C/CCCCOCc3ccccc3)O[C@]1(C)c1cccc3cccc2c13,[2H]C(Cl)(Cl)Cl,1,29.94
CC1(C)COB(/C=C/c2ccccc2)OC1,[2H]C(Cl)(Cl)Cl,1,30.2
COc1ccc([C@@H](c2ccccc2)[C@@H](B2OC3(C)c4cccc5cccc(c45)[C@@]3(C)O2)c2ccccc2)cc1,[2H]C(Cl)(Cl)Cl,1,33.2
CC12CCCC1(C)OB(/C=C/c1ccccc1)O2,[2H]C(Cl)(Cl)Cl,1,29.7
C(=C/c1ccccc1)\B1OOC23CCCC12CCC3,[2H]C(Cl)(Cl)Cl,1,30.7
CCC1(CC)OB(/C=C/c2ccccc2)OC1(CC)CC,[2H]C(Cl)(Cl)Cl,1,29.1
C/C(Br)=C(\B1OC(=O)CN(C)CC(=O)O1)C(=O)C1CCCCC1,[2H]C([2H])([2H])C#N,1,9.36
C/C(Br)=C(\B1OC(=O)CN(C)CC(=O)O1)C(=O)CCCCCCl,[2H]C([2H])([2H])C(=O)C([2H])([2H])[2H],1,9.23
C/C(Br)=C(\B1OC(=O)CN(C)CC(=O)O1)C(=O)C1CCN(C(=O)OC(C)(C)C)CC1,[2H]C([2H])([2H])C#N,1,9.21
C/C(Br)=C(\B1OC(=O)CN(C)CC(=O)O1)C(=O)C1CCOCC1,[2H]C([2H])([2H])C#N,1,9.33
CCCCCCC(=O)/C(B1OC(=O)CN(C)CC(=O)O1)=C(\Br)CCCCC,[2H]C([2H])([2H])C(=O)C([2H])([2H])[2H],1,9.31
C/C(Br)=C(\B1OC(=O)CN(C)CC(=O)O1)C(=O)c1ccccc1,[2H]C([2H])([2H])C#N,1,9.47
C/C(Br)=C(\B1OC(=O)CN(C)CC(=O)O1)C(=O)c1ccc(F)cc1,[2H]C([2H])([2H])C#N,1,9.48
C/C(Br)=C(\B1OC(=O)CN(C)CC(=O)O1)C(=O)c1ccc(Cl)cc1,[2H]C([2H])([2H])C#N,1,9.43
C/C(Br)=C(\B1OC(=O)CN(C)CC(=O)O1)C(=O)c1ccc(Br)cc1,[2H]C([2H])([2H])C#N,1,9.38
C/C(Br)=C(\B1OC(=O)CN(C)CC(=O)O1)C(=O)c1ccc(C(=O)NC(C)C)cc1,[2H]C([2H])([2H])C(=O)C([2H])([2H])[2H],1,9.56
C/C(Br)=C(\B1OC(=O)CN(C)CC(=O)O1)C(=O)c1cccc(C#N)c1,[2H]C([2H])([2H])C(=O)C([2H])([2H])[2H],1,9.49
COc1ccccc1C(=O)/C(B1OC(=O)CN(C)CC(=O)O1)=C(/C)Br,[2H]C([2H])([2H])C(=O)C([2H])([2H])[2H],1,9.72
C/C(Br)=C(\B1OC(=O)CN(C)CC(=O)O1)C(=O)c1ccc(C(C)(C)C)cc1,[2H]C([2H])([2H])C#N,1,9.46
CCCCC/C(Br)=C(\B1OC(=O)CN(C)CC(=O)O1)C(=O)c1ccccc1,[2H]C([2H])([2H])C(=O)C([2H])([2H])[2H],1,9.57
CC[Si](CC)(CC)/C(Br)=C(\B1OC(=O)CN(C)CC(=O)O1)C(=O)c1ccccc1,[2H]C([2H])([2H])C#N,1,9.39
CN1CC(=O)OB(C(CCl)C(=O)c2ccccc2)OC(=O)C1,[2H]C([2H])([2H])C#N,1,10.3
CN1CC(=O)OB(C(CI)C(=O)c2ccccc2)OC(=O)C1,[2H]C([2H])([2H])C#N,1,10.46
CN1CC(=O)OB(C(C)(CI)C(=O)c2ccccc2)OC(=O)C1,[2H]C([2H])([2H])C(=O)C([2H])([2H])[2H],1,9.99
CN1CC(=O)OB(C(CSC(F)(F)F)C(=O)c2ccccc2)OC(=O)C1,[2H]C([2H])([2H])C(=O)C([2H])([2H])[2H],1,10.5
C/C([Se]c1ccccc1)=C(\B1OC(=O)CN(C)CC(=O)O1)C(=O)c1ccccc1,[2H]C([2H])([2H])C(=O)C([2H])([2H])[2H],1,9.63
CN1CC(=O)OB(C(C)(CSc2nc3ccccc3s2)C(=O)c2ccccc2)OC(=O)C1,[2H]C([2H])([2H])C(=O)C([2H])([2H])[2H],1,11.18
CN1CC(=O)OB(C(C)(CN=[N+]=[N-])C(=O)c2ccccc2)OC(=O)C1,[2H]C([2H])([2H])C(=O)C([2H])([2H])[2H],1,11.09
CN1CC(=O)OB(C(C=O)C(=O)c2ccccc2)OC(=O)C1,[2H]C([2H])([2H])C(=O)C([2H])([2H])[2H],1,10.34
CN1CC(=O)OB(c2c[nH]nc2-c2ccccc2)OC(=O)C1,[2H]C([2H])([2H])C(=O)C([2H])([2H])[2H],1,11.27
CCCCC(=O)/C(B1OC(=O)CN(C)CC(=O)O1)=C(/C)c1ccc(C)cc1,[2H]C([2H])([2H])C(=O)C([2H])([2H])[2H],1,10.24
CC(C)=C(B1OC(=O)CN(C)CC(=O)O1)C(=O)c1ccccc1,[2H]C([2H])([2H])C#N,1,10.27
C/C(=C(\B1OC(=O)CN(C)CC(=O)O1)C(=O)c1ccccc1)c1ccc(C)cc1,[2H]C([2H])([2H])C#N,1,10.4
C=CC(O)(CCCCC)B1OC(=O)CN(C)CC(=O)O1,[2H]C([2H])([2H])C#N,1,10.21
C=CC(O)(CCCC)B1OC(=O)CN(C)CC(=O)O1,[2H]C([2H])([2H])C(=O)C([2H])([2H])[2H],1,10.35
C=CC(C)(O)B1OC(=O)CN(C)CC(=O)O1,[2H]C([2H])([2H])C#N,1,10.37
C=CC(O)(B1OC(=O)CN(C)CC(=O)O1)C1CCCCC1,[2H]C([2H])([2H])C(=O)C([2H])([2H])[2H],1,10.19
C=CC(O)(CCCCCl)B1OC(=O)CN(C)CC(=O)O1,[2H]C([2H])([2H])C(=O)C([2H])([2H])[2H],1,10.22
C=CC(O)(B1OC(=O)CN(C)CC(=O)O1)C1CCN(C(=O)C(C)(C)C)CC1,[2H]C([2H])([2H])C(=O)C([2H])([2H])[2H],1,10.16
C=CC(O)(B1OC(=O)CN(C)CC(=O)O1)C1CCOCC1,[2H]C([2H])([2H])C(=O)C([2H])([2H])[2H],1,10.21
C=CC(O)(CCCCCCCCC(=O)OC)B1OC(=O)CN(C)CC(=O)O1,[2H]C([2H])([2H])C(=O)C([2H])([2H])[2H],1,10.33
C=CC(O)(CCc1ccccc1)B1OC(=O)CN(C)CC(=O)O1,[2H]C([2H])([2H])C(=O)C([2H])([2H])[2H],1,10.39
C=CC(O)(B1OC(=O)CN(C)CC(=O)O1)C1CC1,[2H]C([2H])([2H])C(=O)C([2H])([2H])[2H],1,10.49
C=CC(O)(B1OC(=O)CN(C)CC(=O)O1)c1ccccc1,[2H]C([2H])([2H])C(=O)C([2H])([2H])[2H],1,10.08
C=CC(O)(B1OC(=O)CN(C)CC(=O)O1)c1ccc(F)cc1,[2H]C([2H])([2H])C#N,1,9.84
C=CC(O)(B1OC(=O)CN(C)CC(=O)O1)c1ccc(Cl)cc1,[2H]C([2H])([2H])C(=O)C([2H])([2H])[2H],1,9.99
C=CC(O)(B1OC(=O)CN(C)CC(=O)O1)c1ccc(Br)cc1,[2H]C([2H])([2H])C(=O)C([2H])([2H])[2H],1,9.83
C=CC(O)(B1OC(=O)CN(C)CC(=O)O1)c1cccc(C#N)c1,[2H]C([2H])([2H])C(=O)C([2H])([2H])[2H],1,9.8
C=CC(O)(B1OC(=O)CN(C)CC(=O)O1)c1ccc(C(F)(F)F)cc1,[2H]C([2H])([2H])C(=O)C([2H])([2H])[2H],1,9.87
C=CC(O)(B1OC(=O)CN(C)CC(=O)O1)c1ccc(C(C)(C)C)cc1,[2H]C([2H])([2H])C(=O)C([2H])([2H])[2H],1,10.17
C=CC(O)(B1OC(=O)CN(C)CC(=O)O1)c1ccc(CCC)cc1,[2H]C([2H])([2H])C(=O)C([2H])([2H])[2H],1,10.23
C=CC(O)(B1OC(=O)CN(C)CC(=O)O1)c1ccc(OC)cc1,[2H]C([2H])([2H])C(=O)C([2H])([2H])[2H],1,10.07
C=CC(O)(B1OC(=O)CN(C)CC(=O)O1)c1ccccc1C,[2H]C([2H])([2H])C(=O)C([2H])([2H])[2H],1,10.38
C=CC(O)(B1OC(=O)CN(C)CC(=O)O1)c1ccc2ccccc2c1,[2H]C([2H])([2H])C(=O)C([2H])([2H])[2H],1,10.16
C=CC(O)(B1OC(=O)CN(C)CC(=O)O1)c1ccc(OC)c(Br)c1,[2H]C([2H])([2H])C(=O)C([2H])([2H])[2H],1,9.96
C=C(C)C(O)(B1OC(=O)CN(C)CC(=O)O1)c1ccccc1,[2H]C([2H])([2H])C#N,1,10.47
C=C(c1ccccc1)C(O)(B1OC(=O)CN(C)CC(=O)O1)c1ccccc1,[2H]C([2H])([2H])C(=O)C([2H])([2H])[2H],1,10.66
C/C=C\C(O)(B1OC(=O)CN(C)CC(=O)O1)c1ccccc1,[2H]C([2H])([2H])C(=O)C([2H])([2H])[2H],1,10.46
CCCCCC(=O)C(CBr)B1OC(=O)CN(C)CC(=O)O1,[2H]C([2H])([2H])C#N,1,10.37
CCCCC(=O)C(CBr)B1OC(=O)CN(C)CC(=O)O1,[2H]C([2H])([2H])C(=O)C([2H])([2H])[2H],1,10.31
CC(=O)C(CBr)B1OC(=O)CN(C)CC(=O)O1,[2H]C([2H])([2H])C#N,1,10.2
CN1CC(=O)OB(C(CBr)C(=O)C2CCCCC2)OC(=O)C1,[2H]C([2H])([2H])C(=O)C([2H])([2H])[2H],1,10.37
CN1CC(=O)OB(C(CBr)C(=O)CCCCCl)OC(=O)C1,[2H]C([2H])([2H])C#N,1,10.25
CN1CC(=O)OB(C(CBr)C(=O)C2CCN(C(=O)OC(C)(C)C)CC2)OC(=O)C1,[2H]C([2H])([2H])C(=O)C([2H])([2H])[2H],1,10.39
CN1CC(=O)OB(C(CBr)C(=O)C2CCOCC2)OC(=O)C1,[2H]C([2H])([2H])C#N,1,10.28
CN1CC(=O)OB(C(CBr)C(=O)CCc2ccccc2)OC(=O)C1,[2H]C([2H])([2H])C#N,1,10.23
CN1CC(=O)OB(C(CBr)C(=O)C2CC2)OC(=O)C1,[2H]C([2H])([2H])C#N,1,10.33
CN1CC(=O)OB(C(CBr)C(=O)c2ccccc2)OC(=O)C1,[2H]C([2H])([2H])C(=O)C([2H])([2H])[2H],1,10.48
CN1CC(=O)OB(C(CBr)C(=O)c2ccc(F)cc2)OC(=O)C1,[2H]C([2H])([2H])C#N,1,10.35
CN1CC(=O)OB(C(CBr)C(=O)c2ccc(Cl)cc2)OC(=O)C1,[2H]C([2H])([2H])C#N,1,10.27
CN1CC(=O)OB(C(CBr)C(=O)c2ccc(Br)cc2)OC(=O)C1,[2H]C([2H])([2H])S(=O)C([2H])([2H])[2H],1,10.25
CN1CC(=O)OB(C(CBr)C(=O)c2cccc(C#N)c2)OC(=O)C1,[2H]C([2H])([2H])C(=O)C([2H])([2H])[2H],1,10.35
CN1CC(=O)OB(C(CBr)C(=O)c2ccc(C(F)(F)F)cc2)OC(=O)C1,[2H]C([2H])([2H])C#N,1,10.23
Cc1ccc(C(=O)C(CBr)B2OC(=O)CN(C)CC(=O)O2)cc1,[2H]C([2H])([2H])C#N,1,10.39
CN1CC(=O)OB(C(CBr)C(=O)c2ccc(C(C)(C)C)cc2)OC(=O)C1,[2H]C([2H])([2H])C#N,1,10.46
CCCc1ccc(C(=O)C(CBr)B2OC(=O)CN(C)CC(=O)O2)cc1,[2H]C([2H])([2H])C#N,1,10.39
COc1ccc(C(=O)C(CBr)B2OC(=O)CN(C)CC(=O)O2)cc1,[2H]C([2H])([2H])S(=O)C([2H])([2H])[2H],1,10.92
Cc1ccccc1C(=O)C(CBr)B1OC(=O)CN(C)CC(=O)O1,[2H]C([2H])([2H])C#N,1,10.41
CN1CC(=O)OB(C(CBr)C(=O)c2ccc3ccccc3c2)OC(=O)C1,[2H]C([2H])([2H])C#N,1,10.43
COc1ccc(C(=O)C(CBr)B2OC(=O)CN(C)CC(=O)O2)cc1Br,[2H]C([2H])([2H])C(=O)C([2H])([2H])[2H],1,10.41
CN1CC(=O)OB(C(C)(CBr)C(=O)c2ccccc2)OC(=O)C1,[2H]C([2H])([2H])C(=O)C([2H])([2H])[2H],1,10.65
CC(Br)C(B1OC(=O)CN(C)CC(=O)O1)C(=O)c1ccccc1,[2H]C([2H])([2H])C(=O)C([2H])([2H])[2H],1,10.93
CCCCCC(=O)C(CO)B1OC(=O)CN(C)CC(=O)O1,[2H]C([2H])([2H])S(=O)C([2H])([2H])[2H],1,10.48
CN1CC(=O)OB(C(CO)C(=O)C2CCCCC2)OC(=O)C1,[2H]C([2H])([2H])C(=O)C([2H])([2H])[2H],1,11.12
CN1CC(=O)OB(C(CO)C(=O)CCCCCl)OC(=O)C1,[2H]C([2H])([2H])C(=O)C([2H])([2H])[2H],1,11.02
CN1CC(=O)OB(C(CO)C(=O)C2CC2)OC(=O)C1,[2H]C([2H])([2H])C(=O)C([2H])([2H])[2H],1,11.08
CN1CC(=O)OB(C(CO)C(=O)c2ccccc2)OC(=O)C1,[2H]C([2H])([2H])C(=O)C([2H])([2H])[2H],1,11.11
CN1CC(=O)OB(C(CO)C(=O)c2ccc(F)cc2)OC(=O)C1,[2H]C([2H])([2H])C(=O)C([2H])([2H])[2H],1,11.13
CN1CC(=O)OB(C(CO)C(=O)c2cccc(C#N)c2)OC(=O)C1,[2H]C([2H])([2H])C(=O)C([2H])([2H])[2H],1,11.1
Cc1ccc(C(=O)C(CO)B2OC(=O)CN(C)CC(=O)O2)cc1,[2H]C([2H])([2H])C(=O)C([2H])([2H])[2H],1,11.3
CN1CC(=O)OB(C(CO)C(=O)c2ccc(C(C)(C)C)cc2)OC(=O)C1,[2H]C([2H])([2H])C(=O)C([2H])([2H])[2H],1,11.33
CN1CC(=O)OB(C(C)(CO)C(=O)c2ccccc2)OC(=O)C1,[2H]C([2H])([2H])C(=O)C([2H])([2H])[2H],1,12.06
CC#CC(O)(CCCCC)B1OC(=O)CN(C)CC(=O)O1,[2H]C([2H])([2H])C#N,1,10
CC#CC(O)(CCCC)B1OC(=O)CN(C)CC(=O)O1,[2H]C([2H])([2H])C#N,1,10.1
CC#CC(C)(O)B1OC(=O)CN(C)CC(=O)O1,[2H]C([2H])([2H])C(=O)C([2H])([2H])[2H],1,10.2
CC#CC(O)(B1OC(=O)CN(C)CC(=O)O1)C1CC1,[2H]C([2H])([2H])C(=O)C([2H])([2H])[2H],1,10.2
CC#CC(O)(B1OC(=O)CN(C)CC(=O)O1)C1CCCCC1,[2H]C([2H])([2H])C(=O)C([2H])([2H])[2H],1,10.08
CC#CC(O)(B1OC(=O)CN(C)CC(=O)O1)C1CCN(C(=O)C(C)(C)C)CC1,[2H]C([2H])([2H])C(=O)C([2H])([2H])[2H],1,9.96
CC#CC(O)(B1OC(=O)CN(C)CC(=O)O1)C1CCOCC1,[2H]C([2H])([2H])C(=O)C([2H])([2H])[2H],1,10
CCCCCC#CC(O)(CCCCCC)B1OC(=O)CN(C)CC(=O)O1,[2H]C([2H])([2H])C#N,1,9.92
CC#CC(O)(B1OC(=O)CN(C)CC(=O)O1)c1ccccc1,[2H]C([2H])([2H])C(=O)C([2H])([2H])[2H],1,9.81
CC#CC(O)(B1OC(=O)CN(C)CC(=O)O1)c1ccc(F)cc1,[2H]C([2H])([2H])C(=O)C([2H])([2H])[2H],1,9.66
CC#CC(O)(B1OC(=O)CN(C)CC(=O)O1)c1ccc(Cl)cc1,[2H]C([2H])([2H])C(=O)C([2H])([2H])[2H],1,9.7
CC#CC(O)(B1OC(=O)CN(C)CC(=O)O1)c1ccc(Br)cc1,[2H]C([2H])([2H])C(=O)C([2H])([2H])[2H],1,9.61
CC#CC(O)(B1OC(=O)CN(C)CC(=O)O1)c1ccc(C(=O)NC(C)C)cc1,[2H]C([2H])([2H])C(=O)C([2H])([2H])[2H],1,9.68
CC#CC(O)(B1OC(=O)CN(C)CC(=O)O1)c1cccc(C#N)c1,[2H]C([2H])([2H])C(=O)C([2H])([2H])[2H],1,9.59
CC#CC(O)(B1OC(=O)CN(C)CC(=O)O1)c1ccccc1C,[2H]C([2H])([2H])C(=O)C([2H])([2H])[2H],1,9.91
CC#CC(O)(B1OC(=O)CN(C)CC(=O)O1)c1ccc(C(C)(C)C)cc1,[2H]C([2H])([2H])C(=O)C([2H])([2H])[2H],1,9.78
CCCCCC#CC(O)(B1OC(=O)CN(C)CC(=O)O1)c1ccccc1,[2H]C([2H])([2H])C(=O)C([2H])([2H])[2H],1,9.82
CC[Si](C#CC(O)(B1OC(=O)CN(C)CC(=O)O1)c1ccccc1)(CC)CC,[2H]C([2H])([2H])C(=O)C([2H])([2H])[2H],1,9.71
CCCCCC(=O)/C(B1OC(=O)CN(C)CC(=O)O1)=C(/C)Br,[2H]C([2H])([2H])C#N,1,9.22
CCCCC(=O)/C(B1OC(=O)CN(C)CC(=O)O1)=C(/C)Br,[2H]C([2H])([2H])C(=O)C([2H])([2H])[2H],1,9.3
CC(=O)/C(B1OC(=O)CN(C)CC(=O)O1)=C(/C)Br,[2H]C([2H])([2H])C#N,1,9.21
CC1(C)OB(/C(=C\C2CCCCC2)c2ccccc2)OC1(C)C,[2H]C(Cl)(Cl)Cl,1,31.3
CC1(C)OB(/C(=C\c2ccccc2)c2ccccc2)OC1(C)C,[2H]C(Cl)(Cl)Cl,1,31.8
CC1(C)OB(C(=C2CCCCC2)c2ccc(C(F)(F)F)cc2)OC1(C)C,[2H]C(Cl)(Cl)Cl,1,30.8
C=C(B1Nc2cccc3cccc(c23)N1)c1ccccc1,[2H]C(Cl)(Cl)Cl,1,29
FC(F)(F)c1ccc(/C(=C\c2ccccc2)B2Nc3cccc4cccc(c34)N2)cc1,[2H]C(Cl)(Cl)Cl,1,28.82
CC(C)(C)c1ccc(/C(=C\B2Nc3cccc4cccc(c34)N2)[Si](C)(C)C)cc1,[2H]C(Cl)(Cl)Cl,1,27.2
Cc1ccc(/C(=C/c2ccccc2)B2OC(C)(C)C(C)(C)O2)cc1,[2H]C(Cl)(Cl)Cl,1,31.3
CC(C)(C)c1ccc(/C(=C/c2ccccc2)B2OC(C)(C)C(C)(C)O2)cc1,[2H]C(Cl)(Cl)Cl,1,31.3
CC1(C)OB(/C(Br)=C\c2ccccc2)OC1(C)C,[2H]C(Cl)(Cl)Cl,1,28.7
CC1(C)OB(/C(Cl)=C\c2ccccc2)OC1(C)C,[2H]C(Cl)(Cl)Cl,1,28
C=C(Br)B1OC(=O)CN(C)CC(=O)O1,[2H]C(Cl)(Cl)Cl,1,8.6
COc1cccc(C2=Cc3cc(C)ccc3N(Cc3ccccc3)B2c2c(OC)ccc3ccccc23)c1,[2H]C(Cl)(Cl)Cl,1,40.5
CC1(C)OB(/C=C\C(=C/c2ccccc2)[C@@H](NC(=O)c2ccccc2)c2ccoc2)OC1(C)C,[2H]C(Cl)(Cl)Cl,1,29.9
CC1(C)OB(/C=C\C(=C/c2ccccc2)[C@@H](NC(=O)c2ccccc2)c2ccsc2)OC1(C)C,[2H]C(Cl)(Cl)Cl,1,30
CC1(C)OB(/C=C\C(=C/c2ccccc2)[C@H](/C=C/c2ccccc2)NC(=O)c2ccccc2)OC1(C)C,[2H]C(Cl)(Cl)Cl,1,30.3
CC1(C)OB(/C=C\C(=C/c2ccc(F)cc2)[C@@H](NC(=O)c2ccccc2)c2ccccc2)OC1(C)C,[2H]C(Cl)(Cl)Cl,1,30.2
CC1(C)OB(/C=C\C(=C/c2ccccc2Cl)[C@@H](NC(=O)c2ccccc2)c2ccccc2)OC1(C)C,[2H]C(Cl)(Cl)Cl,1,30
CC(C)(C)/C=C(\B1C(Br)=Cc2ccccc2N1C1CCCC1)c1ccc(-c2ccccc2)cc1,[2H]C(Cl)(Cl)Cl,1,36.61
CC(C)(C)/C=C(\B1C(Br)=Cc2ccccc2N1C1CCCC1)c1ccc(F)cc1,[2H]C(Cl)(Cl)Cl,1,37.29
CC(C)(C)/C=C(\B1C(Br)=Cc2ccccc2N1C1CCCC1)c1ccc(Cl)cc1,[2H]C(Cl)(Cl)Cl,1,37.17
CC(C)(C)/C=C(\B1C(Br)=Cc2ccccc2N1C1CCCC1)c1cccc(C=O)c1,[2H]C(Cl)(Cl)Cl,1,37.9
COC(=O)c1cccc(/C(=C/C(C)(C)C)B2C(Br)=Cc3ccccc3N2C2CCCC2)c1,[2H]C(Cl)(Cl)Cl,1,35.5
CC(C)(C)/C=C(\B1C(Br)=Cc2ccccc2N1C1CCCC1)c1cccc(C(=O)O[C@@H]2C[C@@H]3CCC2(C)C3(C)C)c1,[2H]C(Cl)(Cl)Cl,1,37.2
Cc1ccc(C)c(OCCCC(C)(C)COC(=O)c2cccc(/C(=C/C(C)(C)C)B3C(Br)=Cc4ccccc4N3C3CCCC3)c2)c1,[2H]C(Cl)(Cl)Cl,1,37.57
CC(C)(C)/C=C(\B1C(Br)=Cc2ccccc2N1C1CCCC1)c1cccc(C(=O)c2ccccc2)c1,[2H]C(Cl)(Cl)Cl,1,39.99
CC(C)(C)/C=C(\B1C(Br)=Cc2ccccc2N1C1CCCC1)c1ccc(C(F)(F)F)cc1,[2H]C(Cl)(Cl)Cl,1,38.64
CC(C)(C)/C=C(\B1C(Br)=Cc2ccccc2N1C1CCCC1)c1cccc(OC(F)(F)F)c1,[2H]C(Cl)(Cl)Cl,1,37.63
COc1ccc(/C(=C/C(C)(C)C)B2C(Br)=Cc3ccccc3N2C2CCCC2)cn1,[2H]C(Cl)(Cl)Cl,1,37.03
COc1cccc(/C(=C/C(C)(C)C)B2C(Br)=Cc3ccccc3N2C(C)C)c1,[2H]C(Cl)(Cl)Cl,1,38.69
CCC1=Cc2ccccc2N(C2CCCC2)B1/C(=C\C(C)(C)C)c1cccc(OC)c1,[2H]C(Cl)(Cl)Cl,1,38.21
C(#C[B-](c1ccccc1)(c1ccccc1)c1ccccc1)CCCn1c2ccccc2c2ccccc21.C[N+](C)(C)C,[2H]C([2H])([2H])S(=O)C([2H])([2H])[2H],1,-12.3
CC1(C)OB(CCCC#N)OC1(C)C,[2H]C(Cl)(Cl)Cl,1,33.5
COc1ccc2ccc(C(=O)OC3COC3)c(/C(=C(\B3OC(C)(C)C(C)(C)O3)c3ccsc3)c3ccsc3)c2c1,[2H]C(Cl)(Cl)Cl,1,30.73
CCCC/C(B1OC(C)(C)C(C)(C)O1)=C(\c1ccccc1)c1c(C(=O)OC)ccc2ccc(OC)cc12,[2H]C(Cl)(Cl)Cl,1,30.17
CCCC/C(B1OC(C)(C)C(C)(C)O1)=C(\c1ccccc1)c1c(C(=O)OCC)ccc2ccc(OC)cc12,[2H]C(Cl)(Cl)Cl,1,30.61
CCCC/C(B1OC(C)(C)C(C)(C)O1)=C(\c1ccccc1)c1c(C(=O)OC2CC2)ccc2ccc(OC)cc12,[2H]C(Cl)(Cl)Cl,1,30.24
CCCC/C(B1OC(C)(C)C(C)(C)O1)=C(\c1ccccc1)c1c(C(=O)OC2CCC2)ccc2ccc(OC)cc12,[2H]C(Cl)(Cl)Cl,1,32.87
CCCC/C(B1OC(C)(C)C(C)(C)O1)=C(\c1ccccc1)c1c(C(=O)OC2CCCCC2)ccc2ccc(OC)cc12,[2H]C(Cl)(Cl)Cl,1,31.35
CCCC/C(B1OC(C)(C)C(C)(C)O1)=C(\c1ccccc1)c1c(C(=O)OC2COC2)ccc2ccccc12,[2H]C(Cl)(Cl)Cl,1,30.28
CCCC/C(B1OC(C)(C)C(C)(C)O1)=C(\c1ccccc1)c1c(C(=O)OC2COC2)ccc2ccc(OC)cc12,[2H]C(Cl)(Cl)Cl,1,31.12
CCCC/C(B1OC(C)(C)C(C)(C)O1)=C(\c1ccccc1)c1c(C(=O)OCc2ccccc2)ccc2ccc(OC)cc12,[2H]C(Cl)(Cl)Cl,1,30.12
CCCC/C(B1OC(C)(C)C(C)(C)O1)=C(\c1ccccc1)c1c(C(=O)OCc2ccc(C)cc2)ccc2ccc(OC)cc12,[2H]C(Cl)(Cl)Cl,1,31.58
CCCC/C(B1OC(C)(C)C(C)(C)O1)=C(\c1ccccc1)c1c(C(=O)OCc2ccc(OC)cc2)ccc2ccc(OC)cc12,[2H]C(Cl)(Cl)Cl,1,31.35
CCCC/C(B1OC(C)(C)C(C)(C)O1)=C(\c1ccccc1)c1c(C(=O)OCc2ccc(SC)cc2)ccc2ccc(OC)cc12,[2H]C(Cl)(Cl)Cl,1,30
CCCC/C(B1OC(C)(C)C(C)(C)O1)=C(\c1ccccc1)c1c(C(=O)OCc2ccc(F)cc2)ccc2ccc(OC)cc12,[2H]C(Cl)(Cl)Cl,1,31.31
CCCC/C(B1OC(C)(C)C(C)(C)O1)=C(\c1ccccc1)c1c(C(=O)OCc2ccc(Cl)cc2)ccc2ccc(OC)cc12,[2H]C(Cl)(Cl)Cl,1,30.9
CCCC/C(B1OC(C)(C)C(C)(C)O1)=C(\c1ccccc1)c1c(C(=O)OCc2ccc3ccccc3c2)ccc2ccc(OC)cc12,[2H]C(Cl)(Cl)Cl,1,31.46
CCCC/C(B1OC(C)(C)C(C)(C)O1)=C(\c1ccccc1)c1c(C(=O)OCc2ccoc2)ccc2ccc(OC)cc12,[2H]C(Cl)(Cl)Cl,1,31.67
CCCC/C(B1OC(C)(C)C(C)(C)O1)=C(\c1ccccc1)c1c(C(=O)OCc2ccsc2)ccc2ccc(OC)cc12,[2H]C(Cl)(Cl)Cl,1,30.28
CCCC/C(B1OC(C)(C)C(C)(C)O1)=C(\c1ccccc1)c1c(C(=O)OC2COC2)ccc2ccc(F)cc12,[2H]C(Cl)(Cl)Cl,1,30.32
CCCC/C(B1OC(C)(C)C(C)(C)O1)=C(\c1ccccc1)c1c(C(=O)OC2COC2)ccc2ccc(Cl)cc12,[2H]C(Cl)(Cl)Cl,1,29.93
CCCC/C(B1OC(C)(C)C(C)(C)O1)=C(\c1ccccc1)c1c(C(=O)OC2COC2)ccc2cc(OC)ccc12,[2H]C(Cl)(Cl)Cl,1,30.43
CCCC/C(B1OC(C)(C)C(C)(C)O1)=C(\c1ccccc1)c1c(C(=O)OC2COC2)ccc2cc(Cl)ccc12,[2H]C(Cl)(Cl)Cl,1,29.19
CCCC/C(B1OC(C)(C)C(C)(C)O1)=C(\c1ccccc1)c1c(C(=O)OC2COC2)ccc2c(OC)cccc12,[2H]C(Cl)(Cl)Cl,1,30.11
CCCC/C(B1OC(C)(C)C(C)(C)O1)=C(\c1ccccc1)c1c(C(=O)OC2COC2)cc(C)c2ccccc12,[2H]C(Cl)(Cl)Cl,1,30.2
CCCC/C(B1OC(C)(C)C(C)(C)O1)=C(\c1ccccc1)c1c(C(=O)c2ccccc2)ccc2ccc(OC)cc12,[2H]C(Cl)(Cl)Cl,1,30.78
CCCC/C(B1OC(C)(C)C(C)(C)O1)=C(\c1ccccc1)c1c(C(=O)c2ccc(C)cc2)ccc2ccc(OC)cc12,[2H]C(Cl)(Cl)Cl,1,29.55
CCCC/C(B1OC(C)(C)C(C)(C)O1)=C(\c1ccccc1)c1c(C(=O)c2ccc(F)cc2)ccc2ccc(OC)cc12,[2H]C(Cl)(Cl)Cl,1,29.8
CC/C(B1OC(C)(C)C(C)(C)O1)=C(\c1ccccc1)c1c(C(=O)OC2COC2)ccc2ccc(OC)cc12,[2H]C(Cl)(Cl)Cl,1,31.02
CCCCC/C(B1OC(C)(C)C(C)(C)O1)=C(\c1ccccc1)c1c(C(=O)OC2COC2)ccc2ccc(OC)cc12,[2H]C(Cl)(Cl)Cl,1,31.25
COc1ccc2ccc(C(=O)OC3COC3)c(/C(=C(/CCCCCl)B3OC(C)(C)C(C)(C)O3)c3ccccc3)c2c1,[2H]C(Cl)(Cl)Cl,1,29.83
COc1ccc2ccc(C(=O)OC3COC3)c(/C(=C(/CCCCBr)B3OC(C)(C)C(C)(C)O3)c3ccccc3)c2c1,[2H]C(Cl)(Cl)Cl,1,31.04
COc1ccc2ccc(C(=O)OC3COC3)c(/C(=C(/CCCCI)B3OC(C)(C)C(C)(C)O3)c3ccccc3)c2c1,[2H]C(Cl)(Cl)Cl,1,30.14
COc1ccc2ccc(C(=O)OC3COC3)c(/C(=C(/CCCCO[Si](C)(C)C(C)(C)C)B3OC(C)(C)C(C)(C)O3)c3ccccc3)c2c1,[2H]C(Cl)(Cl)Cl,1,31
COc1ccc2ccc(C(=O)OC3COC3)c(/C(=C(/CCCCOS(=O)(=O)c3ccc(C)cc3)B3OC(C)(C)C(C)(C)O3)c3ccccc3)c2c1,[2H]C(Cl)(Cl)Cl,1,31.79
COc1ccc2ccc(C(=O)OC3COC3)c(/C(=C(/CCCCOC(=O)c3ccc(C)cc3)B3OC(C)(C)C(C)(C)O3)c3ccccc3)c2c1,[2H]C(Cl)(Cl)Cl,1,31.12
COc1ccc2ccc(C(=O)OC3COC3)c(/C(=C(/CCCCN3CCOCC3)B3OC(C)(C)C(C)(C)O3)c3ccccc3)c2c1,[2H]C(Cl)(Cl)Cl,1,31.37
CCCC/C(B1OC(C)(C)C(C)(C)O1)=C(\c1ccccc1C)c1c(C(=O)OC2COC2)ccc2ccc(OC)cc12,[2H]C(Cl)(Cl)Cl,1,29.8
CCCC/C(B1OC(C)(C)C(C)(C)O1)=C(\c1cccc(C)c1)c1c(C(=O)OC2COC2)ccc2ccc(OC)cc12,[2H]C(Cl)(Cl)Cl,1,29.91
CCCC/C(B1OC(C)(C)C(C)(C)O1)=C(\c1ccc(C)cc1)c1c(C(=O)OC2COC2)ccc2ccc(OC)cc12,[2H]C(Cl)(Cl)Cl,1,29.71
CCCC/C(B1OC(C)(C)C(C)(C)O1)=C(\c1ccc(-c2ccccc2)cc1)c1c(C(=O)OC2COC2)ccc2ccc(OC)cc12,[2H]C(Cl)(Cl)Cl,1,29.65
CCCC/C(B1OC(C)(C)C(C)(C)O1)=C(\c1ccc([Si](C)(C)C)cc1)c1c(C(=O)OC2COC2)ccc2ccc(OC)cc12,[2H]C(Cl)(Cl)Cl,1,33.65
CCCC/C(B1OC(C)(C)C(C)(C)O1)=C(\c1ccc(OC)cc1)c1c(C(=O)OC2COC2)ccc2ccc(OC)cc12,[2H]C(Cl)(Cl)Cl,1,31.88
CCCC/C(B1OC(C)(C)C(C)(C)O1)=C(\c1ccc(F)cc1)c1c(C(=O)OC2COC2)ccc2ccc(OC)cc12,[2H]C(Cl)(Cl)Cl,1,30.46
CCCC/C(B1OC(C)(C)C(C)(C)O1)=C(\c1ccc(Cl)cc1)c1c(C(=O)OC2COC2)ccc2ccc(OC)cc12,[2H]C(Cl)(Cl)Cl,1,31.25
CCCC/C(B1OC(C)(C)C(C)(C)O1)=C(\c1ccc(C(F)(F)F)cc1)c1c(C(=O)OC2COC2)ccc2ccc(OC)cc12,[2H]C(Cl)(Cl)Cl,1,29.53
CCCC/C(B1OC(C)(C)C(C)(C)O1)=C(\c1ccc(OC(F)(F)F)cc1)c1c(C(=O)OC2COC2)ccc2ccc(OC)cc12,[2H]C(Cl)(Cl)Cl,1,28
CCCC/C(B1OC(C)(C)C(C)(C)O1)=C(\c1ccc(OC(F)F)cc1)c1c(C(=O)OC2COC2)ccc2ccc(OC)cc12,[2H]C(Cl)(Cl)Cl,1,31.31
CCCC/C(B1OC(C)(C)C(C)(C)O1)=C(\c1ccc(C(=O)OC)cc1)c1c(C(=O)OC2COC2)ccc2ccc(OC)cc12,[2H]C(Cl)(Cl)Cl,1,31.81
CCCC/C(B1OC(C)(C)C(C)(C)O1)=C(\c1ccc(C(C)=O)cc1)c1c(C(=O)OC2COC2)ccc2ccc(OC)cc12,[2H]C(Cl)(Cl)Cl,1,31.99
CCCC/C(B1OC(C)(C)C(C)(C)O1)=C(\c1ccc(C#N)cc1)c1c(C(=O)OC2COC2)ccc2ccc(OC)cc12,[2H]C(Cl)(Cl)Cl,1,29.48
CCCC/C(B1OC(C)(C)C(C)(C)O1)=C(\c1ccc(Cl)c(Cl)c1)c1c(C(=O)OC2COC2)ccc2ccc(OC)cc12,[2H]C(Cl)(Cl)Cl,1,29.45
CCCC/C(B1OC(C)(C)C(C)(C)O1)=C(\c1cc(C)cc(C)c1)c1c(C(=O)OC2COC2)ccc2ccc(OC)cc12,[2H]C(Cl)(Cl)Cl,1,29.52
CCCC/C(B1OC(C)(C)C(C)(C)O1)=C(\c1cc(OC)cc(OC)c1)c1c(C(=O)OC2COC2)ccc2ccc(OC)cc12,[2H]C(Cl)(Cl)Cl,1,31.02
CCCC/C(B1OC(C)(C)C(C)(C)O1)=C(\c1ccc2ccccc2c1)c1c(C(=O)OC2COC2)ccc2ccc(OC)cc12,[2H]C(Cl)(Cl)Cl,1,29.17
CCCC/C(B1OC(C)(C)C(C)(C)O1)=C(\c1ccsc1)c1c(C(=O)OC2COC2)ccc2ccc(OC)cc12,[2H]C(Cl)(Cl)Cl,1,29.99
CCCC/C(B1OC(C)(C)C(C)(C)O1)=C(\c1ccc2c(c1)OCO2)c1c(C(=O)OC2COC2)ccc2ccc(OC)cc12,[2H]C(Cl)(Cl)Cl,1,31.34
CCCC/C(B1OC(C)(C)C(C)(C)O1)=C(\c1ccc2c(c1)-c1ccccc1C2)c1c(C(=O)OC2COC2)ccc2ccc(OC)cc12,[2H]C(Cl)(Cl)Cl,1,32.04
CCCC/C(B1OC(C)(C)C(C)(C)O1)=C(\c1ccc2oc3ccccc3c2c1)c1c(C(=O)OC2COC2)ccc2ccc(OC)cc12,[2H]C(Cl)(Cl)Cl,1,31.36
CCCCCC#C[B-](c1ccccc1)(c1ccccc1)c1ccccc1.C[N+](C)(C)C,[2H]C([2H])([2H])S(=O)C([2H])([2H])[2H],1,-12.4
CCCC/C(B1OC(C)(C)C(C)(C)O1)=C(\c1ccc2sc3ccccc3c2c1)c1c(C(=O)OC2COC2)ccc2ccc(OC)cc12,[2H]C(Cl)(Cl)Cl,1,28.99
CCCC/C(B1OC(C)(C)C(C)(C)O1)=C(\c1ccc2c(c1)c1ccccc1n2-c1ccccc1)c1c(C(=O)OC2COC2)ccc2ccc(OC)cc12,[2H]C(Cl)(Cl)Cl,1,32.51
COc1ccc2ccc(C(=O)OCC(C)(C)CCCOc3cc(C)ccc3C)c(/C(=C(\B3OC(C)(C)C(C)(C)O3)c3ccccc3)c3ccccc3)c2c1,[2H]C(Cl)(Cl)Cl,1,30.9
COc1ccc2ccc(C(=O)OCC[C@H](C)CCC=C(C)C)c(/C(=C(\B3OC(C)(C)C(C)(C)O3)c3ccccc3)c3ccccc3)c2c1,[2H]C(Cl)(Cl)Cl,1,29.97
COc1ccc2cc([C@H](C)COC(=O)c3ccc4ccc(OC)cc4c3/C(=C(\B3OC(C)(C)C(C)(C)O3)c3ccccc3)c3ccccc3)ccc2c1,[2H]C(Cl)(Cl)Cl,1,31
COc1ccc2ccc(C(=O)O[C@H]3C[C@@H](C)CC[C@@H]3C(C)C)c(/C(=C(\B3OC(C)(C)C(C)(C)O3)c3ccccc3)c3ccccc3)c2c1,[2H]C(Cl)(Cl)Cl,1,29.23
COc1ccc2ccc(C(=O)OC[C@H]3O[C@H]4OC(C)(C)O[C@H]4[C@@H]4OC(C)(C)O[C@@H]43)c(/C(=C(\B3OC(C)(C)C(C)(C)O3)c3ccccc3)c3ccccc3)c2c1,[2H]C(Cl)(Cl)Cl,1,31
CCCN(CCC)S(=O)(=O)c1ccc(C(=O)OCCCC/C(B2OC(C)(C)C(C)(C)O2)=C(\c2ccccc2)c2c(C(=O)OC3COC3)ccc3ccc(OC)cc23)cc1,[2H]C(Cl)(Cl)Cl,1,31
CCCC/C(B1OC(C)(C)C(C)(C)O1)=C(\c1ccc(C(=O)Oc2c(C)c(C)c3c(c2C)CC[C@@](C)(CCC[C@H](C)CCC[C@H](C)CCCC(C)C)O3)cc1)c1c(C(=O)OC2COC2)ccc2ccc(OC)cc12,[2H]C(Cl)(Cl)Cl,1,31.9
CCCC/C(B1OC(C)(C)C(C)(C)O1)=C(\c1ccc(C(=O)O[C@@H]2C[C@H]3CC[C@]2(C)C3(C)C)cc1)c1c(C(=O)OC2COC2)ccc2ccc(OC)cc12,[2H]C(Cl)(Cl)Cl,1,31.91
COc1ccc2ccc(C(=O)OC3COC3)c(/C(=C(/CCCCOC(=O)c3sc(-c4ccc(OCC(C)C)c(C#N)c4)nc3C)B3OC(C)(C)C(C)(C)O3)c3ccccc3)c2c1,[2H]C(Cl)(Cl)Cl,1,32.27
CCCC/C(B1OC(C)(C)C(C)(C)O1)=C(\c1ccc(C(=O)O[C@H]2CC[C@@]3(C)C(=CC[C@H]4[C@@H]5CC[C@H]([C@H](C)CCCC(C)C)[C@@]5(C)CC[C@@H]43)C2)cc1)c1c(C(=O)OC2COC2)ccc2ccc(OC)cc12,[2H]C(Cl)(Cl)Cl,1,32.63
COC(=O)c1ccc2ccc(OC)cc2c1/C(=C(\B1OC(C)(C)C(C)(C)O1)c1ccccc1)c1ccccc1,[2H]C(Cl)(Cl)Cl,1,30.25
CCOC(=O)c1ccc2ccc(OC)cc2c1/C(=C(\B1OC(C)(C)C(C)(C)O1)c1ccccc1)c1ccccc1,[2H]C(Cl)(Cl)Cl,1,29.98
COc1ccc2ccc(C(=O)OC(C)C)c(/C(=C(\B3OC(C)(C)C(C)(C)O3)c3ccccc3)c3ccccc3)c2c1,[2H]C(Cl)(Cl)Cl,1,30.56
COc1ccc2ccc(C(=O)OCC3CC3)c(/C(=C(\B3OC(C)(C)C(C)(C)O3)c3ccccc3)c3ccccc3)c2c1,[2H]C(Cl)(Cl)Cl,1,30.87
COc1ccc2ccc(C(=O)OC3CC3)c(/C(=C(\B3OC(C)(C)C(C)(C)O3)c3ccccc3)c3ccccc3)c2c1,[2H]C(Cl)(Cl)Cl,1,30.91
COc1ccc2ccc(C(=O)OC3CCC3)c(/C(=C(\B3OC(C)(C)C(C)(C)O3)c3ccccc3)c3ccccc3)c2c1,[2H]C(Cl)(Cl)Cl,1,29.68
COc1ccc2ccc(C(=O)OC3CCCCC3)c(/C(=C(\B3OC(C)(C)C(C)(C)O3)c3ccccc3)c3ccccc3)c2c1,[2H]C(Cl)(Cl)Cl,1,30.21
COc1ccc2ccc(C(=O)OC3COC3)c(/C(=C(\B3OC(C)(C)C(C)(C)O3)c3ccccc3)c3ccccc3)c2c1,[2H]C(Cl)(Cl)Cl,1,30.28
COc1ccc2ccc(C(=O)OCc3ccccc3)c(/C(=C(\B3OC(C)(C)C(C)(C)O3)c3ccccc3)c3ccccc3)c2c1,[2H]C(Cl)(Cl)Cl,1,30.5
COc1ccc2ccc(C(=O)OCc3ccc(C)cc3)c(/C(=C(\B3OC(C)(C)C(C)(C)O3)c3ccccc3)c3ccccc3)c2c1,[2H]C(Cl)(Cl)Cl,1,30.23
COc1ccc(COC(=O)c2ccc3ccc(OC)cc3c2/C(=C(\B2OC(C)(C)C(C)(C)O2)c2ccccc2)c2ccccc2)cc1,[2H]C(Cl)(Cl)Cl,1,31.15
COc1ccc2ccc(C(=O)OCc3ccc(SC)cc3)c(/C(=C(\B3OC(C)(C)C(C)(C)O3)c3ccccc3)c3ccccc3)c2c1,[2H]C(Cl)(Cl)Cl,1,30.67
COc1ccc2ccc(C(=O)OCc3ccc(F)cc3)c(/C(=C(\B3OC(C)(C)C(C)(C)O3)c3ccccc3)c3ccccc3)c2c1,[2H]C(Cl)(Cl)Cl,1,30.59
COc1ccc2ccc(C(=O)OCc3ccc(Cl)cc3)c(/C(=C(\B3OC(C)(C)C(C)(C)O3)c3ccccc3)c3ccccc3)c2c1,[2H]C(Cl)(Cl)Cl,1,29.8
COc1ccc2ccc(C(=O)OCc3ccc4ccccc4c3)c(/C(=C(\B3OC(C)(C)C(C)(C)O3)c3ccccc3)c3ccccc3)c2c1,[2H]C(Cl)(Cl)Cl,1,30.94
COc1ccc2ccc(C(=O)OCc3ccoc3)c(/C(=C(\B3OC(C)(C)C(C)(C)O3)c3ccccc3)c3ccccc3)c2c1,[2H]C(Cl)(Cl)Cl,1,29.68
COc1ccc2ccc(C(=O)OCc3ccsc3)c(/C(=C(\B3OC(C)(C)C(C)(C)O3)c3ccccc3)c3ccccc3)c2c1,[2H]C(Cl)(Cl)Cl,1,29.68
COc1ccc2ccc(C(=O)OCc3ccc4c(c3)OCO4)c(/C(=C(\B3OC(C)(C)C(C)(C)O3)c3ccccc3)c3ccccc3)c2c1,[2H]C(Cl)(Cl)Cl,1,31.22
CC1(C)OB(/C(=C(/c2ccccc2)c2c(C(=O)OC3COC3)ccc3ccc(F)cc23)c2ccccc2)OC1(C)C,[2H]C(Cl)(Cl)Cl,1,29.88
CC1(C)OB(/C(=C(/c2ccccc2)c2c(C(=O)OC3COC3)ccc3ccc(Cl)cc23)c2ccccc2)OC1(C)C,[2H]C(Cl)(Cl)Cl,1,30.61
Cc1ccc2c(/C(=C(\B3OC(C)(C)C(C)(C)O3)c3ccccc3)c3ccccc3)c(C(=O)OC3COC3)ccc2c1,[2H]C(Cl)(Cl)Cl,1,29.67
COc1ccc2c(/C(=C(\B3OC(C)(C)C(C)(C)O3)c3ccccc3)c3ccccc3)c(C(=O)OC3COC3)ccc2c1,[2H]C(Cl)(Cl)Cl,1,30.7
CC1(C)OB(/C(=C(/c2ccccc2)c2c(C(=O)OC3COC3)ccc3cc(Cl)ccc23)c2ccccc2)OC1(C)C,[2H]C(Cl)(Cl)Cl,1,31.13
COc1cccc2c(/C(=C(\B3OC(C)(C)C(C)(C)O3)c3ccccc3)c3ccccc3)c(C(=O)OC3COC3)ccc12,[2H]C(Cl)(Cl)Cl,1,30.9
Cc1cc(C(=O)OC2COC2)c(/C(=C(\B2OC(C)(C)C(C)(C)O2)c2ccccc2)c2ccccc2)c2ccccc12,[2H]C(Cl)(Cl)Cl,1,29.37
COc1ccc2ccc(C(C)=O)c(/C(=C(\B3OC(C)(C)C(C)(C)O3)c3ccccc3)c3ccccc3)c2c1,[2H]C(Cl)(Cl)Cl,1,30.03
COc1ccc2ccc(C(=O)c3ccccc3)c(/C(=C(\B3OC(C)(C)C(C)(C)O3)c3ccccc3)c3ccccc3)c2c1,[2H]C(Cl)(Cl)Cl,1,30.34
COc1ccc2ccc(C(=O)c3ccc(C)cc3)c(/C(=C(\B3OC(C)(C)C(C)(C)O3)c3ccccc3)c3ccccc3)c2c1,[2H]C(Cl)(Cl)Cl,1,31.24
COc1ccc2ccc(C(=O)c3ccc(F)cc3)c(/C(=C(\B3OC(C)(C)C(C)(C)O3)c3ccccc3)c3ccccc3)c2c1,[2H]C(Cl)(Cl)Cl,1,30.72
COc1ccc2ccc(C(=O)OC3COC3)c(/C(=C(\B3OC(C)(C)C(C)(C)O3)c3ccc(C)cc3)c3ccc(C)cc3)c2c1,[2H]C(Cl)(Cl)Cl,1,30.71
CCc1ccc(/C(B2OC(C)(C)C(C)(C)O2)=C(\c2ccc(CC)cc2)c2c(C(=O)OC3COC3)ccc3ccc(OC)cc23)cc1,[2H]C(Cl)(Cl)Cl,1,31.23
COc1ccc(/C(B2OC(C)(C)C(C)(C)O2)=C(\c2ccc(OC)cc2)c2c(C(=O)OC3COC3)ccc3ccc(OC)cc23)cc1,[2H]C(Cl)(Cl)Cl,1,31.15
COc1ccc2ccc(C(=O)OC3COC3)c(/C(=C(\B3OC(C)(C)C(C)(C)O3)c3ccc(SC)cc3)c3ccc(SC)cc3)c2c1,[2H]C(Cl)(Cl)Cl,1,30.06
COc1ccc2ccc(C(=O)OC3COC3)c(/C(=C(\B3OC(C)(C)C(C)(C)O3)c3ccc(F)cc3)c3ccc(F)cc3)c2c1,[2H]C(Cl)(Cl)Cl,1,30.48
COc1ccc2ccc(C(=O)OC3COC3)c(/C(=C(\B3OC(C)(C)C(C)(C)O3)c3ccc(OC(F)(F)F)cc3)c3ccc(OC(F)(F)F)cc3)c2c1,[2H]C(Cl)(Cl)Cl,1,30.26
COc1ccc2ccc(C(=O)OC3COC3)c(/C(=C(\B3OC(C)(C)C(C)(C)O3)c3cccc(C)c3)c3cccc(C)c3)c2c1,[2H]C(Cl)(Cl)Cl,1,30.36
COc1cccc(/C(B2OC(C)(C)C(C)(C)O2)=C(\c2cccc(OC)c2)c2c(C(=O)OC3COC3)ccc3ccc(OC)cc23)c1,[2H]C(Cl)(Cl)Cl,1,30.88
COc1ccc2ccc(C(=O)OC3COC3)c(/C(=C(\B3OC(C)(C)C(C)(C)O3)c3ccc(C)c(F)c3)c3ccc(C)c(F)c3)c2c1,[2H]C(Cl)(Cl)Cl,1,30.7
COc1ccc2ccc(C(=O)OC3COC3)c(/C(=C(\B3OC(C)(C)C(C)(C)O3)c3cc(C)cc(C)c3)c3cc(C)cc(C)c3)c2c1,[2H]C(Cl)(Cl)Cl,1,31.07
COc1ccc2ccc(C(=O)OC3COC3)c(/C(=C(\B3OC(C)(C)C(C)(C)O3)c3ccc4c(c3)OCO4)c3ccc4c(c3)OCO4)c2c1,[2H]C(Cl)(Cl)Cl,1,30.28
CC[C@@H]1N(S(=O)(=O)c2ccc(C)cc2)B([C@H](CCc2ccccc2)Sc2ccccc2)OC1(C1CCCCC1)C1CCCCC1,[2H]C(Cl)(Cl)Cl,1,33.4
CC[C@@H]1N(S(=O)(=O)c2ccc(C)cc2)B([C@@H](Sc2ccccc2)C2CCCCC2)OC1(C1CCCCC1)C1CCCCC1,[2H]C(Cl)(Cl)Cl,1,34.3
CC[C@@H]1N(S(=O)(=O)c2ccc(C)cc2)B([C@@H](Sc2ccccc2)C(C)C)OC1(C1CCCCC1)C1CCCCC1,[2H]C(Cl)(Cl)Cl,1,33.3
CC[C@@H]1N(S(=O)(=O)c2ccc(C)cc2)B([C@@H](Sc2ccccc2Cl)C2CCCCC2)OC1(C1CCCCC1)C1CCCCC1,[2H]C(Cl)(Cl)Cl,1,33.7
CC[C@@H]1N(S(=O)(=O)c2ccc(C)cc2)B([C@@H](Sc2ccc(OC)cc2)C2CCCCC2)OC1(C1CCCCC1)C1CCCCC1,[2H]C(Cl)(Cl)Cl,1,34.2
CC1(C)OB([C@H](CCc2ccccc2)c2ccc3ccccc3c2)OC1(C)C,[2H]C(Cl)(Cl)Cl,1,33
COc1ccc(F)cc1B1OC(C2CCCCC2)(C2CCCCC2)[C@@H](c2ccccc2)N1S(=O)(=O)c1ccc(C)cc1,[2H]C(Cl)(Cl)Cl,1,32
CCCC[C@H](CCc1ccccc1)B1OC(C)(C)C(C)(C)O1,[2H]C(Cl)(Cl)Cl,1,34.9
Cc1ccc(S(=O)(=O)N2B(c3ccc4ccccc4c3)OC(C(C)C)(C(C)C)[C@@H]2C(C)C)cc1,[2H]C(Cl)(Cl)Cl,1,33.3
Cc1ccc(S(=O)(=O)N2B(c3ccc4ccccc4c3)OC(C3CCCCCC3)(C3CCCCCC3)[C@@H]2C(C)C)cc1,[2H]C(Cl)(Cl)Cl,1,33
Cc1ccc(S(=O)(=O)N2B(c3ccc4ccccc4c3)OC(C3CCCC3)(C3CCCC3)[C@@H]2C(C)C)cc1,[2H]C(Cl)(Cl)Cl,1,33.3
Cc1ccc(S(=O)(=O)N2B(c3ccc4ccccc4c3)OC(c3ccccc3)(c3ccccc3)[C@@H]2C(C)C)cc1,[2H]C(Cl)(Cl)Cl,1,33.1
CC[C@@H]1N(S(=O)(=O)c2ccc(C)cc2)B(c2ccc3ccccc3c2)OC1(C1CCCCC1)C1CCCCC1,[2H]C(Cl)(Cl)Cl,1,33.4
Cc1ccc(S(=O)(=O)N2B(c3ccc4ccccc4c3)OC(C3CCCCC3)(C3CCCCC3)[C@@H]2c2ccccc2)cc1,[2H]C(Cl)(Cl)Cl,1,33.6
Cc1ccc(S(=O)(=O)N2B(c3ccc4ccccc4c3)OC(c3ccccc3)(c3ccccc3)[C@@H]2c2ccccc2)cc1,[2H]C(Cl)(Cl)Cl,1,32.9
COc1ccc(S(=O)(=O)N2B(c3ccc4ccccc4c3)OC(C3CCCCC3)(C3CCCCC3)[C@@H]2C(C)C)cc1,[2H]C(Cl)(Cl)Cl,1,33.1
CC(C)[C@@H]1N(S(=O)(=O)c2ccc(C(F)(F)F)cc2)B(c2ccc3ccccc3c2)OC1(C1CCCCC1)C1CCCCC1,[2H]C(Cl)(Cl)Cl,1,33.1
CCOC(=O)N1B(c2ccc3ccccc3c2)OC(C2CCCCC2)(C2CCCCC2)C1C(C)C,[2H]C(Cl)(Cl)Cl,1,33.2
CC(C)[C@@H]1N(C(=O)N2CCOCC2)B(c2ccc3ccccc3c2)OC1(C1CCCCC1)C1CCCCC1,[2H]C(Cl)(Cl)Cl,1,31.4
CC(C)[C@@H]1N(Cc2ccccc2)B(c2ccc3ccccc3c2)OC1(c1ccccc1)c1ccccc1,[2H]C(Cl)(Cl)Cl,1,31.5
Cc1ccc(S(=O)(=O)N2B(c3ccc4ccccc4c3)OC(C3CCCCC3)(C3CCCCC3)[C@@H]2C(C)C)cc1,[2H]C(Cl)(Cl)Cl,1,32.5
Cc1ccc(S(=O)(=O)N2B(c3ccc([Si](C)(C)C)cc3)OC(C3CCCCC3)(C3CCCCC3)[C@@H]2C(C)C)cc1,[2H]C(Cl)(Cl)Cl,1,32.8
COc1ccc(B2OC(C3CCCCC3)(C3CCCCC3)[C@H](C(C)C)N2S(=O)(=O)c2ccc(C)cc2)cc1,[2H]C(Cl)(Cl)Cl,1,33.7
CSc1ccc(B2OC(C3CCCCC3)(C3CCCCC3)[C@H](C(C)C)N2S(=O)(=O)c2ccc(C)cc2)cc1,[2H]C(Cl)(Cl)Cl,1,33
Cc1ccc(S(=O)(=O)N2B(c3ccc(Br)cc3)OC(C3CCCCC3)(C3CCCCC3)[C@@H]2C(C)C)cc1,[2H]C(Cl)(Cl)Cl,1,32.8
Cc1ccc(S(=O)(=O)N2B(c3ccc(Cl)cc3)OC(C3CCCCC3)(C3CCCCC3)[C@@H]2C(C)C)cc1,[2H]C(Cl)(Cl)Cl,1,32.2
Cc1ccc(S(=O)(=O)N2B(c3ccc(F)cc3)OC(C3CCCCC3)(C3CCCCC3)[C@@H]2C(C)C)cc1,[2H]C(Cl)(Cl)Cl,1,33.5
Cc1ccc(S(=O)(=O)N2B(c3ccc(C(F)(F)F)cc3)OC(C3CCCCC3)(C3CCCCC3)[C@@H]2C(C)C)cc1,[2H]C(Cl)(Cl)Cl,1,32.6
Cc1ccc(S(=O)(=O)N2B(c3ccsc3)OC(C3CCCCC3)(C3CCCCC3)[C@@H]2C(C)C)cc1,[2H]C(Cl)(Cl)Cl,1,30.1
Cc1ccc(S(=O)(=O)N2B(C3[C@H]4C[C@@H]5C[C@@H](C[C@H]3C5)C4)OC(c3ccccc3)(c3ccccc3)[C@@H]2c2ccccc2)cc1,[2H]C(Cl)(Cl)Cl,1,37.1
CCCC/C(=C\[Se]C)B1OC(C)(C)C(C)(C)O1,[2H]C(Cl)(Cl)Cl,1,29.14
CCCC/C(=C\[Se]C(C)C)B1OC(C)(C)C(C)(C)O1,[2H]C(Cl)(Cl)Cl,1,29.14
CCCCC/C(=C\[Se]CCCC)B1OC(C)(C)C(C)(C)O1,[2H]C(Cl)(Cl)Cl,1,29.33
CCCC[Se]/C=C(\CCC)B1OC(C)(C)C(C)(C)O1,[2H]C(Cl)(Cl)Cl,1,29.18
CCCCCCC/C(=C\[Se]Cc1ccccc1)B1OC(C)(C)C(C)(C)O1,[2H]C(Cl)(Cl)Cl,1,29.16
CCCC[Se]/C=C(/B1OC(C)(C)C(C)(C)O1)C1CC1,[2H]C(Cl)(Cl)Cl,1,28.82
CCCC[Se]/C=C(/B1OC(C)(C)C(C)(C)O1)C1=CCCCC1,[2H]C(Cl)(Cl)Cl,1,28.91
CCCC[Se]/C=C(/B1OC(C)(C)C(C)(C)O1)c1ccc(OC)cc1C,[2H]C(Cl)(Cl)Cl,1,28.78
CCCC[Se]/C=C(/B1OC(C)(C)C(C)(C)O1)c1ccc(OC)cc1,[2H]C(Cl)(Cl)Cl,1,29.44
CCCC[Se]/C=C(/B1OC(C)(C)C(C)(C)O1)c1c(C)cc(C)cc1C,[2H]C(Cl)(Cl)Cl,1,28.92
CCCC[Se]/C=C(/B1OC(C)(C)C(C)(C)O1)c1ccc(C)cc1,[2H]C(Cl)(Cl)Cl,1,29.25
CCCC[Se]/C=C(/B1OC(C)(C)C(C)(C)O1)c1ccccc1,[2H]C(Cl)(Cl)Cl,1,29.01
CCCC[Se]/C=C(/B1OC(C)(C)C(C)(C)O1)c1ccc(F)cc1,[2H]C(Cl)(Cl)Cl,1,29.11
CC1(C)OB(/C(=C/[Se]c2ccccc2)CO[Si](C)(C)C(C)(C)C)OC1(C)C,[2H]C(Cl)(Cl)Cl,1,29.14
CC1(C)OB(/C(=C/[Se]c2ccccc2)c2ccccc2)OC1(C)C,[2H]C(Cl)(Cl)Cl,1,29.01
CCC/C(=C\[Se]c1ccccc1)B1OC(C)(C)C(C)(C)O1,[2H]C(Cl)(Cl)Cl,1,29.17
CCCC/C(=C\[Se]c1ccccc1)B1OC(C)(C)C(C)(C)O1,[2H]C(Cl)(Cl)Cl,1,29.15
CCCC/C(=C\[Se]c1ccc(Cl)cc1)B1OC(C)(C)C(C)(C)O1,[2H]C(Cl)(Cl)Cl,1,29.11
CCCC/C(=C\[Se]c1cccc(C(F)(F)F)c1)B1OC(C)(C)C(C)(C)O1,[2H]C(Cl)(Cl)Cl,1,29.18
CCCC/C(=C\[Se]c1ccccc1C)B1OC(C)(C)C(C)(C)O1,[2H]C(Cl)(Cl)Cl,1,29.14
CCCC/C(=C\[Se]c1cccc2ccccc12)B1OC(C)(C)C(C)(C)O1,[2H]C(Cl)(Cl)Cl,1,29.04
CCCC/C(=C\[Se]c1ccc(-c2ccccc2)cc1)B1OC(C)(C)C(C)(C)O1,[2H]C(Cl)(Cl)Cl,1,29.66
Cc1ccc(CCB2OC(C)C(C)O2)cc1C,[2H]C(Cl)(Cl)Cl,1,34.02
Cc1cc(CCB2OC(C)C(C)O2)cc(F)c1C,[2H]C(Cl)(Cl)Cl,1,33.77
Cc1cc(F)c(CCB2OC(C)C(C)O2)cc1C,[2H]C(Cl)(Cl)Cl,1,33.77
Cc1ccc(CC(C)B2OC(C)C(C)O2)cc1C,[2H]C(Cl)(Cl)Cl,1,34.31
Cc1ccc(CC(C)(C)B2OC(C)C(C)O2)cc1C,[2H]C(Cl)(Cl)Cl,1,34.6
Cc1cccc2c1C(C)CC(B1OC(C)C(C)O1)C2,[2H]C(Cl)(Cl)Cl,1,34.08
Cc1cccc2cc(CCB3OC(C)C(C)O3)cc(C)c12,[2H]C(Cl)(Cl)Cl,1,33.79
Cc1cccc2c(CCB3OC(C)C(C)O3)ccc(C)c12,[2H]C(Cl)(Cl)Cl,1,34.08
Cc1cccc2cc(C(C)CB3OC(C)C(C)O3)cc(C)c12,[2H]C(Cl)(Cl)Cl,1,34.03
BN1C(C)(C)CCCC1(C)C,[2H]c1c([2H])c([2H])c([2H])c([2H])c1[2H],1,-21.1
Cc1ccc2ccccc2c1BN(C(C)C)C(C)C,[2H]C(Cl)(Cl)Cl,1,39.4
CC(C)N(Bc1c(Cc2ccccc2)ccc2ccccc12)C(C)C,[2H]C(Cl)(Cl)Cl,1,40.4
CCc1ccc2ccccc2c1BN(C(C)C)C(C)C,[2H]C(Cl)(Cl)Cl,1,40
CC(C)c1ccc2ccccc2c1BN(C(C)C)C(C)C,[2H]C(Cl)(Cl)Cl,1,40.4
COc1ccc2ccccc2c1BN(C(C)C)C(C)C,[2H]C(Cl)(Cl)Cl,1,38.2
Cc1cccc2cccc(BN(C(C)C)C(C)C)c12,[2H]C(Cl)(Cl)Cl,1,38.9
Cc1ccc2ccccc2c1BN(C1CCCCC1)C1CCCCC1,[2H]C(Cl)(Cl)Cl,1,40.6
CC(C)c1ccc2ccccc2c1BN(C1CCCCC1)C1CCCCC1,[2H]C(Cl)(Cl)Cl,1,40.9
Cc1ccc2ccccc2c1BN1C(C)(C)CCCC1(C)C,[2H]C(Cl)(Cl)Cl,1,42.5
CC(C)c1ccc2ccccc2c1BN1C(C)(C)CCCC1(C)C,[2H]C(Cl)(Cl)Cl,1,42
Cc1ccc2ccccc2c1BN(C(C)C)C(C)(C)C,[2H]C(Cl)(Cl)Cl,1,41
Cc1cccc(C(C)(C)C)c1BN(C(C)C)C(C)C,[2H]C(Cl)(Cl)Cl,1,38.9
CCOC(=O)C(C)[BH2-]c1n(C)cc[n+]1C,[2H]C(Cl)(Cl)Cl,1,-24.6
CCOC(=O)C(C)[BH2-]c1n(C)cc[n+]1CC,[2H]C(Cl)(Cl)Cl,1,-24.5
C=CC[n+]1ccn(C)c1[BH2-]C(C)C(=O)OCC,[2H]C(Cl)(Cl)Cl,1,-24.6
CCCCCC[n+]1ccn(C)c1[BH2-]C(C)C(=O)OCC,[2H]C(Cl)(Cl)Cl,1,-24.5
CCOC(=O)C(C)[BH2-]c1n(C)cc(C)[n+]1C,[2H]C(Cl)(Cl)Cl,1,-24.2
CCOC(=O)C(C)[BH2-]c1n(C)cc(C(F)(F)F)[n+]1C,[2H]C(Cl)(Cl)Cl,1,-24.7
CCOC(=O)C(C)[BH2-]c1n(C)cc(Cl)[n+]1C,[2H]C(Cl)(Cl)Cl,1,-24.2
CCOC(=O)C(C)[BH2-]c1n(C)c(Cl)c(Cl)[n+]1C,[2H]C(Cl)(Cl)Cl,1,-23.9
CCOC(=O)C(C)[BH2-]c1n(C)cn[n+]1C,[2H]C(Cl)(Cl)Cl,1,-25
CCOC(=O)C(C)[BH2-][n+]1ccccc1C,[2H]C(Cl)(Cl)Cl,1,-5.1
COC(=O)C(C)[BH2-]c1n(C)cc[n+]1C,[2H]C(Cl)(Cl)Cl,1,-24.6
CC(C)OC(=O)C(C)[BH2-]c1n(C)cc[n+]1C,[2H]C(Cl)(Cl)Cl,1,-24.5
CC([BH2-]c1n(C)cc[n+]1C)C(=O)OCc1ccccc1,[2H]C(Cl)(Cl)Cl,1,-24.5
CCOC(=O)C([BH2-]c1n(C)cc[n+]1C)C(F)(F)F,[2H]C(Cl)(Cl)Cl,1,-28.6
CCOC(=O)C([BH2-]c1n(C)cc[n+]1C)c1ccccc1,[2H]C(Cl)(Cl)Cl,1,-23.2
Cn1cc[n+](C)c1[BH2-]C(c1ccccc1)C(F)(F)F,[2H]C(Cl)(Cl)Cl,1,-26.7
COc1ccc([C@]2(B3OC(C)(C)C(C)(C)O3)C[C@@H](c3ccc4ccccc4c3-c3nccc4ccccc34)C2)cc1,[2H]C(Cl)(Cl)Cl,1,34.7
CC1(C)OB([C@]2(c3ccc4occc4c3)C[C@H](c3ccc4ccccc4c3-c3nccc4ccccc34)C2)OC1(C)C,[2H]C(Cl)(Cl)Cl,1,33.6
C/C(=C\COC(=O)CCC[C@]1(B2O[C@H](C)C(C)(C)O2)C[C@@H](c2ccc3ccccc3c2-c2nccc3ccccc23)C1)CCC[C@H](C)CCC[C@H](C)CCCC(C)C,[2H]C(Cl)(Cl)Cl,1,35.6
CC1(C)OB([C@]2(CCCCCBr)C[C@H](c3ccc4ccccc4c3-c3nccc4ccccc34)C2)OC1(C)C,[2H]C(Cl)(Cl)Cl,1,34.4
OB(Cl)C[C@H]1CCC[NH2+]1,[2H]C(Cl)(Cl)Cl,1,30.7
Cc1cc(=O)oc2cc(OCCCOc3ccc(B4OCC(C)(C)CO4)c(C=O)c3)ccc12,[2H]C(Cl)(Cl)Cl,1,27.98
Cc1cc(=O)oc2cc(OCCCOC3=CC=C4B(O)N=NC(c5ccc(C(=O)O)cc5)=C4C3)ccc12,[2H]C(Cl)(Cl)Cl,1,27.9
[BH2-2]C(C(=O)c1ccc(OC)cc1)c1n(C)c2ccccc2[n+]1C,[2H]C(Cl)(Cl)Cl,1,-27.21
CCCCCCN(CCCCCC)C(=O)c1cc(B2OC(C)(C)C(C)(C)O2)ccc1C(F)(F)F,[2H]C(Cl)(Cl)Cl,1,30.5
CCCCCCN(CCCCCC)C(=O)c1cc(B2OC(C)(C)C(C)(C)O2)ccc1-c1ccccc1,[2H]C(Cl)(Cl)Cl,1,31.8
CC1(C)OB(c2cccc(C(=O)N3CCOCC3)c2Br)OC1(C)C,[2H]C(Cl)(Cl)Cl,1,30.8
CC1(C)OB(c2cccc(C(=O)N3CCCCCC3)c2)OC1(C)C,[2H]C(Cl)(Cl)Cl,1,30.6
Cc1cc(C)c(N(C(=O)c2ccc(B3OC(C)(C)C(C)(C)O3)s2)c2c(C)cc(C)cc2C)c(C)c1,[2H]C(Cl)(Cl)Cl,1,29
CCc1ccnc(C(=O)[O-])c1B1OC(C)(C)C(C)(C)O1,[2H]C(Cl)(Cl)Cl,1,30.5
CCc1ccc(P(=O)([O-])[O-])c(B2OC(C)(C)C(C)(C)O2)c1CC,[2H]C(Cl)(Cl)Cl,1,30.7
CCOP(=O)(OCC)c1cccc(B2OC(C)(C)C(C)(C)O2)c1OC,[2H]C(Cl)(Cl)Cl,1,30.7
CCOP(=O)(OCC)c1cccc(B2OC(C)(C)C(C)(C)O2)c1C,[2H]C(Cl)(Cl)Cl,1,30.9
CCOP(=O)(OCC)c1cc(B2OC(C)(C)C(C)(C)O2)ccc1C(F)(F)F,[2H]C(Cl)(Cl)Cl,1,30.8
CCN(CC)P(=O)(c1cccc(B2OC(C)(C)C(C)(C)O2)c1)N(CC)CC,[2H]C(Cl)(Cl)Cl,1,31.5
COc1ccc(B2OC(C)(C)C(C)(C)O2)cc1P(=O)(C1CCCCC1)C1CCCCC1,[2H]C(Cl)(Cl)Cl,1,29.8
CC(C)CC(CC(C)C)O[Si](OC(CC(C)C)CC(C)C)(OC(CC(C)C)CC(C)C)OC(C(=O)OC1CC(C)CC(C)(C)C1)c1ccc(B2OC(C)(C)CC(C)(C)O2)cc1Cl,[2H]C(Cl)(Cl)Cl,1,26
CC1(C)OB(C2(Cl)CC2c2ccccc2)OC1(C)C,[2H]C(Cl)(Cl)Cl,1,32.4
CC1(C)OB(C2(Cl)CC2(c2ccccc2)c2ccccc2)OC1(C)C,[2H]C(Cl)(Cl)Cl,1,30.9
CC1(C)OB(C2(Cl)C3CCCCC32)OC1(C)C,[2H]C(Cl)(Cl)Cl,1,37.6
OB(O)C1(Cl)[C@@H]2CCCC[C@@H]21,[2H]C(Cl)(Cl)Cl,1,31.1
CC1(C)OB(C2(Cl)C3CCCCCC32)OC1(C)C,[2H]C(Cl)(Cl)Cl,1,32.5
CC1(C)OB(C2(Cl)C3CCCCCCC32)OC1(C)C,[2H]C(Cl)(Cl)Cl,1,33.1
Cc1cccc(CC(C)(C)C(Cl)B2OC(C)(C)C(C)(C)O2)c1,[2H]C(Cl)(Cl)Cl,1,31.5
Cc1ccc(C)c(OCCCC(C)(C)C(Cl)B2OC(C)(C)C(C)(C)O2)c1,[2H]C(Cl)(Cl)Cl,1,31.5
CC1(C)COB(C2(Cl)C3CCCCC32)OC1,[2H]C(Cl)(Cl)Cl,1,28.6
CC1CC(C)(C)OB(C2(Cl)C3CCCCC32)O1,[2H]C(Cl)(Cl)Cl,1,28.1
CC1(C)CC(C)(C)OB(C2(Cl)C3CCCCC32)O1,[2H]C(Cl)(Cl)Cl,1,28
CC1(C)[C@@H]2C[C@H]3OB(C4(Cl)C5CCCCC54)O[C@@]3(C)[C@H]1C2,[2H]C(Cl)(Cl)Cl,1,32.5
CC1(C)OB(CCCc2ccc(-c3ccccc3)cc2)OC1(C)C,[2H]C(Cl)(Cl)Cl,1,34.1
CC1(C)OB(CCCc2ccc(F)cc2)OC1(C)C,[2H]C(Cl)(Cl)Cl,1,34
CC1(C)OB(CCCc2ccc(Cl)cc2)OC1(C)C,[2H]C(Cl)(Cl)Cl,1,39.4
CC1(C)OB(CCCc2cccs2)OC1(C)C,[2H]C(Cl)(Cl)Cl,1,33.8
CC1(C)OB(CCCCc2ccccc2)OC1(C)C,[2H]C(Cl)(Cl)Cl,1,39.3
CC1(C)OB(CCCCOCc2ccccc2)OC1(C)C,[2H]C(Cl)(Cl)Cl,1,34
C=CCCCCCCCCCB1OC(C)(C)C(C)(C)O1,[2H]C(Cl)(Cl)Cl,1,34.1
CC1(C)OB(CCCC#C[Si](C)(C)C)OC1(C)C,[2H]C(Cl)(Cl)Cl,1,33.8
CC(CB1OC(C)(C)C(C)(C)O1)Cc1ccc2c(c1)OCO2,[2H]C(Cl)(Cl)Cl,1,33.8
CC1(C)OB(C[C@H]2CC[C@H](c3ccc(Cl)cc3)CC2)OC1(C)C,[2H]C(Cl)(Cl)Cl,1,33.5
CC1(C)OB(CC2Cc3ccccc3C2)OC1(C)C,[2H]C(Cl)(Cl)Cl,1,33.8
CC1(C)OB(CC(c2ccc(Cl)cc2)c2ccccc2Cl)OC1(C)C,[2H]C(Cl)(Cl)Cl,1,33.7
CC1(C)OB(CCCc2nc(-c3ccccc3)c(-c3ccccc3)o2)OC1(C)C,[2H]C(Cl)(Cl)Cl,1,34.3
C=CCC1(B2OC(C)(C)C(C)(C)O2)C2CCCCC21,[2H]C(Cl)(Cl)Cl,1,33.4
C[Se]/C(=C(\B1OC(C)(C)C(C)(C)O1)c1ccccc1)c1ccccc1,[2H]C(Cl)(Cl)Cl,1,30.7
COc1ccc(/C([Se]C)=C(/B2OC(C)(C)C(C)(C)O2)c2ccccc2)cc1,[2H]C(Cl)(Cl)Cl,1,31.5
COc1ccc(/C([Se]CCCc2ccccc2)=C(/B2OC(C)(C)C(C)(C)O2)c2ccccc2)cc1,[2H]C(Cl)(Cl)Cl,1,29.9
COc1ccc(/C([Se]C2CCCC2)=C(/B2OC(C)(C)C(C)(C)O2)c2ccccc2)cc1,[2H]C(Cl)(Cl)Cl,1,31.1
CCCC(C)[Se]/C(=C(\B1OC(C)(C)C(C)(C)O1)c1ccccc1)c1ccc(OC)cc1,[2H]C(Cl)(Cl)Cl,1,32.8
COc1ccc(/C([Se]CCCC(F)(F)F)=C(/B2OC(C)(C)C(C)(C)O2)c2ccccc2)cc1,[2H]C(Cl)(Cl)Cl,1,32.2
COc1ccc(/C([Se]C[Si](C)(C)C)=C(/B2OC(C)(C)C(C)(C)O2)c2ccccc2)cc1,[2H]C(Cl)(Cl)Cl,1,31.4
COC(=O)C[Se]/C(=C(\B1OC(C)(C)C(C)(C)O1)c1ccccc1)c1ccc(OC)cc1,[2H]C(Cl)(Cl)Cl,1,31.5
COc1ccc(/C([Se]CC2CCC2)=C(/B2OC(C)(C)C(C)(C)O2)c2ccccc2)cc1,[2H]C(Cl)(Cl)Cl,1,32.6
COc1ccc(/C([Se]CC2CC2)=C(/B2OC(C)(C)C(C)(C)O2)c2ccccc2)cc1,[2H]C(Cl)(Cl)Cl,1,32.3
COc1ccc(/C([Se]c2ccccc2)=C(/B2OC(C)(C)C(C)(C)O2)c2ccccc2)cc1,[2H]C(Cl)(Cl)Cl,1,32.7
CCCC[Se]/C(=C(\B1OC(C)(C)C(C)(C)O1)c1ccccc1)c1ccc(OC)cc1,[2H]C(Cl)(Cl)Cl,1,31.2
CCCC[Se]/C(=C(\B1OC(C)(C)C(C)(C)O1)c1ccccc1)c1ccc(C)cc1,[2H]C(Cl)(Cl)Cl,1,29.8
CCCC[Se]/C(=C(\B1OC(C)(C)C(C)(C)O1)c1ccccc1)c1ccc(CC)cc1,[2H]C(Cl)(Cl)Cl,1,31.9
CCCC[Se]/C(=C(\B1OC(C)(C)C(C)(C)O1)c1ccccc1)c1ccccc1,[2H]C(Cl)(Cl)Cl,1,31.8
CCCC[Se]/C(=C(\B1OC(C)(C)C(C)(C)O1)c1ccccc1)c1ccc(OCC)cc1,[2H]C(Cl)(Cl)Cl,1,31.7
CCCC[Se]/C(=C(\B1OC(C)(C)C(C)(C)O1)c1ccccc1)c1ccc(Oc2ccccc2)cc1,[2H]C(Cl)(Cl)Cl,1,32
CCCC[Se]/C(=C(\B1OC(C)(C)C(C)(C)O1)c1ccccc1)c1ccc(SC)cc1,[2H]C(Cl)(Cl)Cl,1,31.6
CCCC[Se]/C(=C(\B1OC(C)(C)C(C)(C)O1)c1ccccc1)c1ccc(F)cc1,[2H]C(Cl)(Cl)Cl,1,31.7
CCCC[Se]/C(=C(\B1OC(C)(C)C(C)(C)O1)c1ccccc1)c1ccc(-c2ccc(CC)cc2)cc1,[2H]C(Cl)(Cl)Cl,1,31.1
CCCC[Se]/C(=C(\B1OC(C)(C)C(C)(C)O1)c1ccccc1)c1ccc([C@H]2CC[C@H](CCC)CC2)cc1,[2H]C(Cl)(Cl)Cl,1,32
CCCC[Se]/C(=C(\B1OC(C)(C)C(C)(C)O1)c1ccccc1)c1ccc2ccccc2c1,[2H]C(Cl)(Cl)Cl,1,31.9
CCCC[Se]/C(=C(\B1OC(C)(C)C(C)(C)O1)c1ccccc1)c1ccc2cc(OC)ccc2c1,[2H]C(Cl)(Cl)Cl,1,32.7
CCCC[Se]/C(=C(\B1OC(C)(C)C(C)(C)O1)c1ccccc1)c1ccc(OC)c(C)c1,[2H]C(Cl)(Cl)Cl,1,32.1
CCCC[Se]/C(=C(\B1OC(C)(C)C(C)(C)O1)c1ccccc1)c1cccc(C)c1,[2H]C(Cl)(Cl)Cl,1,31.9
CCCC[Se]/C(=C(\B1OC(C)(C)C(C)(C)O1)c1ccccc1)c1ccc(-n2c3ccccc3c3ccccc32)cc1,[2H]C(Cl)(Cl)Cl,1,31.9
CCCC[Se]/C(=C(\B1OC(C)(C)C(C)(C)O1)c1ccccc1)c1ccc2c(c1)OCC2,[2H]C(Cl)(Cl)Cl,1,31.8
CCCC[Se]/C(=C(\B1OC(C)(C)C(C)(C)O1)c1ccccc1)c1coc2ccccc12,[2H]C(Cl)(Cl)Cl,1,30.7
COC(=O)C[Se]/C(=C(\B1OC(C)(C)C(C)(C)O1)c1ccccc1)c1ccccc1,[2H]C(Cl)(Cl)Cl,1,31.4
COC(=O)C[Se]/C(=C(\B1OC(C)(C)C(C)(C)O1)c1ccccc1)c1ccc(C)cc1,[2H]C(Cl)(Cl)Cl,1,31.8
COC(=O)C[Se]/C(=C(\B1OC(C)(C)C(C)(C)O1)c1ccccc1)c1ccc(C(C)(C)C)cc1,[2H]C(Cl)(Cl)Cl,1,31.7
CCOc1ccc(/C([Se]CC(=O)OC)=C(/B2OC(C)(C)C(C)(C)O2)c2ccccc2)cc1,[2H]C(Cl)(Cl)Cl,1,32.1
COC(=O)C[Se]/C(CCc1ccccc1)=C(\B1OC(C)(C)C(C)(C)O1)c1ccccc1,[2H]C(Cl)(Cl)Cl,1,31.2
CCCCCC/C([Se]CC(=O)OC)=C(/B1OC(C)(C)C(C)(C)O1)c1ccccc1,[2H]C(Cl)(Cl)Cl,1,31
CCCC/C([Se]CCc1ccc(OC)cc1)=C(/B1OC(C)(C)C(C)(C)O1)c1ccccc1,[2H]C(Cl)(Cl)Cl,1,32.1
CCCC[Se]/C(=C(\B1OC(C)(C)C(C)(C)O1)c1ccc(C)cc1)c1ccc(OC)cc1,[2H]C(Cl)(Cl)Cl,1,32.4
CCCC[Se]/C(=C(\B1OC(C)(C)C(C)(C)O1)c1ccc(C(C)(C)C)cc1)c1ccc(OC)cc1,[2H]C(Cl)(Cl)Cl,1,32.5
CCCC[Se]/C(=C(\B1OC(C)(C)C(C)(C)O1)c1ccc(-c2ccccc2)cc1)c1ccc(OC)cc1,[2H]C(Cl)(Cl)Cl,1,31.4
CCCC[Se]/C(=C(\B1OC(C)(C)C(C)(C)O1)c1ccc(OC)cc1)c1ccc(OC)cc1,[2H]C(Cl)(Cl)Cl,1,33
CCCC[Se]/C(=C(\B1OC(C)(C)C(C)(C)O1)c1ccc(Oc2ccccc2)cc1)c1ccc(OC)cc1,[2H]C(Cl)(Cl)Cl,1,32.5
CCCC[Se]/C(=C(\B1OC(C)(C)C(C)(C)O1)c1ccc(Cl)cc1)c1ccc(OC)cc1,[2H]C(Cl)(Cl)Cl,1,31.9
CCCC[Se]/C(=C(\B1OC(C)(C)C(C)(C)O1)c1ccc(Br)cc1)c1ccc(OC)cc1,[2H]C(Cl)(Cl)Cl,1,31.6
CCCC[Se]/C(=C(\B1OC(C)(C)C(C)(C)O1)c1ccc(I)cc1)c1ccc(OC)cc1,[2H]C(Cl)(Cl)Cl,1,33.4
CCCC[Se]/C(=C(\B1OC(C)(C)C(C)(C)O1)c1ccc2ccccc2c1)c1ccc(OC)cc1,[2H]C(Cl)(Cl)Cl,1,31.3
CCCC[Se]/C(=C(\B1OC(C)(C)C(C)(C)O1)c1ccc(OCCCl)cc1)c1ccc(OC)cc1,[2H]C(Cl)(Cl)Cl,1,32.8
CCCC[Se]/C(=C(\B1OC(C)(C)C(C)(C)O1)c1cccs1)c1ccc(OC)cc1,[2H]C(Cl)(Cl)Cl,1,31.1
CCCC[Se]/C(=C(\B1OC(C)(C)C(C)(C)O1)c1ccc(C(=C(c2ccccc2)c2ccccc2)c2ccccc2)cc1)c1ccc(OC)cc1,[2H]C(Cl)(Cl)Cl,1,32.2
CCCC[Se]/C(=C(/C=C/c1ccccc1)B1OC(C)(C)C(C)(C)O1)c1ccc(OC)cc1,[2H]C(Cl)(Cl)Cl,1,32.5
CCCC[Se]/C(=C(/C=C/c1ccc(Cl)cc1)B1OC(C)(C)C(C)(C)O1)c1ccc(OC)cc1,[2H]C(Cl)(Cl)Cl,1,32.8
CCCC[Se]C(/C=C/c1ccc(Cl)cc1)=C(\B1OC(C)(C)C(C)(C)O1)c1ccccc1,[2H]C(Cl)(Cl)Cl,1,31.6
CCCC[Se]C(/C=C/c1ccccc1)=C(\B1OC(C)(C)C(C)(C)O1)c1ccccc1,[2H]C(Cl)(Cl)Cl,1,31.1
CCCC[Se]C(/C=C/c1ccc(OC)cc1)=C(\B1OC(C)(C)C(C)(C)O1)c1ccccc1,[2H]C(Cl)(Cl)Cl,1,29.3
CCCC[Se]C(/C=C/c1ccccc1)=C(\B1OC(C)(C)C(C)(C)O1)c1ccc(OC)cc1,[2H]C(Cl)(Cl)Cl,1,30.6
C[Se]C(/C=C/c1ccc(F)cc1)=C(\B1OC(C)(C)C(C)(C)O1)c1ccccc1,[2H]C(Cl)(Cl)Cl,1,28.2
C[Se]C(/C=C/c1ccccc1Cl)=C(\B1OC(C)(C)C(C)(C)O1)c1ccccc1,[2H]C(Cl)(Cl)Cl,1,31.2
CSc1ccc(/C=C/C([Se]C)=C(/B2OC(C)(C)C(C)(C)O2)c2ccccc2)cc1,[2H]C(Cl)(Cl)Cl,1,29.7
C[Se]C(/C=C/c1ccccc1C)=C(\B1OC(C)(C)C(C)(C)O1)c1ccccc1,[2H]C(Cl)(Cl)Cl,1,31.3
CCCC[Se]C(/C=C/c1cccc(C)c1)=C(\B1OC(C)(C)C(C)(C)O1)c1ccccc1,[2H]C(Cl)(Cl)Cl,1,31.9
C[Se]C(/C=C/c1ccc(C)cc1)=C(\B1OC(C)(C)C(C)(C)O1)c1ccccc1,[2H]C(Cl)(Cl)Cl,1,30.9
C[Se]C(/C=C/c1ccccc1F)=C(\B1OC(C)(C)C(C)(C)O1)c1ccccc1,[2H]C(Cl)(Cl)Cl,1,29.6
CCCCCC/C=C/C([Se]C)=C(/B1OC(C)(C)C(C)(C)O1)c1ccccc1,[2H]C(Cl)(Cl)Cl,1,30.9
CCCCC/C=C/C=C/C([Se]C)=C(/B1OC(C)(C)C(C)(C)O1)c1ccccc1,[2H]C(Cl)(Cl)Cl,1,31.4
CCCCCC(=C\c1ccccc1)/C([Se]CCCC)=C(/B1OC(C)(C)C(C)(C)O1)c1ccccc1,[2H]C(Cl)(Cl)Cl,1,31.5
C[Se]C(/C=C/C1=C(C)CCCC1(C)C)=C(\B1OC(C)(C)C(C)(C)O1)c1ccccc1,[2H]C(Cl)(Cl)Cl,1,30.7
COc1ccc2c(c1)CC[C@@H]1[C@@H]2CC[C@]2(C)C(/C([Se]C)=C(/B3OC(C)(C)C(C)(C)O3)c3ccccc3)=CC[C@@H]12,[2H]C(Cl)(Cl)Cl,1,30.5
C=C(C)[C@@H]1CC=C2C=C(/C([Se]C)=C(/B3OC(C)(C)C(C)(C)O3)c3ccccc3)C[C@@H](C)[C@]2(C)C1,[2H]C(Cl)(Cl)Cl,1,31.1
COc1ccc(/C(B2OC(C)(C)C(C)(C)O2)=C(/[Se]C)c2ccccc2)cc1,[2H]C(Cl)(Cl)Cl,1,31.7
C[Se]/C(=C(\B1OC(C)(C)C(C)(C)O1)c1ccccc1)c1ccc(-c2ccccc2)cc1,[2H]C(Cl)(Cl)Cl,1,32.5
C[Se]/C(=C(\B1OC(C)(C)C(C)(C)O1)c1ccc(-c2ccccc2)cc1)c1ccccc1,[2H]C(Cl)(Cl)Cl,1,32.6
COc1ccc(/C([Se]C)=C(/B2OC(C)(C)C(C)(C)O2)c2ccc(-c3ccccc3)cc2)cc1,[2H]C(Cl)(Cl)Cl,1,32.3
COc1ccc(/C(B2OC(C)(C)C(C)(C)O2)=C(/[Se]C)c2ccc(-c3ccccc3)cc2)cc1,[2H]C(Cl)(Cl)Cl,1,32.7
C[Se]/C(=C(\B1OC(C)(C)C(C)(C)O1)c1ccc(OCCCl)cc1)c1ccccc1,[2H]C(Cl)(Cl)Cl,1,32
C[Se]/C(=C(\B1OC(C)(C)C(C)(C)O1)c1ccc(OCCCl)cc1)c1ccc(C(C)C)cc1,[2H]C(Cl)(Cl)Cl,1,31.8
COc1ccc(/C([Se]C)=C(/B2OC(C)(C)C(C)(C)O2)c2ccc(OCCCl)cc2)cc1,[2H]C(Cl)(Cl)Cl,1,31.4
CC(C)CC(C)CCB1OC(C)(C)C(C)(C)O1,[2H]C(Cl)(Cl)Cl,1,33.7
CC(C)COCC(C)CB1OC(C)(C)C(C)(C)O1,[2H]C(Cl)(Cl)Cl,1,33.4
CC(C)OC(C)CB1OC(C)(C)C(C)(C)O1,[2H]c1c([2H])c([2H])c([2H])c([2H])c1[2H],1,33.1
CCCCOCCCCB1OC(C)(C)C(C)(C)O1,[2H]C(Cl)(Cl)Cl,1,33.5
CC1(C)OB(C2CCOC2)OC1(C)C,[2H]C(Cl)(Cl)Cl,1,33.3
CC1(C)OB(C2CCCOC2)OC1(C)C,[2H]C(Cl)(Cl)Cl,1,32.6
CC(C)CN(CC(C)C)CC(C)CB1OC(C)(C)C(C)(C)O1,[2H]c1c([2H])c([2H])c([2H])c([2H])c1[2H],1,33.8
CC(C)c1cc(C(C)C)cc(C(C)CB2OC(C)(C)C(C)(C)O2)c1,[2H]c1c([2H])c([2H])c([2H])c([2H])c1[2H],1,33.3
CC(C)CC(C)CB1OC(C)(C)C(C)(C)O1,[2H]C(Cl)(Cl)Cl,1,33.5
Oc1ccc(B2Nc3cccc4cccc(c34)N2)cc1,[2H]C(Cl)(Cl)Cl,1,30
CC1(C)OB(c2cc(C(F)(F)F)cc(C(F)(F)F)c2)OC1(C)C,[2H]C(Cl)(Cl)Cl,1,29.8
CC1(C)OB(COc2ccccc2)OC1(C)C,[2H]C(Cl)(Cl)Cl,1,30.44
CC1(C)OB(CC(O)COc2ccccc2)OC1(C)C,[2H]C(Cl)(Cl)Cl,1,33.28
CC1(C)COB(CC(O)COc2ccccc2)OC1,[2H]C(Cl)(Cl)Cl,1,29.74
COc1ccc(OCC(O)CB2OC(C)(C)C(C)(C)O2)cc1,[2H]C(Cl)(Cl)Cl,1,33.3
COc1cccc(OCC(O)CB2OC(C)(C)C(C)(C)O2)c1,[2H]C(Cl)(Cl)Cl,1,33.3
CC1(C)OB(CC(O)COc2ccccc2-c2ccccc2)OC1(C)C,[2H]C(Cl)(Cl)Cl,1,33.34
CC1(C)OB(CC(O)COc2cccc(C(F)(F)F)c2)OC1(C)C,[2H]C(Cl)(Cl)Cl,1,33.24
CC1(C)OB(CC(O)COc2ccc3ccccc3c2)OC1(C)C,[2H]C(Cl)(Cl)Cl,1,33.28
CC1(C)OB(CC(O)COCCc2cccs2)OC1(C)C,[2H]C(Cl)(Cl)Cl,1,33.21
CC1(C)OB(CC(O)COc2ccc(Cl)cc2)OC1(C)C,[2H]C(Cl)(Cl)Cl,1,33.25
CC1(C)OB(CC(O)COc2ccc(Br)cc2)OC1(C)C,[2H]C(Cl)(Cl)Cl,1,33.53
CC1(C)OB(CC(O)COc2ccccc2F)OC1(C)C,[2H]C(Cl)(Cl)Cl,1,33.22
CC1(C)OB(CC(O)COc2ccc(-c3ccccc3)cc2Cl)OC1(C)C,[2H]C(Cl)(Cl)Cl,1,33.68
COC(=O)c1ccc(OCC(O)CB2OC(C)(C)C(C)(C)O2)cc1,[2H]C(Cl)(Cl)Cl,1,33.4
CC(C)OC(=O)c1ccccc1OCC(O)CB1OC(C)(C)C(C)(C)O1,[2H]C(Cl)(Cl)Cl,1,33.23
CC(O)CCc1ccc(OCC(O)CB2OC(C)(C)C(C)(C)O2)cc1,[2H]C(Cl)(Cl)Cl,1,33.35
CC1(C)OB(CC(O)CCc2ccccc2)OC1(C)C,[2H]C(Cl)(Cl)Cl,1,33.6
COc1ccc(CC(O)CB2OC(C)(C)C(C)(C)O2)cc1,[2H]C(Cl)(Cl)Cl,1,33.55
CC1(C)COB(CC(O)CN(c2ccccc2)c2ccccc2)OC1,[2H]C(Cl)(Cl)Cl,1,29.66
CC1(C)OB(CC(O)COCc2ccccc2)OC1(C)C,[2H]C(Cl)(Cl)Cl,1,33.32
CC1(C)OB(C[C@H](O)COCc2ccccc2)OC1(C)C,[2H]C(Cl)(Cl)Cl,1,33.2
CN1CC(=O)OB(c2cc(C(=O)c3cccs3)c(N)s2)OC(=O)C1,[2H]C([2H])([2H])C#N,1,10.1
CN1CC(=O)OB(c2cc(S(=O)(=O)c3ccccc3)c(N)s2)OC(=O)C1,[2H]C([2H])([2H])S(=O)C([2H])([2H])[2H],1,9.97
CN1CC(=O)OB(c2cc(C(N)=O)c(Br)s2)OC(=O)C1,[2H]C([2H])([2H])C#N,1,9.7
C=C(C)CC(C)([C]OOC)C(B1OC(C)(C)C(C)(C)O1)c1ccccc1,[2H]C(Cl)(Cl)Cl,1,32.3
CC1(C)OB([C@@H]2[C@H](c3ccccc3)[C@@]2(C)c2ccccc2)OC1(C)C,[2H]C(Cl)(Cl)Cl,1,33
COc1ccc([C@H]2[C@@H](B3OC(C)(C)C(C)(C)O3)[C@]2(C)c2ccccc2)cc1,[2H]C(Cl)(Cl)Cl,1,33.8
CC1(C)OB([C@@H]2[C@H](c3ccc(N4CCOCC4)cc3)[C@@]2(C)c2ccccc2)OC1(C)C,[2H]C(Cl)(Cl)Cl,1,33.1
CC1(C)OB([C@@H]2[C@H](c3ccc(N4CCCC4)cc3)[C@@]2(C)c2ccccc2)OC1(C)C,[2H]C(Cl)(Cl)Cl,1,33.1
CC1(C)OB([C@@H]2[C@H](c3ccc(C(=O)c4ccccc4)cc3)[C@@]2(C)c2ccccc2)OC1(C)C,[2H]C(Cl)(Cl)Cl,1,32.6
CC1(C)OB([C@@H]2[C@H](c3ccc(F)cc3)[C@@]2(C)c2ccccc2)OC1(C)C,[2H]C(Cl)(Cl)Cl,1,32.4
CC1(C)OB([C@@H]2[C@H](c3ccc(Cl)cc3)[C@@]2(C)c2ccccc2)OC1(C)C,[2H]C(Cl)(Cl)Cl,1,32.7
Cc1ccccc1[C@H]1[C@@H](B2OC(C)(C)C(C)(C)O2)[C@]1(C)c1ccccc1,[2H]C(Cl)(Cl)Cl,1,33.6
COc1ccccc1[C@H]1[C@@H](B2OC(C)(C)C(C)(C)O2)[C@]1(C)c1ccccc1,[2H]C(Cl)(Cl)Cl,1,32.6
Cc1cc(C)c([C@H]2[C@@H](B3OC(C)(C)C(C)(C)O3)[C@]2(C)c2ccccc2)c(C)c1,[2H]C(Cl)(Cl)Cl,1,32
Cc1cccc([C@H]2[C@@H](B3OC(C)(C)C(C)(C)O3)[C@]2(C)c2ccccc2)c1,[2H]C(Cl)(Cl)Cl,1,32.9
COc1cccc([C@H]2[C@@H](B3OC(C)(C)C(C)(C)O3)[C@]2(C)c2ccccc2)c1,[2H]C(Cl)(Cl)Cl,1,32.7
CC1(C)OB([C@@H]2[C@H](c3cccc(Cl)c3)[C@@]2(C)c2ccccc2)OC1(C)C,[2H]C(Cl)(Cl)Cl,1,32.8
CC1(C)OB([C@@H]2[C@H](c3cccc4ccccc34)[C@@]2(C)c2ccccc2)OC1(C)C,[2H]C(Cl)(Cl)Cl,1,32.4
CC1(C)OB([C@@H]2[C@H](c3ccc4c(c3)OCO4)[C@@]2(C)c2ccccc2)OC1(C)C,[2H]C(Cl)(Cl)Cl,1,32.3
Cn1ccc2cc([C@H]3[C@@H](B4OC(C)(C)C(C)(C)O4)[C@]3(C)c3ccccc3)ccc21,[2H]C(Cl)(Cl)Cl,1,32.4
CC1(C)OB([C@@H]2[C@H](c3ccc4occc4c3)[C@@]2(C)c2ccccc2)OC1(C)C,[2H]C(Cl)(Cl)Cl,1,33.2
CC1(C)OB([C@@H]2[C@H](c3ccc4sccc4c3)[C@@]2(C)c2ccccc2)OC1(C)C,[2H]C(Cl)(Cl)Cl,1,33.6
CC1(C)OB([C@@H]2[C@H](c3ccc4c(c3)CCCO4)[C@@]2(C)c2ccccc2)OC1(C)C,[2H]C(Cl)(Cl)Cl,1,33.7
CC(C)(C)OC(=O)N1CCCc2cc([C@H]3[C@@H](B4OC(C)(C)C(C)(C)O4)[C@]3(C)c3ccccc3)ccc21,[2H]C(Cl)(Cl)Cl,1,32.7
Cc1ccc([C@@]2(C)[C@H](B3OC(C)(C)C(C)(C)O3)[C@@H]2c2ccccc2)cc1,[2H]C(Cl)(Cl)Cl,1,37.8
Cn1c([C@@H]2[C@@H](B3OC(C)(C)C(C)(C)O3)[C@]2(C)c2ccc(F)cc2)cc2ccccc21,[2H]C(Cl)(Cl)Cl,1,33.6
COc1ccc([C@@]2(C)[C@H](B3OC(C)(C)C(C)(C)O3)[C@@H]2c2ccccc2)cc1,[2H]C(Cl)(Cl)Cl,1,33.8
COc1cccc([C@@]2(C)[C@H](B3OC(C)(C)C(C)(C)O3)[C@@H]2c2ccc3c(ccn3C)c2)c1,[2H]C(Cl)(Cl)Cl,1,33.2
Cc1cccc([C@@]2(C)[C@H](B3OC(C)(C)C(C)(C)O3)[C@@H]2c2ccccc2C)c1,[2H]C(Cl)(Cl)Cl,1,33.5
Cc1ccccc1[C@H]1[C@@H](B2OC(C)(C)C(C)(C)O2)[C@]1(C)c1ccc(Cl)cc1,[2H]C(Cl)(Cl)Cl,1,33.8
CC(C)[C@]1(c2ccccc2)[C@H](B2OC(C)(C)C(C)(C)O2)[C@@H]1c1ccc2c(ccn2C)c1,[2H]C(Cl)(Cl)Cl,1,33.4
CC(C)(C)OC(=O)N1CCC2(CC1)[C@H](B1OC(C)(C)C(C)(C)O1)[C@@H]2c1ccccc1,[2H]C(Cl)(Cl)Cl,1,32.9
CC1(C)OB(C[C@@H]2[C@H](c3ccccc3)[C@@]2(C)c2ccccc2)OC1(C)C,[2H]C(Cl)(Cl)Cl,1,34.7
C[C@@]1(c2ccccc2)[C@@H](c2ccccc2)[C@H]1[B-](F)(F)F.[K+],[2H]C([2H])([2H])C(=O)C([2H])([2H])[2H],1,4.66
CC1(C)OB([C@@H]2[C@H](O)[C@@]2(C)c2ccccc2)OC1(C)C,[2H]C(Cl)(Cl)Cl,1,31.9
CC1(C)OB(C2CCCC2)OC1(C)C,[2H]C(Cl)(Cl)Cl,1,33.7
CC1(C)OB(C2CCC(Br)C2)OC1(C)C,[2H]C(Cl)(Cl)Cl,1,33.2
CC1(C)OB(C2CCC(Cl)C2)OC1(C)C,[2H]C(Cl)(Cl)Cl,1,33.3
CC(C)(CB1OC(C)(C)C(C)(C)O1)c1ccccc1,[2H]C(Cl)(Cl)Cl,1,32.1
Cc1ccc(C(C)(C)CB2OC(C)(C)C(C)(C)O2)cc1,[2H]C(Cl)(Cl)Cl,1,32.2
CC(C)(C)c1cc(Br)cc(C(C)(C)CB2OC(C)(C)C(C)(C)O2)c1,[2H]C(Cl)(Cl)Cl,1,32.1
CC1(C)OB(C[Si](C)(C)CCOC(=O)c2ccc(Cl)cc2)OC1(C)C,[2H]C(Cl)(Cl)Cl,1,32.5
CC[Si](CC)(CCB1OC(C)(C)C(C)(C)O1)c1ccccc1,[2H]C(Cl)(Cl)Cl,1,33.3
COC(=O)c1cc(B2OC(C)(C)C(C)(C)O2)c(N)cc1OC,[2H]C(Cl)(Cl)Cl,1,31.02
CN1CCCc2cc(B3OC(C)(C)C(C)(C)O3)ccc21,[2H]C(Cl)(Cl)Cl,1,31.12
CCC1(CC)OB(/C(=C/S(=O)(=O)F)CC2CCCCC2)OC1(CC)CC,[2H]C(Cl)(Cl)Cl,1,29.09
CCC1(CC)OB(/C(=C/S(=O)(=O)F)CCCCl)OC1(CC)CC,[2H]C(Cl)(Cl)Cl,1,28.87
CCC/C(=C\S(=O)(=O)F)B1OC(CC)(CC)C(CC)(CC)O1,[2H]C(Cl)(Cl)Cl,1,28.94
CCC1(CC)OB(/C(=C/S(=O)(=O)F)CCc2ccccc2)OC1(CC)CC,[2H]C(Cl)(Cl)Cl,1,28.27
CCCCCCCCCC/C(=C\S(=O)(=O)F)B1OC(CC)(CC)C(CC)(CC)O1,[2H]C(Cl)(Cl)Cl,1,29.41
CCC1(CC)OB(/C(=C/S(=O)(=O)F)CCCOC(=O)C2(F)CC2)OC1(CC)CC,[2H]C(Cl)(Cl)Cl,1,28.99
CCC1(CC)OB(/C(=C/S(=O)(=O)F)CCCOC(=O)C2CC(F)(F)C2)OC1(CC)CC,[2H]C(Cl)(Cl)Cl,1,29.01
CCC1(CC)OB(/C(=C/S(=O)(=O)F)CCCOC(=O)C2CCC2)OC1(CC)CC,[2H]C(Cl)(Cl)Cl,1,29.37
CCC1(CC)OB(/C(=C/S(=O)(=O)F)CCCOC(=O)C2CCCC2)OC1(CC)CC,[2H]C(Cl)(Cl)Cl,1,28.98
CCC1(CC)OB(/C(=C/S(=O)(=O)F)CCCOC(=O)[C@@H]2C[C@H]2c2ccccc2)OC1(CC)CC,[2H]C(Cl)(Cl)Cl,1,29.06
CCC1(CC)OB(/C(=C/S(=O)(=O)F)CCCOC(=O)C2CCC(C)CC2)OC1(CC)CC,[2H]C(Cl)(Cl)Cl,1,28.88
CCC1(CC)OB(/C(=C/S(=O)(=O)F)CCCOC(=O)C2(c3ccc4c(c3)OC(F)(F)O4)CC2)OC1(CC)CC,[2H]C(Cl)(Cl)Cl,1,29.3
CCC1(CC)OB(/C(=C/S(=O)(=O)F)c2ccccc2)OC1(CC)CC,[2H]C(Cl)(Cl)Cl,1,28.98
CCC1(CC)OB(/C(=C/S(=O)(=O)F)c2ccc(C(C)(C)C)cc2)OC1(CC)CC,[2H]C(Cl)(Cl)Cl,1,29.87
CCC1(CC)OB(/C(=C/S(=O)(=O)F)c2ccc(C)cc2)OC1(CC)CC,[2H]C(Cl)(Cl)Cl,1,29.18
CCC1(CC)OB(/C(=C/S(=O)(=O)F)c2ccc(-c3ccccc3)cc2)OC1(CC)CC,[2H]C(Cl)(Cl)Cl,1,29.23
CCCCCc1ccc(/C(=C\S(=O)(=O)F)B2OC(CC)(CC)C(CC)(CC)O2)cc1,[2H]C(Cl)(Cl)Cl,1,28.42
CCC1(CC)OB(/C(=C/S(=O)(=O)F)c2ccc(F)cc2)OC1(CC)CC,[2H]C(Cl)(Cl)Cl,1,29.33
CCC1(CC)OB(/C(=C/S(=O)(=O)F)c2ccc(Cl)cc2)OC1(CC)CC,[2H]C(Cl)(Cl)Cl,1,29.19
CCC1(CC)OB(/C(=C/S(=O)(=O)F)c2ccccc2C)OC1(CC)CC,[2H]C(Cl)(Cl)Cl,1,28.76
CCC1(CC)OB(/C(=C/S(=O)(=O)F)c2ccc(OC)cc2)OC1(CC)CC,[2H]C(Cl)(Cl)Cl,1,29.66
CCC1(CC)OB(/C(=C/S(=O)(=O)F)c2ccc(Oc3ccccc3)cc2)OC1(CC)CC,[2H]C(Cl)(Cl)Cl,1,29.21
CCC1(CC)OB(/C(=C/S(=O)(=O)F)c2ccc3ccccc3c2)OC1(CC)CC,[2H]C(Cl)(Cl)Cl,1,29.26
CCC1(CC)OB(/C(=C/S(=O)(=O)F)c2ccsc2)OC1(CC)CC,[2H]C(Cl)(Cl)Cl,1,29.09
CC1(C)OB(C(CCc2ccccc2)CS(=O)(=O)F)OC1(C)C,[2H]C(Cl)(Cl)Cl,1,33.53
Cc1cc(C)cc(CCC(CS(=O)(=O)F)B2OC(C)(C)C(C)(C)O2)c1,[2H]C(Cl)(Cl)Cl,1,33.79
CC1(C)OB(C(CCc2ccc(-c3ccccc3)cc2)CS(=O)(=O)F)OC1(C)C,[2H]C(Cl)(Cl)Cl,1,33.74
CC(C)(C)c1ccc(CCC(CS(=O)(=O)F)B2OC(C)(C)C(C)(C)O2)cc1,[2H]C(Cl)(Cl)Cl,1,33.68
CC1(C)OB(C(CS(=O)(=O)F)C2CCCCC2)OC1(C)C,[2H]C(Cl)(Cl)Cl,1,32.62
CCCCC(CS(=O)(=O)F)B1OC(C)(C)C(C)(C)O1,[2H]C(Cl)(Cl)Cl,1,33.33
CC1(C)OB(C(CCCCBr)CS(=O)(=O)F)OC1(C)C,[2H]C(Cl)(Cl)Cl,1,33.28
CC1(C)OB(C(Cc2ccccc2)CS(=O)(=O)F)OC1(C)C,[2H]C(Cl)(Cl)Cl,1,33.25
CCCCCCCCCCC(CS(=O)(=O)F)B1OC(C)(C)C(C)(C)O1,[2H]C(Cl)(Cl)Cl,1,33.5
CCCC[C@H]1CC[C@H]([C@H]2CC[C@@H]([C@@H](CS(=O)(=O)F)B3OC(C)(C)C(C)(C)O3)CC2)CC1,[2H]C(Cl)(Cl)Cl,1,32.83
Cc1ccc(C2CCC([C@H]3CC[C@@H]([C@@H](CS(=O)(=O)F)B4OC(C)(C)C(C)(C)O4)CC3)CC2)cc1,[2H]C(Cl)(Cl)Cl,1,33.2
CC1(C)OB(C(CCCOC(=O)c2ccccc2)CS(=O)(=O)F)OC1(C)C,[2H]C(Cl)(Cl)Cl,1,33.37
F[B-](F)(F)F.O=C(Cc1ccccc1)C([I+]c1ccccc1)=P(c1ccccc1)(c1ccccc1)c1ccccc1,[2H]C([2H])([2H])S(=O)C([2H])([2H])[2H],1,-1.25
F[B-](F)(F)F.O=C(CCc1ccccc1)C([I+]c1ccccc1)=P(c1ccccc1)(c1ccccc1)c1ccccc1,[2H]C([2H])([2H])S(=O)C([2H])([2H])[2H],1,-1.17
COC(=O)C([I+]c1ccccc1)=P(c1ccccc1)(c1ccccc1)c1ccccc1.F[B-](F)(F)F,[2H]C([2H])([2H])S(=O)C([2H])([2H])[2H],1,-1.13
CC(=O)C([I+]c1ccccc1)=P(c1ccccc1)(c1ccccc1)c1ccccc1.F[B-](F)(F)F,[2H]C([2H])([2H])S(=O)C([2H])([2H])[2H],1,-1.22
COc1ccc(P(=C([I+]c2ccccc2)C(C)=O)(c2ccc(OC)cc2)c2ccc(OC)cc2)cc1.F[B-](F)(F)F,[2H]C([2H])([2H])S(=O)C([2H])([2H])[2H],1,-1.18
CC(=O)C([I+]c1ccccc1)=P(c1ccc(C)cc1)(c1ccc(C)cc1)c1ccc(C)cc1.F[B-](F)(F)F,[2H]C([2H])([2H])S(=O)C([2H])([2H])[2H],1,-1.19
CC(=O)C([I+]c1ccccc1)=P(c1ccc(Cl)cc1)(c1ccc(Cl)cc1)c1ccc(Cl)cc1.F[B-](F)(F)F,[2H]C([2H])([2H])S(=O)C([2H])([2H])[2H],1,-1.23
CC(=O)C([I+]c1ccccc1)=P(c1ccccc1)(c1ccccc1)c1ccccn1.F[B-](F)(F)F,[2H]C([2H])([2H])S(=O)C([2H])([2H])[2H],1,-1.12
CC(=O)C([I+]c1ccc(C)cc1)=P(c1ccccc1)(c1ccccc1)c1ccccc1.F[B-](F)(F)F,[2H]C([2H])([2H])S(=O)C([2H])([2H])[2H],1,-1.26
COc1ccc([I+]C(C(C)=O)=P(c2ccccc2)(c2ccccc2)c2ccccc2)cc1.F[B-](F)(F)F,[2H]C([2H])([2H])S(=O)C([2H])([2H])[2H],1,-1.22
CC(=O)C([I+]c1ccc(Cl)cc1)=P(c1ccccc1)(c1ccccc1)c1ccccc1.F[B-](F)(F)F,[2H]C([2H])([2H])S(=O)C([2H])([2H])[2H],1,-1.22
CC(=O)C([I+]c1ccccc1Cl)=P(c1ccccc1)(c1ccccc1)c1ccccc1.F[B-](F)(F)F,[2H]C([2H])([2H])S(=O)C([2H])([2H])[2H],1,-1.19
CCCC(=O)C([I+]c1ccccc1)=P(c1ccccc1)(c1ccccc1)c1ccccc1.F[B-](F)(F)F,[2H]C([2H])([2H])S(=O)C([2H])([2H])[2H],1,-1.19
CC(C)C(=O)C([I+]c1ccccc1)=P(c1ccccc1)(c1ccccc1)c1ccccc1.F[B-](F)(F)F,[2H]C([2H])([2H])S(=O)C([2H])([2H])[2H],1,-1.22
F[B-](F)(F)F.O=C(C([I+]c1ccccc1)=P(c1ccccc1)(c1ccccc1)c1ccccc1)c1ccccc1,[2H]C([2H])([2H])S(=O)C([2H])([2H])[2H],1,-1.22
C=CC1CC(B2OC(C)(C)C(C)(C)O2)=CC1C(=O)OC,[2H]C(Cl)(Cl)Cl,1,29
C=CC1CC(B2OC(C)(C)C(C)(C)O2)=CC1C(=O)OC(C)(C)C,[2H]C(Cl)(Cl)Cl,1,29.1
C=CC1CC(B2OC(C)(C)C(C)(C)O2)=C[C@H]1C(=O)OCC(C)CC,[2H]C(Cl)(Cl)Cl,1,28.7
C=CC1CC(B2OC(C)(C)C(C)(C)O2)=CC1C(=O)O[C@@H]1C[C@H](C)CC[C@H]1C(C)C,[2H]C(Cl)(Cl)Cl,1,28.4
C=CC1CC(B2OC(C)(C)C(C)(C)O2)=CC1C(=O)Oc1ccc(OC)c(OC)c1,[2H]C(Cl)(Cl)Cl,1,28.7
C=CC1CC(B2OC(C)(C)C(C)(C)O2)=CC1(C(=O)OC)C(O)c1ccccc1,[2H]C(Cl)(Cl)Cl,1,29.9
C=CC1CC(B2OC(C)(C)C(C)(C)O2)=CC1(C(=O)OC)C(O)c1ccc(C)cc1,[2H]C(Cl)(Cl)Cl,1,28.2
C=CC1CC(B2OC(C)(C)C(C)(C)O2)=CC1(C(=O)OC)C(O)c1ccc(C)c(C)c1,[2H]C(Cl)(Cl)Cl,1,29
C=CC1CC(B2OC(C)(C)C(C)(C)O2)=CC1(C(=O)OC)C(O)c1ccc(CBr)cc1,[2H]C(Cl)(Cl)Cl,1,28.5
C=CC1CC(B2OC(C)(C)C(C)(C)O2)=CC1(C(=O)OC)C(O)c1ccc(OC)cc1,[2H]C(Cl)(Cl)Cl,1,29.1
C=CC1CC(B2OC(C)(C)C(C)(C)O2)=CC1(C(=O)OC)C(O)c1ccc(O)cc1,[2H]C(Cl)(Cl)Cl,1,28.2
C=CC1CC(B2OC(C)(C)C(C)(C)O2)=CC1(C(=O)OC)C(O)c1ccc(Cl)cc1,[2H]C(Cl)(Cl)Cl,1,28.9
C=CC1CC(B2OC(C)(C)C(C)(C)O2)=CC1(C(=O)[O-])C(O)c1ccc([N+](=O)[O-])cc1,[2H]C(Cl)(Cl)Cl,1,29.3
C=CC1CC(B2OC(C)(C)C(C)(C)O2)=CC1(C(=O)[O-])C(O)c1cc([N+](=O)[O-])ccc1Cl,[2H]C(Cl)(Cl)Cl,1,29.4
C=CC1CC(B2OC(C)(C)C(C)(C)O2)=CC1(C(=O)OC)C(O)c1ccc(C(C)=O)cc1,[2H]C(Cl)(Cl)Cl,1,28.3
C=CC1CC(B2OC(C)(C)C(C)(C)O2)=CC1(C(=O)OC)C(O)c1ccc(C(=O)OC)cc1,[2H]C(Cl)(Cl)Cl,1,29.1
C=CC1CC(B2OC(C)(C)C(C)(C)O2)=CC1(C(=O)OC)C(O)c1ccc(OC(C)=O)cc1,[2H]C(Cl)(Cl)Cl,1,29.2
C=CC1CC(B2OC(C)(C)C(C)(C)O2)=CC1(C(=O)OC)C(O)c1ccc(C#N)cc1,[2H]C(Cl)(Cl)Cl,1,29.4
C=CC1CC(B2OC(C)(C)C(C)(C)O2)=CC1(C(=O)OC)C(O)c1cccs1,[2H]C(Cl)(Cl)Cl,1,29.6
C=CC1CC(B2OC(C)(C)C(C)(C)O2)=CC1(C(=O)OC)C(O)c1ccoc1,[2H]C(Cl)(Cl)Cl,1,29.1
C=CC1CC(B2OC(C)(C)C(C)(C)O2)=CC1(C(=O)OC)C(O)/C=C/c1ccccc1,[2H]C(Cl)(Cl)Cl,1,28.62
C=CC1CC(B2OC(C)(C)C(C)(C)O2)=CC1(C(=O)OC)C(O)/C=C/c1ccc(OC)cc1,[2H]C(Cl)(Cl)Cl,1,28.4
C=CC1CC(B2OC(C)(C)C(C)(C)O2)=CC1(C(=O)OC)C(O)/C=C/CCC,[2H]C(Cl)(Cl)Cl,1,28.9
C=CC1CC(B2OC(C)(C)C(C)(C)O2)=CC1(C(=O)OC)C(O)C1CCCCC1,[2H]C(Cl)(Cl)Cl,1,29.2
C=CC1CC(B2OC(C)(C)C(C)(C)O2)=CC1(C(=O)OC)C(O)C1CCCC1,[2H]C(Cl)(Cl)Cl,1,29.5
C=CC1CC(B2OC(C)(C)C(C)(C)O2)=CC1(C(=O)OCc1ccccc1)C(O)c1ccccc1,[2H]C(Cl)(Cl)Cl,1,29.5
C=CC1CC(B2OC(C)(C)C(C)(C)O2)=CC1(C(=O)OCc1ccc(OC)cc1)C(O)c1ccccc1,[2H]C(Cl)(Cl)Cl,1,29.2
C=CC1CC(B2OC(C)(C)C(C)(C)O2)=CC1(C(=O)Oc1ccccc1)C(O)c1ccccc1,[2H]C(Cl)(Cl)Cl,1,28.7
C=CC1CC(B2OC(C)(C)C(C)(C)O2)=CC1(C(=O)O[C@@H]1C[C@H](C)CC[C@H]1C(C)C)C(O)c1ccccc1,[2H]C(Cl)(Cl)Cl,1,29.2
C=CC1CC(B2OC(C)(C)C(C)(C)O2)=CC1(c1ccccc1)C(O)c1ccccc1,[2H]C(Cl)(Cl)Cl,1,29.5
C=CC1CC(B2OC(C)(C)C(C)(C)O2)=CC1(c1ccc(Br)cc1)C(O)c1ccccc1,[2H]C(Cl)(Cl)Cl,1,29.9
C=CC1CC(B2OC(C)(C)C(C)(C)O2)=CC1(c1ccsc1)C(O)c1ccccc1,[2H]C(Cl)(Cl)Cl,1,29.9
C=CC1CC(B2OC(C)(C)C(C)(C)O2)=CC1(C(=O)Oc1ccc2c(c1)CC[C@@H]1[C@H]3CCC(=O)[C@]3(C)CC[C@@H]21)C(O)c1ccccc1,[2H]C(Cl)(Cl)Cl,1,29
C=CC1CC(B2OC(C)(C)C(C)(C)O2)=CC1(C(=O)OC1CCC2=CC[C@H]3[C@@H]4CC[C@H]([C@H](C)CCCC(C)C)[C@@]4(C)CC[C@@H]3[C@@]2(C)C1)C(O)c1ccccc1,[2H]C(Cl)(Cl)Cl,1,29.3
C=CC1CC(B2O[C@@H]3C[C@@H]4C[C@@H](C4(C)C)[C@]3(C)O2)=CC1(C(=O)OC)C(O)c1ccccc1,[2H]C(Cl)(Cl)Cl,1,29.7
C=CC1CC(B2OC(C)(C)C(C)(C)O2)=CC12C(=O)OC2c1ccccc1,[2H]C(Cl)(Cl)Cl,1,29.3
C=CC1CC(B2OC(C)(C)C(C)(C)O2)=CC12C(=O)OC2c1ccc([N+](=O)[O-])cc1,[2H]C(Cl)(Cl)Cl,1,30.2
C=CC1CC(B2OC(C)(C)C(C)(C)O2)=CC12C(=O)OC2c1ccc(Cl)cc1,[2H]C(Cl)(Cl)Cl,1,28.8
C=CC1CC(B2OC(C)(C)C(C)(C)O2)=CC12C(=O)OC2c1ccccc1Br,[2H]C(Cl)(Cl)Cl,1,29.1
C=CC1CC(B2OC(C)(C)C(C)(C)O2)=CC12C(=O)OC2c1ccc(C)cc1,[2H]C(Cl)(Cl)Cl,1,29
CC1(C)OB(C2=CC3(C(O)c4ccccc4)C(=O)OC(CI)C3C2)OC1(C)C,[2H]C(Cl)(Cl)Cl,1,27.1
CC1(C)OB(C2=CC3(C(O)c4ccc(Cl)cc4)C(=O)OC(CI)C3C2)OC1(C)C,[2H]C(Cl)(Cl)Cl,1,28.6
CC(=O)Oc1ccc(C(c2ccc(OC(C)=O)cc2)c2cccc([BH2-][N+](C)(C)C)n2)cc1,[2H]C(Cl)(Cl)Cl,1,-3.8
C[N+](C)(C)[BH2-]c1cc(C#N)ccc1C#N,[2H]C(Cl)(Cl)Cl,1,-3.3
C[N+](C)(C)[BH2-]c1cc(S(=O)(=O)c2ccccc2)ccc1C#N,[2H]C(Cl)(Cl)Cl,1,-3.4
Cc1cc([BH2-][N+](C)(C)C)nc2ccccc12,[2H]C(Cl)(Cl)Cl,1,-3.3
C[N+](C)(C)[BH2-]c1cc(-c2ccccc2)c2ccccc2n1,[2H]C(Cl)(Cl)Cl,1,-3.3
Cc1ccc(-c2cc([BH2-][N+](C)(C)C)nc3ccccc23)cc1,[2H]C(Cl)(Cl)Cl,1,-3.2
COc1ccc(-c2cc([BH2-][N+](C)(C)C)nc3ccccc23)cc1,[2H]C(Cl)(Cl)Cl,1,-3.2
C[N+](C)(C)[BH2-]c1cc(-c2ccc(OC(F)(F)F)cc2)c2ccccc2n1,[2H]C(Cl)(Cl)Cl,1,-3.5
C[N+](C)(C)[BH2-]c1cc(-c2ccc(F)cc2)c2ccccc2n1,[2H]C(Cl)(Cl)Cl,1,-3.4
C[N+](C)(C)[BH2-]c1cc(-c2cccc(C(F)(F)F)c2)c2ccccc2n1,[2H]C(Cl)(Cl)Cl,1,-3.5
C[N+](C)(C)[BH2-]c1cc(-c2cccc(C#N)c2)c2ccccc2n1,[2H]C(Cl)(Cl)Cl,1,-3.6
C[N+](C)(C)[BH2-]c1cc(-c2ccsc2)c2ccccc2n1,[2H]C(Cl)(Cl)Cl,1,-3.2
COc1cc([BH2-][N+](C)(C)C)nc2ccccc12,[2H]C(Cl)(Cl)Cl,1,-3.2
C[N+](C)(C)[BH2-]c1cc(O)c2ccccc2n1,[2H]C(Cl)(Cl)Cl,1,-2.8
C[N+](C)(C)[BH2-]c1cc(Cl)c2ccc(Cl)cc2n1,[2H]C(Cl)(Cl)Cl,1,-4.1
COc1cc2nc([BH2-][N+](C)(C)C)cc(Cl)c2cc1OC,[2H]C(Cl)(Cl)Cl,1,-3.1
C[N+](C)(C)[BH2-]c1ccc2ccccc2n1,[2H]C(Cl)(Cl)Cl,1,-3.4
Cc1cc2ccccc2c([BH2-][N+](C)(C)C)n1,[2H]C(Cl)(Cl)Cl,1,-5.4
COC(=O)c1cc2ccccc2c([BH2-][N+](C)(C)C)n1,[2H]C(Cl)(Cl)Cl,1,-5.6
COc1ccnc([BH2-][N+](C)(C)C)c1,[2H]C(Cl)(Cl)Cl,1,-5
Cc1ccnc([BH2-][N+](C)(C)C)c1,[2H]C(Cl)(Cl)Cl,1,-5.2
CCCCc1ccnc([BH2-][N+](C)(C)C)c1,[2H]C(Cl)(Cl)Cl,1,-2.5
C[N+](C)(C)[BH2-]c1cc(C(F)(F)F)ccn1,[2H]C(Cl)(Cl)Cl,1,-3.2
COC(=O)c1ccnc([BH2-][N+](C)(C)C)c1,[2H]C(Cl)(Cl)Cl,1,-3.2
C[N+](C)(C)[BH2-]c1cc(C#N)ccn1,[2H]C(Cl)(Cl)Cl,1,-3.5
C[N+](C)(C)[BH2-]c1ccccn1,[2H]C(Cl)(Cl)Cl,1,-2.6
C[N+]1=Cc2ccccc2B(O)O1.[Cl-],[2H]C([2H])([2H])C#N,1,4.5
CN1Cc2ccccc2[B-](OC(C(F)(F)F)C(F)(F)F)(OC(C(F)(F)F)C(F)(F)F)O1,[2H]C([2H])([2H])C#N,1,4.9
Cc1ccc(C(C)[B-](F)(F)F)cc1.[K+],[2H]C([2H])([2H])S(=O)C([2H])([2H])[2H],1,3.9
Cc1cccc(C(C)[B-](F)(F)F)c1.[K+],[2H]C([2H])([2H])S(=O)C([2H])([2H])[2H],1,4
Cc1ccccc1C(C)[B-](F)(F)F.[K+],[2H]C([2H])([2H])S(=O)C([2H])([2H])[2H],1,4
CC(c1ccc(F)cc1)[B-](F)(F)F.[K+],[2H]C([2H])([2H])S(=O)C([2H])([2H])[2H],1,3.9
CC(C)[C@@H]1CC[C@@H](C)C[C@H]1OC(=O)CCCCC(NC(=O)c1ccccc1)B1OC(C)(C)C(C)(C)O1,[2H]C(Cl)(Cl)Cl,1,17.2
CC1(C)OC[C@@H]([C@H](CC(C2CO[C@@H]3OCO[C@H]23)C(C)(C)C(=O)[O-])[C@@H](NC(=O)c2ccccc2)B2OC(C)(C)C(C)(C)O2)O1,[2H]C(Cl)(Cl)Cl,1,17.5
Cc1c(C)c2c(c(C)c1OC(=O)CCCC[C@H](NC(=O)c1ccccc1)B1OC(C)(C)C(C)(C)O1)CCC(C)(CCC[C@H](C)CCC[C@H](C)CCCC(C)C)O2,[2H]C(Cl)(Cl)Cl,1,17.1
CCCC/C=C\B1OC(C)(C)C(C)(C)O1,[2H]C(Cl)(Cl)Cl,1,18.3
CC(C)(C)OC(=O)C[C@H](C/C=C/B1OC(C)(C)C(C)(C)O1)O[Si](C)(C)C(C)(C)C,[2H]C(Cl)(Cl)Cl,1,29.9
CC(C)(C)OC(=O)C[C@H](CC[C@H](NC(=O)Cc1cccs1)B1OC(C)(C)C(C)(C)O1)O[Si](C)(C)C(C)(C)C,[2H]C(Cl)(Cl)Cl,1,21.8
[2H][C@H](CCCCCC)[C@@H](NC(=O)c1ccccc1)B1OC(C)(C)C(C)(C)O1,[2H]C(Cl)(Cl)Cl,1,18
COc1cc(B2OC(C)(C)CC(C)(C)O2)ccc1C=NO[Si](OC(CC(C)C)CC(C)C)(OC(CC(C)C)CC(C)C)OC(CC(C)C)CC(C)C,[2H]C(Cl)(Cl)Cl,1,26.2
CCOc1cc(B2OC(C)(C)CC(C)(C)O2)ccc1C=NO[Si](OC(CC(C)C)CC(C)C)(OC(CC(C)C)CC(C)C)OC(CC(C)C)CC(C)C,[2H]C(Cl)(Cl)Cl,1,26.3
COCCOc1cc(B2OC(C)(C)CC(C)(C)O2)ccc1C=NO[Si](OC(CC(C)C)CC(C)C)(OC(CC(C)C)CC(C)C)OC(CC(C)C)CC(C)C,[2H]C(Cl)(Cl)Cl,1,25.9
CC(C)CC(CC(C)C)O[Si](ON=Cc1ccc(B2OC(C)(C)CC(C)(C)O2)cc1OC(F)F)(OC(CC(C)C)CC(C)C)OC(CC(C)C)CC(C)C,[2H]C(Cl)(Cl)Cl,1,26.4
CC(C)CC(CC(C)C)O[Si](ON=Cc1ccc(B2OC(C)(C)CC(C)(C)O2)cc1OC(F)(F)F)(OC(CC(C)C)CC(C)C)OC(CC(C)C)CC(C)C,[2H]C(Cl)(Cl)Cl,1,25.5
CC(C)CC(CC(C)C)O[Si](ON=Cc1ccc(B2OC(C)(C)CC(C)(C)O2)cc1C(F)(F)F)(OC(CC(C)C)CC(C)C)OC(CC(C)C)CC(C)C,[2H]C(Cl)(Cl)Cl,1,25.5
CC(C)CC(CC(C)C)O[Si](ON=Cc1ccc(B2OC(C)(C)CC(C)(C)O2)cc1Cl)(OC(CC(C)C)CC(C)C)OC(CC(C)C)CC(C)C,[2H]C(Cl)(Cl)Cl,1,26.6
CC(C)CC(CC(C)C)O[Si](ON=Cc1ccc(B2OC(C)(C)CC(C)(C)O2)cc1Br)(OC(CC(C)C)CC(C)C)OC(CC(C)C)CC(C)C,[2H]C(Cl)(Cl)Cl,1,25.8
CC(C)CC(CC(C)C)O[Si](ON=Cc1ccc(B2OC(C)(C)CC(C)(C)O2)cc1N1CCCCC1)(OC(CC(C)C)CC(C)C)OC(CC(C)C)CC(C)C,[2H]C(Cl)(Cl)Cl,1,26
CC1(C)CC(C)(C)OB(c2ccc(C=NO)c(N3CCOCC3)c2)O1,[2H]C(Cl)(Cl)Cl,1,26
CC(C)CC(CC(C)C)O[Si](ON=Cc1cc(F)c(B2OC(C)(C)CC(C)(C)O2)cc1Br)(OC(CC(C)C)CC(C)C)OC(CC(C)C)CC(C)C,[2H]C(Cl)(Cl)Cl,1,25
Cc1cc(B2OC(C)(C)CC(C)(C)O2)c(F)cc1C=NO[Si](OC(CC(C)C)CC(C)C)(OC(CC(C)C)CC(C)C)OC(CC(C)C)CC(C)C,[2H]C(Cl)(Cl)Cl,1,26
CC(C)CC(CC(C)C)O[Si](ON=Cc1ccc(B2OC(C)(C)CC(C)(C)O2)c(F)c1F)(OC(CC(C)C)CC(C)C)OC(CC(C)C)CC(C)C,[2H]C(Cl)(Cl)Cl,1,25.7
COc1cc(B2OC(C)(C)CC(C)(C)O2)cc(F)c1C=NO[Si](OC(CC(C)C)CC(C)C)(OC(CC(C)C)CC(C)C)OC(CC(C)C)CC(C)C,[2H]C(Cl)(Cl)Cl,1,26
CC(C)CC(CC(C)C)Oc1c([SiH3])c(C2CC2)c(OC(CC(C)C)CC(C)C)c(B2OC(C)(C)CC(C)(C)O2)c1OC(CC(C)C)CC(C)C,[2H]C(Cl)(Cl)Cl,1,26.3
CC(C)CC(CC(C)C)O[Si](Cc1ccc(B2OC(C)(C)CC(C)(C)O2)cc1Cl)(OC(CC(C)C)CC(C)C)OC(CC(C)C)CC(C)C,[2H]C(Cl)(Cl)Cl,1,25.5
C[N+](C)(C)[BH2-]CC(=O)N(c1ccc(F)cc1)c1ccc(F)cc1,[2H]C(Cl)(Cl)Cl,1,-4.12
C[N+](C)(C)[BH2-]CC(=O)N(c1ccc(Cl)cc1)c1ccc(Cl)cc1,[2H]C(Cl)(Cl)Cl,1,-4.15
C[N+](C)(C)[BH2-]CC(=O)N(c1ccc(Br)cc1)c1ccc(Br)cc1,[2H]C(Cl)(Cl)Cl,1,-4.15
C[N+](C)(C)[BH2-]CC(=O)N1c2ccccc2C=Cc2ccccc21,[2H]C(Cl)(Cl)Cl,1,-4.2
C[N+](C)(C)[BH2-]CC(=O)N1c2ccccc2Sc2ccccc21,[2H]C(Cl)(Cl)Cl,1,-4.09
C[N+](C)(C)[BH2-]CC(=O)N1c2ccccc2Oc2ccccc21,[2H]C(Cl)(Cl)Cl,1,-4
C[N+](C)(C)[BH2-]CC(=O)Nc1ccccc1,[2H]C(Cl)(Cl)Cl,1,-3.69
C[N+](C)(C)[BH2-]CC(=O)Nc1ccccc1I,[2H]C(Cl)(Cl)Cl,1,-3.75
C=Cc1ccc(NC(=O)C[BH2-][N+](C)(C)C)cc1,[2H]C(Cl)(Cl)Cl,1,-3.75
C[N+](C)(C)[BH2-]CC(=O)Nc1ccccc1C#Cc1ccccc1,[2H]C(Cl)(Cl)Cl,1,-3.7
Cc1cc(NC(=O)C[BH2-][N+](C)(C)C)cc(C)c1C,[2H]C(Cl)(Cl)Cl,1,-3.59
C[N+](C)(C)[BH2-]CC(=O)Nc1ccsc1,[2H]C(Cl)(Cl)Cl,1,-3.69
C[N+](C)(C)[BH2-]CC(=O)Nc1cccc2c1oc1ccccc12,[2H]C(Cl)(Cl)Cl,1,-3.57
CN1CCOC(BCC(=O)N(c2ccccc2)c2ccccc2)C1,[2H]C(Cl)(Cl)Cl,1,-5.76
O=C(CBc1ccccn1)N(c1ccccc1)c1ccccc1,[2H]C(Cl)(Cl)Cl,1,-5.8
CC(=O)N(Bc1ccccn1)c1cc(C)c(C)c(C)c1,[2H]C(Cl)(Cl)Cl,1,-5.66
CC(=O)N(Bc1n(C)cc[n+]1C)c1cc(C)c(C)c(C)c1,[2H]C(Cl)(Cl)Cl,1,-27.79
C[N+](C)(C)[BH2-]CC(=O)Nc1ccc(O)cc1,[2H]C(Cl)(Cl)Cl,1,-3.6
C[N+](C)(C)[BH2-]CC(=O)N1CCN(C2=Nc3ccccc3Cc3ccc(Cl)cc32)CC1,[2H]C(Cl)(Cl)Cl,1,-4.49
CC1(C)OB(CCN(c2ccccc2)c2ccccc2)OC1(C)C,[2H]C(Cl)(Cl)Cl,1,33.5
Cc1c(C(=O)[O-])cccc1/C(=C/C(C)(C)C)B1C(Br)=Cc2ccccc2N1C1CCCC1,[2H]C(Cl)(Cl)Cl,1,35.5
CC(C)(C)/C=C(\B1C(Br)=Cc2ccccc2N1C1CCCC1)c1cccc(C(=O)[O-])c1[C@@H]1C[C@@H]2CC[C@@]1(C)C2(C)C,[2H]C(Cl)(Cl)Cl,1,37.2
Cc1ccc(C)c(OCCCC(C)(C)Cc2c(C(=O)[O-])cccc2/C(=C/C(C)(C)C)B2C(Br)=Cc3ccccc3N2C2CCCC2)c1,[2H]C(Cl)(Cl)Cl,1,37.57
C#CB1C(Br)=Cc2ccccc2N1C(C)C,[2H]C(Cl)(Cl)Cl,1,26.15
CCCC[Se]/C(=C(\B1OC(C)(C)C(C)(C)O1)c1ccc2ccccc2c1)c1ccc(OC)cc1,[2H]C([2H])(Cl)Cl,1,31.3
C[Se]/C(C1=CC[C@@]2(C)C(CCC3C2CC[C@@]2(C)C3CC[C@@H]2[C@H](C)CCCC(C)C)C1)=C(\B1OC(C)(C)C(C)(C)O1)c1ccccc1,[2H]C(Cl)(Cl)Cl,1,31.1
CC(C)[C@H](CCCCc1ccccc1)B1OC(C)(C)C(C)(C)O1,[2H]C(Cl)(Cl)Cl,1,34.97
CC(C)(C)OC(=O)N1CCC(C(CCCCc2ccccc2)B2OC(C)(C)C(C)(C)O2)CC1,[2H]C(Cl)(Cl)Cl,1,36.14
COc1ccc(CCC[C@H](CCCCCCl)B2OC(C)(C)C(C)(C)O2)cc1,[2H]C(Cl)(Cl)Cl,1,33.73
COC(=O)CCCCC(CCCc1ccc(OC)cc1)B1OC(C)(C)C(C)(C)O1,[2H]C(Cl)(Cl)Cl,1,36.32
COc1ccc(CCC[C@H](CCCCCOc2ccccc2)B2OC(C)(C)C(C)(C)O2)cc1,[2H]C(Cl)(Cl)Cl,1,35.5
CC1(C)OB([C@@H](CCCCCOC(=O)c2ccccc2)C2CCOCC2)OC1(C)C,[2H]C(Cl)(Cl)Cl,1,34.35
COc1ccc(CCC[C@@H](B2OC(C)(C)C(C)(C)O2)C(C)C)cc1,[2H]C(Cl)(Cl)Cl,1,34.85
CC(C)(C)c1ccc(C23CC(CB4OC(C)(C)C(C)(C)O4)(C2)C3)cc1,[2H]C(Cl)(Cl)Cl,1,32.9
C[N+](C)(C)[BH2-]c1cc(Cl)c2ccccc2n1,[2H]C(Cl)(Cl)Cl,1,-3.7
C[N+](C)(C)[BH2-]c1cc(O)c2ccc(Cl)cc2n1,[2H]C(Cl)(Cl)Cl,1,-3
Cc1cc([BH2-][N+](C)(C)C)c2ccccc2n1,[2H]C(Cl)(Cl)Cl,1,-4.3
C[N+](C)(C)[BH2-]c1nc2ccccc2c2ccccc12,[2H]C(Cl)(Cl)Cl,1,-5.4
C[N+](C)(C)[BH2-]c1nccc2ccccc12,[2H]C(Cl)(Cl)Cl,1,-5.3
C[N+](C)(C)[BH2-]c1ncc(CN)c2ccccc12,[2H]C(Cl)(Cl)Cl,1,-6.1
C[N+](C)(C)[BH2-]c1nncc2ccccc12,[2H]C(Cl)(Cl)Cl,1,-6
C[N+](C)(C)[BH2-]c1nc(O)c2ccccc2n1,[2H]C(Cl)(Cl)Cl,1,-6.8
C[N+](C)(C)[BH2-]c1nc(O)c2c(F)cccc2n1,[2H]C(Cl)(Cl)Cl,1,-7.2
C[N+](C)(C)[BH2-]c1nc(O)c2cc(Cl)ccc2n1,[2H]C(Cl)(Cl)Cl,1,-7
C[N+](C)(C)[BH2-]c1cc(-c2ccccc2)ccn1,[2H]C(Cl)(Cl)Cl,1,-2.6
CCOC(=O)c1c(C)cc([BH2-][N+](C)(C)C)nc1C,[2H]C(Cl)(Cl)Cl,1,-3.6
Cc1cc([BH2-][N+](C)(C)C)cc(C)n1,[2H]OC([2H])([2H])[2H],1,-2
Cc1nccc([BH2-][N+](C)(C)C)c1C#N,[2H]C(Cl)(Cl)Cl,1,-3.9
C[N+](C)(C)[BH2-]c1cc(-c2ccccc2)nnc1Cl,[2H]C(Cl)(Cl)Cl,1,-3.6
C[N+](C)(C)[BH2-]c1cc(-n2cccn2)nnc1Cl,[2H]C(Cl)(Cl)Cl,1,-3.9
C[N+](C)(C)[BH2-]c1c(Cl)cnnc1Cl,[2H]C(Cl)(Cl)Cl,1,-6.2
C[N+](C)(C)[BH2-]c1c(N)cnnc1Cl,[2H]C(Cl)(Cl)Cl,1,-7.7
COc1cc([BH2-][N+](C)(C)C)c(Cl)nn1,[2H]C(Cl)(Cl)Cl,1,-7
C[N+](C)(C)[BH2-]c1c(Cl)nnc(Cl)c1Cl,[2H]C(Cl)(Cl)Cl,1,-5.6
Cc1c(Cl)nnc(Cl)c1[BH2-][N+](C)(C)C,[2H]C(Cl)(Cl)Cl,1,-6.4
COC(=O)c1nnc(Cl)c([BH2-][N+](C)(C)C)c1Cl,[2H]C(Cl)(Cl)Cl,1,-6.2
C[N+](C)(C)[BH2-]c1cc(-c2ccccc2)nc(N)n1,[2H]C(Cl)(Cl)Cl,1,-3.9
Cc1cc(C)nc([BH2-][N+](C)(C)C)n1,[2H]C(Cl)(Cl)Cl,1,-4.5
Cc1n[nH]c2nc(Cl)cc([BH2-][N+](C)(C)C)c12,[2H]C(Cl)(Cl)Cl,1,-4.7
C[N+](C)(C)[BH2-]c1ccc2cn[nH]c2n1,[2H]C(Cl)(Cl)Cl,1,-2.47
C[N+](C)(C)[BH2-]c1ccnc2[nH]ncc12,[2H]C(Cl)(Cl)Cl,1,-4
C[N+](C)(C)[BH2-]c1cc(Cl)nn2ccnc12,[2H]C(Cl)(Cl)Cl,1,-4.3
C[N+](C)(C)[BH2-]c1nc(Cl)c2sccc2n1,[2H]C([2H])([2H])S(=O)C([2H])([2H])[2H],1,-7
CCOC(=O)c1ccc2sc([BH2-][N+](C)(C)C)nc2c1,[2H]C(Cl)(Cl)Cl,1,-6.1
C[N+](C)(C)[BH2-]c1cc(Oc2ccc(F)cc2)c2c(Cl)cc(Cl)cc2n1,[2H]C(Cl)(Cl)Cl,1,-4.4
C=C[C@H]1C[N@@]2CC[C@H]1C[C@@H]2[C@H](O)c1cc([BH2-][N+](C)(C)C)nc2ccccc12,[2H]C(Cl)(Cl)Cl,1,-3.8
C[N+](C)(C)[BH2-]c1nccc2c(S(=O)(=O)N3CCCN(C(=O)c4ccccc4)CC3)cccc12,[2H]C(Cl)(Cl)Cl,1,-5.5
C[C@@H](c1ncnc([BH2-][N+](C)(C)C)c1F)[C@](O)(Cn1cncn1)c1ccc(F)cc1F,[2H]C(Cl)(Cl)Cl,1,-7.6
CC(=O)OCC(CCn1cnc2c([BH2-][N+](C)(C)C)nc(N)nc21)COC(C)=O,[2H]C(Cl)(Cl)Cl,1,-6.4
Cc1ccc([B-]2(c3ccc(C)cc3)c3ccccc3Nc3cccc[n+]32)cc1,[2H]C([2H])([2H])C(=O)C([2H])([2H])[2H],1,-1.23
CC(C)c1ccc([B-]2(c3ccc(C(C)C)cc3)c3ccccc3Nc3cccc[n+]32)cc1,[2H]C([2H])([2H])C(=O)C([2H])([2H])[2H],1,-1.18
Fc1ccc([B-]2(c3ccc(F)cc3)c3ccccc3Nc3cccc[n+]32)cc1,[2H]C([2H])([2H])C(=O)C([2H])([2H])[2H],1,-1.67
Clc1ccc([B-]2(c3ccc(Cl)cc3)c3ccccc3Nc3cccc[n+]32)cc1,[2H]C([2H])([2H])C(=O)C([2H])([2H])[2H],1,-1.74
c1ccc2c(c1)Nc1cccc[n+]1[B-]2(c1ccc2ccccc2c1)c1ccc2ccccc2c1,[2H]C([2H])([2H])C(=O)C([2H])([2H])[2H],1,-1.03
c1ccc2c(c1)Nc1cccc[n+]1[B-]2(c1ccsc1)c1ccsc1,[2H]C([2H])([2H])C(=O)C([2H])([2H])[2H],1,-4.24
c1csc([B-]2(c3cccs3)c3ccccc3Nc3cccc[n+]32)c1,[2H]C([2H])([2H])C(=O)C([2H])([2H])[2H],1,-4.61
COc1ccc([B-]2(c3cc(C(F)(F)F)cc(C(F)(F)F)c3)c3ccccc3Nc3cccc[n+]32)cc1,[2H]C([2H])([2H])C(=O)C([2H])([2H])[2H],1,-1.66
FC(F)(F)c1ccc([B-]2(/C=C/c3ccccc3)c3ccccc3Nc3cccc[n+]32)cc1,[2H]C([2H])([2H])C(=O)C([2H])([2H])[2H],1,-3.23
CCCC[Se]/C=C(\CCCC)B1OC(C)(C)C(C)(C)O1,[2H]C(Cl)(Cl)Cl,1,29
CC=C(C)CC(C)(CB1OC(C)C(C)O1)c1ccc2ccccc2c1,[2H]C(Cl)(Cl)Cl,1,33.17
CC(=O)/C=C\c1cccc(B2OC(C)(C)C(C)(C)O2)c1,[2H]C(Cl)(Cl)Cl,1,30.6
Cn1c(=O)c([BH2-][N+](C)(C)C)nc2ccccc21,[2H]C(Cl)(Cl)Cl,1,-6
C#CCn1c(=O)c([BH2-][N+](C)(C)C)nc2ccccc21,[2H]C(Cl)(Cl)Cl,1,-6.1
CCOC(=O)Cn1c(=O)c([BH2-][N+](C)(C)C)nc2ccccc21,[2H]C(Cl)(Cl)Cl,1,-6
C[N+](C)(C)[BH2-]c1nc2ccccc2n(CC2CC2)c1=O,[2H]C(Cl)(Cl)Cl,1,-6
C[N+](C)(C)[BH2-]c1nc2ccccc2n(-c2ccccc2)c1=O,[2H]C(Cl)(Cl)Cl,1,-5.7
Cn1c(=O)c([BH2-][N+](C)(C)C)nc2cc(Cl)ccc21,[2H]C(Cl)(Cl)Cl,1,-6.1
Cc1cc2nc([BH2-][N+](C)(C)C)c(=O)n(C)c2cc1C,[2H]C(Cl)(Cl)Cl,1,-6
C[N+](C)(C)[BH2-]c1nc2ccccc2[nH]c1=O,[2H]C(Cl)(Cl)Cl,1,-6
C[N+](C)(C)[BH2-]c1cc(=O)c2ccccc2o1,[2H]C(Cl)(Cl)Cl,1,-4.6
C[N+](C)(C)[BH2-]c1cc(=O)c2cc(Cl)ccc2o1,[2H]C(Cl)(Cl)Cl,1,-4.8
C[N+](C)(C)[BH2-]c1cc(=O)c2ccc3ccccc3c2o1,[2H]C(Cl)(Cl)Cl,1,-4.5
Cn1c([BH2-][N+](C)(C)C)nc2ccccc2c1=O,[2H]C(Cl)(Cl)Cl,1,-8.1
C[N+](C)(C)[BH2-]c1nc2ccccc2c(=O)n1CCO,[2H]C(Cl)(Cl)Cl,1,-8.2
C[N+](C)(C)[BH2-]c1nc2ccccc2c(=O)n1C1CC1,[2H]C(Cl)(Cl)Cl,1,-7.4
C[N+](C)(C)[BH2-]c1nc2ccccc2c(=O)n1Cc1ccc(Cl)cc1,[2H]C(Cl)(Cl)Cl,1,-7.9
Cc1cccc(-n2c([BH2-][N+](C)(C)C)nc3ccccc3c2=O)c1,[2H]C(Cl)(Cl)Cl,1,-7.9
C[N+](C)(C)[BH2-]c1nc2ccccc2c(=O)n1CCC1=CCCCC1,[2H]C(Cl)(Cl)Cl,1,-7.8
Cn1c(=O)nc([BH2-][N+](C)(C)C)n(Cc2ccccc2)c1=O,[2H]C(Cl)(Cl)Cl,1,-6.9
CCOC(=O)Cn1c(=O)nc([BH2-][N+](C)(C)C)n(Cc2ccccc2)c1=O,[2H]C(Cl)(Cl)Cl,1,-6.8
C=CCn1c(=O)nc([BH2-][N+](C)(C)C)n(Cc2ccccc2)c1=O,[2H]C(Cl)(Cl)Cl,1,-6.9
C#CCn1c([BH2-][N+](C)(C)C)nc(=O)n(CC#C)c1=O,[2H]C(Cl)(Cl)Cl,1,-6.9
C=CCn1c([BH2-][N+](C)(C)C)nc(=O)n(CC=C)c1=O,[2H]C(Cl)(Cl)Cl,1,-6.9
C[N+](C)(C)[BH2-]c1nc(=O)n(CC(=O)c2ccccc2)c(=O)n1Cc1ccccc1,[2H]C(Cl)(Cl)Cl,1,-6.7
C=CCCCn1c(=O)nc([BH2-][N+](C)(C)C)n(Cc2ccccc2)c1=O,[2H]C(Cl)(Cl)Cl,1,-6.7
C[N+](C)(C)[BH2-]c1nc2ccccc2nc1Cl,[2H]C(Cl)(Cl)Cl,1,-5.8
CC(C)Oc1nc2ccc(F)cc2nc1[BH2-][N+](C)(C)C,[2H]C(Cl)(Cl)Cl,1,-6
Cc1cc2nc([BH2-][N+](C)(C)C)c(OC(C)C)nc2cc1C,[2H]C(Cl)(Cl)Cl,1,-5.8
CC(C)Oc1nc2cc3ccccc3cc2nc1[BH2-][N+](C)(C)C,[2H]C(Cl)(Cl)Cl,1,-6
CC(C)c1nc(CN(C)C(=O)N[C@H](C(=O)OCCn2c(=O)c([BH2-][N+](C)(C)C)nc3ccccc32)C(C)C)cs1,[2H]C(Cl)(Cl)Cl,1,-5.7
CC(C)Cc1ccc([C@H](C)C(=O)OCCn2c(=O)c([BH2-][N+](C)(C)C)nc3ccccc32)cc1,[2H]C(Cl)(Cl)Cl,1,-6
C[N+](C)(C)[BH2-]c1nc2ccccc2n(CCOC(=O)Cc2ccc3c(c2)C(=O)c2ccccc2CO3)c1=O,[2H]C(Cl)(Cl)Cl,1,-6.1
C[N+](C)(C)[BH2-]c1nc2ccccc2n(CCOC(=O)CCc2nc(-c3ccccc3)c(-c3ccccc3)o2)c1=O,[2H]C(Cl)(Cl)Cl,1,-6.3
COc1ccc2cc([C@H](C)C(=O)OCCn3c(=O)c([BH2-][N+](C)(C)C)nc4ccccc43)ccc2c1,[2H]C(Cl)(Cl)Cl,1,-6.3
COC(=O)c1ccccc1-c1nnc(-c2ccc(Cn3c(=O)c([BH2-][N+](C)(C)C)nc4ccccc43)cc2)o1,[2H]C(Cl)(Cl)Cl,1,-6.1
Cn1c(=O)c([BH2-][N+](C)(C)C)nn([C@@H]2O[C@H](COCc3ccccc3)[C@@H](OCc3ccccc3)[C@H]2OCc2ccccc2)c1=O,[2H]C(Cl)(Cl)Cl,1,-7.2
C[N+](C)(C)[BH2-]c1nn([C@@H]2O[C@H](COCc3ccccc3)[C@@H](OCc3ccccc3)[C@H]2OCc2ccccc2)c(=O)n(Cc2ccccc2)c1=O,[2H]C(Cl)(Cl)Cl,1,-7
CC[N+]([BH2-]c1nc2ccccc2n(C)c1=O)(CC)CC,[2H]C(Cl)(Cl)Cl,1,-11.2
CC[N+](C)([BH2-]c1nc2ccccc2n(C)c1=O)CC,[2H]C(Cl)(Cl)Cl,1,-8.9
Cn1c(=O)c([BH2-][N+]23CCC(CC2)CC3)nc2ccccc21,[2H]C(Cl)(Cl)Cl,1,-7.4
Cn1c(=O)c([BH2-][N+]2(C)CCCCC2)nc2ccccc21,[2H]C(Cl)(Cl)Cl,1,-7
CC[N+]1([BH2-]c2nc3ccccc3n(C)c2=O)CCCCC1,[2H]C(Cl)(Cl)Cl,1,-9.6
COC(C[N+](C)(C)[BH2-]c1nc2ccccc2n(C)c1=O)OC,[2H]C(Cl)(Cl)Cl,1,-7.2
C[C@@H]1C(=O)C[C@@]1(B1OC(C)(C)C(C)(C)O1)c1ccccc1,[2H]C(Cl)(Cl)Cl,1,33.2
Cc1ccc([C@]2(B3OC(C)(C)C(C)(C)O3)CC(=O)[C@H]2C)cc1,[2H]C(Cl)(Cl)Cl,1,33.1
Cc1ccc([C@]2(B3OC(C)(C)C(C)(C)O3)C[C@@H](O)[C@H]2C)cc1,[2H]C(Cl)(Cl)Cl,1,33.9
Cc1cccc([C@]2(B3OC(C)(C)C(C)(C)O3)CC(=O)[C@H]2C)c1,[2H]C(Cl)(Cl)Cl,1,33
Cc1ccccc1[C@]1(B2OC(C)(C)C(C)(C)O2)CC(=O)[C@H]1C,[2H]C(Cl)(Cl)Cl,1,33.6
C[C@@H]1C(=O)C[C@@]1(B1OC(C)(C)C(C)(C)O1)c1ccc(-c2ccccc2)cc1,[2H]C(Cl)(Cl)Cl,1,33.2
C[C@@H]1C(=O)C[C@@]1(B1OC(C)(C)C(C)(C)O1)c1ccc(C(C)(C)C)cc1,[2H]C(Cl)(Cl)Cl,1,32.9
C[C@@H]1C(=O)C[C@@]1(B1OC(C)(C)C(C)(C)O1)c1ccc(Cl)cc1,[2H]C(Cl)(Cl)Cl,1,33.2
C[C@@H]1C(=O)C[C@@]1(B1OC(C)(C)C(C)(C)O1)c1ccc(Br)cc1,[2H]C(Cl)(Cl)Cl,1,33
COC(=O)c1ccc([C@]2(B3OC(C)(C)C(C)(C)O3)CC(=O)[C@H]2C)cc1,[2H]C(Cl)(Cl)Cl,1,32.9
C[C@@H]1C(=O)C[C@@]1(B1OC(C)(C)C(C)(C)O1)c1ccc(C(F)(F)F)cc1,[2H]C(Cl)(Cl)Cl,1,33
C[C@@H]1C(=O)C[C@@]1(B1OC(C)(C)C(C)(C)O1)c1ccccc1F,[2H]C(Cl)(Cl)Cl,1,33.2
C[C@@H]1C(=O)C[C@@]1(B1OC(C)(C)C(C)(C)O1)c1cccc(Br)c1,[2H]C(Cl)(Cl)Cl,1,33
COc1cccc([C@]2(B3OC(C)(C)C(C)(C)O3)CC(=O)[C@H]2C)c1,[2H]C(Cl)(Cl)Cl,1,32
C[C@@H]1C(=O)C[C@@]1(B1OC(C)(C)C(C)(C)O1)c1ccc2ccccc2c1,[2H]C(Cl)(Cl)Cl,1,33.1
CC[C@@H]1C(=O)C[C@@]1(B1OC(C)(C)C(C)(C)O1)c1ccccc1,[2H]C(Cl)(Cl)Cl,1,33.1
CC1(C)OB([C@@]2(c3ccccc3)CC(=O)[C@H]2Cc2ccccc2)OC1(C)C,[2H]C(Cl)(Cl)Cl,1,33.4
CC1(C)OB([C@@]2(CCCc3ccccc3)CC(=O)[C@H]2CCCc2ccccc2)OC1(C)C,[2H]C(Cl)(Cl)Cl,1,34.3
CC1C(O)CC1(B1OC(C)(C)C(C)(C)O1)c1ccccc1,[2H]C(Cl)(Cl)Cl,1,33.4
C[C@@H]1[C@H](OC(=O)c2ccc(Br)cc2)C[C@@]1(B1OC(C)(C)C(C)(C)O1)c1ccccc1,[2H]C(Cl)(Cl)Cl,1,32.9
CC1C(=O)CC1(c1ccccc1)[B-](F)(F)F,[2H]C([2H])([2H])C#N,1,4
CC1C2(CC1(B1OC(C)(C)C(C)(C)O1)c1ccccc1)OCCO2,[2H]C(Cl)(Cl)Cl,1,33
Cc1cccc(C)c1/C=C(/B1OC(C)(C)C(C)(C)O1)N1CCOC1=O,[2H]C(Cl)(Cl)Cl,1,29.44
CC1(C)OB(/C(=C/c2ccccc2)N(Cc2ccccc2)S(C)(=O)=O)OC1(C)C,[2H]C(Cl)(Cl)Cl,1,29.76
C/C(=C\c1ccccc1)C(O)/C(=C/c1ccccc1)B1OC(C)(C)C(C)(C)O1,[2H]C(Cl)(Cl)Cl,1,30.5
CCC1OC1(C)C(O)C1(B2OC(C)(C)C(C)(C)O2)OC1C(C)(C)C,[2H]C(Cl)(Cl)Cl,1,30
CC(C)[C@@H]1CC[C@@H](C)C[C@H]1OCc1ccc(C(CB2OC(C)(C)C(C)(C)O2)c2c(F)c(F)c(C#N)c(F)c2F)cc1,[2H]C(Cl)(Cl)Cl,1,33.4
F[B-]1(c2ccccc2)n2c(Nc3ccc(N(c4ccccc4)c4ccccc4)cc3)ccc2C(c2ccccc2)=C2C=CC(Cl)=[N+]21,[2H]C(Cl)(Cl)Cl,1,3.82
F[B-]1(c2ccccc2)n2c(Nc3ccc(C(F)(F)F)cc3)ccc2C(c2ccccc2)=C2C=CC(Cl)=[N+]21,[2H]C(Cl)(Cl)Cl,1,3.15
F[B-]1(c2ccccc2)n2c(Nc3ccc(Br)cc3)ccc2C(c2ccccc2)=C2C=CC(Cl)=[N+]21,[2H]C(Cl)(Cl)Cl,1,3.29
CCOC(=O)c1ccc(Nc2ccc3n2[B-](F)(c2ccccc2)[N+]2=C(Cl)C=CC2=C3c2ccccc2)cc1,[2H]C(Cl)(Cl)Cl,1,3.87
C#Cc1ccc(Nc2ccc3n2[B-](F)(c2ccccc2)[N+]2=C(Cl)C=CC2=C3c2ccccc2)cc1,[2H]C(Cl)(Cl)Cl,1,3.97
OCc1ccc(Nc2ccc3n2[B-](F)(c2ccccc2)[N+]2=C(Cl)C=CC2=C3c2ccccc2)cc1,[2H]C(Cl)(Cl)Cl,1,3.97
COc1ccccc1Nc1ccc2n1[B-](F)(c1ccccc1)[N+]1=C(Cl)C=CC1=C2c1ccccc1,[2H]C(Cl)(Cl)Cl,1,3.45
N#Cc1ccccc1Nc1ccc2n1[B-](F)(c1ccccc1)[N+]1=C(Cl)C=CC1=C2c1ccccc1,[2H]C(Cl)(Cl)Cl,1,3.89
Cc1cccc(Nc2ccc3n2[B-](F)(c2ccccc2)[N+]2=C(Cl)C=CC2=C3c2ccccc2)c1,[2H]C(Cl)(Cl)Cl,1,3.15
F[B-]1(c2ccccc2)n2c(Nc3cccc(Br)c3)ccc2C(c2ccccc2)=C2C=CC(Cl)=[N+]21,[2H]C(Cl)(Cl)Cl,1,3.31
F[B-]1(c2ccccc2)n2c(Nc3cccc(Cl)c3Cl)ccc2C(c2ccccc2)=C2C=CC(Cl)=[N+]21,[2H]C(Cl)(Cl)Cl,1,4.11
N#Cc1c(Br)cccc1Nc1ccc2n1[B-](F)(c1ccccc1)[N+]1=C(Cl)C=CC1=C2c1ccccc1,[2H]C(Cl)(Cl)Cl,1,3.52
COc1ccc(Br)c(Nc2ccc3n2[B-](F)(c2ccccc2)[N+]2=C(Cl)C=CC2=C3c2ccccc2)c1,[2H]C(Cl)(Cl)Cl,1,3.94
F[B-]1(c2ccccc2)n2c(Nc3ccc4ccccc4c3)ccc2C(c2ccccc2)=C2C=CC(Cl)=[N+]21,[2H]C(Cl)(Cl)Cl,1,3.61
F[B-]1(c2ccccc2)n2c(Nc3cc4cccc5ccc6cccc3c6c54)ccc2C(c2ccccc2)=C2C=CC(Cl)=[N+]21,[2H]C(Cl)(Cl)Cl,1,4.01
F[B-]1(c2ccccc2)n2c(Nc3ccc4sccc4c3)ccc2C(c2ccccc2)=C2C=CC(Cl)=[N+]21,[2H]C(Cl)(Cl)Cl,1,3.42
F[B-]1(c2ccccc2)n2c(Nc3ccc4[nH]ccc4c3)ccc2C(c2ccccc2)=C2C=CC(Cl)=[N+]21,[2H]C(Cl)(Cl)Cl,1,3.88
CCn1c2ccccc2c2cc(Nc3ccc4n3[B-](F)(c3ccccc3)[N+]3=C(Cl)C=CC3=C4c3ccccc3)ccc21,[2H]C(Cl)(Cl)Cl,1,3.62
F[B-]1(c2ccccc2)n2c(Nc3ccc4ncccc4c3)ccc2C(c2ccccc2)=C2C=CC(Cl)=[N+]21,[2H]C(Cl)(Cl)Cl,1,3.96
F[B-]1(c2ccccc2)n2c(Nc3nc(Cl)cc(Cl)n3)ccc2C(c2ccccc2)=C2C=CC(Cl)=[N+]21,[2H]C(Cl)(Cl)Cl,1,3.93
CC(=O)Nc1ccc2n1[B-](F)(c1ccccc1)[N+]1=C(Cl)C=CC1=C2c1ccccc1,[2H]C(Cl)(Cl)Cl,1,1.26
CCC(=O)Nc1ccc2n1[B-](F)(c1ccccc1)[N+]1=C(Cl)C=CC1=C2c1ccccc1,[2H]C(Cl)(Cl)Cl,1,3.24
O=C(Nc1ccc2n1[B-](F)(c1ccccc1)[N+]1=C(Cl)C=CC1=C2c1ccccc1)c1ccccc1,[2H]C(Cl)(Cl)Cl,1,3.39
CC(C)(C)NC(=O)Oc1ccc2n1[B-](F)(c1ccccc1)[N+]1=C(Cl)C=CC1=C2c1ccccc1,[2H]C(Cl)(Cl)Cl,1,3.81
O=C(NCc1ccccc1)Oc1ccc2n1[B-](F)(c1ccccc1)[N+]1=C(Cl)C=CC1=C2c1ccccc1,[2H]C(Cl)(Cl)Cl,1,3.28
O=S1(=Nc2ccc3n2[B-](F)(c2ccccc2)[N+]2=C(Cl)C=CC2=C3c2ccccc2)c2ccccc2-c2ccccc21,[2H]C(Cl)(Cl)Cl,1,3.7
Cc1ccc(Nc2ccc3n2[B-](F)(c2ccccc2)[N+]2=C(Cl)C=CC2=C3c2c(C)cc(C)cc2C)cc1,[2H]C(Cl)(Cl)Cl,1,4.03
Cc1ccc(Nc2ccc3n2[B-](F)(c2ccccc2)[N+]2=C(Cl)C=CC2=C3c2ccc(Cl)cc2)cc1,[2H]C(Cl)(Cl)Cl,1,-3.75
Cc1ccc(Nc2ccc3n2[B-](F)(c2ccccc2)[N+]2=C(Cl)C=CC2=C3c2cccc(C(F)(F)F)c2)cc1,[2H]C(Cl)(Cl)Cl,1,3.76
Cc1ccc(Nc2ccc3n2[B-](F)(c2ccccc2)[N+]2=C(Cl)C=CC2=C3c2ccsc2)cc1,[2H]C(Cl)(Cl)Cl,1,3.51
Cc1ccc(Nc2ccc3n2[B-](F)(c2ccc4ccccc4c2)[N+]2=C(Cl)C=CC2=C3c2ccccc2)cc1,[2H]C(Cl)(Cl)Cl,1,2.91
Cc1ccc(Nc2ccc3n2[B-](F)(c2ccc(F)cc2)[N+]2=C(Cl)C=CC2=C3c2ccccc2)cc1,[2H]C(Cl)(Cl)Cl,1,3.39
Cc1ccc(NC2C=CC3=C(c4ccccc4)C4C=CC(Cl)=[N+]4[B-](F)(c4ccc(C#N)cc4)N32)cc1,[2H]C(Cl)(Cl)Cl,1,3.71
Cc1ccc(Nc2ccc3n2[B-](F)(c2ccsc2)[N+]2=C(Cl)C=CC2=C3c2ccccc2)cc1,[2H]C(Cl)(Cl)Cl,1,2.59
Cc1ccc(Nc2ccc3n2[B-](C)(c2ccccc2)[N+]2=C(Cl)C=CC2=C3c2ccccc2)cc1,[2H]C(Cl)(Cl)Cl,1,0.17
CO[B-]1(c2ccccc2)n2c(Nc3ccc(C)cc3)ccc2C(c2ccccc2)=C2C=CC(Cl)=[N+]21,[2H]C(Cl)(Cl)Cl,1,3.06
COc1ccc(Nc2ccc3n2[B-](F)(c2ccccc2)[N+]2=C(Nc4ccc(C)cc4)C=CC2=C3c2ccccc2)cc1,[2H]C(Cl)(Cl)Cl,1,3.12
Cc1ccc(NC2=[N+]3C(=C(c4ccccc4)c4ccc(Nc5ccc6ccccc6c5)n4[B-]3(F)c3ccccc3)C=C2)cc1,[2H]C(Cl)(Cl)Cl,1,3.07
Cc1ccc(NC2=[N+]3C(=C(c4ccccc4)c4ccc(Nc5ccc6sccc6c5)n4[B-]3(F)c3ccccc3)C=C2)cc1,[2H]C(Cl)(Cl)Cl,1,3.04
COc1cc(OC)nc(Nc2ccc3n2[B-](F)(c2ccccc2)[N+]2=C(Nc4ccc(C)cc4)C=CC2=C3c2ccccc2)n1,[2H]C(Cl)(Cl)Cl,1,3.59
Cc1cc(C)c(C2=C3C=CC(Cl)=[N+]3[B-](F)(c3ccccc3)n3c(Cl)ccc32)c(C)c1,[2H]C(Cl)(Cl)Cl,1,3.78
F[B-]1(c2ccc3ccccc3c2)n2c(Cl)ccc2C(c2ccccc2)=C2C=CC(Cl)=[N+]21,[2H]C(Cl)(Cl)Cl,1,4.04
CO[B-]1(c2ccccc2)n2c(Cl)ccc2C(c2ccccc2)=C2C=CC(Cl)=[N+]21,[2H]C(Cl)(Cl)Cl,1,3.75
Cc1ccc(NC2=[N+]3C(=C(c4ccccc4)c4ccc(NCc5ccccc5)n4[B-]3(F)c3ccccc3)C=C2)cc1,[2H]C(Cl)(Cl)Cl,1,3.42
Cc1ccc(NC2=[N+]3C(=C(c4ccccc4)c4ccc(NC5CCCCC5)n4[B-]3(F)c3ccccc3)C=C2)cc1,[2H]C(Cl)(Cl)Cl,1,2.88
COc1ccc(C2=[N+]3C(=C(c4ccccc4)c4ccc(Nc5ccc(C)cc5)n4[B-]3(F)c3ccccc3)C=C2)cc1,[2H]C(Cl)(Cl)Cl,1,4.63
Cc1ccc(Nc2ccc3n2[B-](F)(c2ccccc2)[N+]2=C(c4ccc5ccc6cccc7ccc4c5c67)C=CC2=C3c2ccccc2)cc1,[2H]C(Cl)(Cl)Cl,1,3.83
CC(C)(C)OC(=O)N1CCC([C@H](CCCCc2ccccc2)B2OC(C)(C)C(C)(C)O2)CC1,[2H]C(Cl)(Cl)Cl,1,36.14
CCO[B-]1(c2ccccc2)n2c(Cl)ccc2C(c2ccccc2)=C2C=CC(Cl)=[N+]21,[2H]C(Cl)(Cl)Cl,1,3.81
ClC1=[N+]2C(=C(c3ccccc3)c3ccc(Cl)n3[B-]2(OCc2ccccc2)c2ccccc2)C=C1,[2H]C(Cl)(Cl)Cl,1,5.42
Cc1ccc(C2=[N+]3C(=C(c4ccccc4)c4ccc(Cl)n4[B-]3(F)c3ccccc3)C=C2)cc1,[2H]C(Cl)(Cl)Cl,1,4.08
F[B-]1(c2ccccc2)n2c(Cl)ccc2C(c2ccccc2)=C2C=CC(c3ccccc3)=[N+]21,[2H]C(Cl)(Cl)Cl,1,4.58
Cc1ccccc1C1=[N+]2C(=C(c3ccccc3)c3ccc(Cl)n3[B-]2(F)c2ccccc2)C=C1,[2H]C(Cl)(Cl)Cl,1,3.9
COc1cccc(C2=[N+]3C(=C(c4ccccc4)c4ccc(Cl)n4[B-]3(F)c3ccccc3)C=C2)c1,[2H]C(Cl)(Cl)Cl,1,4.57
Cc1cccc(C2=[N+]3C(=C(c4ccccc4)c4ccc(Cl)n4[B-]3(F)c3ccccc3)C=C2)c1,[2H]C(Cl)(Cl)Cl,1,4.3
F[B-]1(c2ccccc2)n2c(ccc2-c2ccc(OCc3ccccc3)cc2)C(c2ccccc2)=C2C=CC(Cl)=[N+]21,[2H]C(Cl)(Cl)Cl,1,4.4
CC(C)(C)[Si](C)(C)Oc1ccc(-c2ccc3n2[B-](F)(c2ccccc2)[N+]2=C(Cl)C=CC2=C3c2ccccc2)cc1,[2H]C(Cl)(Cl)Cl,1,4.3
F[B-]1(c2ccccc2)n2c(ccc2-c2ccc(N(c3ccccc3)c3ccccc3)cc2)C(c2ccccc2)=C2C=CC(Cl)=[N+]21,[2H]C(Cl)(Cl)Cl,1,4.22
CSc1ccc(C2=[N+]3C(=C(c4ccccc4)c4ccc(Cl)n4[B-]3(F)c3ccccc3)C=C2)cc1,[2H]C(Cl)(Cl)Cl,1,4.45
F[B-]1(c2ccccc2)n2c(Cl)ccc2C(c2ccccc2)=C2C=CC(c3ccc(Cl)cc3)=[N+]21,[2H]C(Cl)(Cl)Cl,1,4.03
F[B-]1(c2ccccc2)n2c(ccc2-c2ccc(Br)cc2)C(c2ccccc2)=C2C=CC(Cl)=[N+]21,[2H]C(Cl)(Cl)Cl,1,3.6
COC(=O)c1ccc(-c2ccc3n2[B-](F)(c2ccccc2)[N+]2=C(Cl)C=CC2=C3c2ccccc2)cc1,[2H]C(Cl)(Cl)Cl,1,4.44
F[B-]1(c2ccccc2)n2c(Cl)ccc2C(c2ccccc2)=C2C=CC(c3ccc4ccccc4c3)=[N+]21,[2H]C(Cl)(Cl)Cl,1,4.25
F[B-]1(c2ccccc2)n2c(Cl)ccc2C(c2ccccc2)=C2C=CC(c3ccoc3)=[N+]21,[2H]C(Cl)(Cl)Cl,1,4.37
F[B-]1(c2ccccc2)n2c(ccc2-c2ccc3c(c2)OCO3)C(c2ccccc2)=C2C=CC(Cl)=[N+]21,[2H]C(Cl)(Cl)Cl,1,3.85
F[B-]1(c2ccccc2)n2c(ccc2-c2csc3ccccc23)C(c2ccccc2)=C2C=CC(Cl)=[N+]21,[2H]C(Cl)(Cl)Cl,1,4.18
CC(C)(C)OC(=O)n1cccc1-c1ccc2n1[B-](F)(c1ccccc1)[N+]1=C(Cl)C=CC1=C2c1ccccc1,[2H]C(Cl)(Cl)Cl,1,3.93
F[B-]1(c2ccccc2)n2c(Cl)ccc2C(c2ccccc2)=C2C=CC(c3ccc4[nH]ccc4c3)=[N+]21,[2H]C(Cl)(Cl)Cl,1,4.29
F[B-]1(c2ccccc2)n2c(Cl)ccc2C(c2ccccc2)=C2C=CC(/C=C/c3ccccc3)=[N+]21,[2H]C(Cl)(Cl)Cl,1,4.19
F[B-]1(c2ccccc2)n2c(Cl)ccc2C(c2ccccc2)=C2C=CC(C#Cc3ccccc3)=[N+]21,[2H]C(Cl)(Cl)Cl,1,4.14
F[B-]1(c2ccccc2)n2c(Cl)ccc2C(c2ccccc2)=C2C=CC(C3CC3)=[N+]21,[2H]C(Cl)(Cl)Cl,1,3.97
CCCCc1ccc2n1[B-](F)(c1ccccc1)[N+]1=C(Cl)C=CC1=C2c1ccccc1,[2H]C(Cl)(Cl)Cl,1,4.13
CC1=[N+]2C(=C(c3ccccc3)c3ccc(Cl)n3[B-]2(F)c2ccccc2)C=C1,[2H]C(Cl)(Cl)Cl,1,3.75
COc1ccc(C2=C3C=CC(c4ccc(C)cc4)=[N+]3[B-](F)(c3ccccc3)n3c(Cl)ccc32)cc1,[2H]C(Cl)(Cl)Cl,1,4.08
Cc1ccc(C2=[N+]3C(=C(c4ccc(Cl)cc4)c4ccc(Cl)n4[B-]3(F)c3ccccc3)C=C2)cc1,[2H]C(Cl)(Cl)Cl,1,4.45
COc1cccc(C2=C3C=CC(c4ccc(C)cc4)=[N+]3[B-](F)(c3ccccc3)n3c(Cl)ccc32)c1,[2H]C(Cl)(Cl)Cl,1,4.4
Cc1ccc(C2=[N+]3C(=C(c4cccc(C(F)(F)F)c4)c4ccc(Cl)n4[B-]3(F)c3ccccc3)C=C2)cc1,[2H]C(Cl)(Cl)Cl,1,4.06
Cc1ccc(C2=[N+]3C(=C(c4c(C)cc(C)cc4C)c4ccc(Cl)n4[B-]3(F)c3ccccc3)C=C2)cc1,[2H]C(Cl)(Cl)Cl,1,4.61
Cc1ccc(C2=[N+]3C(=C(c4ccsc4)c4ccc(Cl)n4[B-]3(F)c3ccccc3)C=C2)cc1,[2H]C(Cl)(Cl)Cl,1,4.48
Cc1ccc(C2=[N+]3C(=C(c4ccccc4)c4ccc(Cl)n4[B-]3(F)c3ccc(C#N)cc3)C=C2)cc1,[2H]C(Cl)(Cl)Cl,1,3.58
Cc1ccc(C2=[N+]3C(=C(c4ccccc4)c4ccc(Cl)n4[B-]3(F)c3ccc(F)cc3)C=C2)cc1,[2H]C(Cl)(Cl)Cl,1,4.06
Cc1ccc(C2=[N+]3C(=C(c4ccccc4)c4ccc(Cl)n4[B-]3(F)c3ccc4ccccc4c3)C=C2)cc1,[2H]C(Cl)(Cl)Cl,1,4.53
C=C[B-]1(F)n2c(Cl)ccc2C(c2ccccc2)=C2C=CC(c3ccc(C)cc3)=[N+]21,[2H]C(Cl)(Cl)Cl,1,3.6
Cc1ccc(C2=[N+]3C(=C(c4ccccc4)c4ccc(Cl)n4[B-]3(F)CBr)C=C2)cc1,[2H]C(Cl)(Cl)Cl,1,3.86
Cc1ccc(C2=[N+]3C(=C(c4ccccc4)c4ccc(Cl)n4[B-]3(C#N)c3ccccc3)C=C2)cc1,[2H]C(Cl)(Cl)Cl,1,-6.56
Cc1ccc(C2=[N+]3C(=C(c4ccccc4)c4ccc(Cl)n4[B-]3(C)c3ccccc3)C=C2)cc1,[2H]C(Cl)(Cl)Cl,1,3.26
CC[B-]1(c2ccccc2)n2c(Cl)ccc2C(c2ccccc2)=C2C=CC(c3ccc(C)cc3)=[N+]21,[2H]C(Cl)(Cl)Cl,1,4.01
CO[B-]1(c2ccccc2)n2c(Cl)ccc2C(c2ccccc2)=C2C=CC(c3ccc(C)cc3)=[N+]21,[2H]C(Cl)(Cl)Cl,1,4.62
CCO[B-]1(c2ccccc2)n2c(Cl)ccc2C(c2ccccc2)=C2C=CC(c3ccc(C)cc3)=[N+]21,[2H]C(Cl)(Cl)Cl,1,4.92
Cc1ccc(C2=[N+]3C(=C(c4ccccc4)c4ccc(Cl)n4[B-]3(OCc3ccccc3)c3ccccc3)C=C2)cc1,[2H]C(Cl)(Cl)Cl,1,5.06
COC(=O)/C=C/c1ccc2n1[B-](F)(c1ccccc1)[N+]1=C(c3ccc(C)cc3)C=CC1=C2c1ccccc1,[2H]C(Cl)(Cl)Cl,1,4.75
Cc1ccc(C2=[N+]3C(=C(c4ccccc4)c4ccc(/C=C/c5ccccc5)n4[B-]3(F)c3ccccc3)C=C2)cc1,[2H]C(Cl)(Cl)Cl,1,4.8
COc1ccc(-c2ccc3n2[B-](F)(c2ccccc2)[N+]2=C(c4ccc(C)cc4)C=CC2=C3c2ccccc2)cc1,[2H]C(Cl)(Cl)Cl,1,4.36
F[B-]1(c2ccccc2)n2c(Cl)ccc2C(c2ccccc2)=C2C=CC(Cl)=[N+]21,[2H]C(Cl)(Cl)Cl,1,3.75
COc1ccc(C2=C3C=CC(Cl)=[N+]3[B-](F)(c3ccccc3)n3c(Cl)ccc32)cc1,[2H]C(Cl)(Cl)Cl,1,5.62
F[B-]1(c2ccccc2)n2c(Cl)ccc2C(c2ccc(Cl)cc2)=C2C=CC(Cl)=[N+]21,[2H]C(Cl)(Cl)Cl,1,4.02
COc1cccc(C2=C3C=CC(Cl)=[N+]3[B-](F)(c3ccccc3)n3c(Cl)ccc32)c1,[2H]C(Cl)(Cl)Cl,1,4.2
F[B-]1(c2ccccc2)n2c(Cl)ccc2C(c2cccc(C(F)(F)F)c2)=C2C=CC(Cl)=[N+]21,[2H]C(Cl)(Cl)Cl,1,4.26
F[B-]1(c2ccccc2)n2c(Cl)ccc2C(c2ccsc2)=C2C=CC(Cl)=[N+]21,[2H]C(Cl)(Cl)Cl,1,3.84
N#Cc1ccc([B-]2(F)n3c(Cl)ccc3C(c3ccccc3)=C3C=CC(Cl)=[N+]32)cc1,[2H]C(Cl)(Cl)Cl,1,3.68
Fc1ccc([B-]2(F)n3c(Cl)ccc3C(c3ccccc3)=C3C=CC(Cl)=[N+]32)cc1,[2H]C(Cl)(Cl)Cl,1,2.37
F[B-]1(c2ccsc2)n2c(Cl)ccc2C(c2ccccc2)=C2C=CC(Cl)=[N+]21,[2H]C(Cl)(Cl)Cl,1,3.28
C=C[B-]1(F)n2c(Cl)ccc2C(c2ccccc2)=C2C=CC(Cl)=[N+]21,[2H]C(Cl)(Cl)Cl,1,3.13
F[B-]1(CBr)n2c(Cl)ccc2C(c2ccccc2)=C2C=CC(Cl)=[N+]21,[2H]C(Cl)(Cl)Cl,1,3.64
N#C[B-]1(c2ccccc2)n2c(Cl)ccc2C(c2ccccc2)=C2C=CC(Cl)=[N+]21,[2H]C(Cl)(Cl)Cl,1,-7.31
C[B-]1(c2ccccc2)n2c(Cl)ccc2C(c2ccccc2)=C2C=CC(Cl)=[N+]21,[2H]C(Cl)(Cl)Cl,1,1.99
CC[B-]1(c2ccccc2)n2c(Cl)ccc2C(c2ccccc2)=C2C=CC(Cl)=[N+]21,[2H]C(Cl)(Cl)Cl,1,2.13
Cc1ccc(C2=[N+]3C(=C(c4ccccc4)c4ccc(-c5ccc(C=O)cc5)n4[B-]3(F)c3ccccc3)C=C2)cc1,[2H]C(Cl)(Cl)Cl,1,4.04
Cc1ccc(-c2ccc3n2[B-](F)(c2ccccc2)[N+]2=C(C#C[Si](C(C)C)(C(C)C)C(C)C)C=CC2=C3c2ccccc2)cc1,[2H]C(Cl)(Cl)Cl,1,4.6
COC(=O)C(C(=O)OC)c1ccc2n1[B-](F)(c1ccccc1)[N+]1=C(c3ccc(C)cc3)C=CC1=C2c1ccccc1,[2H]C(Cl)(Cl)Cl,1,4.32
Cc1ccc(C2=[N+]3C(=C(c4ccccc4)c4ccc(Oc5ccccc5)n4[B-]3(F)c3ccccc3)C=C2)cc1,[2H]C(Cl)(Cl)Cl,1,4.33
COc1ccc(Sc2ccc3n2[B-](F)(c2ccccc2)[N+]2=C(c4ccc(C)cc4)C=CC2=C3c2ccccc2)cc1,[2H]C(Cl)(Cl)Cl,1,4.25
COC(=O)CSc1ccc2n1[B-](F)(c1ccccc1)[N+]1=C(c3ccc(C)cc3)C=CC1=C2c1ccccc1,[2H]C(Cl)(Cl)Cl,1,4.05
Cc1ccc(C2=[N+]3C(=C(c4ccccc4)c4ccc([Se]c5ccccc5)n4[B-]3(F)c3ccccc3)C=C2)cc1,[2H]C(Cl)(Cl)Cl,1,4.65
COc1ccc(Nc2ccc3n2[B-](F)(c2ccccc2)[N+]2=C(c4ccc(C)cc4)C=CC2=C3c2ccccc2)cc1,[2H]C(Cl)(Cl)Cl,1,3.7
Cc1ccc(C2=[N+]3C(=C(c4ccccc4)c4ccc(-n5cccn5)n4[B-]3(F)c3ccccc3)C=C2)cc1,[2H]C(Cl)(Cl)Cl,1,4.76
C#CC[B-]1(CC#C)c2ccccc2-c2ccc(-c3ccccc3)c[n+]21,[2H]C(Cl)(Cl)Cl,1,-0.6
C#CC[B-]1(CC#C)c2ccccc2-c2ccc(N(c3ccccc3)c3ccccc3)c[n+]21,[2H]C(Cl)(Cl)Cl,1,-0.8
C#CC[B-]1(CC#C)c2cc(N(c3ccccc3)c3ccccc3)ccc2-c2cccc[n+]21,[2H]C(Cl)(Cl)Cl,1,-1.2
CC#CC[B-]1(CC#CC)c2ccccc2-c2ccc(-c3ccccc3)c[n+]21,[2H]C(Cl)(Cl)Cl,1,-0.6
CC#CC[B-]1(CC#CC)c2ccccc2-c2ccc(N(c3ccccc3)c3ccccc3)c[n+]21,[2H]C(Cl)(Cl)Cl,1,0.7
CC#CC[B-]1(CC#CC)c2ccccc2-c2ccc(N3CCCCCC3)c[n+]21,[2H]C(Cl)(Cl)Cl,1,-1.2
CC#CC[B-]1(CC#CC)c2cc(N(c3ccccc3)c3ccccc3)ccc2-c2cccc[n+]21,[2H]C(Cl)(Cl)Cl,1,-1.1
COc1ccc(-c2nc(C)c3c(c2C)C[B-]2(C3)c3ccccc3-c3ccc(N4CCCCCC4)c[n+]32)cc1,[2H]C(Cl)(Cl)Cl,1,4.9
Cc1nc(-c2ccsc2)c(C)c2c1C[B-]1(C2)c2cc(C(C)(C)C)ccc2-c2cccc[n+]21,[2H]C(Cl)(Cl)Cl,1,4.4
C=CC1=C2C[B-]3(CC2=C(C=C)[C@@H](c2ccc(C(F)(F)F)cc2)N1)N1CC=CC1c1ccc(-c2ccccc2)c[n+]13,[2H]C([2H])(Cl)Cl,1,7.4
Cc1nc(-c2ccccc2)c(C)c2c1C[B-]1(C2)c2ccccc2-c2ccc(N(c3ccccc3)c3ccccc3)c[n+]21,[2H]C(Cl)(Cl)Cl,1,6
CCCCN(CCCC)c1ccc2[n+](c1)[B-]1(Cc3c(CC)nc(-c4ccc(OC)cc4)c(CC)c3C1)c1ccccc1-2,[2H]C(Cl)(Cl)Cl,1,4.9
Cc1nc(-c2ccccc2)c(C)c2c1C[B-]1(C2)c2cc(N(c3ccccc3)c3ccccc3)ccc2-c2cccc[n+]21,[2H]C(Cl)(Cl)Cl,1,6.1
CCC#CC[B-]1(CC#CCC)c2cc(N(CCCC)CCCC)ccc2-c2cccc[n+]21,[2H]C(Cl)(Cl)Cl,1,0.2
C=CC#CC[B-]1(CC#CC=C)n2cccc2-c2ccc(-c3ccccc3)c[n+]21,[2H]C(Cl)(Cl)Cl,1,3.4
CN1c2nccc[n+]2C[B-]12C1CCCC2CCC1,[2H]C(Cl)(Cl)Cl,1,-3.14
c1ccc(CN2c3nccc[n+]3C[B-]23C2CCCC3CCC2)cc1,[2H]C(Cl)(Cl)Cl,1,-1.44
Cc1cc(C)c(B2OC(C)(C)C(C)(C)O2)c(C)c1,[2H]C(Cl)(Cl)Cl,1,32.3
c1ccc([B-]2(c3ccccc3)c3sccc3-c3cccc[n+]32)cc1,[2H]C([2H])([2H])C(=O)C([2H])([2H])[2H],1,3.06
COc1ccc([B-]2(c3ccc(C(F)(F)F)cc3)c3ccccc3Nc3cccc[n+]32)cc1,[2H]C([2H])([2H])C(=O)C([2H])([2H])[2H],1,-1.53
COc1ccc([B-]2(c3cc(F)c(F)c(F)c3)c3ccccc3Nc3cccc[n+]32)cc1,[2H]C([2H])([2H])C(=O)C([2H])([2H])[2H],1,-1.97
Cc1cc(C)cc([B-]2(c3cc(C(F)(F)F)cc(C(F)(F)F)c3)c3ccccc3Nc3cccc[n+]32)c1,[2H]C([2H])([2H])C(=O)C([2H])([2H])[2H],1,-1.74
FC(F)(F)c1ccc([B-]2(c3cccs3)c3ccccc3Nc3cccc[n+]32)cc1,[2H]C([2H])([2H])S(=O)C([2H])([2H])[2H],1,-3.37
FC(F)(F)c1cc([B-]2(c3cc4ccccc4s3)c3ccccc3Nc3cccc[n+]32)cc(C(F)(F)F)c1,[2H]C([2H])([2H])C(=O)C([2H])([2H])[2H],1,-3.4
FC(F)(F)c1cc([B-]2(c3ccco3)c3ccccc3Nc3cccc[n+]32)cc(C(F)(F)F)c1,[2H]C([2H])([2H])C(=O)C([2H])([2H])[2H],1,-4.61
FC(F)(F)c1cc([B-]2(c3cc4ccccc4o3)c3ccccc3Nc3cccc[n+]32)cc(C(F)(F)F)c1,[2H]C([2H])([2H])C(=O)C([2H])([2H])[2H],1,-4.66
c1ccc2c(c1)-c1ccccc1[B-]21c2ccc3ncccc3c2Nc2cccc[n+]21,[2H]C([2H])([2H])S(=O)C([2H])([2H])[2H],1,-1.82
F[B-]1(c2cc(C(F)(F)F)cc(C(F)(F)F)c2)c2ccccc2Nc2cccc[n+]21,[2H]C([2H])([2H])C(=O)C([2H])([2H])[2H],1,3.51
c1ccc([B-]2(c3ccccc3)c3ccccc3Nc3cccc[n+]32)cc1,[2H]C([2H])([2H])C(=O)C([2H])([2H])[2H],1,-1.21
F[B-]1(c2ccccc2)c2ccccc2Nc2cccc[n+]21,[2H]C([2H])([2H])C(=O)C([2H])([2H])[2H],1,4.23
Cc1ccc2c(c1)[B-](c1ccccc1)(c1ccccc1)[n+]1ccccc1N2,[2H]C(Cl)(Cl)Cl,1,-0.88
CC(C)(C)c1ccc2c(c1)[B-](c1ccccc1)(c1ccccc1)[n+]1ccccc1N2,[2H]C(Cl)(Cl)Cl,1,-0.77
CC(C)c1ccc2c(c1)[B-](c1ccccc1)(c1ccccc1)[n+]1ccccc1N2,[2H]C(Cl)(Cl)Cl,1,-0.66
Cc1ccc2c(c1C)Nc1cccc[n+]1[B-]2(c1ccccc1)c1ccccc1,[2H]C([2H])([2H])C(=O)C([2H])([2H])[2H],1,-1.3
Cc1cc2c(cc1C)[B-](c1ccccc1)(c1ccccc1)[n+]1ccccc1N2,[2H]C([2H])([2H])C(=O)C([2H])([2H])[2H],1,-1.3
c1ccc([B-]2(c3ccccc3)c3ccc4c(c3Nc3cccc[n+]32)CCCC4)cc1,[2H]C([2H])([2H])C(=O)C([2H])([2H])[2H],1,-1.32
Fc1ccc2c(c1)[B-](c1ccccc1)(c1ccccc1)[n+]1ccccc1N2,[2H]C([2H])([2H])C(=O)C([2H])([2H])[2H],1,-1.34
Clc1ccc2c(c1)[B-](c1ccccc1)(c1ccccc1)[n+]1ccccc1N2,[2H]C([2H])([2H])S(=O)C([2H])([2H])[2H],1,-2.23
Brc1ccc2c(c1)[B-](c1ccccc1)(c1ccccc1)[n+]1ccccc1N2,[2H]C([2H])([2H])C(=O)C([2H])([2H])[2H],1,-1.39
c1ccc(N(c2ccccc2)c2ccc3c(c2)[B-](c2ccccc2)(c2ccccc2)[n+]2ccccc2N3)cc1,[2H]C([2H])([2H])C(=O)C([2H])([2H])[2H],1,-1.34
c1ccc([B-]2(c3ccccc3)c3ccc4ccccc4c3Nc3cccc[n+]32)cc1,[2H]C(Cl)(Cl)Cl,1,-0.74
c1ccc(-c2ccc3c(c2)[B-](c2ccccc2)(c2ccccc2)[n+]2ccccc2N3)cc1,[2H]C([2H])([2H])C(=O)C([2H])([2H])[2H],1,-1.08
Cc1cc[n+]2c(c1)Nc1ccccc1[B-]2(c1ccccc1)c1ccccc1,[2H]C([2H])([2H])C(=O)C([2H])([2H])[2H],1,-1.55
Cc1ccc2[n+](c1)[B-](c1ccccc1)(c1ccccc1)c1ccccc1N2,[2H]C([2H])([2H])C(=O)C([2H])([2H])[2H],1,-1.29
COc1ccc2[n+](c1)[B-](c1ccccc1)(c1ccccc1)c1ccccc1N2,[2H]C([2H])([2H])C(=O)C([2H])([2H])[2H],1,-0.8
Clc1ccc2[n+](c1)[B-](c1ccccc1)(c1ccccc1)c1ccccc1N2,[2H]C([2H])([2H])C(=O)C([2H])([2H])[2H],1,-0.65
N#Cc1ccccc1OCC[N+]12CC(=O)O[B-]1(c1ccccc1)OC(=O)C2,[2H]C([2H])([2H])C#N,1,12.3
N#Cc1cccc(OCC[N+]23CC(=O)O[B-]2(c2ccccc2)OC(=O)C3)c1,[2H]C([2H])([2H])C#N,1,12.1
CC(C)(C)c1cccc(C#N)c1OCC[N+]12CC(=O)O[B-]1(c1ccccc1)OC(=O)C2,[2H]C([2H])([2H])C#N,1,12.4
CC(C)(C)c1cc(C#N)c(OCC[N+]23CC(=O)O[B-]2(c2ccccc2)OC(=O)C3)c(C(C)(C)C)c1,[2H]C([2H])([2H])C#N,1,12.4
COc1ccc(C#N)c(OCC[N+]23CC(=O)O[B-]2(c2ccccc2)OC(=O)C3)c1,[2H]C([2H])([2H])C#N,1,12.3
C[N+](C)(C)[BH2-]CC(=O)N(c1ccccc1)c1ccccc1,[2H]C(Cl)(Cl)Cl,1,-4
Cc1ccc(N(C(=O)C[BH2-][N+](C)(C)C)c2ccc(C)cc2)cc1,[2H]C(Cl)(Cl)Cl,1,-3.91
CC[N+]([BH2-]CC(=O)N(c1ccccc1)c1ccccc1)(CC)CC,[2H]C(Cl)(Cl)Cl,1,-9.38
C[N+](C)(C)[B-](Cl)(Cl)CC(=O)N(c1ccccc1)c1ccccc1,[2H]C(Cl)(Cl)Cl,1,9.27
CC(C)(C)OC(=O)[N-]CC12CC([B-](F)(F)F)(CN1C(=O)OC(C)(C)C)C2.[K+],[2H]C([2H])([2H])C(=O)C([2H])([2H])[2H],1,3.6
CC1(C)OB(CCc2ccc(F)cc2)OC1(C)C,[2H]C(Cl)(Cl)Cl,1,33.61
Cc1ccc(C)c(CCB2OC(C)(C)C(C)(C)O2)c1,[2H]C(Cl)(Cl)Cl,1,34.03
Cc1cc(C)c(CCB2OC(C)(C)C(C)(C)O2)c(C)c1,[2H]C(Cl)(Cl)Cl,1,33.84
CC(C)(C)c1ccc(C(C)(C)CB2OC(C)(C)C(C)(C)O2)cc1,[2H]C(Cl)(Cl)Cl,1,33.1
CC(C)(C)c1ccc(CCB2OC(C)(C)C(C)(C)O2)cc1,[2H]C(Cl)(Cl)Cl,1,33.57
CC(C)C(=[NH2+])[B-](F)(F)F,[2H]C([2H])([2H])C(=O)C([2H])([2H])[2H],1,-0.59
CC(CB1OC(C)(C)C(C)(C)O1)c1ccccc1,[2H]C(Cl)(Cl)Cl,1,32.56
CC(OB1OC(C)(C)C(C)(C)O1)c1ccc(Br)cc1,[2H]C(Cl)(Cl)Cl,1,22.09
CC1(C)OB(/C=C\C(=C/c2ccccc2)[C@@H](NC(=O)c2ccccc2)c2ccccc2)OC1(C)C,[2H]C(Cl)(Cl)Cl,1,29.9
CC1(C)OB(C2CC2c2ccccc2)OC1(C)C,[2H]C(Cl)(Cl)Cl,1,33.21
CC1(C)OB(C2CCCCCC2)OC1(C)C,[2H]C(Cl)(Cl)Cl,1,34.41
CC1(C)OB(C[Si](C)(C)CCOC(=O)c2ccco2)OC1(C)C,[2H]C(Cl)(Cl)Cl,1,33.6
CC1(C)OB(C[Si](C)(C)Cc2ccccc2)OC1(C)C,[2H]C(Cl)(Cl)Cl,1,33.5
CC1(C)OB(N2C=CC=CC2)OC1(C)C,[2H]c1c([2H])c([2H])c([2H])c([2H])c1[2H],1,23.6
CC1(C)OB(N2C=CCc3ccccc32)OC1(C)C,[2H]c1c([2H])c([2H])c([2H])c([2H])c1[2H],1,24.5
CC1(C)OB(N2CC=Cc3cc(Br)ccc32)OC1(C)C,[2H]c1c([2H])c([2H])c([2H])c([2H])c1[2H],1,24.6
CC1(C)OB(N2CC=Cc3ccccc32)OC1(C)C,[2H]c1c([2H])c([2H])c([2H])c([2H])c1[2H],1,24.5
CC1(C)OB(c2ccc(C#N)cc2)OC1(C)C,[2H]C(Cl)(Cl)Cl,1,30.42
CC(C)[NH2+]C(C)C.[BH3-][P](=O)OC,[2H]O[2H],1,-41.86
FC(F)=C(Cl)[B-](F)(F)F.[K+],[2H]C([2H])([2H])C#N,1,0.78
FB(F)C(F)=C(F)F,[2H]c1c([2H])c([2H])c(C([2H])([2H])[2H])c([2H])c1[2H],1,21.8
FC(F)=C[B-](F)(F)F.[K+],[2H]C([2H])([2H])C(=O)C([2H])([2H])[2H],1,2.29
F/C=C(/F)[B-](F)(F)F.[K+],[2H]C([2H])([2H])C(=O)C([2H])([2H])[2H],1,0.39
C=C[B-](F)(F)F.[K+],[2H]C([2H])([2H])C(=O)C([2H])([2H])[2H],1,3.4
[2H][B-](C(F)(F)F)(C(F)(F)F)C(F)(F)F.[K+],[2H]O[2H],1,-22.4
F[B-](F)(F)C#CC(F)(F)F.[K+],[2H]C([2H])([2H])C(=O)C([2H])([2H])[2H],1,-2.4
FC(F)=C([B-](F)(F)F)C(F)(F)F.[K+],[2H]C([2H])([2H])C#N,1,1.03
F/C(=C(\F)C(F)(F)F)[B-](F)(F)F.[K+],[2H]C([2H])([2H])C#N,1,-0.25
F/C(=C(/F)C(F)(F)F)[B-](F)(F)F.[K+],[2H]C([2H])([2H])C#N,1,-0.3
O=[N+]([O-])[B-](C(F)(F)F)(C(F)(F)F)C(F)(F)F.[Cs+],[2H]C([2H])([2H])C#N,1,-9.8
F[B-](C(F)(F)F)(C(F)(F)F)C(F)(F)F,[2H]C([2H])([2H])C(=O)C([2H])([2H])[2H],1,-7.3
F[B-](F)(F)C(F)(F)C(F)(F)C(F)(F)F.[K+],[2H]C([2H])([2H])C#N,1,-0.64
FC(F)(F)[BH-](C(F)(F)F)C(F)(F)F.[Cs+],[2H]O[2H],1,-22.2
O[B-](C(F)(F)F)(C(F)(F)F)C(F)(F)F.[Cs+],[2H]C([2H])([2H])C#N,1,-10.6
F[B-](F)(F)/C=C/CCl.[K+],[2H]C([2H])([2H])C(=O)C([2H])([2H])[2H],1,4.6
F[B-](F)(F)C1CC1CCl.[K+],[2H]C([2H])([2H])C(=O)C([2H])([2H])[2H],1,2.62
C=CCB(Cl)Cl,[2H]C(Cl)(Cl)Cl,1,61.4
C=CCB(F)F,[2H]C(Cl)(Cl)Cl,1,27.6
CCCC[N+](CCCC)(CCCC)CCCC.O=CCC[B-](F)(F)F,[2H]C(Cl)(Cl)Cl,1,3.27
CC1([B-](F)(F)F)CO1.[K+],[2H]C([2H])([2H])S(=O)C([2H])([2H])[2H],1,3.58
COC(=O)[BH2-]C#N.[K+],[2H]O[2H],1,-33.5
C=P(O)(O)[BH2-][N+](C)(C)C,[2H]C([2H])([2H])S(=O)C([2H])([2H])[2H],1,-9.6
C[N+](C)(C)[BH2-]P,[2H]c1c([2H])c([2H])c([2H])c([2H])c1[2H],1,-6.7
C[N+](C)(C)[BH2-]P(O)(O)=S,[2H]C([2H])(Cl)Cl,1,-9.2
C[N+](C)(C)[BH2-]P(O)(O)=[Se],[2H]C([2H])(Cl)Cl,1,-9.2
FC(F)=C(F)[B-](F)(C(F)(F)F)C(F)(F)F.[Cs+],[2H]C([2H])([2H])C#N,1,-6.4
N#C[B-](C#N)(C#N)C#N.[Li+],[2H]C([2H])([2H])C#N,1,68.5
C#C[B-](F)(C(F)(F)F)C(F)(F)F.[K+],[2H]C(Cl)(Cl)Cl,1,-8.7
O[B-](F)(C(F)(F)C(F)(F)F)C(F)(F)C(F)(F)F.[K+],[2H]C([2H])([2H])C#N,1,0.1
C=C[B-](F)(C(F)(F)F)C(F)(F)F.[K+],[2H]C(Cl)(Cl)Cl,1,-4.7
COC(=O)[BH-](C#N)C#N.[K+],[2H]O[2H],1,-32.7
COC(=O)[B-](O)(C#N)C#N.[K+],[2H]C([2H])([2H])C#N,1,-15.1
F[B-](F)(F)/C(=C/CCl)CCl.[K+],[2H]C([2H])([2H])C(=O)C([2H])([2H])[2H],1,3
C=CC(=C)[B-](F)(F)F.[K+],[2H]C([2H])([2H])S(=O)C([2H])([2H])[2H],1,3.63
CCC[B-](F)(C(F)(F)F)C(F)(F)F.[K+],[2H]C(Cl)(Cl)Cl,1,-1.9
C=C(C)CB(F)F,[2H]C(Cl)(Cl)Cl,1,27.6
C/C=C\CB(F)F,[2H]C(Cl)(Cl)Cl,1,27.7
C=CCC[B-](F)(F)F.[K+],[2H]C(Cl)(Cl)Cl,1,4.85
C=CCC[B-](F)(F)F.[K+],[2H]C([2H])([2H])C(=O)C([2H])([2H])[2H],1,7.36
F[B-](F)(F)CCC1CO1.[K+],[2H]C([2H])([2H])S(=O)C([2H])([2H])[2H],1,5.88
CC(=O)CC[B-](F)(F)F.[K+],[2H]C([2H])([2H])C(=O)C([2H])([2H])[2H],1,5.65
CC(=O)CC[B-](F)(F)F.[K+],[2H]C(Cl)(Cl)Cl ,1,5.38
CN(C)[BH-](C(F)(F)F)C(F)(F)F.[K+],[2H]C([2H])([2H])C#N,1,-11.2
CC(B(Cl)C(C)[Si](Cl)(Cl)Cl)[Si](Cl)(Cl)Cl,[2H]c1c([2H])c([2H])c([2H])c([2H])c1[2H],1,68.5
C[NH+](C)[BH-](C(F)(F)F)C(F)(F)F,[2H]C(Cl)(Cl)Cl,1,-10
[BH3-][n+]1ccn(C)c1,[2H]C(Cl)(Cl)Cl,1,-18.4
CC([NH2+][BH2-]C#N)C(N)=O,[2H]C([2H])([2H])S(=O)C([2H])([2H])[2H],1,-24.82
C[Si](C)(C)CB(Br)Br,[2H]c1c([2H])c([2H])c([2H])c([2H])c1[2H],1,58.9
C[N+](C)(C)[B-](Cl)(Cl)CCl,[2H]C(Cl)(Cl)Cl,1,8.5
[2H][C@H]1SC[N@@+]([BH3-])(C)CS1,[2H]C(Cl)(Cl)Cl,1,-8.18
[BH3-]N1CCCC1.[Li+],[2H]C1([2H])OC([2H])([2H])C([2H])([2H])C1([2H])[2H],1,-20.6
CCB(OS(C)(=O)=O)OS(C)(=O)=O,[2H]c1c([2H])c([2H])c([2H])c([2H])c1[2H],1,27.7
C[N+](C)(C)[BH-](Cl)CCl,[2H]C(Cl)(Cl)Cl,1,2.9
B.CCCCN,[2H]c1c([2H])c([2H])c([2H])c([2H])c1[2H],1,-19.4
B.CC(C)CCP,[2H]C(Cl)(Cl)Cl,1,-42.3
Fc1nc(F)c(F)c([B-](F)(F)F)c1F.[K+],[2H]C([2H])([2H])C#N,1,1.2
F/C(C#C[B-](F)(F)F)=C(\F)C(F)(F)F.[K+],[2H]C([2H])([2H])C#N,1,-2.2
F/C(C#C[B-](F)(F)F)=C(/F)C(F)(F)F.[K+],[2H]C([2H])([2H])C#N,1,-2.2
F[B-](F)(F)C#CC(F)(F)C(F)(F)C(F)(F)F.[K+],[2H]C([2H])([2H])C#N,1,-2.6
F[B-](F)(F)C#CC(F)(C(F)(F)F)C(F)(F)F.[K+],[2H]C([2H])([2H])C#N,1,-2.6
F/C(=C(\F)C(F)(F)F)[B-](F)(C(F)(F)F)C(F)(F)F.[K+],[2H]C(Cl)(Cl)Cl,1,-6.3
F/C(=C(/F)C(F)(F)F)[B-](F)(C(F)(F)F)C(F)(F)F.[K+],[2H]C([2H])([2H])C#N,1,-6.3
O=Cc1cc([B-](F)(F)F)cs1.[K+],[2H]C([2H])([2H])S(=O)C([2H])([2H])[2H],1,0.64
O=Cc1ccc([B-](F)(F)F)o1.[K+],[2H]C([2H])([2H])S(=O)C([2H])([2H])[2H],1,-0.68
CO[B-](F)(C(F)(F)C(F)(F)F)C(F)(F)C(F)(F)F.[K+],[2H]C([2H])([2H])C#N,1,-0.8
C[NH+](C)C.FC(F)(F)[B-]1(C(F)(F)F)CCCO1,[2H]C([2H])([2H])C(=O)C([2H])([2H])[2H],1,-4.5
C[N+](C)=C(F)C[B-](F)(C(F)(F)F)C(F)(F)F,[2H]C([2H])([2H])C#N,1,-4.1
FC(F)(F)[B-](C(F)(F)F)(C(F)(F)F)C(F)(F)F.N[C+](N)N,[2H]C([2H])([2H])C#N,1,-18.9
C[NH+](C)[B-](C#N)(C(F)(F)F)C(F)(F)F,[2H]C([2H])([2H])C#N,1,-14.1
C[NH+](C)[B-](C(=O)O)(C(F)(F)F)C(F)(F)F,[2H]C([2H])([2H])C(=O)C([2H])([2H])[2H],1,-12.4
CC(C)=CCB(F)F,[2H]C(Cl)(Cl)Cl,1,27.8
C=C(C)CC[B-](F)(F)F.CCCC[N+](CCCC)(CCCC)CCCC,[2H]C(Cl)(Cl)Cl,1,3.54
C=C(C)CC[B-](F)(F)F.CCCC[N+](CCCC)(CCCC)CCCC,[2H]C([2H])([2H])C(=O)C([2H])([2H])[2H],1,5.38
C=S1N(S(C)(=O)=O)[B-](C(F)(F)F)(C(F)(F)F)[N+]1(C)C,[2H]C(Cl)(Cl)Cl,1,-3.1
C[N+](C)(C)[BH-](C(F)(F)F)C(F)(F)F,[2H]C(Cl)(Cl)Cl,1,-8
C[N+](C)(C)[BH-](C#N)C(Cl)Cl,[2H]C(Cl)(Cl)Cl,1,-8
C[N+](C)(C)[B@@-](Cl)(C#N)C(Cl)Cl,[2H]C(Cl)(Cl)Cl,1,-2.3
C[N+](C)(C)[B@@H-](C#N)C(=O)O,[2H]C(Cl)(Cl)Cl,1,-12.6
[BH3-]C1CCCC1.[Li+],[2H]C1([2H])OC([2H])([2H])C([2H])([2H])C1([2H])[2H],1,-25.9
COC(=O)[B-](Br)(Br)[N+](C)(C)C,[2H]C(Cl)(Cl)Cl,1,0.78
CCO[P+](Cl)([BH2-]C#N)OCC,[2H]C([2H])([2H])S(=O)C([2H])([2H])[2H],1,-42.18
C[Si](C)(Cl)CCCB(Cl)Cl,[2H]c1c([2H])c([2H])c([2H])c([2H])c1[2H],1,62.1
C[N+](C)(C)[BH-](C(Cl)Cl)C(Cl)Cl,[2H]C(Cl)(Cl)Cl,1,-1.1
CC([B-](Cl)(Cl)[S+](C)C)[Si](C)(Cl)Cl,[2H]c1c([2H])c([2H])c([2H])c([2H])c1[2H],1,5.8
CC[N+](C)(C)[BH2-]C#N,[2H]C(Cl)(Cl)Cl,1,-15.98
CCB(CC)OS(C)(=O)=O,[2H]c1c([2H])c([2H])c([2H])c([2H])c1[2H],1,59.5
[BH3-][N@+]1(C)CS[C@@H](C)SC1,[2H]C(Cl)(Cl)Cl,1,-8.5
C[C@H]1SC[N+](C)(C)[B-](C)(C)S1,[2H]C(Cl)(Cl)Cl,1,-3.6
COC(C)(C)C.[BH4-].[Li+],[2H]c1c([2H])c([2H])c([2H])c([2H])c1[2H],1,-39.7
[BH3-][N+](C)(C)C(C)C,[2H]C(Cl)(Cl)Cl,1,-12.29
Fc1c(F)c(F)c([B-](F)(F)F)c(F)c1F.[K+],[2H]C([2H])([2H])C(=O)C([2H])([2H])[2H],1,1.82
Fc1c(F)c(F)c([B-](F)(F)F)c(F)c1F.[K+],[2H]C([2H])([2H])C#N,1,1.81
Fc1c(F)c(F)c([B-](F)(F)F)c(F)c1F.[K+],[2H]OC([2H])([2H])[2H],1,2.06
C[N+](C)(C)C.F/C(=C(/F)C(F)(F)F)[B-](C(F)(F)F)(C(F)(F)F)C(F)(F)F,[2H]C([2H])([2H])C#N,1,-19.1
C[N+](C)(C)C.FC(F)(F)[B-]1(C(F)(F)F)C(F)(F)C1(F)C(F)(F)C(F)(F)F,[2H]C([2H])([2H])C#N,1,-24.6
O=[N+]([O-])[B-](C(F)(F)C(F)(F)F)(C(F)(F)C(F)(F)F)C(F)(F)C(F)(F)F.[K+],[2H]C([2H])([2H])C(=O)C([2H])([2H])[2H],1,-3.8
F[B-](F)(F)C(F)(F)C(F)(F)C(F)(F)C(F)(F)C(F)(F)C(F)(F)F.[K+],[2H]C([2H])([2H])C#N,1,-0.53
Clc1c(Cl)c(Cl)c2c(c1Cl)OBO2,[2H]C(Cl)(Cl)Cl,1,30.2
[BH3-]c1cc(F)c(F)c(F)c1F.[K+],[2H]C([2H])([2H])C(=O)C([2H])([2H])[2H],1,2.07
FC(F)(F)C(F)(F)[BH-](C(F)(F)C(F)(F)F)C(F)(F)C(F)(F)F.[K+],[2H]C([2H])([2H])C(=O)C([2H])([2H])[2H],1,-21.5
O[B-](C(F)(F)C(F)(F)F)(C(F)(F)C(F)(F)F)C(F)(F)C(F)(F)F.[K+],[2H]C([2H])([2H])C(=O)C([2H])([2H])[2H],1,-7.1
O[B-](F)(C(F)(F)C(F)(F)C(F)(F)F)C(F)(F)C(F)(F)C(F)(F)F.[K+],[2H]C([2H])([2H])C#N,1,-0.2
Fc1cc([B-](F)(F)F)cc(F)c1F.[K+],[2H]C([2H])([2H])C(=O)C([2H])([2H])[2H],1,2.67
Fc1cccc(F)c1B(Cl)Cl,[2H]c1c([2H])c([2H])c([2H])c([2H])c1[2H],1,54
[N-]=[N+]=NB(N=[N+]=[N-])c1c(F)cccc1F,[2H]c1c([2H])c([2H])c([2H])c([2H])c1[2H],1,36.5
OB(O)c1c(F)c(F)cc(F)c1F,[2H]C([2H])([2H])C(=O)C([2H])([2H])[2H],1,27.21
Fc1cccc(F)c1[B-](F)(F)F.[K+],[2H]C([2H])([2H])C(=O)C([2H])([2H])[2H],1,2.36
Clc1ccc2c(c1)OBO2,[2H]c1c([2H])c([2H])c([2H])c([2H])c1[2H],1,30.2
Fc1ccccc1B(Cl)Cl,[2H]c1c([2H])c([2H])c([2H])c([2H])c1[2H],1,53
[N-]=[N+]=NB(N=[N+]=[N-])c1ccccc1F,[2H]c1c([2H])c([2H])c([2H])c([2H])c1[2H],1,36
Fc1cccc2c1OBO2,[2H]c1c([2H])c([2H])c([2H])c([2H])c1[2H],1,29.2
F[B-](F)(F)c1ccc(I)cc1.[K+],[2H]C([2H])([2H])C(=O)C([2H])([2H])[2H],1,3.5
OB(O)c1c(F)cc(F)cc1F,[2H]C([2H])([2H])C(=O)C([2H])([2H])[2H],1,27.76
Fc1ccccc1[B-](F)(F)F.[K+],[2H]C([2H])([2H])C(=O)C([2H])([2H])[2H],1,3.01
Fc1ccccc1[B-](F)(F)F.[K+],[2H]C([2H])([2H])C#N,1,3.42
Fc1cccc([B-](F)(F)F)c1.[K+],[2H]C([2H])([2H])C(=O)C([2H])([2H])[2H],1,3.25
Fc1cccc([B-](F)(F)F)c1.[K+],[2H]C([2H])([2H])C#N,1,3.26
Fc1ccc([B-](F)(F)F)cc1.[K+],[2H]C([2H])([2H])C#N,1,3.7
OB(O)c1c(F)cccc1F,[2H]C([2H])([2H])C(=O)C([2H])([2H])[2H],1,28.06
FB(F)c1ccccc1.[Cs+].[F-],[2H]C([2H])([2H])C#N,1,5.4
OB(O)c1ccc(F)cc1,[2H]C([2H])([2H])C(=O)C([2H])([2H])[2H],1,28.53
[BH2-]1Sc2ccccc2S1.[Li+],[2H]C1([2H])OC([2H])([2H])C([2H])([2H])C1([2H])[2H],1,-11
C[NH+](C)[B-](C(F)(F)F)(C(F)(F)F)C(F)(Br)C(F)(F)Br,[2H]C([2H])([2H])C#N,1,-9.7
C[NH+](C)[B-](C(F)=C(F)F)(C(F)(F)F)C(F)(F)F,[2H]C(Cl)(Cl)Cl,1,-11.1
C[NH+](C)[B-](C(F)(F)F)(C(F)(F)F)C1(F)OC1(F)F,[2H]C(Cl)(Cl)Cl,1,-12.1
C[B-](C)([n+]1cc[nH]c1Br)[n+]1cc[nH]c1Br.[Cl-],[2H]C([2H])([2H])S(=O)C([2H])([2H])[2H],1,-8
C[NH+](C)C.FC(F)(F)[B-]1(C(F)(F)F)CCCCO1,[2H]C([2H])([2H])C(=O)C([2H])([2H])[2H],1,-8
C[NH+](C)[B-](S(=O)/N=C/C(F)(F)F)(C(F)(F)F)C(F)(F)F,[2H]C(Cl)(Cl)Cl,1,-4.5
C[N+]1([BH-](C#N)C(=O)O)C=CN=C1,[2H]O[2H],1,-18.8
CCCCC#C[B-](F)(F)F.[K+],[2H]C([2H])([2H])C(=O)C([2H])([2H])[2H],1,-1.8
COC(=O)/C=C/CC[B-](F)(F)F.[K+],[2H]C([2H])([2H])S(=O)C([2H])([2H])[2H],1,3.26
COC(=O)/C=C/CC[B-](F)(F)F.[K+],[2H]C(Cl)(Cl)Cl,1,3.38
C[N+](C)(C)[B-](C#N)(C#N)C#N,[2H]C(Cl)(Cl)Cl,1,8.54
C[N+](C)(C)[B-](C(=O)O)(C(F)(F)F)C(F)(F)F,[2H]C([2H])([2H])C(=O)C([2H])([2H])[2H],1,-10.8
CC/C(I)=C(\CC)B(I)I,[2H]C(Cl)(Cl)Cl,1,40
CC/C(I)=C(/CC)B(I)I,[2H]C(Cl)(Cl)Cl,1,43.5
[BH3-][NH2+]c1ccccc1,[2H]c1c([2H])c([2H])c([2H])c([2H])c1[2H],1,-16.2
S=C1SCCN1[BH2-]N1CCSC1=S.[Na+],[2H]C([2H])([2H])S(=O)C([2H])([2H])[2H],1,32.3
CCCC/C=C\B(F)F,[2H]C(Cl)(Cl)Cl,1,23.76
CCCC/C=C/B(F)F,[2H]C(Cl)(Cl)Cl,1,23.76
CCS(=O)(=O)N1S(=O)[N+](C)(C)[B-]1(C(F)(F)F)C(F)(F)F,[2H]C(Cl)(Cl)Cl,1,-3
[BH3-][NH2+]Nc1ccccc1,[2H]C([2H])(Cl)Cl,1,-17.9
N#C[BH-](C(=O)O)[NH+]1CCOCC1,[2H]O[2H],1,-16.3
C[N+](C)(C)[B-](Br)(Br)C(=O)OCC(F)(F)F,[2H]O[2H],1,19.08
ClB1CCCCCC1,[2H]C(Cl)(Cl)Cl,1,79
CC1(C)OB(Cl)OC1(C)C,[2H]C(Cl)(Cl)Cl,1,21
C[N+](C)(C)[B-](C(Cl)Cl)(C(Cl)Cl)C(Cl)Cl,[2H]C(Cl)(Cl)Cl,1,-4
CC[NH+](CC)[BH-](C(F)(F)F)C(F)(F)F,[2H]C(Cl)(Cl)Cl,1,-12.6
C[N+](C)(C)[B-](Br)(Br)C(=O)OCCCl,[2H]C(Cl)(Cl)Cl,1,0.79
[BH3-][n+]1cn(C)c(C)c1C,[2H]C(Cl)(Cl)Cl,1,-20.9
CC[NH+](CC)[BH-](C#N)C(=O)O,[2H]O[2H],1,-17.6
COC(=O)[BH-](C#N)[N+](C)(C)C,[2H]C(Cl)(Cl)Cl,1,-12.4
CC1(C)OBOC1(C)C,[2H]c1c([2H])c([2H])c(C([2H])([2H])[2H])c([2H])c1[2H],1,28.4
[BH2-]1CCCCCC1.[Li+],[2H]C1([2H])OC([2H])([2H])C([2H])([2H])C1([2H])[2H],1,-16.4
CCOC(=O)[B-](Br)(Br)[N+](C)(C)C,[2H]C(Cl)(Cl)Cl,1,0.93
COC(=O)[BH-](C(Cl)Cl)[N+](C)(C)C,[2H]C(Cl)(Cl)Cl,1,-4.5
COC(=O)[B-](Cl)(CCl)[N+](C)(C)C,[2H]C(Cl)(Cl)Cl,1,0
CC(B(Cl)C(C)[Si](C)(Cl)Cl)[Si](C)(Cl)Cl,[2H]c1c([2H])c([2H])c([2H])c([2H])c1[2H],1,69.4
CC(C)N(B(I)I)C(C)C,[2H]C(Cl)(Cl)Cl,1,-1
[BH3-]N1[C]N(C)C(C)=C1C.[Li+],[2H]c1c([2H])c([2H])c([2H])c([2H])c1[2H],1,-21.1
CC(C)C([NH2+][BH2-]C#N)C(N)=O,[2H]C([2H])([2H])S(=O)C([2H])([2H])[2H],1,-25.2
CC(O)C[N+](C)(C)[BH2-]C#N,[2H]C(Cl)(Cl)Cl,1,-10.56
CC(C)C(C(N)=O)[N+](C)(C)[BH2-]C(=O)O,[2H]C([2H])([2H])S(=O)C([2H])([2H])[2H],1,-26.3
[BH3-][N@+]12C[N@]3C[N@@](C1)C[P@@](=O)(C3)C2,[2H]C([2H])([2H])C(=O)C([2H])([2H])[2H],1,-12.2
[BH3-][N@+]12C[N@]3C[N@](C[P@@](C3)C1)C2,[2H]C([2H])([2H])C(=O)C([2H])([2H])[2H],1,-10.55
CCCCB(OS(C)(=O)=O)OS(C)(=O)=O,[2H]c1c([2H])c([2H])c([2H])c([2H])c1[2H],1,26
BN(C(C)C)C(C)C,[2H]C(Cl)(Cl)Cl,1,35
BN(C(C)C)C(C)C,[2H]C1([2H])OC([2H])([2H])C([2H])([2H])C1([2H])[2H],1,35
[BH3-]N(C(C)C)C(C)C.[Li+],[2H]C1([2H])OC([2H])([2H])C([2H])([2H])C1([2H])[2H],1,-23.64
[BH3-][NH+](CCC)C(C)C,[2H]C(Cl)(Cl)Cl,1,-18.32
[BH3-][N+](C)(C)C(C)(C)C,[2H]C(Cl)(Cl)Cl,1,-13.24
[BH3-][N+]1(C)CN(C)CN(C)C1,[2H]C(Cl)(Cl)Cl,1,-12.6
CCOCC.CC[O-].[BH4-].[Mg+2],[2H]c1c([2H])c([2H])c([2H])c([2H])c1[2H],1,-42.6
CC[O-].COCCOC.[BH4-].[Mg+2],[2H]C1([2H])OC([2H])([2H])C([2H])([2H])C1([2H])[2H],1,-41.2
CC([SiH3])B(CC[SiH3])C(C)[SiH3],[2H]c1c([2H])c([2H])c([2H])c([2H])c1[2H],1,79.7
[2H]C([2H])([2H])OB1Oc2ccccc2O1,[2H]OC([2H])([2H])[2H],1,19
O=Cc1ccccc1[B-](F)(F)F.[K+],[2H]C([2H])([2H])S(=O)C([2H])([2H])[2H],1,6.94
O=Cc1cccc([B-](F)(F)F)c1.[K+],[2H]C([2H])([2H])C(=O)C([2H])([2H])[2H],1,3.39
CCCC[N+](CCCC)(CCCC)CCCC.O=Cc1ccc([B-](F)(F)F)cc1,[2H]C(Cl)(Cl)Cl,1,3.34
CCCC[N+](CCCC)(CCCC)CCCC.O=Cc1ccc([B-](F)(F)F)cc1,[2H]C([2H])([2H])S(=O)C([2H])([2H])[2H],1,1.67
F[B-](F)(F)c1ccccc1CCl.[K+],[2H]C([2H])([2H])C(=O)C([2H])([2H])[2H],1,3.6
F[B-](F)(F)c1cccc(CCl)c1.[K+],[2H]C([2H])([2H])C(=O)C([2H])([2H])[2H],1,3.55
F[B-](F)(F)c1ccc(CCl)cc1.[K+],[2H]C([2H])([2H])C(=O)C([2H])([2H])[2H],1,3.67
OB1ON=Cc2ccccc21,[2H]C([2H])([2H])C#N,1,28.8
OB1ON=Cc2ccccc21,[2H]OC([2H])([2H])[2H],1,24.6
N#C[BH-]1C(=O)Nc2cccc[n+]21,[2H]O[2H],1,-17.6
F[B-](F)(F)Cc1ccccc1.[Cs+],[2H]C([2H])([2H])C#N,1,3.7
COc1ccc([B-](F)(F)F)cc1.[K+],[2H]C([2H])([2H])C(=O)C([2H])([2H])[2H],1,4.4
OB1NN=Cc2ccccc21,[2H]C([2H])([2H])C#N,1,28.2
OB1NN=Cc2ccccc21,[2H]OC([2H])([2H])[2H],1,27.7
OB1NN=Cc2ccccc21,[2H]O[2H],1,27.5
N#C[BH-](C(=O)O)[n+]1ccccc1,[2H]O[2H],1,-13.6
N#C[BH-](C(=O)[O-])[n+]1ccccc1N.[Na+],[2H]O[2H],1,-16.6
Cc1ccc2c(c1)OBO2,[2H]c1c([2H])c([2H])c([2H])c([2H])c1[2H],1,29.5
OB1OCc2ccccc21,[2H]C(Cl)(Cl)Cl,1,33.2
CSc1ccc2c(c1)OBO2,[2H]c1c([2H])c([2H])c([2H])c([2H])c1[2H],1,29.5
O=Cc1ccccc1B(O)O,[2H]C([2H])([2H])C#N,1,29.9
O=Cc1ccccc1B(O)O,[2H]OC([2H])([2H])[2H],1,30.9
O=Cc1ccccc1B(O)O,[2H]O[2H],1,30.3
N#C[BH-](C(=O)O)[n+]1cccc(N)c1,[2H]O[2H],1,-13.7
N#C[BH-](C(=O)O)[n+]1ccc(N)cc1,[2H]O[2H],1,-14.8
C[N+](C)(C)[B-](C(F)(F)F)(C(F)(F)F)C(F)(Br)C(F)(F)Br,[2H]C([2H])([2H])C#N,1,-7.4
[BH3-][PH2+]c1ccc(C(F)(F)F)cc1,[2H]c1c([2H])c([2H])c([2H])c([2H])c1[2H],1,-33.6
C[N+](C)(C)[B-](C(F)=C(F)F)(C(F)(F)F)C(F)(F)F,[2H]C(Cl)(Cl)Cl,1,-9
C[N+](C)(C)[B-](C(F)(F)F)(C(F)(F)F)C1(F)OC1(F)F,[2H]C(Cl)(Cl)Cl,1,-9.6
C[Si](C)(C)C#[N+][B-](C#N)(C#N)C#N,[2H]C([2H])([2H])C#N,1,67.52
N#CCC/C=C/CC[B-](F)(F)F.[K+],[2H]C([2H])([2H])C(=O)C([2H])([2H])[2H],1,4.43
C#C[B-](C(F)(F)F)(C(F)(F)F)[N+](C)(C)C,[2H]C(Cl)(Cl)Cl,1,-11
C#CC[N+](C)(C)[BH-](C(F)(F)F)C(F)(F)F,[2H]C(Cl)(Cl)Cl,1,-9
C[NH+](C)C.FC(F)(F)[B-]1(C(F)(F)F)CCCCCO1,[2H]C([2H])([2H])C(=O)C([2H])([2H])[2H],1,-6.1
C[NH+](C)C.F[B-](F)(F)C1(C(F)(F)F)CCCCCO1,[2H]C([2H])([2H])C(=O)C([2H])([2H])[2H],1,1.9
COC(=O)[BH-](C#N)[N+]1(C)C=CN=C1,[2H]C(Cl)(Cl)Cl,1,-18.1
CCCC[N+](CCCC)(CCCC)CCCC.O=CCCC(CC=O)C[B-](F)(F)F,[2H]C(Cl)(Cl)Cl,1,4.38
CC[NH+](CC)[B-](C#N)(C(F)(F)F)C(F)(F)F,[2H]C([2H])([2H])C#N,1,-13.8
[BH3-]C[P+](C)(C)[Fe-5]([C+]=O)([C+]=O)([C+]=O)[C+]=O.[Li+],[2H]C(Cl)(Cl)Cl,1,-33.86
C=C[B-](C(F)(F)F)(C(F)(F)F)[N+](C)(C)C,[2H]C(Cl)(Cl)Cl,1,-7.7
CS[B-](C#N)(C#N)[N+]#C[Si](C)(C)C,[2H]C(Cl)(Cl)Cl,1,0.34
C=S1N(S(=C)(=C)C(C)C)[B-](C(F)(F)F)(C(F)(F)F)[N+]1(C)C,[2H]C(Cl)(Cl)Cl,1,-3.3
C[N+](C)(C)[BH2-][PH2+][Fe-5]([C+]=O)([C+]=O)([C+]=O)[C+]=O,[2H]c1c([2H])c([2H])c([2H])c([2H])c1[2H],1,-8.5
COC(=O)[BH-](C#N)[NH+]1CCOCC1,[2H]C(Cl)(Cl)Cl,1,-15.5
Cn1cn[n+](N)c1.[BH2-](n1cncn1)n1cncn1,[2H]C([2H])([2H])S(=O)C([2H])([2H])[2H],1,-6.3
ClB1CCCCCCC1,[2H]C(Cl)(Cl)Cl,1,78.3
COC(=O)[B-](C(Cl)Cl)(C(Cl)Cl)[N+](C)(C)C,[2H]C(Cl)(Cl)Cl,1,-4.8
[N-]=[N+]=NB1CCCCCCC1,[2H]C(Cl)(Cl)Cl,1,64.3
[BH3-][P+]1(CC=C)CC=CC1,[2H]C(Cl)(Cl)Cl,1,-36.05
C=CCC[N+](C)(C)[BH2-]C#N,[2H]C(Cl)(Cl)Cl,1,-15.87
CC#CB(N(C)C)N(C)C,[2H]C(Cl)(Cl)Cl,1,23.8
[BH3-][n+]1c(C)c(C)n(C)c1C,[2H]c1c([2H])c([2H])c([2H])c([2H])c1[2H],1,-22.4
CC[NH+](CC)[BH-](C#N)C(=O)OC,[2H]C(Cl)(Cl)Cl,1,-16.7
CN(C)B(N(C)C)n1ccnc1,[2H]C(Cl)(Cl)Cl,1,1.3
CC[N+](CC)(CC)[BH-](Br)C(Cl)Cl,[2H]C(Cl)(Cl)Cl,1,0.4
CC(C)OC(=O)[B-](Br)(Br)[N+](C)(C)C,[2H]C(Cl)(Cl)Cl,1,0.91
CC[N+](CC)(CC)[BH-](Cl)C(Cl)Cl,[2H]C(Cl)(Cl)Cl,1,1.6
CCCC[N+](C)(C)[BH2-]C#N,[2H]C(Cl)(Cl)Cl,1,-15.98
CC(C)(O)C[N+](C)(C)[BH2-]C#N,[2H]C(Cl)(Cl)Cl,1,-13.55
CCCB(CCC)OS(C)(=O)=O,[2H]c1c([2H])c([2H])c([2H])c([2H])c1[2H],1,58.4
CC(B(N[Si](C)(C)C)C(C)[Si](Cl)(Cl)Cl)[Si](Cl)(Cl)Cl,[2H]C(Cl)(Cl)Cl,1,43.6
C[Si](C)(C)NB1CCCC1,[2H]c1c([2H])c([2H])c([2H])c([2H])c1[2H],1,57.6
C1CCOC1.CC(C)[O-].[BH4-].[Mg+2],[2H]c1c([2H])c([2H])c([2H])c([2H])c1[2H],1,-42.1
C[N+](C)([BH2-]C#N)C[Si](C)(C)C,[2H]C(Cl)(Cl)Cl,1,-14.94
[BH3-][NH2+]CCCCCCC,[2H]c1c([2H])c([2H])c([2H])c([2H])c1[2H],1,-20
[BH3-][N+](C)(C(C)C)C(C)C,[2H]C1([2H])OC([2H])([2H])C([2H])([2H])C1([2H])[2H],1,-16
[BH3-][N+](C)(CCCC)C(C)C,[2H]C(Cl)(Cl)Cl,1,-18.31
CN(C)B(CP(C)C)N(C)C,[2H]C(Cl)(Cl)Cl,1,31.05
CC(C)[O-].CCOCC.[BH4-].[Mg+2],[2H]c1c([2H])c([2H])c([2H])c([2H])c1[2H],1,-43.7
CCOCC.COCC[O-].[BH4-].[Mg+2],[2H]C1([2H])OC([2H])([2H])C([2H])([2H])C1([2H])[2H],1,-35.9
CC(C)[O-].COCCOC.[BH4-].[Mg+2],[2H]c1c([2H])c([2H])c([2H])c([2H])c1[2H],1,-41.3
Fc1c(F)c(F)c(C#C[B-](F)(F)F)c(F)c1F.[K+],[2H]C([2H])([2H])C#N,1,-1.9
Fc1c(F)c(F)c([B-](F)(C(F)(F)F)C(F)(F)F)c(F)c1F,[2H]C(Cl)(Cl)Cl,1,-3.8
F/C(C#C[B-](F)(F)F)=C(/F)C(F)(F)C(F)(F)C(F)(F)C(F)(F)F.[K+],[2H]C([2H])([2H])C#N,1,-2.1
F/C(C#C[B-](F)(F)F)=C(\F)C(F)(F)C(F)(F)C(F)(F)C(F)(F)F.[K+],[2H]C([2H])([2H])C#N,1,-2.2
F[B-](F)(F)C#CC(F)(F)C(F)(F)C(F)(F)C(F)(F)C(F)(F)C(F)(F)F.[K+],[2H]C([2H])([2H])C#N,1,-2.5
FB(F)/C(F)=C(\F)C(F)(F)C(F)(F)C(F)(F)C(F)(F)C(F)(F)C(F)(F)F,[2H]c1c([2H])c([2H])c(C([2H])([2H])[2H])c([2H])c1[2H],1,20.66
FC(F)(F)c1cccc(C(F)(F)F)c1B(Cl)Cl,[2H]C(Cl)(Cl)Cl,1,57.5
F[B-](F)(F)CCC(F)(F)C(F)(F)C(F)(F)C(F)(F)C(F)(F)C(F)(F)F.[K+],[2H]C([2H])([2H])C(=O)C([2H])([2H])[2H],1,5
OB(O)c1c(C(F)(F)F)cccc1C(F)(F)F,[2H]C(Cl)(Cl)Cl,1,26.7
F[B-](c1ccccc1)(C(F)(F)F)C(F)(F)F.[K+],[2H]C(Cl)(Cl)Cl,1,-3.6
C#CB1Oc2ccccc2S1,[2H]C(Cl)(Cl)Cl,1,38
C#CB1Oc2ccccc2O1,[2H]C(Cl)(Cl)Cl,1,24.1
C#CB1Sc2ccccc2S1,[2H]C(Cl)(Cl)Cl,1,47
C=Cc1ccc([B-](F)(F)F)cc1.CCCC[N+](CCCC)(CCCC)CCCC,[2H]C([2H])([2H])C(=O)C([2H])([2H])[2H],1,2.45
F[B-](F)(F)C1OC1c1ccccc1.[K+],[2H]C([2H])([2H])S(=O)C([2H])([2H])[2H],1,3.92
COc1ccc([B-](F)(F)F)cc1C=O.[K+],[2H]C([2H])([2H])S(=O)C([2H])([2H])[2H],1,1.37
CCCC[N+](CCCC)(CCCC)CCCC.COC(=O)/C=C/c1cc([B-](F)(F)F)cs1,[2H]C(Cl)(Cl)Cl,1,0.87
CCCC[N+](CCCC)(CCCC)CCCC.COC(=O)/C=C/c1ccc([B-](F)(F)F)o1,[2H]C(Cl)(Cl)Cl,1,-0.72
C[NH+](C)[B-](C(F)(F)C(F)(F)F)(C(F)(F)C(F)(F)F)C(F)(F)C(F)(F)F,[2H]C(Cl)(Cl)Cl,1,-9.1
F[B-](F)(F)C(Cl)Cc1ccccc1.[Cs+],[2H]C([2H])([2H])C#N,1,5.2
NC1Nc2[nH]c3ccccc3[n+]2[B-](F)(F)N1,[2H]C([2H])([2H])S(=O)C([2H])([2H])[2H],1,0.8
COB1ON=Cc2ccccc21,[2H]C([2H])([2H])C#N,1,32.9
F[B-](F)(F)CCc1ccccc1.[Cs+],[2H]C([2H])([2H])C#N,1,4.6
C[N+](C)(C)[B-](/C(F)=C(/F)C(F)(F)F)(C(F)(F)F)C(F)(F)F,[2H]C(Cl)(Cl)Cl,1,-8.4
C[N+](C)(C)[B-](/C(F)=C(\F)C(F)(F)F)(C(F)(F)F)C(F)(F)F,[2H]C([2H])([2H])C#N,1,-9.2
C[N+](C)(C)[B-](/C(F)=C(\F)C(F)(F)F)(C(F)(F)F)C(F)(F)F,[2H]C(Cl)(Cl)Cl,1,-8.4
C=CB1Nc2ccccc2N1,[2H]C(Cl)(Cl)Cl,1,27.2
CN1N=Cc2ccccc2B1O,[2H]C([2H])([2H])C#N,1,28
CN1N=Cc2ccccc2B1O,[2H]OC([2H])([2H])[2H],1,27.4
CN1N=Cc2ccccc2B1O,[2H]O[2H],1,26.8
COC(=O)[BH-](C#N)[n+]1ccccc1,[2H]C(Cl)(Cl)Cl,1,-12.9
NC1=N[B-](O)(O)n2c(nc3ccccc32)N1.[K+],[2H]C([2H])([2H])S(=O)C([2H])([2H])[2H],1,-1
CB(Br)c1ccc(C)cc1,[2H]C(Cl)(Cl)Cl,1,70.5
CN(Cc1ccccc1)B(Cl)Cl,[2H]C(Cl)(Cl)Cl,1,31.4
CCN(B(Cl)Cl)c1ccccc1,[2H]C(Cl)(Cl)Cl,1,31.4
C[N+]1=Cc2ccccc2[B-](O)(O)O1,[2H]O[2H],1,4.3
COC(=O)[BH-](C#N)[n+]1ccc(N)cc1,[2H]C([2H])([2H])S(=O)C([2H])([2H])[2H],1,-14
COC(=O)[BH-](C#N)[n+]1cccc(N)c1,[2H]C(Cl)(Cl)Cl,1,-13
COC(=O)[BH-](C#N)[n+]1ccccc1N,[2H]O[2H],1,-17.2
NC1=Nc2[nH]c3ccccc3[n+]2[BH2-]N1,[2H]C([2H])([2H])S(=O)C([2H])([2H])[2H],1,-12
NC1=Nc2[nH]c3ccccc3[n+]2[B-](O)(O)N1,[2H]C([2H])([2H])S(=O)C([2H])([2H])[2H],1,1.8
C[NH+](C)[B-](C(F)(F)F)(C(F)(F)F)C1(C#N)CC1,[2H]C([2H])([2H])C#N,1,-8.7
C[N+]1(C)CCC(C#N)[B-]1(C(F)(F)F)C(F)(F)F,[2H]C([2H])([2H])C#N,1,-5.2
C[N+]1(C)CCC(C=O)[B-]1(C(F)(F)F)C(F)(F)F,[2H]C([2H])([2H])C#N,1,-4.9
Cn1cc[n+]([BH2-]n2cccc2)c1,[2H]C1([2H])OC([2H])([2H])C([2H])([2H])C1([2H])[2H],1,-7.8
[BH3-][n+]1c(N=C(N)N)[nH]c2ccccc21,[2H]C([2H])([2H])S(=O)C([2H])([2H])[2H],1,-20.5
C[N+](C)(C)[BH2-][AsH2+][W-6]([C+]=O)([C+]=O)([C+]=O)([C+]=O)[C+]=O,[2H]c1c([2H])c([2H])c([2H])c([2H])c1[2H],1,-7
C=CC/C(=C\B(Cl)Cl)CCC,[2H]C(Cl)(Cl)Cl,1,51.09
CCCC1=CB(Cl)CC(Cl)C1,[2H]C(Cl)(Cl)Cl,1,64.84
C[N+](C)(C)[BH2-][PH2+][W-6]([C+]=O)([C+]=O)([C+]=O)([C+]=O)[C+]=O,[2H]c1c([2H])c([2H])c([2H])c([2H])c1[2H],1,-7.6
CCNC(=O)[BH2-][n+]1ccccc1,[2H]c1c([2H])c([2H])c([2H])c([2H])c1[2H],1,-14.21
[BH3-]P(=O)([O-])COCCn1cnc2c(N)ncnc21,[2H]C([2H])([2H])S(=O)C([2H])([2H])[2H],1,-31.4
C=CC[B-](C(F)(F)F)(C(F)(F)F)[N+](C)(C)C,[2H]C(Cl)(Cl)Cl,1,-6.6
CC(C)C1[B-](C(F)(F)F)(C(F)(F)F)[N+]1(C)C,[2H]C(Cl)(Cl)Cl,1,-17.3
COC(=O)C(C)([NH+](C)C)[B-](O)(C(F)(F)F)C(F)(F)F,[2H]C([2H])([2H])C#N,1,-7.4
[BH2-](n1cccc1)[O+]1CCCC1,[2H]C1([2H])OC([2H])([2H])C([2H])([2H])C1([2H])[2H],1,4.3
CC[Si](C#C[B-](F)(F)F)(CC)CC.[K+],[2H]C([2H])([2H])C(=O)C([2H])([2H])[2H],1,-2.4
CC[Si](CC)(CC)/C(F)=C(\F)[B-](F)(F)F.[K+],[2H]C([2H])([2H])C(=O)C([2H])([2H])[2H],1,0.31
COC(=O)[BH-](C#N)[NH+]1CCCCC1,[2H]C(Cl)(Cl)Cl,1,-15.4
COC(=O)[BH-](C#N)[N+]1(C)CCOCC1,[2H]C(Cl)(Cl)Cl,1,-13.6
[BH2-]1C2CCCC1CCC2.[Li+],[2H]c1c([2H])c([2H])c([2H])c([2H])c1[2H],1,-16.6
BrB(N1CCCC1)N1CCCC1,[2H]C(Cl)(Cl)Cl,1,24.5
COB1CCCCCCC1Cl,[2H]C(Cl)(Cl)Cl,1,49.8
C[N+](C)(C)[B-](CCCO)(C(F)(F)F)C(F)(F)F,[2H]C(Cl)(Cl)Cl,1,-6
CC(C)C([NH+](C)C)[B-](O)(C(F)(F)F)C(F)(F)F,[2H]C([2H])([2H])C#N,1,-9.2
COB1CCCCCCC1,[2H]C(Cl)(Cl)Cl,1,56.1
CCB(CC)OCCCCBr,[2H]c1c([2H])c([2H])c([2H])c([2H])c1[2H],1,53.2
CCC(C)OC(=O)[B-](Br)(Br)[N+](C)(C)C,[2H]C(Cl)(Cl)Cl,1,-2.69
CC(C)COC(=O)[B-](Br)(Br)[N+](C)(C)C,[2H]C(Cl)(Cl)Cl,1,-3.51
CC1(C)OB([Si](C)(C)Cl)OC1(C)C,[2H]C(Cl)(Cl)Cl,1,32.4
CC1(C)OB([Si](C)(C)F)OC1(C)C,[2H]C(Cl)(Cl)Cl,1,32.3
CC(C)(C)[BH2-]C(C)(C)C.[Li+],[2H]c1c([2H])c([2H])c([2H])c([2H])c1[2H],1,-2.8
[BH3-][N+](C)(C)C1CCCCC1,[2H]C1([2H])OC([2H])([2H])C([2H])([2H])C1([2H])[2H],1,-11.35
CCB(CC)NC(C)(C)C,[2H]c1c([2H])c([2H])c(C([2H])([2H])[2H])c([2H])c1[2H],1,46.5
CC1CCB(N[Si](C)(C)C)C1,[2H]c1c([2H])c([2H])c([2H])c([2H])c1[2H],1,57.6
CB(Br)C(Br)([Si](C)(C)C)[Si](C)(C)C,[2H]C(Cl)(Cl)Cl,1,73.5
CB(Cl)C(P(Cl)Cl)([Si](C)(C)C)[Si](C)(C)C,[2H]C(Cl)(Cl)Cl,1,70.6
[BH3-][NH+](CCCC)C(C)(C)C,[2H]C(Cl)(Cl)Cl,1,-20.26
CC[O-].COCCOCCOC.[BH4-].[Mg+2],[2H]c1c([2H])c([2H])c([2H])c([2H])c1[2H],1,-42.3
FC(F)(F)c1cc(C(F)(F)F)c(B(Cl)Cl)c(C(F)(F)F)c1,[2H]C(Cl)(Cl)Cl,1,56.8
N#C/C=C/c1ccc([B-](F)(F)F)cc1.[K+],[2H]C([2H])([2H])S(=O)C([2H])([2H])[2H],1,2.42
N#C/C=C/c1ccc([B-](F)(F)F)cc1.[K+],[2H]C(Cl)(Cl)Cl,1,1.69
F[B-](Cc1ccccc1)(C(F)(F)F)C(F)(F)F.[K+],[2H]C(Cl)(Cl)Cl,1,-3.3
C#CB1Oc2ccc(C)cc2O1,[2H]C(Cl)(Cl)Cl,1,24.3
C#CB1Sc2ccc(C)cc2S1,[2H]C(Cl)(Cl)Cl,1,48
ClB1C=CCc2ccccc21,[2H]c1c([2H])c([2H])c([2H])c([2H])c1[2H],1,53.6
N#CCCC=Cc1ccc([B-](F)(F)F)o1.[K+],[2H]C([2H])([2H])S(=O)C([2H])([2H])[2H],1,-0.42
N#CCCC=Cc1cc([B-](F)(F)F)cs1.[K+],[2H]C([2H])([2H])C(=O)C([2H])([2H])[2H],1,2.61
C/C=C/c1ccc([B-](F)(F)F)cc1.[K+],[2H]C([2H])([2H])S(=O)C([2H])([2H])[2H],1,1.92
C=CC(O)c1ccc([B-](F)(F)F)cc1.[K+],[2H]C([2H])([2H])C(=O)C([2H])([2H])[2H],1,3.77
C[N+](C)(C)[B-](C(F)(F)C(F)(F)F)(C(F)(F)C(F)(F)F)C(F)(F)C(F)(F)F,[2H]C(Cl)(Cl)Cl,1,-5.1
CB(c1cccs1)c1cccs1,[2H]c1c([2H])c([2H])c([2H])c([2H])c1[2H],1,57
O=[C+][Re-3]1([C+]=O)([C+]=O)=S=C2SCCN2[BH2-]N2CCSC2=S=1,[2H]C(Cl)(Cl)Cl,1,36.1
CC(C)c1ccc(B(Br)Br)cc1,[2H]c1c([2H])c([2H])c([2H])c([2H])c1[2H],1,55.8
CCC(O)c1ccc([B-](F)(F)F)cc1.[K+],[2H]C([2H])([2H])S(=O)C([2H])([2H])[2H],1,3.37
F[B-](F)(F)CCCSc1ccccc1.[K+],[2H]C([2H])([2H])S(=O)C([2H])([2H])[2H],1,5.73
O=S(=O)(CCC[B-](F)(F)F)c1ccccc1.[K+],[2H]C([2H])([2H])S(=O)C([2H])([2H])[2H],1,4.91
[BH2-](n1cccc1)[n+]1ccccc1,[2H]C1([2H])OC([2H])([2H])C([2H])([2H])C1([2H])[2H],1,-3.2
CCOB(Br)c1ccc(C)cc1,[2H]C(Cl)(Cl)Cl,1,38.4
C[N+]1(C)Cc2ccccc2[B-]1(Br)Br,[2H]c1c([2H])c([2H])c([2H])c([2H])c1[2H],1,20.46
C[N+]1(C)Cc2ccccc2O[B-]1(Cl)Cl,[2H]c1c([2H])c([2H])c([2H])c([2H])c1[2H],1,7.3
C[N+]1(C)Cc2ccccc2[B-]1(F)F,[2H]C(Cl)(Cl)Cl,1,0.76
Cn1c2[n+](c3ccccc31)[BH2-]NC(N)=N2,[2H]C([2H])([2H])S(=O)C([2H])([2H])[2H],1,-10.5
C[P+](C)(C)[B-]1(Cl)Oc2ccccc2O1,[2H]c1c([2H])c([2H])c(C([2H])([2H])[2H])c([2H])c1[2H],1,11.1
CB(Cl)c1ccccc1[Sn](C)(C)Cl,[2H]c1c([2H])c([2H])c([2H])c([2H])c1[2H],1,38.7
C[Si](C)(C)c1ccc([B-](F)(F)F)cc1.[K+],[2H]C([2H])([2H])C(=O)C([2H])([2H])[2H],1,3.59
C[Si](C)(C)c1cccc([B-](F)(F)F)c1,[2H]C([2H])([2H])C(=O)C([2H])([2H])[2H],1,3.72
C[N+]1(C)CCCC(C#N)[B-]1(C(F)(F)F)C(F)(F)F,[2H]C([2H])([2H])C#N,1,-7.9
OB(O)CCCSc1ccccc1,[2H]C(Cl)(Cl)Cl,1,33.5
CN(C)B(Cl)C[P+](C)(C)[Fe-5]([C+]=O)([C+]=O)([C+]=O)[C+]=O,[2H]C(Cl)(Cl)Cl,1,35.12
[BH3-][N+](C)(C)Cc1c(Cl)cccc1Cl,[2H]C1([2H])OC([2H])([2H])C([2H])([2H])C1([2H])[2H],1,-5.67
CCOC(=O)C1(C)[B-](C(F)(F)F)(C(F)(F)F)[N+]1(C)C,[2H]C([2H])(Cl)Cl,1,-17.1
COB(C[P+](C)(C)[Fe-5]([C+]=O)([C+]=O)([C+]=O)[C+]=O)OC,[2H]C(Cl)(Cl)Cl,1,28
C[N+]1(C)[BH2-]Oc2ccccc2C1,[2H]c1c([2H])c([2H])c([2H])c([2H])c1[2H],1,1.8
C[BH-](n1ccn(C)c1=S)n1ccn(C)c1=S.[Li+],[2H]C([2H])([2H])C#N,1,39.35
[BH3-][n+]1c(N=C(N)N)n(C)c2ccccc21,[2H]C([2H])([2H])S(=O)C([2H])([2H])[2H],1,-21.8
C[n+]1cnn(N)c1.c1ncn([BH-](n2cncn2)n2cncn2)n1,[2H]C([2H])([2H])S(=O)C([2H])([2H])[2H],1,-0.38
[BH3-][N+](C)(C)Cc1ccc(Br)cc1,[2H]C1([2H])OC([2H])([2H])C([2H])([2H])C1([2H])[2H],1,-2.67
C[NH+](C)[B-](Cl)(Cl)C[P+](C)(C)[Fe-5]([C+]=O)([C+]=O)([C+]=O)[C+]=O,[2H]C(Cl)(Cl)Cl,1,7.17
CN(C)[B-](C#[N+]C(C)(C)C)(C(F)(F)F)C(F)(F)F,[2H]C([2H])(Cl)Cl,1,-6
C[N+](C)([BH2-]C#N)CC(O)c1ccco1,[2H]C(Cl)(Cl)Cl,1,-13.2
[BH3-]P(=O)([O-])COC(C)Cn1cnc2c(N)ncnc21,[2H]C([2H])([2H])S(=O)C([2H])([2H])[2H],1,-34.1
Cn1cc[n+](C)c1.[BH2-](n1cncn1)n1cncn1,[2H]C([2H])([2H])S(=O)C([2H])([2H])[2H],1,-6.29
Cn1nn[n+](C)c1N.c1ncn([BH-](n2cncn2)n2cncn2)n1,[2H]C([2H])([2H])S(=O)C([2H])([2H])[2H],1,-0.39
CCn1c(C)c(C)n(CC)[c+]1[B-](F)(F)F,[2H]C([2H])(Cl)Cl,1,1.48
C=CCC[B-](C(F)(F)F)(C(F)(F)F)[N+](C)(C)C,[2H]C(Cl)(Cl)Cl,1,-6.1
CC(C)(C)C1[B-](C(F)(F)F)(C(F)(F)F)[N+]1(C)C,[2H]C([2H])(Cl)Cl,1,-17.2
[BH3-][N+](C)(C)Cc1ccccc1,[2H]C(Cl)(Cl)Cl,1,-9.46
CN(C)B(C1=CC=CC1)N(C)C.[Li+],[2H]C(Cl)(Cl)Cl,1,30
CCCC[N+](CCCC)(CCCC)CCCC.O=CCCCCCCCC[B-](F)(F)F,[2H]C(Cl)(Cl)Cl,1,5.35
C=C(C)/C=C/B1N(C)CCN1C,[2H]c1c([2H])c([2H])c([2H])c([2H])c1[2H],1,30
CC1(C)CCCCCCB1Cl,[2H]C(Cl)(Cl)Cl,1,76.6
CB(Cl)C1(C)CCCCCC1,[2H]C(Cl)(Cl)Cl,1,77.6
C[N+](C)(C)[B-](CCCCO)(C(F)(F)F)C(F)(F)F,[2H]C(Cl)(Cl)Cl,1,-6.1
C[NH+](C)C([B-](O)(C(F)(F)F)C(F)(F)F)C(C)(C)C,[2H]C([2H])([2H])C#N,1,-7.8
C[B-]#[N+]C1(C)CCCCCC1,[2H]C(Cl)(Cl)Cl,1,2.4
CC1(C)CCCCCCB1N=[N+]=[N-],[2H]C(Cl)(Cl)Cl,1,64.8
CB(N=[N+]=[N-])C1(C)CCCCCC1,[2H]C(Cl)(Cl)Cl,1,63.4
[BH3-][P+](CC=C)(CC=C)CC=C,[2H]C(Cl)(Cl)Cl,1,-37.6
CC[B-](CC)(CC)[n+]1ccc[nH]1,[2H]C(Cl)(Cl)Cl,1,0
[BH3-][c+]1n(CC)c(C)c(C)n1CC,[2H]C([2H])(Cl)Cl,1,-34.9
CC(C)CCOC(=O)[B-](Br)(Br)[N+](C)(C)C,[2H]C(Cl)(Cl)Cl,1,-2.27
CC(B(CC[Si](C)(Cl)Cl)C(C)[Si](C)(Cl)Cl)[Si](C)(Cl)Cl,[2H]c1c([2H])c([2H])c([2H])c([2H])c1[2H],1,80
[BH3-][n+]1c(C)c(C)n(C)c1[Si](C)(C)C,[2H]c1c([2H])c([2H])c([2H])c([2H])c1[2H],1,-19.7
[BH3-][n+]1c(C)c(C)n(C)c1[Sn](C)(C)C,[2H]c1c([2H])c([2H])c([2H])c([2H])c1[2H],1,-19.9
CN1N=NN(C(C)(C)C)B1C(C)(C)C,[2H]C(Cl)(Cl)Cl,1,27.5
CCCCB(CCCC)OS(C)(=O)=O,[2H]c1c([2H])c([2H])c([2H])c([2H])c1[2H],1,59.2
CO[Si](C)(C)B1OC(C)(C)C(C)(C)O1,[2H]C(Cl)(Cl)Cl,1,33.1
CCN(CC)B1CCC[Si]1(C)C,[2H]c1c([2H])c([2H])c([2H])c([2H])c1[2H],1,54.3
CC(B(N[Si](C)(C)C)C(C)[Si](C)(Cl)Cl)[Si](C)(Cl)Cl,[2H]C(Cl)(Cl)Cl,1,45.1
[BH3-][N+](CCC)(CCC)C(C)C,[2H]C(Cl)(Cl)Cl,1,-14.03
C[Si](C)(C)[Sb+]([B-](Br)(Br)Br)([Si](C)(C)C)[Si](C)(C)C,[2H]c1c([2H])c([2H])c(C([2H])([2H])[2H])c([2H])c1[2H],1,-24.71
C[Si](C)(C)[Sb+]([B-](Cl)(Cl)Cl)([Si](C)(C)C)[Si](C)(C)C,[2H]c1c([2H])c([2H])c(C([2H])([2H])[2H])c([2H])c1[2H],1,5.35
[BH3-][P+](C)(C)[C-]([Si](C)(C)C)[Si](C)(C)C.[Na+],[2H]c1c([2H])c([2H])c(C([2H])([2H])[2H])c([2H])c1[2H],1,-28.8
C[SiH2]CCB(C(C)[SiH2]C)C(C)[SiH2]C,[2H]c1c([2H])c([2H])c([2H])c([2H])c1[2H],1,80.3
[BH3-][P+](C)(C)C([Si](C)(C)C)[Si](C)(C)C,[2H]C(Cl)(Cl)Cl,1,-33.3
Fc1nc(F)c(F)c([B-](F)(F)c2c(F)c(F)nc(F)c2F)c1F.[K+],[2H]C([2H])([2H])C#N,1,2.3
ClB1Oc2cc3ccccc3cc2O1,[2H]C(Cl)(Cl)Cl,1,29.9
CO[B-](OC)(C(F)(F)C(F)(F)C(F)(F)C(F)(F)F)C(F)(F)C(F)(F)C(F)(F)C(F)(F)F.[K+],[2H]C([2H])([2H])C#N,1,-1.2
B1Oc2cc3ccccc3cc2O1,[2H]C(Cl)(Cl)Cl,1,29.2
B1Oc2cccc3cccc(c23)O1,[2H]C(Cl)(Cl)Cl,1,26.5
CC(=O)/C=C/c1ccc([B-](F)(F)F)cc1.[K+],[2H]C([2H])([2H])S(=O)C([2H])([2H])[2H],1,2.46
CCCC[N+](CCCC)(CCCC)CCCC.COC(=O)/C=C/c1ccc([B-](F)(F)F)cc1,[2H]C(Cl)(Cl)Cl,1,2.31
CCCC[N+](CCCC)(CCCC)CCCC.COC(=O)/C=C/c1ccc([B-](F)(F)F)cc1,[2H]C([2H])([2H])S(=O)C([2H])([2H])[2H],1,2.42
CC(C)(C)[B-]#[N+]c1c(F)c(F)c(F)c(F)c1F,[2H]C(Cl)(Cl)Cl,1,-1.3
C1=COB(c2ccccc2)C=C1,[2H]C(Cl)(Cl)Cl,1,39.6
C=C1CB(Cl)Cc2ccccc21,[2H]C(Cl)(Cl)Cl,1,76.7
CC1=CB(Cl)Cc2ccccc21,[2H]C(Cl)(Cl)Cl,1,62.7
CB1C=CCc2ccccc21,[2H]C1([2H])OC([2H])([2H])C([2H])([2H])C1([2H])[2H],1,62.6
CC(C)=Cc1ccc([B-](F)(F)F)cc1.[K+],[2H]C([2H])([2H])S(=O)C([2H])([2H])[2H],1,1.78
C[N+]1(C)S(=O)N(S(=O)(=O)c2ccccc2)[B-]1(C(F)(F)F)C(F)(F)F,[2H]C(Cl)(Cl)Cl,1,-3
CC(C)(C)c1ccc2c(c1)OB(Cl)O2,[2H]C(Cl)(Cl)Cl,1,28.2
CC(=O)NC(Cc1ccccc1)[B-](F)(F)F.[Cs+],[2H]C([2H])([2H])C#N,1,5.5
CC(C)(C)c1ccc(B(Br)Br)cc1,[2H]C(Cl)(Cl)Cl,1,56
CC(C)(O)Cc1ccc([B-](F)(F)F)cc1.[K+],[2H]C([2H])([2H])S(=O)C([2H])([2H])[2H],1,3.8
CCC(OCc1ccccc1)[B-](F)(F)F.[Cs+],[2H]C([2H])([2H])C#N,1,3.7
CC(C)(C)c1ccc2c(c1)OBO2,[2H]c1c([2H])c([2H])c([2H])c([2H])c1[2H],1,29.4
COB(C[P+](C)(C)[Cr-6]([C+]=O)([C+]=O)([C+]=O)([C+]=O)[C+]=O)OC,[2H]C(Cl)(Cl)Cl,1,29.2
c1cc2n3c1CCCB3CCC2,[2H]c1c([2H])c([2H])c([2H])c([2H])c1[2H],1,54
CB1NC(C)C(c2ccccc2)O1,[2H]C(Cl)(Cl)Cl,1,32
N#C[BH2-][NH2+]C(Cc1ccc(O)cc1)C(N)=O,[2H]C([2H])([2H])S(=O)C([2H])([2H])[2H],1,-24.8
COC(=O)[BH-](C#N)[N+](C)(C)c1ccncc1,[2H]C(Cl)(Cl)Cl,1,-14.3
[BH3-][P+]1(c2ccccc2)CC=CC1,[2H]C(Cl)(Cl)Cl,1,-36.13
CC1C(c2ccccc2)O[BH2-]N1C.[K+],[2H]C1([2H])OC([2H])([2H])C([2H])([2H])C1([2H])[2H],1,4.6
[BH3-][N+](C)(C)Cc1ccc(C#N)cc1,[2H]C1([2H])OC([2H])([2H])C([2H])([2H])C1([2H])[2H],1,-6.44
NC(=O)C(Cc1ccccc1)[NH2+][BH2-]C(=O)O,[2H]C([2H])([2H])S(=O)C([2H])([2H])[2H],1,-27
NC(=O)C(Cc1ccc(O)cc1)[NH2+][BH2-]C(=O)O,[2H]C([2H])([2H])S(=O)C([2H])([2H])[2H],1,-27.9
C[Si]1(C)OB(c2ccc(Br)cc2)O[Si](C)(C)O1,[2H]C(Cl)(Cl)Cl,1,27
CC1[NH2+][B-](C)(O)OC1c1ccccc1,[2H]C(Cl)(Cl)Cl,1,7.1
Cc1n(C)cc[n+]1C.[BH2-](n1cncn1)n1cncn1,[2H]C([2H])([2H])S(=O)C([2H])([2H])[2H],1,-6.29
C[Si]1(C)OB(c2ccccc2)O[Si](C)(C)O1,[2H]C(Cl)(Cl)Cl,1,26.8
C=CCCC[B-](C(F)(F)F)(C(F)(F)F)[N+](C)(C)C,[2H]C(Cl)(Cl)Cl,1,-6
C[NH+](C)C(C(=O)OC(C)(C)C)[B-](C)(C(F)(F)F)C(F)(F)F,[2H]C([2H])([2H])C#N,1,-3.5
CC[B-]1(C)CCCC2=[N+]1CC=C2,[2H]c1c([2H])c([2H])c([2H])c([2H])c1[2H],1,-5.1
C[N+]1(C)CCC[B-]12C=CCC=C2,[2H]C(Cl)(Cl)Cl,1,-1.6
C[N+]1(C)CCC[B-]12C=CC=CC2,[2H]C(Cl)(Cl)Cl,1,-3.2
C[Si]1(C)OB(c2cccc(N)c2)O[Si](C)(C)O1,[2H]C(Cl)(Cl)Cl,1,26.5
[BH3-][PH+](c1ccccc1)C(C)(C)C,[2H]c1c([2H])c([2H])c([2H])c([2H])c1[2H],1,-38.5
C=CCCCCCCCC[B-](F)(F)F.CCCC[N+](CCCC)(CCCC)CCCC,[2H]C(Cl)(Cl)Cl,1,5.5
CCCCCCCCC1OC1[B-](F)(F)F.[K+],[2H]C([2H])([2H])S(=O)C([2H])([2H])[2H],1,1.88
COB1C[C@@H]2C[C@H](C)C[C@H](C1)C2,[2H]C(Cl)(Cl)Cl,1,54.5
[BH2-](C1CCCC1)C1CCCC1.[Li+],[2H]C1([2H])OC([2H])([2H])C([2H])([2H])C1([2H])[2H],1,-14.1
CC(C)(C)N1C=CN(C(C)(C)C)B1Br,[2H]C(Cl)(Cl)Cl,1,21.1
CC(C)(C)N1C=CN(C(C)(C)C)B1Cl,[2H]c1c([2H])c([2H])c([2H])c([2H])c1[2H],1,20.2
CC(C)(C)N1C=CN(C(C)(C)C)B1F,[2H]c1c([2H])c([2H])c([2H])c([2H])c1[2H],1,20.3
CC(C)(C)N1C=CN(C(C)(C)C)B1I,[2H]c1c([2H])c([2H])c([2H])c([2H])c1[2H],1,6.5
CCCCCC[B-](C(F)(F)F)(C(F)(F)F)[N+](C)(C)C,[2H]C(Cl)(Cl)Cl,1,-5.8
[BH3-][P+]1(CCC=C)CCCCCC1,[2H]C(Cl)(Cl)Cl,1,-37.58
COB1CCCCCCC1(C)C,[2H]C(Cl)(Cl)Cl,1,55.3
COB(C)C1(C)CCCCCC1,[2H]C(Cl)(Cl)Cl,1,53.8
CCN(C#CB(N(C)C)N(C)C)CC,[2H]C(Cl)(Cl)Cl,1,26
[BH3-][P+](CC)(CC)C1=CCCCC1,[2H]C(Cl)(Cl)Cl,1,-39.3
C=CB(N(CC)CC)N(CC)CC,[2H]C(Cl)(Cl)Cl,1,31.1
CCO[Si](C)(C)CB1OC(C)(C)C(C)(C)O1,[2H]C(Cl)(Cl)Cl,1,33
CC(C)O[P+]([BH2-]C(Cl)Cl)(OC(C)C)OC(C)C,[2H]C(Cl)(Cl)Cl,1,-26.2
CN(C)[Si](C)(C)CB1OC(C)(C)C(C)(C)O1,[2H]C(Cl)(Cl)Cl,1,33.7
CB(Cl)C([Si](C)(C)C)([Si](C)(C)C)[Sn](C)(C)Cl,[2H]C(Cl)(Cl)Cl,1,71.4
C[P+](C)(C)[Re-4]([C+]=O)([P+](C)(C)C)[P+](C)(C)C.[BH4-],[2H]c1c([2H])c([2H])c(C([2H])([2H])[2H])c([2H])c1[2H],1,18.1
CCOCC.C[Si](C)(C)N([Mg+])[Si](C)(C)C.[BH4-],[2H]c1c([2H])c([2H])c([2H])c([2H])c1[2H],1,-37.8
[N-]=[N+]=N[B-](N=[N+]=[N-])(c1c(F)c(F)c(F)c(F)c1F)[n+]1ccccc1,[2H]C(Cl)(Cl)Cl,1,1.4
C[N+]1(C)C(c2c(F)c(F)c(F)c(F)c2F)[B-]1(C(F)(F)F)C(F)(F)F,[2H]C(Cl)(Cl)Cl,1,-15.7
[N-]=[N+]=N[B-](N=[N+]=[N-])(c1c(F)cccc1F)[n+]1ccccc1,[2H]C(Cl)(Cl)Cl,1,2
[N-]=[N+]=N[B-](N=[N+]=[N-])(c1ccccc1F)[n+]1ccccc1,[2H]C(Cl)(Cl)Cl,1,3
C[N+](C)(C)[B-](c1ccccc1F)(C(F)(F)F)C(F)(F)F,[2H]C(Cl)(Cl)Cl,1,-7
N#CCC/C=C\c1ccc([B-](F)(F)F)cc1.[K+],[2H]C([2H])([2H])S(=O)C([2H])([2H])[2H],1,2.2
N#CCC/C=C\c1ccccc1[B-](F)(F)F.[K+],[2H]C([2H])([2H])S(=O)C([2H])([2H])[2H],1,1.85
N#CCC/C=C\c1cccc([B-](F)(F)F)c1.[K+],[2H]C([2H])([2H])C(=O)C([2H])([2H])[2H],1,3
C=CCC(=CB(Cl)Cl)c1ccccc1,[2H]C(Cl)(Cl)Cl,1,52.5
ClB1C=C(c2ccccc2)CC(Cl)C1,[2H]C(Cl)(Cl)Cl,1,62.3
C[N+]1(C)C(c2ccc(F)cc2)[B-]1(C(F)(F)F)C(F)(F)F,[2H]C(Cl)(Cl)Cl,1,-14.6
C[B-](C)=C1C=Cc2ccccc21.[Li+],[2H]C1([2H])OC([2H])([2H])C([2H])([2H])C1([2H])[2H],1,55.41
CON(C)C(=O)/C=C/c1ccc([B-](F)(F)F)cc1.[K+],[2H]C([2H])([2H])S(=O)C([2H])([2H])[2H],1,1.76
C[N+]1(C)C(c2ccccc2)[B-]1(C(F)(F)F)C(F)(F)F,[2H]C(Cl)(Cl)Cl,1,-15.1
O.[BH3-][n+]1c(C)c(C)n(C)c1C(=C)[Fe-5]([C+]=O)([C+]=O)([C+]=O)[C+]=O.[Li+],[2H]c1c([2H])c([2H])c([2H])c([2H])c1[2H],1,-22.9
[BH3-]n1c(C)c(C)n(C)[c+]1[Mn-5]([C+]=O)([C+]=O)([C+]=O)([C+]=O)[C+]=O.[Li+],[2H]c1c([2H])c([2H])c([2H])c([2H])c1[2H],1,-22.3
C[N+]12CC(=O)O[B-]1(c1ccccc1)OC(=O)C2,[2H]C([2H])([2H])S(=O)C([2H])([2H])[2H],1,11.21
CB(C)C1C=Cc2ccccc21,[2H]C(Cl)(Cl)Cl,1,90
CB1C=C(C)c2ccccc2C1,[2H]C(Cl)(Cl)Cl,1,69.6
C[NH+](C)C(c1ccccc1F)[B-](O)(C(F)(F)F)C(F)(F)F,[2H]C([2H])([2H])C(=O)C([2H])([2H])[2H],1,-8
C[Si](C)(C)C#CB1Oc2ccccc2S1,[2H]C(Cl)(Cl)Cl,1,37
C[Si](C)(C)C#CB1Oc2ccccc2O1,[2H]C(Cl)(Cl)Cl,1,23
CN(C)C/C=C/c1ccc([B-](F)(F)F)cc1.[K+],[2H]C([2H])([2H])S(=O)C([2H])([2H])[2H],1,2.8
C[N+](C)(C)[B-](c1ccccc1)(C(F)(F)F)C(F)(F)F,[2H]C(Cl)(Cl)Cl,1,-6.2
C[N+](C)(Cc1ccccc1)[BH-](C(F)(F)F)C(F)(F)F,[2H]C(Cl)(Cl)Cl,1,-8.2
C[NH+](C)C(c1ccccc1)[B-](O)(C(F)(F)F)C(F)(F)F,[2H]C([2H])([2H])C#N,1,-6.9
CCN1CC=CB1c1ccccc1,[2H]c1c([2H])c([2H])c([2H])c([2H])c1[2H],1,39.4
CB(C#Cc1ccccc1)N(C)C,[2H]C(Cl)(Cl)Cl,1,35.1
O=S(=O)(O[B@-]12CCCC3=[N+]1[C@@H](C=C3)CCC2)C(F)(F)F,[2H]c1c([2H])c([2H])c([2H])c([2H])c1[2H],1,13.9
O=S(=O)(O[B@@-]12CCCC3=[N+]1[C@@H](C=C3)CCC2)C(F)(F)F,[2H]c1c([2H])c([2H])c([2H])c([2H])c1[2H],1,13.9
CC/C(I)=C(\CC)[B-](I)(I)[n+]1ccccc1,[2H]C(Cl)(Cl)Cl,1,-13.9
CC/C(I)=C(/CC)[B-](I)(I)[n+]1ccccc1,[2H]C(Cl)(Cl)Cl,1,-20.8
O=C(O)CNC(=O)CNCc1ccc(B(O)O)cc1,[2H]OC([2H])([2H])[2H],1,30.79
CC1(C)COB(c2ccccc2)OC1,[2H]c1c([2H])c([2H])c([2H])c([2H])c1[2H],1,26.5
CC[N+]1(CC)Cc2ccccc2O[B-]1(Cl)Cl,[2H]c1c([2H])c([2H])c([2H])c([2H])c1[2H],1,7.7
CB1O[C@H](c2ccccc2)[C@H](C)N1C,[2H]C(Cl)(Cl)Cl,1,34
OB(O)c1ccccc1CN1CCCC1,[2H]OC([2H])([2H])[2H],1,8.3
CC1(C)OB(c2cccnc2)OC1(C)C,[2H]C(Cl)(Cl)Cl,1,31
Cn1cc[n+](C)c1.c1ncn([BH-](n2cncn2)n2cncn2)n1,[2H]C([2H])([2H])S(=O)C([2H])([2H])[2H],1,-0.4
[BH3-][P+]1(c2ccccc2)CC=C(C)C1,[2H]C(Cl)(Cl)Cl,1,-35.78
C[N+](C)([BH2-]C#N)CC(O)c1ccccc1,[2H]C(Cl)(Cl)Cl,1,-13.62
[BH3-][N+]1(Cc2ccccc2)CCCC1,[2H]C1([2H])OC([2H])([2H])C([2H])([2H])C1([2H])[2H],1,-11.8
[BH3-][N+]1(Cc2ccccc2)CCOCC1,[2H]C1([2H])OC([2H])([2H])C([2H])([2H])C1([2H])[2H],1,-12.4
CC[N+]1(CC)[BH2-]Oc2ccccc2C1,[2H]c1c([2H])c([2H])c([2H])c([2H])c1[2H],1,0.2
C[C@H]1[C@@H](c2ccccc2)O[B-](C)(O)[N+]1(C)C,[2H]C(Cl)(Cl)Cl,1,8.1
[BH3-][P+]1(c2ccccc2)CCCCC1,[2H]C(Cl)(Cl)Cl,1,-35.9
C/C=C\B1C2CCCC1CCC2,[2H]c1c([2H])c([2H])c([2H])c([2H])c1[2H],1,80.6
CC(C)B(C1=CC=CC1)C(C)C,[2H]C(Cl)(Cl)Cl,1,72
C[B-](C1=CC=CC1)=[N+](C(C)C)C(C)C,[2H]c1c([2H])c([2H])c(C([2H])([2H])[2H])c([2H])c1[2H],1,33.9
CCN(CC)[B-](C#[N+]C(C)(C)C)(C(F)(F)F)C(F)(F)F,[2H]C([2H])(Cl)Cl,1,-5.7
C[C@@H]1C[C@H]2C[C@@H]([C@H]1[BH2-]C#N)C2(C)C.[Li+],[2H]C(Cl)(Cl)Cl,1,-28.1
CC[B-]1(CC)CCCc2cccn21,[2H]c1c([2H])c([2H])c([2H])c([2H])c1[2H],1,-7.6
BrCCCB1C2CCCC1CCC2,[2H]c1c([2H])c([2H])c([2H])c([2H])c1[2H],1,86.6
Br[Mg]CCCB1C2CCCC1CCC2,[2H]c1c([2H])c([2H])c([2H])c([2H])c1[2H],1,78.2
CC1(C)CC12CCCCCCB2Cl,[2H]C(Cl)(Cl)Cl,1,75.7
CN(C)B(C[P+](C)(C)[Fe-5]([C+]=O)([C+]=O)([C+]=O)[C+]=O)N(C)C,[2H]C(Cl)(Cl)Cl,1,31.5
[BH3-][NH+](CCCC)Cc1ccccc1,[2H]C(Cl)(Cl)Cl,1,-17.88
[BH3-][NH+](CCCC)Cc1ccccc1,[2H]OC([2H])([2H])[2H],1,-14.9
CCOB(CC)CCCc1ccc[nH]1,[2H]c1c([2H])c([2H])c([2H])c([2H])c1[2H],1,54.8
CC1(C)CC12CCCCCCB2N=[N+]=[N-],[2H]C(Cl)(Cl)Cl,1,65
CC(C)(C)N1C=CN(C(C)(C)C)B1C#N,[2H]c1c([2H])c([2H])c([2H])c([2H])c1[2H],1,12
CC(C)(C)N1C=CN(C(C)(C)C)B1N=C=O,[2H]c1c([2H])c([2H])c([2H])c([2H])c1[2H],1,14.7
[BH3-][P+](OC)(c1ccccc1)C(C)(C)C,[2H]c1c([2H])c([2H])c([2H])c([2H])c1[2H],1,-39.4
CCB(CC)CCCC1=[NH+]CC=C1.O=S(=O)([O-])C(F)(F)F,[2H]c1c([2H])c([2H])c([2H])c([2H])c1[2H],1,86.4
C[Si](C)(C)[N+](=[B-](Cl)C1=CC=CC1)[Si](C)(C)C,[2H]C(Cl)(Cl)Cl,1,43.5
CCOP(CN=[N+]=[N-])(OCC)=[O+][B-](Cl)(Cl)C1CCCCC1,[2H]C(Cl)(Cl)Cl,1,11.7
CC(OB1OCC(C)(C)CO1)C(C)(C)C,[2H]c1c([2H])c([2H])c([2H])c([2H])c1[2H],1,17.5
CCB1C(CC)=C(C)[Sn](C)(C)C1C,[2H]c1c([2H])c([2H])c([2H])c([2H])c1[2H],1,75.2
CCB(CC)/C(CC)=C(/C)[Sn](C)(C)Cl,[2H]c1c([2H])c([2H])c([2H])c([2H])c1[2H],1,82.3
CC(C)O[P+](OC(C)C)(OC(C)C)[BH-](C(Cl)Cl)C(Cl)Cl,[2H]C(Cl)(Cl)Cl,1,-14.2
C[Si](C)(C)NB1C2CCCC1CCC2,[2H]c1c([2H])c([2H])c([2H])c([2H])c1[2H],1,54.6
CCB1O[Si](C)(C)[C@H](C)C1(CC)CC,[2H]c1c([2H])c([2H])c([2H])c([2H])c1[2H],1,58.7
CC(C)O[Si](C)(C)B1OC(C)(C)C(C)(C)O1,[2H]C(Cl)(Cl)Cl,1,33.1
CC(C)N(B(Cl)CCC[Si](C)(C)Cl)C(C)C,[2H]c1c([2H])c([2H])c([2H])c([2H])c1[2H],1,38.6
CC(C)N(B1CCC[Si]1(C)C)C(C)C,[2H]c1c([2H])c([2H])c([2H])c([2H])c1[2H],1,53.2
CC1CCB(N[Si](C)(C)CC[SiH](C)C)C1,[2H]c1c([2H])c([2H])c([2H])c([2H])c1[2H],1,58.3
CCN(CC)B(OC(C)C)N(CC)CC,[2H]c1c([2H])c([2H])c([2H])c([2H])c1[2H],1,24.9
CC(C)OB(CCC[SiH](C)C)OC(C)C,[2H]c1c([2H])c([2H])c([2H])c([2H])c1[2H],1,29.8
[BH3-][N+](CCCC)(CCCC)C(C)C,[2H]C(Cl)(Cl)Cl,1,-14.06
CC1CCB(N(O[Si](C)(C)C)[Si](C)(C)C)C1,[2H]C(Cl)(Cl)Cl,1,55.1
CB(OC(C)C)C([Si](C)(C)C)[Si](C)(C)C,[2H]C(Cl)(Cl)Cl,1,52.2
CB(C([Si](C)(C)C)[Si](C)(C)N(C)C)N(C)C,[2H]c1c([2H])c([2H])c([2H])c([2H])c1[2H],1,44.8
Fc1c(F)c(F)c2c(c1F)B(Br)c1c(F)c(F)c(F)c(F)c1-2,[2H]c1c([2H])c([2H])c([2H])c([2H])c1[2H],1,59.1
[N-]=[N+]=NB(c1c(F)c(F)c(F)c(F)c1F)c1c(F)c(F)c(F)c(F)c1F,[2H]c1c([2H])c([2H])c(C([2H])([2H])[2H])c([2H])c1[2H],1,43.9
CCCC[N+](CCCC)(CCCC)CCCC.O[B-](F)(c1c(F)c(F)c(F)c(F)c1F)c1c(F)c(F)c(F)c(F)c1F,[2H]C([2H])(Cl)Cl,1,1.3
Fc1cccc(F)c1B(Cl)c1c(F)cccc1F,[2H]c1c([2H])c([2H])c([2H])c([2H])c1[2H],1,60.5
[N-]=[N+]=NB(c1c(F)cccc1F)c1c(F)cccc1F,[2H]c1c([2H])c([2H])c([2H])c([2H])c1[2H],1,44.5
BrB1c2ccccc2Oc2ccccc21,[2H]C(Cl)(Cl)Cl,1,52.3
Fc1ccccc1B(Cl)c1ccccc1F,[2H]c1c([2H])c([2H])c([2H])c([2H])c1[2H],1,61
c1cc[nH+]cc1.c1ccc2c(c1)O[B-]1(O2)Oc2ccccc2O1,[2H]O[2H],1,13.5
F[B-](F)(F)c1ccc(/C=C/c2ccco2)cc1.[K+],[2H]C([2H])([2H])C(=O)C([2H])([2H])[2H],1,3.84
F[B-](F)(F)c1ccc(/C=C/c2cccs2)cc1.[K+],[2H]C([2H])([2H])C(=O)C([2H])([2H])[2H],1,3.56
[BH2-]1c2ccccc2-c2ccccc21.[Li+],[2H]C(Cl)(Cl)Cl,1,-22.3
[BH2-]1Oc2ccccc2-c2ccccc21.[Li+],[2H]C1([2H])OC([2H])([2H])C([2H])([2H])C1([2H])[2H],1,-3.9
C/C(=C/CCC#N)c1ccc([B-](F)(F)F)cc1.[K+],[2H]C([2H])([2H])C(=O)C([2H])([2H])[2H],1,1.78
COc1ccc(/C=C\CCC#N)cc1[B-](F)(F)F.[K+],[2H]C([2H])([2H])C(=O)C([2H])([2H])[2H],1,3.45
c1ccn(B(n2cccc2)n2cccc2)c1,[2H]c1c([2H])c([2H])c([2H])c([2H])c1[2H],1,27.5
CCCC[N+](CCCC)(CCCC)CCCC.CCOC(=O)C(C)/C=C\c1ccc([B-](F)(F)F)cc1.[K+],[2H]C(Cl)(Cl)Cl,1,1.68
C=C(N)C[N+]12CC(=O)O[B-]1(c1ccccc1)OC(=O)C2,[2H]C([2H])([2H])S(=O)C([2H])([2H])[2H],1,12
[BH3-]P(=O)(c1ccccc1)c1ccccc1.[K+],[2H]C1([2H])OC([2H])([2H])C([2H])([2H])C1([2H])[2H],1,-35.7
CC(C)(C)C#CB1Oc2ccccc2S1,[2H]C(Cl)(Cl)Cl,1,38
CC(C)(C)C#CB1Oc2ccccc2O1,[2H]C(Cl)(Cl)Cl,1,24
C#CB1Oc2ccc(C(C)(C)C)cc2O1,[2H]C(Cl)(Cl)Cl,1,24.3
[BH3-]P(c1ccccc1)c1ccccc1.[K+],[2H]C1([2H])OC([2H])([2H])C([2H])([2H])C1([2H])[2H],1,-30.1
[BH3-]P(=S)(c1ccccc1)c1ccccc1.[K+],[2H]C1([2H])OC([2H])([2H])C([2H])([2H])C1([2H])[2H],1,-31.3
[BH3-]P(=[Se])(c1ccccc1)c1ccccc1.[K+],[2H]C1([2H])OC([2H])([2H])C([2H])([2H])C1([2H])[2H],1,-30.3
[BH3-]P(=[Te])(c1ccccc1)c1ccccc1.[K+],[2H]C1([2H])OC([2H])([2H])C([2H])([2H])C1([2H])[2H],1,-28.1
CCN(CC)B(c1ccc(Br)s1)c1ccc(Br)s1,[2H]C(Cl)(Cl)Cl,1,34
CC/C(I)=C(\CC)B1Oc2ccccc2O1,[2H]C(Cl)(Cl)Cl,1,31.1
CC/C(I)=C(/CC)B1Oc2ccccc2O1,[2H]C(Cl)(Cl)Cl,1,29.1
Cn1cc[n+]([BH2-]n2ccc3ccccc32)c1,[2H]C1([2H])OC([2H])([2H])C([2H])([2H])C1([2H])[2H],1,-9.5
[BH3-][PH+](c1ccccc1)c1ccccc1,[2H]C(Cl)(Cl)Cl,1,-41.3
C[Si](C)(C)C1(B(Br)Br)C=Cc2ccccc21,[2H]C(Cl)(Cl)Cl,1,50.2
C[Si](C)(C)C1(B(Cl)Cl)C=Cc2ccccc21,[2H]C(Cl)(Cl)Cl,1,49.1
OC1(c2ccc([B-](F)(F)F)cc2)CCCCC1.[K+],[2H]C([2H])([2H])C(=O)C([2H])([2H])[2H],1,3.94
Cc1ccc2c(c1)SB(C#C[Si](C)(C)C)S2,[2H]C(Cl)(Cl)Cl,1,47
C[N+](C)(C)[B-](Cc1ccccc1)(C(F)(F)F)C(F)(F)F,[2H]C(Cl)(Cl)Cl,1,-6
C[N+](C)(CC(O)c1ccccc1)[BH-](C(F)(F)F)C(F)(F)F,[2H]C(Cl)(Cl)Cl,1,-8
C=C1C[B-](=[N+](C)C)Cc2ccccc21,[2H]C(Cl)(Cl)Cl,1,44.8
CC1=C[B-](=[N+](C)C)Cc2ccccc21,[2H]C(Cl)(Cl)Cl,1,39.2
[BH2-](n1ccc2ccccc21)[O+]1CCCC1,[2H]C1([2H])OC([2H])([2H])C([2H])([2H])C1([2H])[2H],1,2.6
CCN(CC)B(c1cccs1)c1cccs1,[2H]C(Cl)(Cl)Cl,1,35
CN(C)B(C#Cc1ccccc1)N(C)C,[2H]C(Cl)(Cl)Cl,1,24
CC1(C)OB(Nc2ccccc2)OC1(C)C,[2H]c1c([2H])c([2H])c([2H])c([2H])c1[2H],1,24.1
CC(=O)O[B-]12CCCC3=[N+]1C(C=C3)CCC2,[2H]c1c([2H])c([2H])c([2H])c([2H])c1[2H],1,2
Cc1n(C)cc[n+]1C.c1ncn([BH-](n2cncn2)n2cncn2)n1,[2H]C([2H])([2H])S(=O)C([2H])([2H])[2H],1,-0.4
[BH3-][P+](CC=C)(CC=C)c1ccccc1,[2H]C(Cl)(Cl)Cl,1,-37.7
CC[N+](CC)(CC)[B-]1(Cl)Oc2ccccc2O1,[2H]C(Cl)(Cl)Cl,1,13.3
CC[P+](CC)(CC)[B-]1(Cl)Oc2ccccc2O1,[2H]c1c([2H])c([2H])c([2H])c([2H])c1[2H],1,11.4
Cc1ccc(C(O)C[N+](C)(C)[BH2-]C#N)cc1,[2H]C(Cl)(Cl)Cl,1,-13.3
COc1ccc(C(O)C[N+](C)(C)[BH2-]C#N)cc1,[2H]C(Cl)(Cl)Cl,1,-13.2
CN(C)B(C[P+](C)(C)[Cr-6]([C+]=O)([C+]=O)([C+]=O)([C+]=O)[C+]=O)N(C)C,[2H]C(Cl)(Cl)Cl,1,32.67
CC(C)/N=C1C(=N/C(C)C)\[N+](C)(C)[B-]\1(C(F)(F)F)C(F)(F)F,[2H]C(Cl)(Cl)Cl,1,-3.9
[BH3-][N+]1(Cc2ccccc2)CCCCC1,[2H]C1([2H])OC([2H])([2H])C([2H])([2H])C1([2H])[2H],1,-10.8
[BH3-][P+2](c1ccccc1)N1CCCC1COC,[2H]C(Cl)(Cl)Cl,1,-41.3
[BH3-][N@@+](C)(Cc1ccccc1)[C@@H](C)C(=O)OC,[2H]C(Cl)(Cl)Cl,1,-10
[BH3-][N@+](C)(Cc1ccccc1)[C@@H](C)C(=O)OC,[2H]C(Cl)(Cl)Cl,1,-10.5
[BH3-][P+]1(c2ccccc2)C[C@@H](C)[C@@H](C)C1,[2H]C(Cl)(Cl)Cl,1,-33.8
C1CCOC1.COc1cccc(OC)c1[O-].[BH4-].[Mg+2],[2H]C([2H])([2H])S(=O)C([2H])([2H])[2H],1,-36
C#CB1N(C(C)(C)C)C=CN1C(C)(C)C,[2H]c1c([2H])c([2H])c([2H])c([2H])c1[2H],1,15.7
C1CC2CCCC(C1)[B-]21CCCC1.[Br-].[Mg+2],[2H]c1c([2H])c([2H])c([2H])c([2H])c1[2H],1,-13.9
BrCB1C2CCCC1CCC2,[2H]c1c([2H])c([2H])c([2H])c([2H])c1[2H],1,70.8
CC(C)(C)B1C2CCCC1CCC2,[2H]c1c([2H])c([2H])c([2H])c([2H])c1[2H],1,85.6
C/C(=[N+]1\N=C(C(C)(C)C)C[B-]1(Br)Br)C(C)(C)C,[2H]C(Cl)(Cl)Cl,1,-1.3
C/C(=[N+]1\N=C(C(C)(C)C)C[B-]1(Cl)Cl)C(C)(C)C,[2H]C(Cl)(Cl)Cl,1,7.4
C/C(=[N+]1\N=C(C(C)(C)C)C[B-]1(F)F)C(C)(C)C,[2H]C(Cl)(Cl)Cl,1,9.7
COB1CCCCCCC12CC2(C)C,[2H]C(Cl)(Cl)Cl,1,55.7
CC(C)O[P+](OC(C)C)(OC(C)C)[B-](C(Cl)Cl)(C(Cl)Cl)C(Cl)Cl,[2H]C(Cl)(Cl)Cl,1,-8.8
CC/C(I)=C(\CC)B(I)N(C(C)C)C(C)C,[2H]C(Cl)(Cl)Cl,1,28.1
CCC(C)NB1C2CCCC1CCC2,[2H]c1c([2H])c([2H])c([2H])c([2H])c1[2H],1,48.1
CC[B-](CC)(CC)c1nc(C)c(C)n1C.[Li+],[2H]c1c([2H])c([2H])c([2H])c([2H])c1[2H],1,-14.6
C1CCN(B(N2CCCC2)N2CCCC2)C1,[2H]C(Cl)(Cl)Cl,1,23.7
[BH3-][P+](CCC=C)(CCC=C)CCC=C,[2H]C(Cl)(Cl)Cl,1,-38.14
CC[B-](CC)(CC)[n+]1cn(C)c(C)c1C,[2H]C(Cl)(Cl)Cl,1,-1.5
CCCC/C(=C/[Si](C)(C)Cl)B(CC)CC,[2H]c1c([2H])c([2H])c([2H])c([2H])c1[2H],1,84
CCB(/C=C(/C(C)(C)C)[Si](C)(C)Cl)CC,[2H]c1c([2H])c([2H])c([2H])c([2H])c1[2H],1,82
CN(C)B1N(C(C)(C)C)C=CN1C(C)(C)C,[2H]c1c([2H])c([2H])c([2H])c([2H])c1[2H],1,22.8
CC1(C)OB([Si](C)(C)N2CCCC2)OC1(C)C,[2H]C(Cl)(Cl)Cl,1,33.7
CCB(CC)/C(CC)=C(/CN(C)C)[SiH](C)Cl,[2H]c1c([2H])c([2H])c([2H])c([2H])c1[2H],1,74.5
CCC1=C([SiH](C)Cl)C[N+](C)(C)[B-]1(CC)CC,[2H]c1c([2H])c([2H])c([2H])c([2H])c1[2H],1,5.9
CC(C)(C)P(=NB(Cl)Cl)(C(C)(C)C)C(C)(C)C,[2H]c1c([2H])c([2H])c([2H])c([2H])c1[2H],1,20.3
CCCCCCCCC[N+](C)(C)[BH2-]C#N,[2H]C(Cl)(Cl)Cl,1,-16
C/C(=C/CB1N(C)CCN1C)C[Sn](C)(C)C,[2H]c1c([2H])c([2H])c([2H])c([2H])c1[2H],1,32
CCCCN1N=NN(C(C)(C)C)B1C(C)(C)C,[2H]C(Cl)(Cl)Cl,1,26.9
CC(C)(C)O[Si](C)(C)B1OC(C)(C)C(C)(C)O1,[2H]C(Cl)(Cl)Cl,1,33.4
CN(C)[Si](C)(C)B1OC(C)(C)C(C)(C)O1,[2H]C(Cl)(Cl)Cl,1,33.8
[BH3-][NH+]=P(CCCC)(C(C)(C)C)C(C)(C)C,[2H]c1c([2H])c([2H])c([2H])c([2H])c1[2H],1,-21
CB(OC(C)(C)C)C([Si](C)(C)C)[Si](C)(C)C,[2H]C(Cl)(Cl)Cl,1,52
CC(B(CCC[SiH](C)C)C(C)[SiH](C)C)[SiH](C)C,[2H]c1c([2H])c([2H])c([2H])c([2H])c1[2H],1,81.1
CB1c2c(F)c(F)c(F)c(F)c2-c2c(F)c(F)c(F)c(F)c21,[2H]c1c([2H])c([2H])c([2H])c([2H])c1[2H],1,67.3
C[N+](C)(c1ccccc1)[B-](C(F)=C(F)F)(C(F)(F)F)C(F)(F)F,[2H]C(Cl)(Cl)Cl,1,-8.1
F[B-](F)(F)c1ccc(/C=C/c2ccccn2)cc1.[K+],[2H]C([2H])([2H])C(=O)C([2H])([2H])[2H],1,3.63
O=C(Nc1ccccc1)c1ccc([B-](F)(F)F)cc1.[K+],[2H]C([2H])([2H])S(=O)C([2H])([2H])[2H],1,3.66
ClB1N(c2ccccc2)C=NN1c1ccccc1,[2H]C([2H])(Cl)Cl,1,22.8
OC(c1ccccc1)c1ccc([B-](F)(F)F)cc1.[K+],[2H]C([2H])([2H])S(=O)C([2H])([2H])[2H],1,2.82
CC[O+](CC)[B-](F)(F)c1c(C(F)(F)F)cc(C(F)(F)F)cc1C(F)(F)F,[2H]C(Cl)(Cl)Cl,1,-2.4
B1N(c2ccccc2)C=NN1c1ccccc1,[2H]C([2H])(Cl)Cl,1,21.5
[BH2-](n1ccc2ccccc21)[n+]1ccccc1,[2H]C1([2H])OC([2H])([2H])C([2H])([2H])C1([2H])[2H],1,-4.6
OCc1cccc(CO)[n+]1[B-](O)(O)c1ccc(Br)cc1,[2H]C([2H])([2H])S(=O)C([2H])([2H])[2H],1,8.2
FB(F)c1ccc(/C=C/C2OCCO2)cc1.[F-].[K+],[2H]C([2H])([2H])C(=O)C([2H])([2H])[2H],1,3.67
Cc1ccc2c(c1)SB(C#CC(C)(C)C)S2,[2H]C(Cl)(Cl)Cl,1,48
CC1(C)OB(c2ccc(C#N)cc2)OC1(C)C,[2H]C(Cl)(Cl)Cl,1,30.74
[BH3-][PH+](c1ccccc1)c1ccccc1OC,[2H]c1c([2H])c([2H])c([2H])c([2H])c1[2H],1,-36.2
[BH3-][PH+](Cc1ccccc1)c1ccccc1,[2H]c1c([2H])c([2H])c([2H])c([2H])c1[2H],1,-36.8
[BH3-][P+](C)(c1ccccc1)c1ccccc1,[2H]C(Cl)(Cl)Cl,1,-39.29
OC(c1ccc([B-](F)(F)F)cc1)C1CCCCC1.[K+],[2H]C([2H])([2H])S(=O)C([2H])([2H])[2H],1,4.07
CC(C)(C)B(Cl)N(c1c(F)c(F)c(F)c(F)c1F)[Si](C)(C)C,[2H]C(Cl)(Cl)Cl,1,45.7
CCN(CC)B1CC=Cc2ccccc21,[2H]c1c([2H])c([2H])c([2H])c([2H])c1[2H],1,40.8
CCN(CC)B1C=CCc2ccccc21,[2H]c1c([2H])c([2H])c([2H])c([2H])c1[2H],1,33.6
C=CCN(CC)B(C=C)c1ccccc1,[2H]c1c([2H])c([2H])c([2H])c([2H])c1[2H],1,39.4
CC[B-]1(n2cccc2)CCCc2cccn21.[Li+],[2H]c1c([2H])c([2H])c([2H])c([2H])c1[2H],1,-2.5
CCN1C=CC([Si](C)(C)Cl)B1c1ccccc1,[2H]c1c([2H])c([2H])c([2H])c([2H])c1[2H],1,44.6
C[N+](C)([BH2-]C#N)CC(O)/C=C/c1ccccc1,[2H]C(Cl)(Cl)Cl,1,-13.13
C=CCC(CB(OC)OC)c1ccccc1,[2H]C(Cl)(Cl)Cl,1,31.03
COc1ccc(B2OC(C)(C)C(C)(C)O2)cc1,[2H]C(Cl)(Cl)Cl,1,30.56
CCCCB1N[C@@H](C)[C@@H](c2ccccc2)O1,[2H]C(Cl)(Cl)Cl,1,35
CC(C)N(B1OCc2ccccc2O1)C(C)C,[2H]c1c([2H])c([2H])c([2H])c([2H])c1[2H],1,19.8
[BH3-][P+](CC=C)(CC(=C)C)c1ccccc1,[2H]C(Cl)(Cl)Cl,1,-37.1
[BH3-][P+](C)(C1=CCCCC1)c1ccccc1,[2H]C(Cl)(Cl)Cl,1,-35.6
[BH3-][P+](CC#C)(c1ccccc1)C(C)(C)C,[2H]c1c([2H])c([2H])c([2H])c([2H])c1[2H],1,-37.7
CC(C)[NH+](Cc1ccccc1[B-](F)(F)F)C(C)C,[2H]C([2H])([2H])C#N,1,1.9
CCOB(OCC)c1ccc(C(C)C)cc1,[2H]c1c([2H])c([2H])c([2H])c([2H])c1[2H],1,28.4
CCB(CC)c1ccccc1[Sn](C)(C)Br,[2H]c1c([2H])c([2H])c([2H])c([2H])c1[2H],1,84.9
COc1ccc(BN(C(C)C)C(C)C)cc1,[2H]C(Cl)(Cl)Cl,1,37.6
CC[B-]1(CC)Oc2ccccc2C[N+]1(C)C,[2H]c1c([2H])c([2H])c([2H])c([2H])c1[2H],1,6.7
CCCC[B-]1(O)[NH2+][C@@H](C)[C@@H](c2ccccc2)O1,[2H]C(Cl)(Cl)Cl,1,8
CC(C)N(Cc1ccccc1B(O)O)C(C)C,[2H]C(Cl)(Cl)Cl,1,29.09
[BH3-][P+](C)(C(=C)C(C)(C)C)c1ccccc1,[2H]C(Cl)(Cl)Cl,1,-32.4
CCCC[B-]1(CC)CCCc2cccn21.[Li+],[2H]c1c([2H])c([2H])c([2H])c([2H])c1[2H],1,-8.1
C1CC[B-]2(CC1)C1CCCC2CCC1.[Mg+]Br,[2H]c1c([2H])c([2H])c([2H])c([2H])c1[2H],1,-20.5
BrCCCCB1C2CCCC1CCC2,[2H]c1c([2H])c([2H])c([2H])c([2H])c1[2H],1,75.8
CCCC[B-]1(CC)CCCC2=[N+]1CC=C2,[2H]c1c([2H])c([2H])c([2H])c([2H])c1[2H],1,-5.1
[BH3-][N+](CC)(CC)Cc1ccccc1,[2H]C(Cl)(Cl)Cl,1,-13.56
CCB(/C(=C\[Sn](C)(C)C)CC)n1cccc1,[2H]c1c([2H])c([2H])c([2H])c([2H])c1[2H],1,53.9
CC[B-](CC)(CC)[n+]1ccc(N(C)C)cc1,[2H]C(Cl)(Cl)Cl,1,-0.11
CCOC(/C=C/B1OC(C)(C)C(C)(C)O1)OCC,[2H]C(Cl)(Cl)Cl,1,29.7
C[P+](C)(C)[BH2-][Mn-5]([C+]=O)([C+]=O)([C+]=O)([C+]=O)[P+](C)(C)C,[2H]c1c([2H])c([2H])c([2H])c([2H])c1[2H],1,-29.6
CC(C)N(BC=C1CCCCC1)C(C)C,[2H]C(Cl)(Cl)Cl,1,33.9
CCC1=C(C)[Si](C)(C)n2cnc[n+]2[B-]1(CC)CC,[2H]c1c([2H])c([2H])c([2H])c([2H])c1[2H],1,-0.5
CCC1=C(C)[Sn](C)(C)n2cnc[n+]2[B-]1(CC)CC,[2H]c1c([2H])c([2H])c([2H])c([2H])c1[2H],1,9.1
CC1(C)CCCC(C)(C)[N+]1=[B-]=[P+](C(C)(C)C)[Al-](C)(C)C,[2H]c1c([2H])c([2H])c([2H])c([2H])c1[2H],1,68.4
CC[B-](CC)(CC)[c+]1n(C)c(C)c(C)n1C,[2H]c1c([2H])c([2H])c([2H])c([2H])c1[2H],1,-12.6
CCCC/C(=C(\CC)B(CC)CC)[SiH](C)Cl,[2H]c1c([2H])c([2H])c([2H])c([2H])c1[2H],1,82.5
CC(C)(C)N(BN1C(C)(C)CCCC1(C)C)[Si](Cl)(Cl)Cl,[2H]c1c([2H])c([2H])c([2H])c([2H])c1[2H],1,34.6
CCB1C(CC)=C(CN(C)C)[Sn](C)(C)C1C,[2H]c1c([2H])c([2H])c([2H])c([2H])c1[2H],1,78.8
CCB(CC)/C(CC)=C(/CN(C)C)[Si](C)(C)Cl,[2H]c1c([2H])c([2H])c([2H])c([2H])c1[2H],1,73.3
CCC1=C([Si](C)(C)Cl)C[N+](C)(C)[B-]1(CC)CC,[2H]C(Cl)(Cl)Cl,1,5.7
CCC1=C(C)[Si](C)(C)[O+](CC)[B-]1(CC)CC,[2H]c1c([2H])c([2H])c([2H])c([2H])c1[2H],1,23
CC(C)(C)N1B[N+]2([AlH2-]1)C(C)(C)CCCC2(C)C,[2H]c1c([2H])c([2H])c([2H])c([2H])c1[2H],1,26.8
CB1C([Si](C)(C)C)=C(Cl)C1([Si](C)(C)C)[Si](C)(C)C,[2H]C(Cl)(Cl)Cl,1,69
CCCC[P+]([BH2-]Cl)(CCCC)CCCC,[2H]c1c([2H])c([2H])c(C([2H])([2H])[2H])c([2H])c1[2H],1,11.8
CB1C(C(C)(C)C)=PC1([Si](C)(C)C)[Si](C)(C)C,[2H]C(Cl)(Cl)Cl,1,41
CB(N(C(C)C)C(C)C)N(C(C)C)C(C)C,[2H]C(Cl)(Cl)Cl,1,39.3
CCB1O[Si](C)(C)[C@H]([Si](C)(C)C)C1(CC)CC,[2H]c1c([2H])c([2H])c([2H])c([2H])c1[2H],1,59.2
CCB(CC)/C(CC)=C(/[SiH](C)C)[Sn](C)(C)C,[2H]c1c([2H])c([2H])c([2H])c([2H])c1[2H],1,82.6
CCB(CC)/C(CC)=C(\[SiH](C)C)[Sn](C)(C)C,[2H]c1c([2H])c([2H])c([2H])c([2H])c1[2H],1,80.6
CCB(CC)/C(CC)=C(\[SiH](C)C)[Si](C)(C)C,[2H]C(Cl)(Cl)Cl,1,69.4
C[N+]1(C)P(C([Si](C)(C)C)[Si](C)(C)C)N([Si](C)(C)C)[B-]1(C(F)(F)F)C(F)(F)F,[2H]C(Cl)(Cl)Cl,1,-4.9
C(#Cc1ccccc1)B1Oc2ccccc2S1,[2H]C(Cl)(Cl)Cl,1,38
C#CB1Oc2ccccc2-c2ccccc2O1,[2H]C(Cl)(Cl)Cl,1,15.9
B1Oc2c(c3ccccc3c3ccccc23)O1,[2H]c1c([2H])c([2H])c([2H])c([2H])c1[2H],1,28.4
C(#Cc1ccccc1)B1Oc2ccccc2O1,[2H]C(Cl)(Cl)Cl,1,25
C(#Cc1ccccc1)B1Sc2ccccc2S1,[2H]C(Cl)(Cl)Cl,1,47
CCCC[N+](CCCC)(CCCC)CCCC.F[B-](F)(F)c1ccc(/C=C/c2ccccc2)cc1,[2H]C(Cl)(Cl)Cl,1,1.89
N#CB1N(c2ccccc2)C=NN1c1ccccc1,[2H]C([2H])(Cl)Cl,1,13.9
N#COB1N(c2ccccc2)C=NN1c1ccccc1,[2H]C([2H])(Cl)Cl,1,17.1
c1ccc(B(c2cccs2)c2cccs2)cc1,[2H]c1c([2H])c([2H])c([2H])c([2H])c1[2H],1,49
[BH3-][PH+](c1ccc(C(F)(F)F)cc1)c1ccc(C(F)(F)F)cc1,[2H]C(Cl)(Cl)Cl,1,-40.6
[Li+].[O-]B1N(c2ccccc2)CCN1c1ccccc1,[2H]c1c([2H])c([2H])c([2H])c([2H])c1[2H],1,22.7
CB1N(c2ccccc2)C=NN1c1ccccc1,[2H]C([2H])(Cl)Cl,1,27.8
[BH2-]([n+]1c[nH]c2ccccc21)[n+]1c[nH]c2ccccc21.[Cl-],[2H]C([2H])([2H])S(=O)C([2H])([2H])[2H],1,13.2
NC1=Nc2[nH]c3ccccc3[n+]2[B-](O)(c2ccccc2)N1,[2H]C([2H])([2H])S(=O)C([2H])([2H])[2H],1,-1.8
CB(Br)N(/C=N\Nc1ccccc1)c1ccccc1,[2H]C([2H])(Cl)Cl,1,29.1
C[P+]([BH2-]C#N)(c1ccccc1)c1ccccc1,[2H]C([2H])([2H])S(=O)C([2H])([2H])[2H],1,-37.5
CN(C)B(C#Cc1ccccc1)n1cccc1,[2H]C(Cl)(Cl)Cl,1,24.5
O=Cc1ccc([B-](O)(O)[n+]2c(CO)cccc2CO)cc1,[2H]C([2H])([2H])S(=O)C([2H])([2H])[2H],1,8.4
CN1CCN([BH-](c2ccccc2)N2CCN(C)C2=S)C1=S.[Li+],[2H]C([2H])([2H])C#N,1,41.12
F[B-](F)(F)c1ccc(/C=C/C2CCCCC2)cc1.[K+],[2H]C([2H])([2H])C(=O)C([2H])([2H])[2H],1,3.77
CN(C)C1=[N+](c2ccccc2)[B-](C(F)(F)F)(C(F)(F)F)C1(C)C,[2H]C([2H])([2H])C(=O)C([2H])([2H])[2H],1,-9
CC(=O)[O-].OB(O)c1ccccc1C[NH2+]Cc1ccccc1,[2H]OC([2H])([2H])[2H],1,10.3
CCB(CC)c1cccc(-c2ccccn2)n1,[2H]C(Cl)(Cl)Cl,1,3.4
C[Si](C)(C)C1C=CC=C1B1Oc2ccccc2O1,[2H]C(Cl)(Cl)Cl,1,29.5
CC1(C)OB(c2cc3ccccc3o2)OC1(C)C,[2H]C(Cl)(Cl)Cl,1,27.51
CC(C)N(B(c1ccc(Br)o1)c1ccc(Br)o1)C(C)C,[2H]C(Cl)(Cl)Cl,1,29
C=CC/C(=C\B(Cl)OC(C)C)c1ccccc1,[2H]c1c([2H])c([2H])c([2H])c([2H])c1[2H],1,30.79
CC1(C)OB(c2cccc3[nH]ccc23)OC1(C)C,[2H]C(Cl)(Cl)Cl,1,31.05
[BH3-][P+](C)(c1ccccc1)c1ccccc1OC,[2H]c1c([2H])c([2H])c([2H])c([2H])c1[2H],1,-33
CC(c1ccccc1)N1C=CN(C(C)(C)C)B1Br,[2H]C(Cl)(Cl)Cl,1,17.3
CC(c1ccccc1)N1C=CN(C(C)(C)C)[B-]1(Br)Br.[Br-],[2H]C(Cl)(Cl)Cl,1,-1.2
CC(C)(C)c1cc2c(c(C(C)(C)C)c1)OB(Cl)O2,[2H]C(Cl)(Cl)Cl,1,26.4
c1cc[n+]([B-]23C[C@H]4C[C@@H](C2)C[C@@H](C3)C4)cc1,[2H]C(Cl)(Cl)Cl,1,-3.7
CC(C)C(B(c1ccco1)c1ccco1)C(C)C,[2H]c1c([2H])c([2H])c([2H])c([2H])c1[2H],1,30
CC(C)C(B(c1cccs1)c1cccs1)C(C)C,[2H]C(Cl)(Cl)Cl,1,37
BC[P+](C)(C)[Fe-5]([C+]=O)([C+]=O)([C+]=O)[C+]=O,[2H]C(Cl)(Cl)Cl,1,20.46
CCCCCCCC(O)c1ccc([B-](F)(F)F)cc1.[K+],[2H]C([2H])([2H])S(=O)C([2H])([2H])[2H],1,3.78
CC(c1ccccc1)N1BN(C(C)(C)C)C=C1,[2H]C(Cl)(Cl)Cl,1,19.4
CC(C)(C)c1cc2c(c(C(C)(C)C)c1)OBO2,[2H]c1c([2H])c([2H])c([2H])c([2H])c1[2H],1,29.8
CSCc1ccccc1B1OC(C)(C)C(C)(C)O1,[2H]C(Cl)(Cl)Cl,1,32
COc1cc(C)cc(B2OC(C)(C)C(C)(C)O2)c1,[2H]C(Cl)(Cl)Cl,1,30.9
COc1ccc(B2OC(C)(C)C(C)(C)O2)c(OC)c1,[2H]C(Cl)(Cl)Cl,1,30.3
CC(C)N(B/C=C/c1ccccc1)C(C)C,[2H]C(Cl)(Cl)Cl,1,36.7
CCCCB1O[C@H](c2ccccc2)[C@H](C)N1C,[2H]C(Cl)(Cl)Cl,1,34
CCCC[n+]1ccn(C)c1.c1ncn([BH-](n2cncn2)n2cncn2)n1,[2H]C([2H])([2H])S(=O)C([2H])([2H])[2H],1,-0.43
[BH3-][P+](C)(CC(=C)C)CC(=C)C,[2H]C(Cl)(Cl)Cl,1,-36.6
CC(C)(C)N1B(c2ccccc2)N(C(C)(C)C)[As]1Cl,[2H]c1c([2H])c([2H])c(C([2H])([2H])[2H])c([2H])c1[2H],1,37.3
CC(C)(C)N1B(c2ccccc2)N(C(C)(C)C)[Sb]1Cl,[2H]c1c([2H])c([2H])c(C([2H])([2H])[2H])c([2H])c1[2H],1,39.4
CC1(C)OB([Ge](C)(C)c2ccccc2)OC1(C)C,[2H]c1c([2H])c([2H])c([2H])c([2H])c1[2H],1,35.4
CC[B-]1(C#C[Si](C)(C)C)CCCc2cccn21.[Li+],[2H]c1c([2H])c([2H])c([2H])c([2H])c1[2H],1,-10.1
COC(=O)C(Cc1ccc(O)c(O)c1)NC(=O)[BH2-][N+](C)(C)C,[2H]C([2H])([2H])S(=O)C([2H])([2H])[2H],1,-10.06
CC1(C)OB([Si](C)(C)c2ccccc2)OC1(C)C,[2H]c1c([2H])c([2H])c([2H])c([2H])c1[2H],1,34.3
CC1OB([Si](C)(C)c2ccccc2)OC1(C)C,[2H]c1c([2H])c([2H])c([2H])c([2H])c1[2H],1,31.7
C=S(=C)(O[B-]1(C(C)(C)C(C)C)CCCC2=[N+]1CC=C2)C(F)(F)F,[2H]c1c([2H])c([2H])c([2H])c([2H])c1[2H],1,35.6
CCCC[B@-]12CCCC3=[N+]1[C@@H](C=C3)CCC2,[2H]c1c([2H])c([2H])c([2H])c([2H])c1[2H],1,-6.6
CCCC[B@@-]12CCCC3=[N+]1[C@@H](C=C3)CCC2,[2H]c1c([2H])c([2H])c([2H])c([2H])c1[2H],1,-6
CC[B-]1(CC)c2ccccc2[C@H](C)[N+]1(C)C,[2H]C(Cl)(Cl)Cl,1,6.9
CCCC[B-]1(O)O[C@H](c2ccccc2)[C@H](C)[NH+]1C,[2H]C(Cl)(Cl)Cl,1,8.5
C/C(=C1\CCCCB1n1cccc1)[Sn](C)(C)C,[2H]c1c([2H])c([2H])c([2H])c([2H])c1[2H],1,53.5
C1CCOC1.C1CCOC1.[BH4-].[Mg+2].[O-]c1ccccc1,[2H]c1c([2H])c([2H])c([2H])c([2H])c1[2H],1,-41.4
C=CCC1CB(OC(C)C)C=C(CCC)C1,[2H]C(Cl)(Cl)Cl,1,46.2
C1CCC[B-]2(CC1)C1CCCC2CCC1.[Br-].[Mg+2],[2H]c1c([2H])c([2H])c([2H])c([2H])c1[2H],1,-19.7
BrCCCCCCB1C2CCCC1CCC2,[2H]c1c([2H])c([2H])c([2H])c([2H])c1[2H],1,73.6
CCB(/C(CC)=C(/C)[Sn](C)(C)C)n1cccc1,[2H]c1c([2H])c([2H])c([2H])c([2H])c1[2H],1,53.7
CCC1=C(C)[Sn](C)(C)c2scc[n+]2[B-]1(CC)CC,[2H]c1c([2H])c([2H])c([2H])c([2H])c1[2H],1,2.5
CCC1=C(C)[Sn](C)(C)[n+]2ccsc2[B-]1(CC)CC,[2H]c1c([2H])c([2H])c([2H])c([2H])c1[2H],1,-9.6
CCC1=C(C)[Sn](C)(C)N2C=CSC(CC)(CC)B12,[2H]c1c([2H])c([2H])c([2H])c([2H])c1[2H],1,40.6
C/[B-](=C(\[Si](C)(C)C)[Si](C)(C)Cl)[n+]1c(C)cccc1C,[2H]c1c([2H])c([2H])c(C([2H])([2H])[2H])c([2H])c1[2H],1,41.9
CCC1=C(C)[Si](C)(C)n2ccc[n+]2[B-]1(CC)CC,[2H]c1c([2H])c([2H])c([2H])c([2H])c1[2H],1,-0.7
CCB(CC)/C(CC)=C(/C)[Si](C)(C)n1ccnc1,[2H]c1c([2H])c([2H])c([2H])c([2H])c1[2H],1,-3.2
C=CC/C(=C\B(OC(C)C)OC(C)C)CCC,[2H]C(Cl)(Cl)Cl,1,24.77
CCO/C=C/C(B1OC(C)(C)C(C)(C)O1)C(C)C,[2H]C(Cl)(Cl)Cl,1,32.7
C=CCB(CC=C)/C(CC=C)=C(/[SiH3])[Si](C)(C)C,[2H]c1c([2H])c([2H])c([2H])c([2H])c1[2H],1,81.1
C=CCB1CCC[SiH2]C([Si](C)(C)C)=C1CC=C,[2H]c1c([2H])c([2H])c([2H])c([2H])c1[2H],1,81.1
C=CCB(CC=C)C1=C([Si](C)(C)C)[SiH2]CCC1,[2H]c1c([2H])c([2H])c([2H])c([2H])c1[2H],1,79
CC1=C(C)N(CC(C)(C)C)B(Br)N1CCC(C)(C)C,[2H]c1c([2H])c([2H])c([2H])c([2H])c1[2H],1,21
CC1=C(C)N(CC(C)(C)C)B(Cl)N1CCC(C)(C)C,[2H]c1c([2H])c([2H])c([2H])c([2H])c1[2H],1,22.7
CN(C)B1N([Si](C)(C)C)c2ccccc2N1[Si](C)(C)C,[2H]C(Cl)(Cl)Cl,1,32
[BH3-][P+](CC)(CC)C1=C[C@H]2CC[C@@H]1C2(C)C,[2H]C(Cl)(Cl)Cl,1,-37.4
CC(C)N(C(C)C)P1N(C(C)(C)C)[B-](C(F)(F)F)(C(F)(F)F)[N+]1(C)C,[2H]C(Cl)(Cl)Cl,1,-4.8
C#CB(N(C(C)C)C(C)C)N(C(C)C)C(C)C,[2H]C(Cl)(Cl)Cl,1,25
CCCCC[B-]1(CCCCC)CCCC1.[Br-].[Mg+2],[2H]c1c([2H])c([2H])c([2H])c([2H])c1[2H],1,-20.5
CCCC/C(=C(\CC)B(CC)CC)[Sn](C)(C)Cl,[2H]c1c([2H])c([2H])c([2H])c([2H])c1[2H],1,78.5
CCCC[P+](CCCC)(CCCC)[BH-](C(Cl)Cl)C(Cl)Cl,[2H]c1c([2H])c([2H])c(C([2H])([2H])[2H])c([2H])c1[2H],1,-13.5
[Li]N(B(C)N1C(C)(C)CCCC1(C)C)C(C)(C)C,[2H]c1c([2H])c([2H])c([2H])c([2H])c1[2H],1,39.1
CCCCCCCCCC(O)C[N+](C)(C)[BH2-]C#N,[2H]C(Cl)(Cl)Cl,1,-16.7
CC(C)(C)N1C=CN(C(C)(C)C)B1C[Si](C)(C)C,[2H]c1c([2H])c([2H])c([2H])c([2H])c1[2H],1,26.4
CCCC/C(=C(\CC)B(CC)CC)[SnH](C)C,[2H]c1c([2H])c([2H])c([2H])c([2H])c1[2H],1,78.9
CCC/C(=C(\CC)B(CC)CC)[Sn](C)(C)C,[2H]C(Cl)(Cl)Cl,1,84.2
C[SiH](C)CC[Si](C)(C)NB1C2CCCCC1CCC2,[2H]c1c([2H])c([2H])c([2H])c([2H])c1[2H],1,55
CB(C)N=P(C(C)(C)C)(C(C)(C)C)C(C)(C)C,[2H]c1c([2H])c([2H])c([2H])c([2H])c1[2H],1,45
CC[Se+]1N(C(C)(C)C)[B-](CC)(CC)N1C(C)(C)C,[2H]c1c([2H])c([2H])c(C([2H])([2H])[2H])c([2H])c1[2H],1,17.7
CCB(CC)C(CC)=C([Sn](C)(C)C)[Sn](C)(C)C,[2H]c1c([2H])c([2H])c(C([2H])([2H])[2H])c([2H])c1[2H],1,84
C[B-]1=[N+](C(C)C)C(C)(C)C1([Si](C)(C)C)[Si](C)(C)C,[2H]C(Cl)(Cl)Cl,1,45.9
C[B-](C([Si](C)(C)C)[Si](C)(C)C)=[N+](C(C)C)C(C)C,[2H]C(Cl)(Cl)Cl,1,45.5
CC(C)(C)PB(Cl)C([Si](C)(C)C)([Si](C)(C)C)[Si](C)(C)C,[2H]c1c([2H])c([2H])c([2H])c([2H])c1[2H],1,76.6
C1CCOC1.C1CCOC1.C[Si](C)(C)[N-][Si](C)(C)C.[BH4-].[Mg+2],[2H]c1c([2H])c([2H])c([2H])c([2H])c1[2H],1,-39.9
CC(C)OB(c1c(F)c(F)c(F)c(F)c1F)c1c(F)c(F)c(F)c(F)c1F,[2H]c1c([2H])c([2H])c([2H])c([2H])c1[2H],1,39.58
N#Cc1ccccc1/C=C/c1ccc([B-](F)(F)F)cc1.[K+],[2H]C([2H])([2H])C(=O)C([2H])([2H])[2H],1,3.63
C[Si](C)(C)NB(c1c(F)c(F)c(F)c(F)c1F)c1c(F)c(F)c(F)c(F)c1F,[2H]c1c([2H])c([2H])c([2H])c([2H])c1[2H],1,38.2
Cc1ccc(C#CB2Oc3ccccc3S2)cc1,[2H]C(Cl)(Cl)Cl,1,38
Cc1ccc(C#CB2Oc3ccccc3O2)cc1,[2H]C(Cl)(Cl)Cl,1,25
Cc1ccc2c(c1)OB(C#Cc1ccccc1)O2,[2H]C(Cl)(Cl)Cl,1,24
Cc1ccc(C#CB2Sc3ccccc3S2)cc1,[2H]C(Cl)(Cl)Cl,1,48
Cc1ccc2c(c1)SB(C#Cc1ccccc1)S2,[2H]C(Cl)(Cl)Cl,1,47
COc1ccc(/C=C/c2cccc(B(F)F)c2)cc1.[F-].[K+],[2H]C([2H])([2H])C(=O)C([2H])([2H])[2H],1,3.75
COc1ccc(/C=C/c2ccccc2B(F)F)cc1.[F-].[K+],[2H]C([2H])([2H])C(=O)C([2H])([2H])[2H],1,3.61
COc1cccc(/C=C/c2ccc([B-](F)(F)F)cc2)c1.[K+],[2H]C([2H])([2H])C(=O)C([2H])([2H])[2H],1,3.85
COc1ccccc1/C=C/c1ccc([B-](F)(F)F)cc1.[K+],[2H]C([2H])([2H])C(=O)C([2H])([2H])[2H],1,3.78
O=C1C[NH+]2Cc3ccccc3O[B@@-]2(c2ccccc2)O1,[2H]C([2H])([2H])S(=O)C([2H])([2H])[2H],1,5.66
CB(C)C1c2ccccc2-c2ccccc21,[2H]c1c([2H])c([2H])c([2H])c([2H])c1[2H],1,83.8
COc1cccc(CCc2ccc([B-](F)(F)F)cc2)c1.[K+],[2H]C([2H])([2H])C(=O)C([2H])([2H])[2H],1,3.87
F[B-](F)(F)[C@H](Cc1ccccc1)OCc1ccccc1.[K+],[2H]C([2H])([2H])C#N,1,3.7
c1ccc(NB(Nc2ccccn2)Nc2ccccn2)nc1,[2H]c1c([2H])c([2H])c([2H])c([2H])c1[2H],1,24.2
CN1c2ccccc2S[B-]12NC(N)=Nc1[nH+]c3ccccc3n12,[2H]C([2H])([2H])S(=O)C([2H])([2H])[2H],1,0.6
O=C1CC[NH2+][B-](c2ccccc2)(c2ccccc2)O1,[2H]C([2H])([2H])S(=O)C([2H])([2H])[2H],1,3
CO[B-]1(c2ccccc2)NC(N)=Nc2n(C)c3ccccc3[n+]21,[2H]C([2H])([2H])S(=O)C([2H])([2H])[2H],1,0.8
Cn1c2[n+](c3ccccc31)[B-](O)(c1ccccc1)NC(N)=N2,[2H]C([2H])([2H])S(=O)C([2H])([2H])[2H],1,0.2
C[N+]1(C)Cc2ccccc2[B-]1(Cl)c1ccccc1,[2H]C(Cl)(Cl)Cl,1,10.8
C[N+]1(C)Cc2ccccc2[B-]1(F)c1ccccc1,[2H]C(Cl)(Cl)Cl,1,12.6
CO[B-]1(c2ccccc2)NC(N)=Nc2[nH]c3ccccc3[n+]21,[2H]C([2H])([2H])S(=O)C([2H])([2H])[2H],1,0.8
C[N+]1(Cc2ccccc2)Cc2ccccc2[B-]1(O)O,[2H]OC([2H])([2H])[2H],1,10
COB1C[C@H]2C=C(c3ccccc3)C[C@@H](C1)C2,[2H]C(Cl)(Cl)Cl,1,54.67
O=C(OB1C2CCCC1CCC2)c1ccccc1,[2H]C([2H])([2H])S(=O)C([2H])([2H])[2H],1,12.9
[BH3-][N+](C)(Cc1ccccc1)Cc1ccccc1,[2H]C1([2H])OC([2H])([2H])C([2H])([2H])C1([2H])[2H],1,-8.83
CC1(C)OB(c2ccccc2CN2CCCC2)OC1=O,[2H]OC([2H])([2H])[2H],1,8
C=CC1=[O+][B-]2(OC(C)(C)C(C)(C)O2)c2ccccc2N1,[2H]c1c([2H])c([2H])c([2H])c([2H])c1[2H],1,30.1
C=CC(=C)Nc1ccc(B2OC(C)(C)C(C)(C)O2)cc1,[2H]c1c([2H])c([2H])c([2H])c([2H])c1[2H],1,30.8
CC(c1ccccc1)N1C=CN(C(C)(C)C)B1C#N,[2H]C(Cl)(Cl)Cl,1,11.6
[BH3-][P+](CC)(c1ccccc1)c1cccc(OC)c1,[2H]c1c([2H])c([2H])c([2H])c([2H])c1[2H],1,-35.1
CC(C)B(C(C)C)C1C=Cc2ccccc21,[2H]C(Cl)(Cl)Cl,1,87
CC(C)B(C1=CCc2ccccc21)C(C)C,[2H]C(Cl)(Cl)Cl,1,54
CC(C)[N+](=[B-](Cl)C1C=Cc2ccccc21)C(C)C,[2H]C([2H])(Cl)Cl,1,37.6
CC(C)[N+](=[B-](Cl)C1=CCc2ccccc21)C(C)C,[2H]C([2H])(Cl)Cl,1,34.7
CCCCCCC/C=C/c1ccc([B-](F)(F)F)cc1.[K+],[2H]C([2H])([2H])C(=O)C([2H])([2H])[2H],1,3.92
Cc1n(C)cc[n+]1CCCC(F)(F)F.c1ncn([BH-](n2cncn2)n2cncn2)n1,[2H]C([2H])([2H])S(=O)C([2H])([2H])[2H],1,-0.49
CC(C)N(B1CC=Cc2ccccc21)C(C)C,[2H]c1c([2H])c([2H])c([2H])c([2H])c1[2H],1,42.4
CC(C)N(B1C=CCc2ccccc21)C(C)C,[2H]c1c([2H])c([2H])c([2H])c([2H])c1[2H],1,34.6
CCCB(C/C=C/c1ccccc1)CCC,[2H]C(Cl)(Cl)Cl,1,86.14
c1cc2n(c1)[B-]1(CCC2)C2CCCC1CCC2,[2H]c1c([2H])c([2H])c([2H])c([2H])c1[2H],1,-8.2
CB1N(C(C)c2ccccc2)C=CN1C(C)(C)C,[2H]C(Cl)(Cl)Cl,1,26.2
COc1ccc(/C=C/BN(C(C)C)C(C)C)cc1,[2H]C(Cl)(Cl)Cl,1,36.9
COc1cc(OC)cc(B2OC(C)(C)C(C)(C)O2)c1,[2H]C(Cl)(Cl)Cl,1,30.8
CC1(C)CCCC(C)(C)N1B(n1ccnc1)n1ccnc1,[2H]C([2H])(Cl)Cl,1,28.2
CCCC[n+]1ccn(C)c1C.c1ncn([BH-](n2cncn2)n2cncn2)n1,[2H]C([2H])([2H])S(=O)C([2H])([2H])[2H],1,-0.43
CN1CCN(C)B1/C=C(/c1ccccc1)[Sn](C)(C)C,[2H]c1c([2H])c([2H])c([2H])c([2H])c1[2H],1,30.8
CC(C)(C)B1N(Cc2ccccc2)N=NN1C(C)(C)C,[2H]C(Cl)(Cl)Cl,1,26.7
CC[B-]1(CC)Oc2ccccc2C[N+]1(CC)CC,[2H]c1c([2H])c([2H])c([2H])c([2H])c1[2H],1,8.2
CB1O/C(=N/c2ccccc2)C1([Si](C)(C)C)[Si](C)(C)C,[2H]C(Cl)(Cl)Cl,1,57.3
CC/C(B1CCCc2cccn21)=C(\C)[Sn](C)(C)C,[2H]c1c([2H])c([2H])c([2H])c([2H])c1[2H],1,55.5
CB1ON(C)C(c2ccccc2)C1([Si](C)(C)C)[Si](C)(C)Cl,[2H]C(Cl)(Cl)Cl,1,51.9
CC(C)N1B([Sn](C)(C)C)N(C(C)C)c2ccccc21,[2H]c1c([2H])c([2H])c([2H])c([2H])c1[2H],1,32.8
CC#CB1C2CCCC(CCC2)C1[Si](C)(C)C,[2H]c1c([2H])c([2H])c([2H])c([2H])c1[2H],1,75
C/C(=C1\C[C@@H]2C[C@@H]3CB1C[C@@H](C3)C2)[Si](C)(C)C,[2H]C(Cl)(Cl)Cl,1,79.2
C=CCB(CC=C)/C(CC=C)=C(/C)[Sn](C)(C)C,[2H]C(Cl)(Cl)Cl,1,79.8
BrCCCB(C1CCCCC1)C1CCCCC1,[2H]c1c([2H])c([2H])c([2H])c([2H])c1[2H],1,81.4
Br[Mg]CCCB(C1CCCCC1)C1CCCCC1,[2H]c1c([2H])c([2H])c([2H])c([2H])c1[2H],1,82.2
[BH3-][N+](CCCC)(CCCC)Cc1ccccc1,[2H]C(Cl)(Cl)Cl,1,-13.69
CC[B-](CC)(CC)[n+]1ccc(C(C)(C)C)cc1,[2H]C(Cl)(Cl)Cl,1,1.8
CCB(/C(CC)=C(/C)[Sn](C)(C)CC)n1cccc1,[2H]c1c([2H])c([2H])c([2H])c([2H])c1[2H],1,53.5
CC[B-]1(CC)/C(=C/C(C)(C)C)[Si](C)(C)[n+]2ccsc21,[2H]c1c([2H])c([2H])c([2H])c([2H])c1[2H],1,-7.6
CC[B-]1(CC)/C(=C/C(C)(C)C)[Si](C)(C)[n+]2ccsc21,[2H]C(Cl)(Cl)Cl,1,-7.6
CCC1=C(C)[Sn](C)(C)[n+]2c(C)csc2[B-]1(CC)CC,[2H]c1c([2H])c([2H])c([2H])c([2H])c1[2H],1,-9.6
C/[B-](=C(\[Si](C)(C)C)[Si](C)(C)Cl)[n+]1c(C)cc(C)cc1C,[2H]c1c([2H])c([2H])c(C([2H])([2H])[2H])c([2H])c1[2H],1,40.9
CCCC/C=C1/[B-](CC)(CC)[n+]2cccn2[Si]1(C)C,[2H]C(Cl)(Cl)Cl,1,2.1
CCCCC(/C=C/OCC)B1OC(C)(C)C(C)(C)O1,[2H]C(Cl)(Cl)Cl,1,33.4
C=CCB(CC=C)/C(CC=C)=C(\[SiH2]C)[Si](C)(C)C,[2H]c1c([2H])c([2H])c([2H])c([2H])c1[2H],1,79.5
C=CCB(CC=C)/C(CC=C)=C(/[SiH2]C)[Si](C)(C)C,[2H]c1c([2H])c([2H])c([2H])c([2H])c1[2H],1,81.3
C=CCB1CCC[Si@@H](C)C([Si](C)(C)C)=C1CC=C,[2H]c1c([2H])c([2H])c([2H])c([2H])c1[2H],1,71.5
C=CCB(CC=C)C1=C([Si](C)(C)C)[Si@H](C)CCC1,[2H]c1c([2H])c([2H])c([2H])c([2H])c1[2H],1,77.5
C=CCB(CC=C)C(CC=C)=C([SiH](C)C)[SiH](C)C,[2H]C(Cl)(Cl)Cl,1,64.3
C=CCB1CCC[Si](C)(C)C([SiH](C)C)=C1CC=C,[2H]C(Cl)(Cl)Cl,1,81.7
CCCC[P+](CCCC)(CCCC)[B-](C(Cl)Cl)(C(Cl)Cl)C(Cl)Cl,[2H]c1c([2H])c([2H])c(C([2H])([2H])[2H])c([2H])c1[2H],1,-9.3
CCC1=C(C)[Sn](C)(C)C2[N+](C)=CC=[N+]2[B-]1(CC)CC,[2H]c1c([2H])c([2H])c([2H])c([2H])c1[2H],1,-0.3
C[B-](C1=C(C)C(C)=C(C)C1C)=[N+]([Si](C)(C)C)[Si](C)(C)C,[2H]c1c([2H])c([2H])c([2H])c([2H])c1[2H],1,44.2
CCC1=C(C)[Sn](C)(C)[N+](CC)(CC)[B-]1(CC)CC,[2H]c1c([2H])c([2H])c([2H])c([2H])c1[2H],1,1.8
CC(C)N(B(N(C(C)C)C(C)C)n1ccnc1)C(C)C,[2H]C(Cl)(Cl)Cl,1,28
CCC1=C(N(C)C)[Sn](C)(C)n2cnc[n+]2[B-]1(CC)CC,[2H]c1c([2H])c([2H])c([2H])c([2H])c1[2H],1,-0.8
C[Si]1(C)CCC[Si](C)(C)N1B1C2CCCC1CCC2,[2H]c1c([2H])c([2H])c([2H])c([2H])c1[2H],1,58
CCCCCCCC(B1OC(C)(C)C(C)(C)O1)P(=O)(OC)OC,[2H]C(Cl)(Cl)Cl,1,32.31
CC(C)(C)N1P(N(C(C)(C)C)[Si](C)(C)C)[N+](C)(C)[B-]1(C(F)(F)F)C(F)(F)F,[2H]C(Cl)(Cl)Cl,1,-4.8
CC(C)P(=NB1OC(C)(C)C(C)(C)O1)(C(C)C)C(C)C,[2H]c1c([2H])c([2H])c([2H])c([2H])c1[2H],1,23.9
CCCCCCC/C(=C/B1N(C)CCN1C)[Sn](C)(C)C,[2H]c1c([2H])c([2H])c([2H])c([2H])c1[2H],1,30.5
CCCC/C(=C(\CC)B(CC)CC)[Si](C)(C)C,[2H]C(Cl)(Cl)Cl,1,83
CC(C)(C)N(BN1C(C)(C)CCCC1(C)C)[Si](C)(C)Cl,[2H]c1c([2H])c([2H])c([2H])c([2H])c1[2H],1,35.9
CCC1=C(C)[Si](C)(C)[N+](CC)(CC)[B-]1(CC)CC,[2H]c1c([2H])c([2H])c([2H])c([2H])c1[2H],1,6
C[SiH](C)CCC[Si](C)(C)NB1C2CCCC1CCC2,[2H]c1c([2H])c([2H])c([2H])c([2H])c1[2H],1,55.7
CCC1=C([Si](C)(C)C)[Si](C)(C)C[O+](CC)[B-]1(CC)CC,[2H]c1c([2H])c([2H])c([2H])c([2H])c1[2H],1,19.9
CC1(C)CCCC(C)(C)N1B([Sn](C)(C)C)[Sn](C)(C)C,[2H]c1c([2H])c([2H])c([2H])c([2H])c1[2H],1,68.4
[BH3-][N+]1(C(C)(C)C)CN(C(C)(C)C)CN(C(C)(C)C)C1,[2H]C(Cl)(Cl)Cl,1,-14.8
C[Si](C)(C)CB(C[Si](C)(C)C)C[Si](C)(C)C[Si](C)(C)C,[2H]c1c([2H])c([2H])c([2H])c([2H])c1[2H],1,78.6
CC1=[O+][B-](c2c(F)c(F)c(F)c(F)c2F)(c2c(F)c(F)c(F)c(F)c2F)C=CO1,[2H]c1c([2H])c([2H])c([2H])c([2H])c1[2H],1,5.2
CC1=[O+][B-](c2c(F)c(F)c(F)c(F)c2F)(c2c(F)c(F)c(F)c(F)c2F)C=CO1,[2H]C([2H])(Cl)Cl,1,5.7
FB(c1c(C(F)(F)F)cccc1C(F)(F)F)c1c(C(F)(F)F)cccc1C(F)(F)F,[2H]C(Cl)(Cl)Cl,1,46.1
OB(c1c(C(F)(F)F)cccc1C(F)(F)F)c1c(C(F)(F)F)cccc1C(F)(F)F,[2H]C(Cl)(Cl)Cl,1,45.1
F[B-](F)(F)c1ccc(/C=C/C(Br)=C/c2ccccc2)cc1.[K+],[2H]C([2H])([2H])C(=O)C([2H])([2H])[2H],1,3.62
COc1cccc2cc3cccc4c3c(c12)[B-](Cl)(Cl)[O+]4C,[2H]C(Cl)(Cl)Cl,1,22
COc1cccc2cc3cccc4c3c(c12)[B-](F)(F)[O+]4C,[2H]C(Cl)(Cl)Cl,1,19
Cc1ccc(C#CB2Oc3ccc(C)cc3O2)cc1,[2H]C(Cl)(Cl)Cl,1,23
Cc1ccc(C#CB2Sc3ccc(C)cc3S2)cc1,[2H]C(Cl)(Cl)Cl,1,48
NC1=Nc2nc3ccccc3n2[B-]2(N1)NC(N)=Nc1[nH+]c3ccccc3n12,[2H]C([2H])([2H])S(=O)C([2H])([2H])[2H],1,-2.6
C[C@H]1C(=O)O[B@-]2(c3ccccc3)Oc3ccccc3C[N@+]12C,[2H]C([2H])([2H])S(=O)C([2H])([2H])[2H],1,4.95
Cn1cc[n+]([BH2-]n2c3ccccc3c3ccccc32)c1,[2H]C1([2H])OC([2H])([2H])C([2H])([2H])C1([2H])[2H],1,-11.4
[BH2-](n1c2ccccc2c2ccccc21)[O+]1CCCC1,[2H]C1([2H])OC([2H])([2H])C([2H])([2H])C1([2H])[2H],1,0.1
C[B-]1(c2ccccc2)c2ccccc2C[N+]1(C)C,[2H]C(Cl)(Cl)Cl,1,6.8
CO[B-]1(OC)c2ccccc2C[N+]1(C)Cc1ccccc1,[2H]OC([2H])([2H])[2H],1,10.3
CO[B-]1(c2ccccc2)[NH2+]C(C)C(c2ccccc2)O1,[2H]c1c([2H])c([2H])c(C([2H])([2H])[2H])c([2H])c1[2H],1,6.7
CC1C(c2ccccc2)O[B-](O)(c2ccccc2)[NH+]1C,[2H]c1c([2H])c([2H])c(C([2H])([2H])[2H])c([2H])c1[2H],1,7.8
[BH3-][P+](C/C=C\C)(c1ccccc1)c1ccccc1,[2H]C(Cl)(Cl)Cl,1,-39
CC(C)=CCCC(C)/C=C/c1ccc([B-](F)(F)F)cc1.[K+],[2H]C([2H])([2H])C(=O)C([2H])([2H])[2H],1,3.72
Cc1cc[n+]([B-]23CCCc4ccc(n42)CCC3)cc1,[2H]c1c([2H])c([2H])c([2H])c([2H])c1[2H],1,7
Cn1cc[n+]([B-](n2ccn(C)c2=S)(n2ccn(C)c2=S)n2ccn(C)c2=S)c1,[2H]C(Cl)(Cl)Cl,1,8.05
[BH3-][PH+](C(C)c1ccccc1)C(C)c1ccccc1,[2H]C(Cl)(Cl)Cl,1,-44.94
[BH3-][Si](c1ccccc1)(c1ccccc1)C(C)(C)C.[Li+],[2H]c1c([2H])c([2H])c([2H])c([2H])c1[2H],1,-43.8
CCN1B(C#CC(C)(C)C)N(CC)c2ccccc21,[2H]c1c([2H])c([2H])c([2H])c([2H])c1[2H],1,21.1
CC[B-](CC)(OC(=O)c1ccccc1)n1[nH+]c(C)cc1C,[2H]C(Cl)(Cl)Cl,1,8.8
CC(C)N(B(c1ccc(Br)n1C)c1ccc(Br)n1C)C(C)C,[2H]C(Cl)(Cl)Cl,1,35
C=C1C[B-](=[N+](C(C)C)C(C)C)Cc2ccccc21,[2H]C(Cl)(Cl)Cl,1,44.7
CC1=C[B-](=[N+](C(C)C)C(C)C)Cc2ccccc21,[2H]C(Cl)(Cl)Cl,1,41.7
Cc1cc(C)c(C(O)B2OC(C)(C)C(C)(C)O2)c(C)c1,[2H]c1c([2H])c([2H])c([2H])c([2H])c1[2H],1,33
CC(C)N(B(c1cccn1C)c1cccn1C)C(C)C,[2H]c1c([2H])c([2H])c([2H])c([2H])c1[2H],1,35.6
[BH+][P-](CCCC)(C1=CCCCC1)c1ccccc1,[2H]C(Cl)(Cl)Cl,1,-37.2
CCN(CC)Cc1cccc2c1O[B-](Cl)(Cl)[N+](CC)(CC)C2,[2H]c1c([2H])c([2H])c([2H])c([2H])c1[2H],1,7.7
CC(C)N1B(C(C)(C)C)N(C(C)C)c2ccccc21,[2H]c1c([2H])c([2H])c([2H])c([2H])c1[2H],1,29.5
CN(C)c1cc(B2OC(C)(C)C(C)(C)O2)cc(N(C)C)c1,[2H]C(Cl)(Cl)Cl,1,31
CC(C)(C)C(=O)O[B-]1(n2ccc[nH+]2)C2CCCC1CCC2,[2H]C(Cl)(Cl)Cl,1,6.3
C#C/C(CCCC)=C(/CCC)B1OC(C)(C)C(C)(C)O1,[2H]c1c([2H])c([2H])c([2H])c([2H])c1[2H],1,30.5
[BH3-][P+](OC)(OC)O[C@@H]1O[C@H](COC(C)=O)[C@@H](OC(C)=O)[C@H](OC(C)=O)[C@H]1OC(C)=O,[2H]C(Cl)(Cl)Cl,1,-46.2
CC(C)(C)C#CB1N(C(C)(C)C)C=CN1C(C)(C)C,[2H]c1c([2H])c([2H])c([2H])c([2H])c1[2H],1,17.1
CCN(CC)Cc1cccc2c1O[BH2-][N+](CC)(CC)C2,[2H]c1c([2H])c([2H])c([2H])c([2H])c1[2H],1,0.3
BrCCCCB(C1CCCCC1)C1CCCCC1,[2H]c1c([2H])c([2H])c([2H])c([2H])c1[2H],1,82.4
C[Si](C)(Br)C1=C(B2C3CCCC2CCC3)CC[Si]1(C)C,[2H]c1c([2H])c([2H])c([2H])c([2H])c1[2H],1,86.4
CC(C)(C)/C=C(/B1C2CCCC1CCC2)[Si](C)(C)Cl,[2H]c1c([2H])c([2H])c([2H])c([2H])c1[2H],1,82.1
C[B-]1=[O+]N(C)C(c2ccccc2)C1([Si](C)(C)C)[Si](C)(C)C,[2H]C(Cl)(Cl)Cl,1,51.9
C[Sn](C)(C)C(=C1CCCCB1n1cccc1)[Sn](C)(C)C,[2H]c1c([2H])c([2H])c([2H])c([2H])c1[2H],1,52.5
CC[B-]1(CC)/C(=C/C(C)(C)C)[Si](C)(C)[n+]2c(C)csc21,[2H]C(Cl)(Cl)Cl,1,-4.5
CC(C)c1cccc(C(C)C)c1[O-].COCCOC.[BH4-].[Br].[Mg+2],[2H]C([2H])([2H])S(=O)C([2H])([2H])[2H],1,-40.4
CCC1=C(C)[Sn](C)(C)c2n(C)cc(C)[n+]2[B-]1(CC)CC,[2H]c1c([2H])c([2H])c([2H])c([2H])c1[2H],1,-0.3
CCC1=C(C)[Sn](C)(C)[n+]2c(C)cn(C)c2[B-]1(CC)CC,[2H]c1c([2H])c([2H])c([2H])c([2H])c1[2H],1,-11.3
CCC1=C(CN(C)C)[Sn](C)(C)c2scc[n+]2[B-]1(CC)CC,[2H]c1c([2H])c([2H])c([2H])c([2H])c1[2H],1,2
CCC1=C(CN(C)C)[Sn](C)(C)[n+]2ccsc2[B-]1(CC)CC,[2H]c1c([2H])c([2H])c([2H])c([2H])c1[2H],1,-9.5
CC[B-]1(CC)/C(=C/C(C)(C)C)[Si](C)(C)[n+]2ccn(C)c21,[2H]c1c([2H])c([2H])c([2H])c([2H])c1[2H],1,-10
CCCC/C(=C\B1OC(C)(C)C(C)(C)O1)CCC(C)O,[2H]C(Cl)(Cl)Cl,1,30.11
C=CCB(CC=C)/C(CC=C)=C(\[SiH](C)C)[Sn](C)(C)C,[2H]c1c([2H])c([2H])c([2H])c([2H])c1[2H],1,71.4
C=CCB(CC=C)/C(CC=C)=C(\[SiH](C)C)[Si](C)(C)C,[2H]c1c([2H])c([2H])c([2H])c([2H])c1[2H],1,51.6
C=CCB(CC=C)/C(CC=C)=C(\[SiH](C)C)[Si](C)(C)C,[2H]C(Cl)(Cl)Cl,1,51.6
C[SiH](C)C1=C(B2C3CCCC2CCC3)CC[Si]1(C)C,[2H]c1c([2H])c([2H])c([2H])c([2H])c1[2H],1,85.1
C=CCB1CCCC[Si](C)(C)/C([Si](C)(C)C)=C\1CC=C,[2H]c1c([2H])c([2H])c([2H])c([2H])c1[2H],1,80.5
C=CCB(CC=C)C1=C([Si](C)(C)C)[Si](C)(C)CCC1,[2H]C(Cl)(Cl)Cl,1,76.9
C[B-](=C([Si](C)(C)C)[Si](C)(C)C)[n+]1cc(C)c(C)cc1C,[2H]c1c([2H])c([2H])c(C([2H])([2H])[2H])c([2H])c1[2H],1,40.8
CCB(C(CC)=C([Sn](C)(C)C)[Sn](C)(C)C)n1cccc1,[2H]c1c([2H])c([2H])c([2H])c([2H])c1[2H],1,53.5
CC[B-]1(CC)/C(=C/C(C)(C)C)[Si](C)(C)C2=[N+]1CC=[N+]2C,[2H]c1c([2H])c([2H])c([2H])c([2H])c1[2H],1,1.2
[BH+][P-](CCC(C)=O)(C1CCCCC1)C1CCCCC1,[2H]c1c([2H])c([2H])c([2H])c([2H])c1[2H],1,-39.8
COB1C[C@H]2C[C@@H]3C[C@H](C2)CC1(C(C)[Si](C)(C)C)C3,[2H]C(Cl)(Cl)Cl,1,54.4
CCC1/C(=C(\C)[Si](C)(C)C)B2C[C@@H]3C[C@H](C2)C[C@H]1C3,[2H]C(Cl)(Cl)Cl,1,79.7
C=CC/C(=C\B(N(CC)CC)N(CC)CC)CCC,[2H]C(Cl)(Cl)Cl,1,30.75
CC(C)NB(F)OC(C(C)(C)C)(C(C)(C)C)C(C)(C)C,[2H]C(Cl)(Cl)Cl,1,17.1
CN(c1ccccc1)[B-]([Sn](C)(C)C)([Sn](C)(C)C)[Sn](C)(C)C.[Li+],[2H]c1c([2H])c([2H])c([2H])c([2H])c1[2H],1,-13.1
CB1N(C(C)(C)C)[Al-](C)(C)[N+]12C(C)(C)CCCC2(C)C,[2H]c1c([2H])c([2H])c([2H])c([2H])c1[2H],1,38.5
CB1N(C(C)(C)C)[Ga-](C)(C)[N+]12C(C)(C)CCCC2(C)C,[2H]c1c([2H])c([2H])c([2H])c([2H])c1[2H],1,36.3
CC(C)(C)C(OB(F)N[Si](C)(C)C)(C(C)(C)C)C(C)(C)C,[2H]C(Cl)(Cl)Cl,1,18
CCCCB(N(C(C)C)C(C)C)N(C(C)C)C(C)C,[2H]C(Cl)(Cl)Cl,1,39.3
CB(N1C(C)(C)CCCC1(C)C)N(C(C)(C)C)[Sn](C)(C)C,[2H]c1c([2H])c([2H])c([2H])c([2H])c1[2H],1,39.4
[N-]=[N+]=N[B-](c1c(F)c(F)c(F)c(F)c1F)(c1c(F)c(F)c(F)c(F)c1F)[n+]1ccccc1,[2H]C(Cl)(Cl)Cl,1,-0.5
[N-]=[N+]=N[B-](c1c(F)cccc1F)(c1c(F)cccc1F)[n+]1ccccc1,[2H]C(Cl)(Cl)Cl,1,-2.5
[N-]=[N+]=N[B-](c1ccccc1F)(c1ccccc1F)[n+]1ccccc1,[2H]C(Cl)(Cl)Cl,1,2
C[Si](C)(C)CCB(c1c(F)c(F)c(F)c(F)c1F)c1c(F)c(F)c(F)c(F)c1F,[2H]c1c([2H])c([2H])c([2H])c([2H])c1[2H],1,68.2
CC(B(c1c(F)c(F)c(F)c(F)c1F)c1c(F)c(F)c(F)c(F)c1F)[Si](C)(C)C,[2H]c1c([2H])c([2H])c([2H])c([2H])c1[2H],1,72.2
C[N+]1(C)[B-](C(F)(F)F)(C(F)(F)F)C12c1ccccc1-c1ccccc12,[2H]C(Cl)(Cl)Cl,1,-11.6
c1ccc([B-]2(c3ccccc3)Oc3cccc[n+]3O2)cc1,[2H]C(Cl)(Cl)Cl,1,15.5
[BH2-](n1c2ccccc2c2ccccc21)[n+]1ccccc1,[2H]C1([2H])OC([2H])([2H])C([2H])([2H])C1([2H])[2H],1,-7
C[N+]1(C)[B-](C(F)(F)F)(C(F)(F)F)C1(c1ccccc1)c1ccccc1,[2H]C(Cl)(Cl)Cl,1,-14
C[NH+](C)C1([B-](O)(C(F)(F)F)C(F)(F)F)c2ccccc2-c2ccccc21,[2H]C([2H])([2H])C#N,1,-6.6
CN(C)[C+]1N(c2ccccc2)[B-](C(F)(F)F)(C(F)(F)F)N1c1ccccc1,[2H]C([2H])([2H])C(=O)C([2H])([2H])[2H],1,-5
CN(C)[C+]1Nc2ccccc2[B-](C(F)(F)F)(C(F)(F)F)N1c1ccccc1,[2H]C([2H])([2H])C(=O)C([2H])([2H])[2H],1,-10.9
C[N+]1(C)Cc2ccccc2[B-]1(OC(=O)C(F)(F)F)c1ccccc1,[2H]C(Cl)(Cl)Cl,1,11.3
c1ccc([B-]2(c3ccccc3)O[C@H]3CCC[N@@H+]2C3)cc1,[2H]C([2H])([2H])S(=O)C([2H])([2H])[2H],1,6
c1ccc([B-]2(c3ccccc3)O[C@H]3CC[N@@H+]2CC3)cc1,[2H]C([2H])([2H])S(=O)C([2H])([2H])[2H],1,4
CC(C)C1[NH2+][B-](c2ccccc2)(c2ccccc2)OC1=O,[2H]C([2H])([2H])S(=O)C([2H])([2H])[2H],1,6.3
CC(C)[B-]1(c2ccccc2)NC(N)=Nc2[nH]c3ccccc3[n+]21,[2H]C([2H])([2H])S(=O)C([2H])([2H])[2H],1,0.5
[BH3-][P+](c1ccccc1)(c1ccccc1)C1CCC(=O)C1,[2H]C(Cl)(Cl)Cl,1,-39.59
CO[B-]1(c2ccccc2)OC(c2ccccc2)C(C)[NH+]1C,[2H]c1c([2H])c([2H])c(C([2H])([2H])[2H])c([2H])c1[2H],1,7.8
CC1(C)OB(c2cc(N3CCOCC3)cc(C(F)(F)F)c2)OC1(C)C,[2H]c1c([2H])c([2H])c([2H])c([2H])c1[2H],1,28.1
CC1(C)CCCC(C)(C)N1B([SH]1C=CC=C1)[SH]1C=CC=C1,[2H]C(Cl)(Cl)Cl,1,42
O=C(O)CNC(=O)CNC(=O)CNC(=O)CNC(=O)CNCc1ccc(B(O)O)cc1,[2H]C([2H])([2H])S(=O)C([2H])([2H])[2H],1,30.79
CCB1C2CCCC(CCC2)[C@H]1c1ccccc1,[2H]c1c([2H])c([2H])c([2H])c([2H])c1[2H],1,83
CC(C)(C)c1cc2c(c(C(C)(C)C)c1)O[B-]1(Br)OCC[NH+]1C2,[2H]C(Cl)(Cl)Cl,1,2
CC(C)(C)c1cc2c(c(C(C)(C)C)c1)O[B-]1(Cl)OCC[NH+]1C2,[2H]C(Cl)(Cl)Cl,1,2.05
C=CC/C(=C\B(OC(C)C)OC(C)C)c1ccccc1,[2H]C(Cl)(Cl)Cl,1,26
C[Si](C)(C)C1([Si](C)(C)C)C=CC(B2Oc3ccccc3O2)=C1,[2H]C(Cl)(Cl)Cl,1,28.8
CC(C)c1ccc(B(OCCCCBr)OCCCCBr)cc1,[2H]c1c([2H])c([2H])c([2H])c([2H])c1[2H],1,28
CCO[P+]([BH2-]C#N)(CC1OC(n2cc(C)c(=O)[nH]c2=O)CC1OC(C)=O)OCC,[2H]C([2H])([2H])S(=O)C([2H])([2H])[2H],1,-40.58
CC1=C2CC3C[C@H]4CB(C[C@@H](C3)C4)C2=C(C)[Si]1(C)C,[2H]C(Cl)(Cl)Cl,1,88.4
CN(C)C1=[N+](C2CCCCC2)[B-](C(F)(F)F)(C(F)(F)F)N1C1CCCCC1,[2H]C([2H])([2H])C(=O)C([2H])([2H])[2H],1,-9.2
C[Sn](C)(C)/C=C1\B(n2cccc2)C2CCCC1CCC2,[2H]c1c([2H])c([2H])c([2H])c([2H])c1[2H],1,54.2
CCC1=C(C)[Si](C)(C)n2c3ccccc3n[n+]2[B-]1(CC)CC,[2H]c1c([2H])c([2H])c([2H])c([2H])c1[2H],1,3.6
CCB(CC)/C(CC)=C(/c1ccccc1)[Ge](C)(C)C,[2H]C(Cl)(Cl)Cl,1,80.9
CC1C([BH2-][n+]2ccc(N(C)C)cc2)CC2CC1C2(C)C,[2H]C(Cl)(Cl)Cl,1,-2.3
C[Si](C)(C)C1B(C#CC2CC2)C2CCCC1CCC2,[2H]c1c([2H])c([2H])c([2H])c([2H])c1[2H],1,71
C[Si](C)(C)C1B(C#CCCCCl)C2CCCC1CCC2,[2H]c1c([2H])c([2H])c([2H])c([2H])c1[2H],1,68
CCC(B1CC=Cc2cccn21)=C([Sn](C)(C)C)[Sn](C)(C)C,[2H]c1c([2H])c([2H])c([2H])c([2H])c1[2H],1,53.8
CC(C)(C)c1cccc(C(C)(C)C)c1OB(Cl)N[Si](C)(C)C,[2H]C(Cl)(Cl)Cl,1,27.2
C=CC(C[Si](C)(C)C)B1OC2CC3CC(C3(C)C)C2(C)O1,[2H]C(Cl)(Cl)Cl,1,32.6
CCC/C(=C1\C[C@@H]2C[C@@H]3CB1C[C@@H](C3)C2)[Sn](C)(C)C,[2H]C(Cl)(Cl)Cl,1,80.5
CCC/C(=C1/C[C@@H]2C[C@@H]3CB1C[C@@H](C3)C2)[Sn](C)(C)C,[2H]C(Cl)(Cl)Cl,1,81.5
C1CCC([B-]2(C3CCCCC3)CCCCC2)CC1.[Br-].[Mg+2],[2H]c1c([2H])c([2H])c([2H])c([2H])c1[2H],1,-18.6
BrCCCCCB(C1CCCCC1)C1CCCCC1,[2H]c1c([2H])c([2H])c([2H])c([2H])c1[2H],1,82.5
CCC(B1CCCc2cccn21)=C([Sn](C)(C)C)[Sn](C)(C)C,[2H]c1c([2H])c([2H])c([2H])c([2H])c1[2H],1,55.7
Cc1c(C)[n+](C)c(B2N(C(C)(C)C)C=CN2C(C)(C)C)n1C,[2H]C(Cl)(Cl)Cl,1,15.3
CCB(/C(CC)=C(/CN(C)C)[Sn](C)(C)CC)n1cccc1,[2H]c1c([2H])c([2H])c([2H])c([2H])c1[2H],1,55.9
CC[B-]1(CC)CC(CN(C)C)[Sn](C)(C)[n+]2c(C)csc21,[2H]c1c([2H])c([2H])c([2H])c([2H])c1[2H],1,-8.8
CCCC/C(=C\B1OC(C)(C)C(C)(C)O1)CCC(O)CC,[2H]C(Cl)(Cl)Cl,1,30.02
C[SiH](C)C1=C(B2C3CCCC2CCC3)CCC[Si]1(C)C,[2H]c1c([2H])c([2H])c([2H])c([2H])c1[2H],1,75.9
C[Si](C)(C)C(=C1C[C@@H]2C[C@@H]3CB1C[C@@H](C3)C2)[Si](C)(C)C,[2H]c1c([2H])c([2H])c([2H])c([2H])c1[2H],1,77.3
CCCC[B-](CCCC)(CCCC)[n+]1ccn(CC)c1,[2H]C(Cl)(Cl)Cl,1,-11.9
CCC1=C(CN(C)C)[Sn](C)(C)C2[N+](C)=CC=[N+]2[B-]1(CC)CC,[2H]c1c([2H])c([2H])c([2H])c([2H])c1[2H],1,-1.1
Cc1ncn(B(N(C(C)C)C(C)C)N(C(C)C)C(C)C)c1C,[2H]C(Cl)(Cl)Cl,1,28
CC(C)(C)NB(F)OC(C(C)(C)C)(C(C)(C)C)C(C)(C)C,[2H]C(Cl)(Cl)Cl,1,17.2
CC(C)N(B(C#C[Si](C)(C)C)N(C(C)C)C(C)C)C(C)C,[2H]C(Cl)(Cl)Cl,1,25
CCC1=C(CN(C)C)[Sn](C)(C)[N+](CC)(CC)[B-]1(CC)CC,[2H]c1c([2H])c([2H])c([2H])c([2H])c1[2H],1,4.1
CC(C)(C)P1[B-]23[P+](C)(C(C)(C)C)[PH]2(C(C)(C)C)[PH]13C(C)(C)C,[2H]c1c([2H])c([2H])c([2H])c([2H])c1[2H],1,-25.9
CCC1=C([Si](C)(C)C)[Si](C)(C)[N+](CC)(CC)[B-]1(CC)CC,[2H]c1c([2H])c([2H])c([2H])c([2H])c1[2H],1,4
CCB(CC)/C(CC)=C(/C)[Sn](C)(C)N([Si](C)(C)C)[Si](C)(C)C,[2H]c1c([2H])c([2H])c([2H])c([2H])c1[2H],1,83.8
Fc1c(F)c(F)c(B(c2c(F)c(F)c(F)c(F)c2F)c2c(F)c(F)c(F)c(F)c2F)c(F)c1F,[2H]c1c([2H])c([2H])c([2H])c([2H])c1[2H],1,58
Cc1cc(C)c([PH+](c2c(C)cc(C)cc2C)c2c(C)cc(C)cc2C)c(C)c1.Fc1c(F)c(F)c([BH-](c2c(F)c(F)c(F)c(F)c2F)c2c(F)c(F)c(F)c(F)c2F)c(F)c1F,[2H]c1c([2H])c([2H])c([2H])c([2H])c1[2H],1,-25.5
[N-]=[N+]=NB(c1c(C(F)(F)F)cc(C(F)(F)F)cc1C(F)(F)F)c1c(C(F)(F)F)cc(C(F)(F)F)cc1C(F)(F)F,[2H]c1c([2H])c([2H])c([2H])c([2H])c1[2H],1,49.3
FB(c1c(C(F)(F)F)cc(C(F)(F)F)cc1C(F)(F)F)c1c(C(F)(F)F)cc(C(F)(F)F)cc1C(F)(F)F,[2H]C(Cl)(Cl)Cl,1,46.6
OB(c1c(C(F)(F)F)cc(C(F)(F)F)cc1C(F)(F)F)c1c(C(F)(F)F)cc(C(F)(F)F)cc1C(F)(F)F,[2H]C(Cl)(Cl)Cl,1,44.8
O=C1C[N+]2(Cc3ccccc3CBr)CC(=O)O[B-]2(c2ccccc2)O1,[2H]C([2H])([2H])S(=O)C([2H])([2H])[2H],1,11.87
ClB(Cl)Oc1c(-c2ccccc2)cccc1-c1ccccc1,[2H]C(Cl)(Cl)Cl,1,31.3
O=C1O[B-](c2ccccc2)(c2ccccc2)[n+]2ccccc21,[2H]C(Cl)(Cl)Cl,1,9.3
C[Si](C)(C)CCCB(c1c(F)c(F)c(F)c(F)c1F)c1c(F)c(F)c(F)c(F)c1F,[2H]c1c([2H])c([2H])c([2H])c([2H])c1[2H],1,73.7
CCC(B(c1c(F)c(F)c(F)c(F)c1F)c1c(F)c(F)c(F)c(F)c1F)[Si](C)(C)C,[2H]c1c([2H])c([2H])c([2H])c([2H])c1[2H],1,72.2
CC1=C2O[B-](c3ccccc3)(c3ccccc3)[O+]=C2C=CO1,[2H]C(Cl)(Cl)Cl,1,17.6
CC(C)(C)[PH+](C(C)(C)C)C(C)(C)C.c1ccc([BH-](c2ccccc2)c2ccccc2)cc1,[2H]C([2H])(Cl)Cl,1,4.62
C[N+]1(C)Cc2ccccc2[B-]1(OC(=O)C(F)(F)C(F)(F)F)c1ccccc1,[2H]C(Cl)(Cl)Cl,1,8.8
C[Si](C)(C)[N+](=[B-](c1c(F)c(F)c(F)c(F)c1F)c1c(F)c(F)c(F)c(F)c1F)[Si](C)(C)C,[2H]c1c([2H])c([2H])c([2H])c([2H])c1[2H],1,43.6
[BH3-][Ge](c1ccccc1)(c1ccccc1)c1ccccc1.[Li+],[2H]c1c([2H])c([2H])c([2H])c([2H])c1[2H],1,-43.1
CN(C)[B-]1C(c2ccccc2)=CC=C1c1ccccc1.[Li+],[2H]C1([2H])OC([2H])([2H])C([2H])([2H])C1([2H])[2H],1,28
CC1C(=O)O[B-]2(c3ccccc3)OC(=O)C[N+]12Cc1ccccc1,[2H]C([2H])([2H])S(=O)C([2H])([2H])[2H],1,11.7
c1ccc(NB(Nc2ccccc2)Nc2ccccc2)cc1,[2H]c1c([2H])c([2H])c([2H])c([2H])c1[2H],1,23.7
[BH3-][P+](Oc1ccccc1)(Oc1ccccc1)Oc1ccccc1,[2H]C(Cl)(Cl)Cl,1,-42.7
[BH3-][Si](Oc1ccccc1)(Oc1ccccc1)Oc1ccccc1.[Li+],[2H]c1c([2H])c([2H])c([2H])c([2H])c1[2H],1,-42.6
CN(C)c1cccc2cc3cccc(N(C)C)c3c(B(Cl)Cl)c12,[2H]C(Cl)(Cl)Cl,1,12
CCN1B(C#Cc2ccccc2)N(CC)c2ccccc21,[2H]c1c([2H])c([2H])c([2H])c([2H])c1[2H],1,21.2
COB(OC)c1c2c(OC)cccc2cc2cccc(OC)c12,[2H]C(Cl)(Cl)Cl,1,27
CC(c1ccccc1)N1C=CN(C(C)c2ccccc2)B1Br,[2H]C(Cl)(Cl)Cl,1,19
Cc1cccc(C)c1N1C=CN(c2c(C)cccc2C)B1Br,[2H]c1c([2H])c([2H])c([2H])c([2H])c1[2H],1,19.2
Cc1cccc(C)c1N1C=CN(c2c(C)cccc2C)B1Cl,[2H]c1c([2H])c([2H])c([2H])c([2H])c1[2H],1,21.1
Cc1cccc(C)c1[N+]1=CC=[N+](c2c(C)cccc2C)[B-]1(Cl)Cl.[Cl-],[2H]C(Cl)(Cl)Cl,1,7.2
Cc1cccc(C)c1N1C=CN(c2c(C)cccc2C)[BH-]1I,[2H]c1c([2H])c([2H])c([2H])c([2H])c1[2H],1,11.8
CN(C)B1C(c2ccccc2)C=CC1c1ccccc1,[2H]C(Cl)(Cl)Cl,1,49
CC1=[N+]2CCOCCO[B-]2(c2ccccc2)Oc2ccccc21,[2H]C([2H])([2H])S(=O)C([2H])([2H])[2H],1,7.5
CC(C)[C@H]1C(=O)O[B@-]2(c3ccccc3)Oc3ccccc3C[NH+]12,[2H]C(Cl)(Cl)Cl,1,5.15
CCN(CC)C1=[O+][B-]2(Oc3ccccc3O2)c2ccc(C)cc21,[2H]C(Cl)(Cl)Cl,1,13.5
CSCC[C@H]1C(=O)O[B@-]2(c3ccccc3)Oc3ccccc3C[NH+]12,[2H]C([2H])([2H])S(=O)C([2H])([2H])[2H],1,6.04
CC1(C)OB(c2ccc(Nc3ccccc3)c(Cl)c2)OC1(C)C,[2H]c1c([2H])c([2H])c([2H])c([2H])c1[2H],1,30.9
CC1(C)OB([Si](Cl)(c2ccccc2)c2ccccc2)OC1(C)C,[2H]c1c([2H])c([2H])c([2H])c([2H])c1[2H],1,32.3
Cc1cc(C)c(B(F)c2c(C)cc(C)cc2C)c(C)c1,[2H]C(Cl)(Cl)Cl,1,53
c1ccc([B-]2(c3ccccc3)OC[C@H]3CCCC[N@H+]32)cc1,[2H]C(Cl)(Cl)Cl,1,7
C[N@+]12CCC[C@H](C1)O[B-]2(c1ccccc1)c1ccccc1,[2H]C([2H])([2H])S(=O)C([2H])([2H])[2H],1,7
c1ccc([B-]2(c3ccccc3)OCC3CCC[NH+]2C3)cc1,[2H]C([2H])([2H])S(=O)C([2H])([2H])[2H],1,3
[BH3-][P+](C1=CCCCC1)(c1ccccc1)c1ccccc1,[2H]C(Cl)(Cl)Cl,1,-35.8
Cc1cc(C)c(Bc2c(C)cc(C)cc2C)c(C)c1,[2H]c1c([2H])c([2H])c(C([2H])([2H])[2H])c([2H])c1[2H],1,30
Cc1ccc(C)n1B(n1c(C)ccc1C)n1c(C)ccc1C,[2H]c1c([2H])c([2H])c([2H])c([2H])c1[2H],1,30.5
[BH3-][P+](C(=C)C(C)(C)C)(c1ccccc1)c1ccccc1,[2H]C(Cl)(Cl)Cl,1,-30.2
CCC1=C(C)C2=C(C)c3c(C)c(CC)c(C)n3[B-](F)(F)[N+]2=C1C,[2H]C(Cl)(Cl)Cl,1,3.82
CC(C)(C)N1C=CN(C(C)(C)C)B1C#Cc1ccccc1,[2H]c1c([2H])c([2H])c([2H])c([2H])c1[2H],1,17
OCCN1CC[NH+]([B-](O)(c2ccccc2)c2ccccc2)CC1,[2H]C([2H])([2H])S(=O)C([2H])([2H])[2H],1,4
CC(C)(C)c1ccc2c(c1)OB(C1=CC=CC1[Si](C)(C)C)O2,[2H]C(Cl)(Cl)Cl,1,29.3
CN(C)C[B-](CN(C)C)(c1ccccc1)c1ccccc1.[Li+],[2H]C([2H])([2H])C(=O)C([2H])([2H])[2H],1,-17.8
CC(C)(C)C#CB(C#CC(C)(C)C)C#CC(C)(C)C,[2H]C(Cl)(Cl)Cl,1,38
CC(C)(C)c1cc2c(c(C(C)(C)C)c1)O[B-]1(Br)OCCC[N+]1=C2,[2H]C(Cl)(Cl)Cl,1,9.7
CC(C)(C)c1cc2c(c(C(C)(C)C)c1)O[B-]1(Cl)OCCC[N+]1=C2,[2H]C(Cl)(Cl)Cl,1,3.3
CN(C)C[B-](C[NH+](C)C)(c1ccccc1)c1ccccc1,[2H]C([2H])([2H])C(=O)C([2H])([2H])[2H],1,-24
CCC1=C(C)[Sn](C)(C)N2B1C(CC)(CC)Oc1ccccc12,[2H]c1c([2H])c([2H])c([2H])c([2H])c1[2H],1,43.8
CCC1=C(C)[Sn](C)(C)[n+]2c(oc3ccccc32)[B-]1(CC)CC,[2H]c1c([2H])c([2H])c([2H])c([2H])c1[2H],1,-11.3
CO[B-]12OCC[N+]1=Cc1cc(C(C)(C)C)cc(C(C)(C)C)c1O2,[2H]C(Cl)(Cl)Cl,1,2.38
CCC1=C(C)[Sn](C)(C)N2B1C(CC)(CC)Sc1ccccc12,[2H]c1c([2H])c([2H])c([2H])c([2H])c1[2H],1,44.4
CCC1=C(C)[Si](C)(C)n2c3ccccc3c[n+]2[B-]1(CC)CC,[2H]c1c([2H])c([2H])c([2H])c([2H])c1[2H],1,0.5
CC1(C)OB(c2cc3c(cc2[Si](C)(C)C)CCC3)OC1(C)C,[2H]c1c([2H])c([2H])c([2H])c([2H])c1[2H],1,31
CC(NB1N(C(C)(C)C)C=CN1C(C)(C)C)c1ccccc1,[2H]c1c([2H])c([2H])c([2H])c([2H])c1[2H],1,22.3
CC(c1ccccc1)N1C=CN(C(C)(C)C)B1NC(C)(C)C,[2H]C(Cl)(Cl)Cl,1,22.3
CC(C)(C)NB(Cl)Oc1c(C(C)(C)C)cccc1C(C)(C)C,[2H]c1c([2H])c([2H])c([2H])c([2H])c1[2H],1,25.1
CC(C)(C)NB(F)Oc1c(C(C)(C)C)cccc1C(C)(C)C,[2H]C(Cl)(Cl)Cl,1,18.9
CC(C)(C)P(=NB1Oc2ccccc2O1)(C(C)(C)C)C(C)(C)C,[2H]c1c([2H])c([2H])c([2H])c([2H])c1[2H],1,24.2
CC(C1CCCCC1)N1C=CN(C(C)C2CCCCC2)B1Br,[2H]C(Cl)(Cl)Cl,1,18.2
CCCCP(CCCC)(CCCC)=NB(Cl)c1ccccc1,[2H]c1c([2H])c([2H])c([2H])c([2H])c1[2H],1,11
CCC1=C(C)[Si](C)(C)[Si](C)(C)C(C)=C(CC)B1n1cccc1,[2H]c1c([2H])c([2H])c(C([2H])([2H])[2H])c([2H])c1[2H],1,54
CC(C)N(B(c1ccccc1)N(C(C)C)C(C)C)C(C)C,[2H]C(Cl)(Cl)Cl,1,37.5
CC(C)(C)/C(=C1/C[C@@H]2C[C@@H]3CB1C[C@@H](C3)C2)[Sn](C)(C)C,[2H]C(Cl)(Cl)Cl,1,74.3
C1CCC([B-]2(C3CCCCC3)CCCCCC2)CC1.[Br-].[Mg+2],[2H]c1c([2H])c([2H])c([2H])c([2H])c1[2H],1,-16.6
BrCCCCCCB(C1CCCCC1)C1CCCCC1,[2H]c1c([2H])c([2H])c([2H])c([2H])c1[2H],1,82.5
[BH3-][N+](C)(C)Cc1c(C(C)C)cc(C(C)C)cc1C(C)C,[2H]C1([2H])OC([2H])([2H])C([2H])([2H])C1([2H])[2H],1,-7.11
Cc1ccc(C)n1B1CCCCC1=C([Sn](C)(C)C)[Sn](C)(C)C,[2H]c1c([2H])c([2H])c([2H])c([2H])c1[2H],1,53.5
[BH3-][PH2+]Oc1c(C(C)(C)C)cc(C(C)(C)C)cc1C(C)(C)C,[2H]C(Cl)(Cl)Cl,1,-41.9
[BH3-][P+](C1=CCCCC1)(C1CCCCC1)C1CCCCC1,[2H]C(Cl)(Cl)Cl,1,-40.7
C=CCn1cc[n+]([B-](CCCC)(CCCC)CCCC)c1,[2H]C(Cl)(Cl)Cl,1,-11.6
CCB(CC)/C(CC)=C(/C=C/C#C[Si](C)(C)C)[Si](C)(C)C,[2H]c1c([2H])c([2H])c([2H])c([2H])c1[2H],1,81.4
CCB(CC)/C(CC)=C(/C=C\C#C[Si](C)(C)C)[Si](C)(C)C,[2H]c1c([2H])c([2H])c([2H])c([2H])c1[2H],1,84.1
CC(NB1N(C(C)(C)C)C=CN1C(C)(C)C)C1CCCCC1,[2H]C(Cl)(Cl)Cl,1,22
CC(C)N(B(C#CC(C)(C)C)N(C(C)C)C(C)C)C(C)C,[2H]C(Cl)(Cl)Cl,1,26
COB1C[C@H]2C[C@@H]3C[C@H](C2)CC1(C([Si](C)(C)C)[Si](C)(C)C)C3,[2H]C(Cl)(Cl)Cl,1,54.4
CC1(C)OB(N=P(C(C)(C)C)(C(C)(C)C)C(C)(C)C)OC1(C)C,[2H]c1c([2H])c([2H])c([2H])c([2H])c1[2H],1,23.4
CCC1=C(C(C)(C)C)[Si](C)(C)[N+](CC)(CC)[B-]1(CC)CC,[2H]c1c([2H])c([2H])c([2H])c([2H])c1[2H],1,5
CCCCO[P+]([BH2-][P+](OCC)(OCC)OCC)(OCCCC)OCCCC,[2H]C([2H])([2H])S(=O)C([2H])([2H])[2H],1,-1.69
CC(C)(C)P(B(Cl)C([Si](C)(C)C)([Si](C)(C)C)[Si](C)(C)C)C(C)(C)C,[2H]c1c([2H])c([2H])c([2H])c([2H])c1[2H],1,83.8
CCCC[Si](C)(C)OB(O[Si](C)(C)CCCC)O[Si](C)(C)CCCC,[2H]C(Cl)(Cl)Cl,1,14.4
CC(C)(C)PB(PC(C)(C)C)C([Si](C)(C)C)([Si](C)(C)C)[Si](C)(C)C,[2H]c1c([2H])c([2H])c([2H])c([2H])c1[2H],1,86.4
Fc1c(F)c(F)c([B-]([N+]#CI)(c2c(F)c(F)c(F)c(F)c2F)c2c(F)c(F)c(F)c(F)c2F)c(F)c1F,[2H]C(Cl)(Cl)Cl,1,-8
N#C[B-](c1c(F)c(F)c(F)c(F)c1F)(c1c(F)c(F)c(F)c(F)c1F)c1c(F)c(F)c(F)c(F)c1F.[K+],[2H]c1c([2H])c([2H])c([2H])c([2H])c1[2H],1,-22.5
Fc1c(F)c(F)c([B-](N=C=S)(c2c(F)c(F)c(F)c(F)c2F)c2c(F)c(F)c(F)c(F)c2F)c(F)c1F.[K+],[2H]c1c([2H])c([2H])c([2H])c([2H])c1[2H],1,-12.4
NC#[N+][B-](c1c(F)c(F)c(F)c(F)c1F)(c1c(F)c(F)c(F)c(F)c1F)c1c(F)c(F)c(F)c(F)c1F,[2H]C([2H])(Cl)Cl,1,-12
Fc1ccc([B-]23Oc4ccccc4C=[N+]2c2ccccc2O3)cc1,[2H]C(Cl)(Cl)Cl,1,7.7
Clc1ccc2c(c1)[N@H+]1Cc3ccccc3O[B@@-]1(c1ccccc1)O2,[2H]C([2H])([2H])S(=O)C([2H])([2H])[2H],1,9
c1ccc([B@@-]23Oc4ccccc4C[N@@H+]2c2ccccc2O3)cc1,[2H]C(Cl)(Cl)Cl,1,7.6
C1=NN(c2ccccc2)B(c2ccccc2)N1c1ccccc1,[2H]C([2H])(Cl)Cl,1,26.4
ClC(Cl)[BH-](Br)[P+](c1ccccc1)(c1ccccc1)c1ccccc1,[2H]C(Cl)(Cl)Cl,1,-11.5
BrB(c1ccccc1)N(/C=N\Nc1ccccc1)c1ccccc1,[2H]C([2H])(Cl)Cl,1,28.9
Nc1cccc([B@@-]23Oc4ccccc4C[N@@H+]2c2ccccc2O3)c1,[2H]C([2H])([2H])S(=O)C([2H])([2H])[2H],1,9
Cc1ccc(N2[C+](N(C)C)N(c3ccc(C)cc3)[B-]2(C(F)(F)F)C(F)(F)F)cc1,[2H]C([2H])([2H])C(=O)C([2H])([2H])[2H],1,-5
Cc1ccc(N2[C+](N(C)C)Nc3ccc(C)cc3[B-]2(C(F)(F)F)C(F)(F)F)cc1,[2H]C([2H])([2H])C(=O)C([2H])([2H])[2H],1,-10.8
COc1ccc(N2[C+](N(C)C)N(c3ccc(OC)cc3)[B-]2(C(F)(F)F)C(F)(F)F)cc1,[2H]C([2H])([2H])C(=O)C([2H])([2H])[2H],1,-5
COc1ccc(N2[C+](N(C)C)Nc3ccc(OC)cc3[B-]2(C(F)(F)F)C(F)(F)F)cc1,[2H]C([2H])([2H])C(=O)C([2H])([2H])[2H],1,-10.9
CCC1C(=O)O[B-]2(c3ccccc3)OC(=O)C[N+]12Cc1ccccc1,[2H]C(Cl)(Cl)Cl,1,11.4
CC1(C)OB(c2cc(Nc3ccccc3)cc(C(F)(F)F)c2)OC1(C)C,[2H]c1c([2H])c([2H])c([2H])c([2H])c1[2H],1,29.9
CC1(C)OB(c2cc(C(F)(F)F)ccc2Nc2ccccc2)OC1(C)C,[2H]c1c([2H])c([2H])c([2H])c([2H])c1[2H],1,31
Cc1cc(C)c(B(C#Cc2ccccc2)N(C)C)c(C)c1,[2H]C(Cl)(Cl)Cl,1,34.5
CC(C)CC1C(=O)O[B@-]2(c3ccccc3)Oc3ccccc3C[NH+]12,[2H]C([2H])([2H])S(=O)C([2H])([2H])[2H],1,4.94
CC(C)N(C1=[O+][B-]2(Oc3ccccc3O2)c2ccccc21)C(C)C,[2H]C(Cl)(Cl)Cl,1,13.5
CC(C)N(B(Cl)C1c2ccccc2-c2ccccc21)C(C)C,[2H]C(Cl)(Cl)Cl,1,37.2
c1ccc([B-]2(c3ccccc3)OCC[N+]23CCCCC3)cc1,[2H]C(Cl)(Cl)Cl,1,6
C[N+]12CCCCC1CO[B-]2(c1ccccc1)c1ccccc1,[2H]C([2H])([2H])S(=O)C([2H])([2H])[2H],1,10
c1ccc([B-]2(c3ccccc3)OCCC3CCCC[NH+]32)cc1,[2H]C([2H])([2H])S(=O)C([2H])([2H])[2H],1,5
C[N+]12CCCC(CO[B-]1(c1ccccc1)c1ccccc1)C2,[2H]C([2H])([2H])S(=O)C([2H])([2H])[2H],1,2
Cc1cc(Nc2ccccc2)cc(B2OC(C)(C)C(C)(C)O2)c1,[2H]c1c([2H])c([2H])c([2H])c([2H])c1[2H],1,29.1
COc1cc(Nc2ccccc2)cc(B2OC(C)(C)C(C)(C)O2)c1,[2H]c1c([2H])c([2H])c([2H])c([2H])c1[2H],1,31.8
[BH3-][P+](C1=CCCCC1C)(c1ccccc1)c1ccccc1,[2H]C(Cl)(Cl)Cl,1,-32.8
[BH3-][P+](C1=C(C)CCCC1)(c1ccccc1)c1ccccc1,[2H]C(Cl)(Cl)Cl,1,-30.9
CC(C)[N+](=COB(c1ccccc1)c1ccccc1)C(C)C.[Cl-],[2H]C(Cl)(Cl)Cl,1,11.6
CC1(C)OB([Si](C)(c2ccccc2)c2ccccc2)OC1(C)C,[2H]c1c([2H])c([2H])c([2H])c([2H])c1[2H],1,34.2
C1=C(c2ccccc2)C[C@@H]2C[C@H]1C[B@-]1(C2)OC[C@@H]2CCC[NH+]21,[2H]C(Cl)(Cl)Cl,1,7.36
O[B-](OCC[NH+]1CCCCC1)(c1ccccc1)c1ccccc1,[2H]C([2H])([2H])S(=O)C([2H])([2H])[2H],1,12
Cl[B-](Cl)(c1ccccc1)[N+](=C=NC1CCCCC1)C1CCCCC1,[2H]c1c([2H])c([2H])c([2H])c([2H])c1[2H],1,8.17
CCB(/C(CC)=C(/CC)[Sn](C)(C)C)n1cccc1,[2H]c1c([2H])c([2H])c([2H])c([2H])c1[2H],1,53.3
C[C@@H]1[C@H]2C[C@@H](C[C@H]1[B@H-](C#N)[P+](C)(C)c1ccccc1)C2(C)C,[2H]C(Cl)(Cl)Cl,1,-23.7
CC(C)(C)c1cc2c(c(C(C)(C)C)c1)O[B-](Br)(Br)[N+](C(C)(C)C)=C2,[2H]C(Cl)(Cl)Cl,1,-1.76
CC(C)N(C(=O)c1ccccc1B1OC(C)(C)C(C)(C)O1)C(C)C,[2H]C(Cl)(Cl)Cl,1,29.98
CO[B-]12OCCC[N+]1=Cc1cc(C(C)(C)C)cc(C(C)(C)C)c1O2,[2H]C(Cl)(Cl)Cl,1,2
CCB(CC)/C(CC)=C(/C)[Si](C)(C)n1ccc2ccccc21,[2H]c1c([2H])c([2H])c([2H])c([2H])c1[2H],1,87.2
C=CC/C(=C\B(N(CC)CC)N(CC)CC)c1ccccc1,[2H]C(Cl)(Cl)Cl,1,34.4
CC[B-]1(CC)/C(=C/C(C)(C)C)[Si](C)(C)n2c3ccccc3c[n+]21,[2H]c1c([2H])c([2H])c([2H])c([2H])c1[2H],1,2.4
CC1(C)OB(c2cc3c(cc2[Si](C)(C)C)CCCC3)OC1(C)C,[2H]c1c([2H])c([2H])c([2H])c([2H])c1[2H],1,30
CC(C)(C)N(B(c1ccccc1)N1C(C)(C)CCCC1(C)C)[As](Cl)Cl,[2H]C1([2H])OC([2H])([2H])C([2H])([2H])C1([2H])[2H],1,41.3
CC(C)(C)N([Sn]Cl)B(c1ccccc1)N1C(C)(C)CCCC1(C)C,[2H]C1([2H])OC([2H])([2H])C([2H])([2H])C1([2H])[2H],1,38
C[C@@H](C1CCCCC1)N1C=CN([C@@H](C)C2CCCCC2)B1C#N,[2H]c1c([2H])c([2H])c([2H])c([2H])c1[2H],1,16.4
Cc1ncn(B(N2C(C)(C)CCCC2(C)C)n2cnc(C)c2C)c1C,[2H]C([2H])(Cl)Cl,1,28.5
CC1=C2CC3C[C@H]4CB2C(=C(C)[Si](C)(C)[Si]1(C)C)C[C@@H](C3)C4,[2H]C(Cl)(Cl)Cl,1,82.8
C[Sn](C)(C)C(=C1B(n2cccc2)C2CCCC1CCC2)[Sn](C)(C)C,[2H]c1c([2H])c([2H])c([2H])c([2H])c1[2H],1,53
CCC/C(C#C[Si](C)(C)C)=C/B1OC(C)(C)C(C)(C)O1,[2H]c1c([2H])c([2H])c([2H])c([2H])c1[2H],1,30.3
CCCCCC#CB1C2CCCC(CCC2)C1[Si](C)(C)C,[2H]c1c([2H])c([2H])c([2H])c([2H])c1[2H],1,73
CC(C)(C)C#C[Si](C)(C)CCCB1C2CCCC1CCC2,[2H]c1c([2H])c([2H])c([2H])c([2H])c1[2H],1,80.6
CC(C)[Si](C(C)C)(C(C)C)n1ccc(B2OC(C)(C)C(C)(C)O2)c1,[2H]C(Cl)(Cl)Cl,1,30.5
Cc1cc(C)c(PB(Cl)C([Si](C)(C)C)([Si](C)(C)C)[Si](C)(C)C)c(C)c1,[2H]c1c([2H])c([2H])c([2H])c([2H])c1[2H],1,77.3
Cc1cc(C)c(PB(F)C([Si](C)(C)C)([Si](C)(C)C)[Si](C)(C)C)c(C)c1,[2H]c1c([2H])c([2H])c([2H])c([2H])c1[2H],1,62.8
CCB(N([Al](CC)CC)C(C)(C)C)N1C(C)(C)CCCC1(C)C,[2H]c1c([2H])c([2H])c([2H])c([2H])c1[2H],1,37.9
CCB(N([Ga](CC)CC)C(C)(C)C)N1C(C)(C)CCCC1(C)C,[2H]c1c([2H])c([2H])c([2H])c([2H])c1[2H],1,36.9
CCCCCCCB(N(C(C)C)C(C)C)N(C(C)C)C(C)C,[2H]C(Cl)(Cl)Cl,1,34.7
CC(C)N(B(OC=[N+](C(C)C)C(C)C)N(C(C)C)C(C)C)C(C)C.O=S(=O)([O-])C(F)(F)F,[2H]C(Cl)(Cl)Cl,1,27.7
CCB(CC)/C(CC)=C(/CN(C)C)[Sn](C)(C)N([Si](C)(C)C)[Si](C)(C)C,[2H]c1c([2H])c([2H])c([2H])c([2H])c1[2H],1,85.3
OB(O)c1ccc2ccccc2c1-c1c(Br)ccc2ccccc12,[2H]C(Cl)(Cl)Cl,1,29.5
N#C[BH-](CCl)[P+](c1ccccc1)(c1ccccc1)c1ccccc1,[2H]C(Cl)(Cl)Cl,1,-22.7
O=C1Nc2[nH]c3ccccc3[n+]2[B-](c2ccccc2)(c2ccccc2)N1,[2H]C([2H])([2H])S(=O)C([2H])([2H])[2H],1,-2
NC1=Nc2[nH]c3ccccc3[n+]2[B-](c2ccccc2)(c2ccccc2)O1,[2H]C([2H])([2H])S(=O)C([2H])([2H])[2H],1,4
ClC[BH-](CCl)[P+](c1ccccc1)(c1ccccc1)c1ccccc1,[2H]C(Cl)(Cl)Cl,1,-11.4
NC1=Nc2[nH]c3ccccc3[n+]2[B-](c2ccccc2)(c2ccccc2)N1,[2H]C([2H])([2H])S(=O)C([2H])([2H])[2H],1,-2.5
COc1ccccc1[P+]([BH2-]C#N)(c1ccccc1)c1ccccc1,[2H]C([2H])([2H])S(=O)C([2H])([2H])[2H],1,-36.2
Cc1ccc([P+]([BH2-]C#N)(c2ccccc2)c2ccccc2)cc1,[2H]C([2H])([2H])S(=O)C([2H])([2H])[2H],1,-38
[Li+].c1ccc([N-]B2N(c3ccccc3)CCN2c2ccccc2)cc1,[2H]c1c([2H])c([2H])c([2H])c([2H])c1[2H],1,23.8
NC1=[NH+]c2[nH]c3ccccc3[n+]2[B-](c2ccccc2)(c2ccccc2)N1.[Cl-],[2H]C([2H])([2H])S(=O)C([2H])([2H])[2H],1,-1.5
C[Si@@]1(c2ccccc2)OB(c2ccc(Br)cc2)O[Si@@](C)(c2ccccc2)O1,[2H]C(Cl)(Cl)Cl,1,27.8
c1ccc(NB2N(c3ccccc3)CCN2c2ccccc2)cc1,[2H]c1c([2H])c([2H])c([2H])c([2H])c1[2H],1,23
O=C(O)[BH2-][P+](c1ccccc1)(c1ccccc1)c1ccccc1,[2H]C(Cl)(Cl)Cl,1,-29.5
[BH3-][P@@+]1(c2ccccc2)[C@@H]2C=C[C@H]1[C@@H]1[C@H]2C=CP1(=O)c1ccccc1,[2H]C(Cl)(Cl)Cl,1,-35.1
C[Si@@]1(c2ccccc2)OB(c2ccccc2)O[Si@@](C)(c2ccccc2)O1,[2H]C(Cl)(Cl)Cl,1,27.7
C[Si@@]1(c2ccccc2)OB(c2cccc(N)c2)O[Si@@](C)(c2ccccc2)O1,[2H]C(Cl)(Cl)Cl,1,28.4
CC(=O)c1ccc([B-]23OCCOCC[N+]2=C(C)c2ccccc2O3)cc1,[2H]C(Cl)(Cl)Cl,1,7.2
CCCC1C(=O)OB(c2ccccc2)OC(=O)CN1Cc1ccccc1,[2H]C([2H])([2H])S(=O)C([2H])([2H])[2H],1,28.3
CC(C)N(B1N=c2c(c3ccccc3c3ccccc23)=N1)C(C)C,[2H]C(Cl)(Cl)Cl,1,37.1
[BH3-][P+](c1ccccc1)(c1ccccc1)C(C)c1ccccc1,[2H]C(Cl)(Cl)Cl,1,-42.62
CC(C)(C)B1C(c2ccccc2)C=CC1c1ccccc1,[2H]C(Cl)(Cl)Cl,1,90
CN(c1ccccc1)c1cc(B2OC(C)(C)C(C)(C)O2)cc(C(F)(F)F)c1,[2H]c1c([2H])c([2H])c([2H])c([2H])c1[2H],1,30.3
CC1(C)OB(c2cc3c(cc2-c2ccccc2)COC3)OC1(C)C,[2H]c1c([2H])c([2H])c([2H])c([2H])c1[2H],1,31
Cc1cc(C)c(N2C=CN(c3c(C)cc(C)cc3C)B2Cl)c(C)c1,[2H]c1c([2H])c([2H])c([2H])c([2H])c1[2H],1,21.9
CCN(CC)B1C(c2ccccc2)C=CC1c1ccccc1,[2H]C(Cl)(Cl)Cl,1,49
COC(=O)c1cc(Nc2ccccc2)cc(B2OC(C)(C)C(C)(C)O2)c1,[2H]c1c([2H])c([2H])c([2H])c([2H])c1[2H],1,27.8
CC(C)N(B1N=C(c2ccccc2)C(c2ccccc2)=N1)C(C)C,[2H]C(Cl)(Cl)Cl,1,36.6
CB(C)c1c2c(C(C)C)cccc2cc2cccc(N(C)C)c12,[2H]C(Cl)(Cl)Cl,1,8
CC1(C)OB(c2ccccc2CSCc2ccccc2)OC1(C)C,[2H]C(Cl)(Cl)Cl,1,32
CC(C)(C)c1ccc(B(Br)c2ccc(C(C)(C)C)cc2)cc1,[2H]C(Cl)(Cl)Cl,1,64.8
CC(C)[N+](=[B-](C1=CCC=C1)[C@@H]1C=Cc2ccccc21)C(C)C,[2H]C([2H])(Cl)Cl,1,44.1
CC(C)[N+](=[B-](C1=CCC=C1)C1=CCc2ccccc21)C(C)C,[2H]C([2H])(Cl)Cl,1,40.8
CN(C)c1cc(Nc2ccccc2)cc(B2OC(C)(C)C(C)(C)O2)c1,[2H]c1c([2H])c([2H])c([2H])c([2H])c1[2H],1,32.03
C(=C/c1ccccc1)\B(C1CCCCC1)C1CCCCC1,[2H]C1([2H])OC([2H])([2H])C([2H])([2H])C1([2H])[2H],1,72
C=CCB(CC=C)/C(CC=C)=C(/c1ccccc1)[Ge](C)(C)C,[2H]C(Cl)(Cl)Cl,1,85.3
C[Ge](C)(C)/C(=C1/CC2C[C@H]3CB1C[C@@H](C2)C3)c1ccccc1,[2H]C(Cl)(Cl)Cl,1,80.5
C/C(B1OC(C)(C)C(C)(C)O1)=C(/C#C[Si](C)(C)C)c1ccccc1,[2H]C(Cl)(Cl)Cl,1,30.9
C=CCB(CC=C)/C(CC=C)=C(/c1ccccc1)[Sn](C)(C)C,[2H]C(Cl)(Cl)Cl,1,81.1
C=CCB(CC=C)/C(=C(\CC=C)c1ccccc1)[Sn](C)(C)C,[2H]C(Cl)(Cl)Cl,1,76.7
CC1(C)OB(/C=C(\CCCCl)CCC(O)c2ccccc2)OC1(C)C,[2H]C(Cl)(Cl)Cl,1,29.87
C1=CC2CC1C1C[N+]3=C(CCC[B-]34C3CCCC4CCC3)C21,[2H]c1c([2H])c([2H])c([2H])c([2H])c1[2H],1,-4.7
CC[P+](C)([B@@H-](C#N)C1CC2CC(C1C)C2(C)C)c1ccccc1,[2H]C(Cl)(Cl)Cl,1,-24.7
C[Sn](C)(C)C(=C1CCCCB1N1CCc2ccccc21)[Sn](C)(C)C,[2H]c1c([2H])c([2H])c([2H])c([2H])c1[2H],1,53.4
CC(C)N(B(C#Cc1ccccc1)N(C(C)C)C(C)C)C(C)C,[2H]C(Cl)(Cl)Cl,1,26
Cn1cc[n+]2c1[B-]1(/C(=C/C(C)(C)C)[Si]2(C)C)C2CCCC1CCC2,[2H]c1c([2H])c([2H])c([2H])c([2H])c1[2H],1,-9.1
Cn1cc[n+]2c1[Si](C)(C)/C(=C\C(C)(C)C)[B-]21C2CCCC1CCC2,[2H]c1c([2H])c([2H])c([2H])c([2H])c1[2H],1,2
CCB1C(=C(/C)[Sn](C)(C)C)/C(=C(/C)[Sn](C)(C)C)CCc2cccn21,[2H]c1c([2H])c([2H])c([2H])c([2H])c1[2H],1,53.5
CCB1C(=C(\C)[Sn](C)(C)C)/C(=C(\C)[Sn](C)(C)C)CCc2cccn21,[2H]c1c([2H])c([2H])c([2H])c([2H])c1[2H],1,52.4
COC(=O)[BH-](Br)[P+](C1CCCCC1)(C1CCCCC1)C1CCCCC1,[2H]C(Cl)(Cl)Cl,1,-38.7
CCN(CC)Cc1cccc2c1O[B-](CC)(CC)[N+](CC)(CC)C2,[2H]c1c([2H])c([2H])c([2H])c([2H])c1[2H],1,8.1
CCC1/C(=C(/C(C)(C)C)[Sn](C)(C)C)B2C[C@@H]3C[C@H](C2)C[C@H]1C3,[2H]C(Cl)(Cl)Cl,1,76.5
C=CCB(CC=C)/C(CC=C)=C(\[SiH](C(C)C)C(C)C)[Si](C)(C)C,[2H]c1c([2H])c([2H])c([2H])c([2H])c1[2H],1,55.6
C=CCB(CC=C)C1=C([Si](C)(C)C)[Si](C(C)C)(C(C)C)CCC1,[2H]c1c([2H])c([2H])c([2H])c([2H])c1[2H],1,81.5
CCCCOB(N=P(CCCC)(CCCC)CCCC)OCCCC,[2H]c1c([2H])c([2H])c([2H])c([2H])c1[2H],1,17.1
C[B-]1=[N+](P(N(C(C)C)C(C)C)N(C(C)C)C(C)C)N=NC1([Si](C)(C)C)[Si](C)(C)C,[2H]C(Cl)(Cl)Cl,1,49.7
Fc1c(F)c(F)c([B-](c2c(F)c(F)c(F)c(F)c2F)(c2c(F)c(F)c(F)c(F)c2F)[n+]2cncnc2)c(F)c1F,[2H]C([2H])(Cl)Cl,1,-4
Fc1c(F)c(F)c([B-]2(c3c(F)c(F)c(F)c(F)c3F)C=COC(c3ccccc3)=[O+]2)c(F)c1F,[2H]C([2H])(Cl)Cl,1,5.9
COP(C)(=O)OC.Fc1c(F)c(F)c(B(c2c(F)c(F)c(F)c(F)c2F)c2c(F)c(F)c(F)c(F)c2F)c(F)c1F,[2H]C(Cl)(Cl)Cl,1,-1.2
COP(=O)(OC)OC.Fc1c(F)c(F)c(B(c2c(F)c(F)c(F)c(F)c2F)c2c(F)c(F)c(F)c(F)c2F)c(F)c1F,[2H]C(Cl)(Cl)Cl,1,-1.7
CC(C)c1ccc(B(c2c(F)c(F)c(F)c(F)c2F)c2c(F)c(F)c(F)c(F)c2F)cc1,[2H]c1c([2H])c([2H])c([2H])c([2H])c1[2H],1,62
Cc1cc(C)c(B(c2c(F)c(F)c(F)c(F)c2F)c2c(F)c(F)c(F)c(F)c2F)c(C)c1,[2H]c1c([2H])c([2H])c(C([2H])([2H])[2H])c([2H])c1[2H],1,69.7
FC(F)(F)c1ccccc1B(c1ccccc1C(F)(F)F)c1ccccc1C(F)(F)F,[2H]C(Cl)(Cl)Cl,1,71
N#C[B-](C(Cl)Cl)(C(Cl)Cl)[P+](c1ccccc1)(c1ccccc1)c1ccccc1,[2H]C(Cl)(Cl)Cl,1,-13
CC(=O)c1ccc([B@@-]23Oc4ccccc4C[N@@H+]2c2cc([N+](=O)[O-])ccc2O3)cc1,[2H]C([2H])([2H])S(=O)C([2H])([2H])[2H],1,8.4
O=Cc1ccccc1B1OCC(c2ccccc2)(c2ccccc2)O1,[2H]C(Cl)(Cl)Cl,1,32.8
CC(=O)c1ccc([B@@-]23Oc4ccccc4C[N@@H+]2c2ccccc2O3)cc1,[2H]C(Cl)(Cl)Cl,1,7.5
CC(=O)c1cccc([B@@-]23Oc4ccccc4C[N@@H+]2c2ccccc2O3)c1,[2H]C(Cl)(Cl)Cl,1,8.2
O=C1O[B@-]2(c3ccccc3)Oc3ccccc3C[N@@H+]2[C@H]1c1ccccc1,[2H]C([2H])([2H])S(=O)C([2H])([2H])[2H],1,5.01
C[N+]1(C)c2ccccc2C(c2ccccc2)(c2ccccc2)O[B-]1(Cl)Cl,[2H]C(Cl)(Cl)Cl,1,8.6
C[N+]1(C)c2ccccc2C(c2ccccc2)(c2ccccc2)O[B-]1(F)F,[2H]C(Cl)(Cl)Cl,1,1.9
Cn1c2[n+](c3ccccc31)[B-](c1ccccc1)(c1ccccc1)NC(N)=N2,[2H]C([2H])([2H])S(=O)C([2H])([2H])[2H],1,-1.8
C[N+]1(C)c2ccccc2C(c2ccccc2)N(c2ccccc2)[B-]1(Cl)Cl,[2H]C(Cl)(Cl)Cl,1,9.8
C[Si](C)(C)CCCCCCB(c1c(F)c(F)c(F)c(F)c1F)c1c(F)c(F)c(F)c(F)c1F,[2H]c1c([2H])c([2H])c([2H])c([2H])c1[2H],1,73.6
CCCCCC(B(c1c(F)c(F)c(F)c(F)c1F)c1c(F)c(F)c(F)c(F)c1F)[Si](C)(C)C,[2H]c1c([2H])c([2H])c([2H])c([2H])c1[2H],1,71.7
C[C@@H]1[NH2+][B-](c2ccccc2)(c2ccccc2)O[C@@H]1c1ccccc1,[2H]C(Cl)(Cl)Cl,1,7.4
C[N+]1(C)Cc2ccccc2O[B-]1(c1ccccc1)c1ccccc1,[2H]C(Cl)(Cl)Cl,1,5.41
CCCCC1C(=O)O[B-]2(c3ccccc3)OC(=O)C[N+]12Cc1ccccc1,[2H]C([2H])([2H])S(=O)C([2H])([2H])[2H],1,11.5
[BH3-][P@+]1(c2ccccc2)[C@H]2CC3CN(c4ccccc4)C[C@@]31C=C2C,[2H]C(Cl)(Cl)Cl,1,-35.2
CC(C)(C)c1cc2c(c(C(C)(C)C)c1)O[B-]1(Br)Oc3ccccc3[N+]1=C2,[2H]C(Cl)(Cl)Cl,1,6.47
CC(C)(C)c1cc2c(c(C(C)(C)C)c1)O[B-]1(Cl)Oc3ccccc3[N+]1=C2,[2H]C(Cl)(Cl)Cl,1,7.28
CC1(C)OB(c2cc3c(cc2-c2ccccc2)CCC3)OC1(C)C,[2H]c1c([2H])c([2H])c([2H])c([2H])c1[2H],1,31
CC(C)(C)c1cc2c(c(C(C)(C)C)c1)O[B-](Br)(Br)[N+](c1ccccc1)=C2,[2H]C(Cl)(Cl)Cl,1,2.38
CC(C)(C)c1cc2c(c(C(C)(C)C)c1)O[B-](Cl)(Cl)[N+](c1ccccc1)=C2,[2H]C(Cl)(Cl)Cl,1,2.48
CC(C)(C)B(C1c2ccccc2-c2ccccc21)C(C)(C)C,[2H]c1c([2H])c([2H])c([2H])c([2H])c1[2H],1,86.3
[BH3-]N([Si](C)(C)C)[P+](c1ccccc1)(c1ccccc1)c1ccccc1,[2H]C([2H])(Cl)Cl,1,-16.4
CC(C)N(B(Nc1ccccc1)C1=CCc2ccccc21)C(C)C,[2H]C([2H])(Cl)Cl,1,28.2
CC(C)N(B(Nc1ccccc1)C1C=Cc2ccccc21)C(C)C,[2H]C([2H])(Cl)Cl,1,30.9
CN(C)C[C@H]1C[N+](C)(C)[B-]2(O1)O[C@H](c1ccccc1)[C@@H](c1ccccc1)O2,[2H]C(Cl)(Cl)Cl,1,10.6
CN1CCN(C)B1/C(=C(/c1ccccc1)[Sn](C)(C)C)c1ccccc1,[2H]c1c([2H])c([2H])c([2H])c([2H])c1[2H],1,30.5
CC(c1ccccc1)N1C=CN(C(C)c2ccccc2)B1[Sn](C)(C)C,[2H]c1c([2H])c([2H])c([2H])c([2H])c1[2H],1,28.2
CC1(C)OB(c2ccccc2CN2CCN(c3ncccn3)CC2)OC1(C)C,[2H]C(Cl)(Cl)Cl,1,20.5
C[B-]1=[O+]C2(c3ccccc3-c3ccccc32)C1([Si](C)(C)C)[Si](C)(C)C,[2H]C(Cl)(Cl)Cl,1,58.6
CC(C)N(B1CCC[Si]1(c1ccccc1)c1ccccc1)C(C)C,[2H]c1c([2H])c([2H])c([2H])c([2H])c1[2H],1,53.3
CC/C(B1OC(C)(C)C(C)(C)O1)=C(/C#C[Si](C)(C)C)c1ccccc1,[2H]C(Cl)(Cl)Cl,1,30.9
Cc1ccc(C(O)CC/C(=C/B2OC(C)(C)C(C)(C)O2)CCCCl)cc1,[2H]C(Cl)(Cl)Cl,1,29.95
COc1ccc(C(O)CC/C(=C/B2OC(C)(C)C(C)(C)O2)CCCCl)cc1,[2H]C(Cl)(Cl)Cl,1,30.15
C[N+]1(C)c2ccccc2C(C2CCCCC2)(C2CCCCC2)O[B-]1(Cl)Cl,[2H]C(Cl)(Cl)Cl,1,7.9
C[N+]1(C)c2ccccc2C(C2CCCCC2)(C2CCCCC2)O[B-]1(F)F,[2H]C(Cl)(Cl)Cl,1,1.3
CC(C)(C)c1ccc2c(c1)OB(C1=CC([Si](C)(C)C)([Si](C)(C)C)C=C1)O2,[2H]C(Cl)(Cl)Cl,1,27.4
CCCC/C(=C\B1OC(C)(C)C(C)(C)O1)CCC(O)c1ccccc1,[2H]C(Cl)(Cl)Cl,1,30.54
Cc1ccc(C#CB(N(C(C)C)C(C)C)N(C(C)C)C(C)C)cc1,[2H]C(Cl)(Cl)Cl,1,26
C=CCB(CC=C)/C(CC=C)=C(/C=C\C#C[Si](C)(C)C)[Si](C)(C)C,[2H]c1c([2H])c([2H])c([2H])c([2H])c1[2H],1,83.1
C=CCB(CC=C)/C(=C(/C=C\C#C[Si](C)(C)C)CC=C)[Si](C)(C)C,[2H]c1c([2H])c([2H])c([2H])c([2H])c1[2H],1,81.2
C[Si](C)(C)/C=C/C(=C1\C[C@H]2C[C@H]3CB1[C@H](C3)C2)[Si](C)(C)C,[2H]c1c([2H])c([2H])c([2H])c([2H])c1[2H],1,78.3
C[Si](C)(C)C=C=C1C=C([Si](C)(C)C)C23C[C@@H]4C[C@H](CB12)C[C@@H](C4)C3,[2H]c1c([2H])c([2H])c([2H])c([2H])c1[2H],1,82.2
C[Si](C)(C)[N+](=[B-](NC1CCCCC1)C1CCc2ccccc21)[Si](C)(C)C,[2H]c1c([2H])c([2H])c(C([2H])([2H])[2H])c([2H])c1[2H],1,32.9
CC1=C(C)C(C)C([B-](Nc2ccccc2)=[N+]([Si](C)(C)C)[Si](C)(C)C)=C1C,[2H]C([2H])(Cl)Cl,1,37.9
CC(C)(C)c1cccc(C(C)(C)C)c1OB(N=[N+]=[N-])N(C(C)(C)C)[Si](C)(C)C,[2H]C(Cl)(Cl)Cl,1,21.7
C[Si](C)(C)C1=C2CB3C[C@@H]4CC(CC2=C([Si](C)(C)C)[Sn]1(C)C)C[C@H]3C4,[2H]C(Cl)(Cl)Cl,1,89.7
C[Si](C)(C)C1=C2CB3C[C@@H]4CC(CC2=C([Si](C)(C)C)[Si]1(C)C)C[C@H]3C4,[2H]C(Cl)(Cl)Cl,1,89.3
Cc1c(C)n(C(C)C)[c+](B2N(C(C)(C)C)C=CN2C(C)(C)C)n1C(C)C.[Br-],[2H]C(Cl)(Cl)Cl,1,15
COC(=O)[BH-](C)[P+](C1CCCCC1)(C1CCCCC1)C1CCCCC1,[2H]C(Cl)(Cl)Cl,1,-43.5
CC(C1CCCCC1)N1C=CN(C(C)C2CCCCC2)B1[Sn](C)(C)C,[2H]c1c([2H])c([2H])c([2H])c([2H])c1[2H],1,30.8
CCCC[Mg]N(B(CCCC)N1C(C)(C)CCCC1(C)C)C(C)(C)C,[2H]c1c([2H])c([2H])c([2H])c([2H])c1[2H],1,37.6
CC(C)C[Al](CC(C)C)N(BN1C(C)(C)CCCC1(C)C)C(C)(C)C,[2H]c1c([2H])c([2H])c([2H])c([2H])c1[2H],1,33.5
Cn1cc[n+]([B-](c2c(F)c(F)c(F)c(F)c2F)(c2c(F)c(F)c(F)c(F)c2F)c2c(F)c(F)c(F)c(F)c2F)c1,[2H]c1c([2H])c([2H])c([2H])c([2H])c1[2H],1,-8
C=COC(C)=[O+][B-](c1c(F)c(F)c(F)c(F)c1F)(c1c(F)c(F)c(F)c(F)c1F)c1c(F)c(F)c(F)c(F)c1F,[2H]c1c([2H])c([2H])c([2H])c([2H])c1[2H],1,15.6
C=COC(C)=[O+][B-](c1c(F)c(F)c(F)c(F)c1F)(c1c(F)c(F)c(F)c(F)c1F)c1c(F)c(F)c(F)c(F)c1F,[2H]C([2H])(Cl)Cl,1,13.1
CCO/C(OC)=[O+]/[B-](c1c(F)c(F)c(F)c(F)c1F)(c1c(F)c(F)c(F)c(F)c1F)c1c(F)c(F)c(F)c(F)c1F,[2H]C([2H])(Cl)Cl,1,6.3
C=CB1Oc2ccc3ccccc3c2-c2c(ccc3ccccc23)O1,[2H]C(Cl)(Cl)Cl,1,24.5
COc1cccc2cc3cccc(OC)c3c(B3Sc4ccccc4S3)c12,[2H]C(Cl)(Cl)Cl,1,55
COc1cccc2cc3cccc(OC)c3c(B3Oc4ccccc4O3)c12,[2H]C(Cl)(Cl)Cl,1,28
CC(=O)c1ccccc1B1OCC(c2ccccc2)(c2ccccc2)O1,[2H]C(Cl)(Cl)Cl,1,31.6
O=C1O[B@-]2(c3ccccc3)Oc3ccccc3C[NH+]2[C@H]1Cc1ccccc1,[2H]C([2H])([2H])S(=O)C([2H])([2H])[2H],1,5.06
O=C1O[B@-]2(c3ccccc3)Oc3ccccc3C[NH+]2[C@H]1Cc1ccc(O)cc1,[2H]C([2H])([2H])S(=O)C([2H])([2H])[2H],1,5.08
Cn1ccnc1[B-](c1ccccc1)(c1ccccc1)c1ccccc1,[2H]c1c([2H])c([2H])c([2H])c([2H])c1[2H],1,-9.4
CC(C)(C)NB(Cl)Oc1c(-c2ccccc2)cccc1-c1ccccc1,[2H]C(Cl)(Cl)Cl,1,23.5
C[BH-](Cl)[P+](c1ccc(C)cc1)(c1ccc(C)cc1)c1ccc(C)cc1,[2H]C(Cl)(Cl)Cl,1,-22.3
Cc1cc(C)c([B-]2(c3c(C)cc(C)cc3C)CC(C(F)(F)F)(C(F)(F)F)O2)c(C)c1.[K+],[2H]C(Cl)(Cl)Cl,1,7.7
C[C@H]1[C@@H](c2ccccc2)O[B-](c2ccccc2)(c2ccccc2)[N@H+]1C,[2H]C(Cl)(Cl)Cl,1,5
C[C@@H]1[C@@H](c2ccccc2)O[B-](c2ccccc2)(c2ccccc2)[N@H+]1C,[2H]C(Cl)(Cl)Cl,1,8
[BH3-][P+](C)(C(C)=C(c1ccccc1)c1ccccc1)c1ccccc1,[2H]C(Cl)(Cl)Cl,1,-32.1
Cc1cc(C)c(B(CC(O)(C(F)(F)F)C(F)(F)F)c2c(C)cc(C)cc2C)c(C)c1,[2H]C(Cl)(Cl)Cl,1,79.1
[BH3-][P@@+]1(c2ccccc2)[C@@H]2C(C)=C[C@H]1[C@@H]1[C@H]2C(C)=CP1(=O)c1ccccc1,[2H]C(Cl)(Cl)Cl,1,-35
[BH3-][P@@+]1(c2ccccc2)[C@@H]2C(C)=C(C)[C@H]1[C@H]1CN(c3ccccc3)C[C@H]12,[2H]C(Cl)(Cl)Cl,1,-34.9
C#C[B-]1(C#C)n2c(C)c(CC)c(C)c2C(C)=C2C(C)=C(CC)C(C)=[N+]21,[2H]C(Cl)(Cl)Cl,1,-11.05
CC1(C)OB(c2cc3c(cc2-c2ccccc2)CCCC3)OC1(C)C,[2H]c1c([2H])c([2H])c([2H])c([2H])c1[2H],1,31
CC1=C(c2cccs2)B(c2cccs2)C(c2cccs2)=C(C)[Si](C)(C)[Si]1(C)C,[2H]c1c([2H])c([2H])c(C([2H])([2H])[2H])c([2H])c1[2H],1,68
CCC(C)(c1ccccc1)N1C=CN(C(C)(CC)c2ccccc2)B1Br,[2H]c1c([2H])c([2H])c([2H])c([2H])c1[2H],1,19
CC(C)N(B1C(c2ccccc2)C=CC1c1ccccc1)C(C)C,[2H]C(Cl)(Cl)Cl,1,49
CO[B-]12Oc3ccccc3[N+]1=Cc1cc(C(C)(C)C)cc(C(C)(C)C)c1O2,[2H]C(Cl)(Cl)Cl,1,5.09
C/C(=C1\CCCCB1n1c2ccccc2c2ccccc21)[Sn](C)(C)C,[2H]c1c([2H])c([2H])c([2H])c([2H])c1[2H],1,53
[BH3-][P+](C1=C[C@H]2CC[C@@]1(C)C2(C)C)(c1ccccc1)c1ccccc1,[2H]C(Cl)(Cl)Cl,1,-33.3
CC1(C)OB(c2cc3c(cc2-c2ccccc2)C[Si](C)(C)C3)OC1(C)C,[2H]c1c([2H])c([2H])c([2H])c([2H])c1[2H],1,31
CC(NB1N(C(C)c2ccccc2)C=CN1C(C)(C)C)c1ccccc1,[2H]C(Cl)(Cl)Cl,1,21.6
CC(c1ccccc1)N1C=CN(C(C)c2ccccc2)B1NC(C)(C)C,[2H]C(Cl)(Cl)Cl,1,22.5
[BH+][P-](C1=C[C@H](C)CC[C@H]1C(C)C)(c1ccccc1)c1ccccc1,[2H]C(Cl)(Cl)Cl,1,-31.6
[BH3-][P+]1(Cl)N(Cc2ccccc2OC)[C@H]2CCCC[C@@H]2N1Cc1ccccc1OC,[2H]C(Cl)(Cl)Cl,1,-36.2
O=S(=O)([O-])C(F)(F)F.[BH3-][P+2]1N(Cc2ccccc2OC)[C@H]2CCCC[C@@H]2N1Cc1ccccc1OC,[2H]C(Cl)(Cl)Cl,1,-38.2
CCC/C(C#Cc1ccccc1)=C(\CCC)B1OC(C)(C)C(C)(C)O1,[2H]c1c([2H])c([2H])c([2H])c([2H])c1[2H],1,30
CB1C(c2ccccc2)=C(c2ccccc2)C1([Si](C)(C)C)[Si](C)(C)C,[2H]C(Cl)(Cl)Cl,1,54.2
CCN(CC)[Si](B1OC(C)(C)C(C)(C)O1)(c1ccccc1)c1ccccc1,[2H]c1c([2H])c([2H])c([2H])c([2H])c1[2H],1,33.6
C/C(=C1/B(n2ccc3ccccc32)C2CCCC1CCC2)[Sn](C)(C)C,[2H]c1c([2H])c([2H])c([2H])c([2H])c1[2H],1,56.7
CC(C)(C)c1cc2c(c(C(C)(C)C)c1)OB(C1=CC=CC1[Si](C)(C)C)O2,[2H]C(Cl)(Cl)Cl,1,28.1
CCCCCC(=O)c1cc2c(cc1B1OC(C)(C)C(C)(C)O1)CCCC2,[2H]c1c([2H])c([2H])c([2H])c([2H])c1[2H],1,31
CCCC/C(=C\B1OC(C)(C)C(C)(C)O1)CCC(O)c1ccc(C)cc1,[2H]C(Cl)(Cl)Cl,1,31.06
C[C@@H]1[C@@H](c2ccccc2)O[B@@-]2(C3CCCC(CCC3)C2[Si](C)(C)C)[NH+]1C,[2H]c1c([2H])c([2H])c([2H])c([2H])c1[2H],1,55.2
C1CCOC1.C1CCOC1.CC(C)(C)c1cccc(C(C)(C)C)c1[O-].[BH4-].[Mg+2],[2H]c1c([2H])c([2H])c([2H])c([2H])c1[2H],1,-42.6
CCCCB1N([C@@H](C)C2CCCCC2)C=CN1[C@@H](C)C1CCCCC1,[2H]c1c([2H])c([2H])c([2H])c([2H])c1[2H],1,26.4
C[C@@H](C1CCCCC1)N1C=CN([C@@H](C)C2CCCCC2)B1NC(C)(C)C,[2H]C(Cl)(Cl)Cl,1,22.1
C[C@@H](C1CCCCC1)N1C=CN([C@@H](C)C2CCCCC2)B1C[Si](C)(C)C,[2H]c1c([2H])c([2H])c([2H])c([2H])c1[2H],1,26.9
CC[NH+](CC)[B-]1(CCCc2cccn2[Sn](C)(C)C)C2CCCC1CCC2,[2H]c1c([2H])c([2H])c([2H])c([2H])c1[2H],1,-0.4
CCC#C[B-](/C(=C(/CC)[Sn](C)(C)[P+](C)(C)C)C(C)C)(C(C)C)C(C)C,[2H]C(Cl)(Cl)Cl,1,-2
C[Si](C)(C)C(Cc1ccc(F)cc1)B(c1c(F)c(F)c(F)c(F)c1F)c1c(F)c(F)c(F)c(F)c1F,[2H]c1c([2H])c([2H])c([2H])c([2H])c1[2H],1,72.8
C[Si](C)(C)C(CB(c1c(F)c(F)c(F)c(F)c1F)c1c(F)c(F)c(F)c(F)c1F)c1ccccc1,[2H]c1c([2H])c([2H])c([2H])c([2H])c1[2H],1,73
C[Si](C)(C)C(Cc1ccccc1)B(c1c(F)c(F)c(F)c(F)c1F)c1c(F)c(F)c(F)c(F)c1F,[2H]c1c([2H])c([2H])c([2H])c([2H])c1[2H],1,72.2
C=CCB1Oc2ccc3ccccc3c2-c2c(ccc3ccccc23)O1,[2H]C(Cl)(Cl)Cl,1,28.2
COc1cccc2c1OB(c1c3c(OC)cccc3cc3cccc(OC)c13)O2,[2H]C(Cl)(Cl)Cl,1,30
c1ccc([B-](c2ccccc2)(c2ccccc2)[n+]2ccccc2)cc1,[2H]c1c([2H])c([2H])c([2H])c([2H])c1[2H],1,5.1
Cc1ccc([P+]([BH-](C(Cl)Cl)C(Cl)Cl)(c2ccc(C)cc2)c2ccc(C)cc2)cc1,[2H]C(Cl)(Cl)Cl,1,-11.8
c1ccc([B-]2(c3ccccc3)O[C@]3(c4ccccc4)CC[N@H+]2CC3)cc1,[2H]C([2H])([2H])S(=O)C([2H])([2H])[2H],1,5
CCC1=C(C)C2=C(c3ccc([N+](=O)[O-])c([N+](=O)[O-])c3)c3c(C)c(CC)c(C)n3[B-](F)(F)[N+]2=C1C,[2H]C(Cl)(Cl)Cl,1,3.72
CCC1=C(C)C2=C(c3cccc([N+](=O)[O-])c3)c3c(C)c(CC)c(C)n3[B-](F)(F)[N+]2=C1C,[2H]C(Cl)(Cl)Cl,1,3.82
C[C@H]1[C@@H](c2ccccc2)O[B-](c2ccccc2)(c2ccccc2)[N+]1(C)C,[2H]C(Cl)(Cl)Cl,1,5.5
C[C@@H]1[C@@H](c2ccccc2)O[B-](c2ccccc2)(c2ccccc2)[N+]1(C)C,[2H]C(Cl)(Cl)Cl,1,9.5
CCC1=C(C)C2=C(c3cccc(N)c3)c3c(C)c(CC)c(C)n3[B-](F)(F)[N+]2=C1C,[2H]C(Cl)(Cl)Cl,1,3.86
CCC(C)(c1ccccc1)N1C=CN(C(C)(CC)c2ccccc2)B1C#N,[2H]c1c([2H])c([2H])c([2H])c([2H])c1[2H],1,13.5
CC1(C)OB(c2cc3c(cc2-c2ccccc2)CCCCC3)OC1(C)C,[2H]c1c([2H])c([2H])c([2H])c([2H])c1[2H],1,31
Cc1cc2c(c(C(C)(C)C)c1)OBOc1c(cc(C)cc1C(C)(C)C)C2,[2H]C(Cl)(Cl)Cl,1,21.9
CO[B-]1(OC)Oc2c(cc(C(C)(C)C)cc2C(C)(C)C)C=[N+]1c1ccccc1,[2H]C(Cl)(Cl)Cl,1,2.33
Cc1cc(C)c(NB(Cl)Oc2c(C(C)(C)C)cccc2C(C)(C)C)c(C)c1,[2H]C(Cl)(Cl)Cl,1,25.8
CCC/C(C#Cc1ccccc1C)=C(\CCC)B1OC(C)(C)C(C)(C)O1,[2H]C(Cl)(Cl)Cl,1,30.8
C=CCC/C(B1OC(C)(C)C(C)(C)O1)=C(/C#C[Si](C)(C)C)c1ccccc1,[2H]C(Cl)(Cl)Cl,1,31.4
CCCC/C(B1OC(C)(C)C(C)(C)O1)=C(/C#C[Si](C)(C)C)c1ccccc1,[2H]C(Cl)(Cl)Cl,1,31
CC(C)(C)C1=[N+](C2CCCCC2)[B@-](Cl)(c2ccccc2)N1C1CCCCC1,[2H]c1c([2H])c([2H])c([2H])c([2H])c1[2H],1,6.5
CC(C)(C)C1=C2C[C@H]3C[C@@H]4CB(C[C@@H](C4)C3)C2=C(C(C)(C)C)[Si]1(C)C,[2H]C(Cl)(Cl)Cl,1,86.3
CC#CB1C(=C(/C)[Sn](C)(C)C)/C(=C(/C)[Sn](C)(C)C)C2CCCC1CCC2,[2H]c1c([2H])c([2H])c([2H])c([2H])c1[2H],1,67
FC(F)(F)c1ccc(B(c2ccc(C(F)(F)F)cc2C(F)(F)F)c2ccc(C(F)(F)F)cc2C(F)(F)F)c(C(F)(F)F)c1,[2H]C(Cl)(Cl)Cl,1,73.6
C(#Cc1ccccc1)B(C#Cc1ccccc1)C#Cc1ccccc1,[2H]c1c([2H])c([2H])c([2H])c([2H])c1[2H],1,0.03
COc1ccc(CC(B(c2c(F)c(F)c(F)c(F)c2F)c2c(F)c(F)c(F)c(F)c2F)[Si](C)(C)C)cc1,[2H]c1c([2H])c([2H])c([2H])c([2H])c1[2H],1,72.6
Cc1ccc(CC(B(c2c(F)c(F)c(F)c(F)c2F)c2c(F)c(F)c(F)c(F)c2F)[Si](C)(C)C)cc1,[2H]c1c([2H])c([2H])c([2H])c([2H])c1[2H],1,72.6
CC1(C)OB(C2CCC(=C(c3ccccc3)c3ccccc3)C2)OC1(C)C,[2H]c1c([2H])c([2H])c([2H])c([2H])c1[2H],1,34
O=C1C[N+]2(CC(=O)c3ccc(-c4ccccc4)cc3)CC(=O)O[B-]2(c2ccccc2)O1,[2H]C([2H])([2H])S(=O)C([2H])([2H])[2H],1,11
[Li+].[Li+].c1ccc([N-]B([N-]c2ccccc2)N(c2ccccc2)c2ccccc2)cc1,[2H]c1c([2H])c([2H])c(C([2H])([2H])[2H])c([2H])c1[2H],1,28.9
Cc1cc(C)c(B(c2c(C)cc(C)cc2C)c2c(F)c(F)c(F)c(F)c2F)c(C)c1,[2H]C(Cl)(Cl)Cl,1,72.6
c1ccc(NB(Nc2ccccc2)N(c2ccccc2)c2ccccc2)cc1,[2H]c1c([2H])c([2H])c(C([2H])([2H])[2H])c([2H])c1[2H],1,32.1
CN(C)c1cccc2cc3cccc(N(C)C)c3c(B3Oc4ccccc4O3)c12,[2H]C(Cl)(Cl)Cl,1,17
CC(C)(C)P(=NB(Cl)N=P(C(C)(C)C)(C(C)(C)C)C(C)(C)C)(C(C)(C)C)C(C)(C)C,[2H]c1c([2H])c([2H])c([2H])c([2H])c1[2H],1,-6.1
Cc1cc(C)c(-c2cccc(-c3c(C)cc(C)cc3C)c2B(Br)Br)c(C)c1,[2H]c1c([2H])c([2H])c([2H])c([2H])c1[2H],1,61.7
C[Si](C)(C)C1=CC(B(c2ccccc2)c2ccccc2)c2ccccc21,[2H]c1c([2H])c([2H])c([2H])c([2H])c1[2H],1,61.4
C[C@H]1c2ccccc2[B-]2(OCC(c3ccccc3)(c3ccccc3)O2)[N+]1(C)C,[2H]C(Cl)(Cl)Cl,1,14.2
CC1(C)OB([Si](c2ccccc2)(c2ccccc2)c2ccccc2)OC1(C)C,[2H]c1c([2H])c([2H])c([2H])c([2H])c1[2H],1,34.1
[BH3-][P+](O[C@H]1CCCC[C@@H]1c1ccccc1)(c1ccccc1)c1ccccc1,[2H]C(Cl)(Cl)Cl,1,-39.7
COCOc1ccccc1[B-](N)(c1ccccc1OCOC)c1ccccc1OCOC.[Li+],[2H]C1([2H])OC([2H])([2H])C([2H])([2H])C1([2H])[2H],1,-7.52
[BH3-][P@@+]1(c2ccccc2)[C@@H]2C(C)=C(C)[C@H]1[C@@H]1[C@@]2(C)C(C)=CP1(=O)c1ccccc1,[2H]C(Cl)(Cl)Cl,1,-30.9
CC(C)(C)N=C[C@@H]1C(=C(c2ccccc2)c2ccccc2)OB(Br)N1C(C)(C)C,[2H]c1c([2H])c([2H])c([2H])c([2H])c1[2H],1,26
CCC1=C(C)C2=C(C)c3c(C)c(CC)c(C)n3[B-](F)(c3ccccc3)[N+]2=C1C,[2H]C(Cl)(Cl)Cl,1,5.7
CC(C)(C)/N=C/[C@@H]1C(=C(c2ccccc2)c2ccccc2)OB(F)N1C(C)(C)C,[2H]c1c([2H])c([2H])c([2H])c([2H])c1[2H],1,22.3
COCOc1ccccc1[B-]([NH3+])(c1ccccc1OCOC)c1ccccc1OCOC,[2H]C1([2H])OC([2H])([2H])C([2H])([2H])C1([2H])[2H],1,-5.03
[BH3-][P+]([C@@H](C)c1ccccc1)([C@@H](C)c1ccccc1)[C@@H](C)c1ccccc1,[2H]C(Cl)(Cl)Cl,1,-45.6
[BH3-][P+]([C@H](C)c1ccccc1)([C@H](C)c1ccccc1)[C@@H](C)c1ccccc1,[2H]C(Cl)(Cl)Cl,1,-43.36
C/C(B1OC(C)(C)C(C)(C)O1)=C(/C#C[Si](C)(C)C)c1cccc2ccccc12,[2H]C(Cl)(Cl)Cl,1,30.4
c1cc2c(B3Oc4ccccc4O3)c(c1)COCCOCCOCCOCCOCCOC2,[2H]C([2H])(Cl)Cl,1,30
C[Si](C)(C)[N+](=[B-](C1C=Cc2ccccc21)C1C=Cc2ccccc21)[Si](C)(C)C,[2H]C([2H])(Cl)Cl,1,50.6
CC(C)(C)/N=C/[C@@H]1C(=C(c2ccccc2)c2ccccc2)OB(N)N1C(C)(C)C,[2H]C([2H])([2H])S(=O)C([2H])([2H])[2H],1,25.2
C[Si](C)(OB(O[Si](C)(C)c1ccccc1)O[Si](C)(C)c1ccccc1)c1ccccc1,[2H]C(Cl)(Cl)Cl,1,15
CCCC/C(B1OC(C)(C)C(C)(C)O1)=C(/C#C[Si](C)(C)C)c1ccc(OC)cc1,[2H]C(Cl)(Cl)Cl,1,32
C[Sn](C)(C)C(=C1B(n2ccc3ccccc32)C2CCCC1CCC2)[Sn](C)(C)C,[2H]c1c([2H])c([2H])c([2H])c([2H])c1[2H],1,58.1
[BH3-][PH+](Oc1c(C(C)(C)C)cc(C(C)(C)C)cc1C(C)(C)C)c1ccccc1,[2H]C(Cl)(Cl)Cl,1,-40.7
CCC[B-]1(CCC)n2c(C)c(CC)c(C)c2C(C)=C2C(C)=C(CC)C(C)=[N+]21,[2H]C(Cl)(Cl)Cl,1,3.83
CC(C)[P+]([Au-]Cl)(c1ccccc1B(C1CCCCC1)C1CCCCC1)C(C)C,[2H]C(Cl)(Cl)Cl,1,80.1
CC(C)P(c1ccccc1B(C1CCCCC1)C1CCCCC1)C(C)C,[2H]C(Cl)(Cl)Cl,1,75.6
CC(C)(C)[P+]1(C(C)(C)C)CB(c2ccccc2)C[P+](C(C)(C)C)(C(C)(C)C)[Cu-2]1Cl,[2H]c1c([2H])c([2H])c([2H])c([2H])c1[2H],1,75.2
C1CCOC1.C1CCOC1.CC(C)c1cccc(C(C)C)c1[O-].[BH4-].[Mg+2],[2H]c1c([2H])c([2H])c([2H])c([2H])c1[2H],1,-41.8
COC(=O)[BH-](CC(C)C)[P+](C1CCCCC1)(C1CCCCC1)C1CCCCC1,[2H]C(Cl)(Cl)Cl,1,-42.5
CCC[Si](CCC)(CCC)OB(O[Si](CCC)(CCC)CCC)c1ccc(Br)cc1,[2H]C(Cl)(Cl)Cl,1,25.9
CCC[Si](CCC)(CCC)OB(O[Si](CCC)(CCC)CCC)c1ccccc1,[2H]C(Cl)(Cl)Cl,1,26.6
CCB1n2cccc2CCC(=C=C([Sn](C)(C)C)[Sn](C)(C)C)C1([Sn](C)(C)C)[Sn](C)(C)C,[2H]c1c([2H])c([2H])c([2H])c([2H])c1[2H],1,56.5
C[Sn](C)(C)C(=C=CC(B1[C@H]2CCC[C@H]1CCC2)([Sn](C)(C)C)[Sn](C)(C)C)[Sn](C)(C)C,[2H]c1c([2H])c([2H])c(C([2H])([2H])[2H])c([2H])c1[2H],1,78.2
CC(C)(C)P(=NB(Cl)N=P(C(C)(C)C)(C(C)(C)C)C(C)(C)C)(C(C)(C)C)C(C)(C)C,[2H]C([2H])(Cl)Cl,1,11.9
CC(C)(C)P(=NBN=P(C(C)(C)C)(C(C)(C)C)C(C)(C)C)(C(C)(C)C)C(C)(C)C,[2H]c1c([2H])c([2H])c([2H])c([2H])c1[2H],1,24.6
F[B-](F)(F)c1ccccc1C[P+](c1ccccc1)(c1ccccc1)c1ccccc1,[2H]C([2H])([2H])S(=O)C([2H])([2H])[2H],1,3.07
F[B-](F)(F)c1cccc(C[P+](c2ccccc2)(c2ccccc2)c2ccccc2)c1,[2H]C([2H])([2H])S(=O)C([2H])([2H])[2H],1,3.01
F[B-](F)(F)c1ccc(C[P+](c2ccccc2)(c2ccccc2)c2ccccc2)cc1,[2H]C([2H])([2H])S(=O)C([2H])([2H])[2H],1,3.24
Cc1ccccc1-c1cccc2c1[BH-]([n+]1ccccc1)c1cccc(C)c1-2,[2H]c1c([2H])c([2H])c([2H])c([2H])c1[2H],1,-0.6
Cc1ccccc1-c1cccc(-c2ccccc2C)c1[BH2-][n+]1ccccc1,[2H]c1c([2H])c([2H])c([2H])c([2H])c1[2H],1,-6.1
[BH3-][P+](CP(c1ccccc1)c1ccccc1)(c1ccccc1)c1ccccc1,[2H]C(Cl)(Cl)Cl,1,-37.1
c1ccc(C2OB(c3ccccc3CN3CCCC3)OC2c2ccccc2)cc1,[2H]C(Cl)(Cl)Cl,1,13.2
c1ccc(C2OB(c3ccccc3CN3CCCC3)OC2c2ccccc2)cc1,[2H]OC([2H])([2H])[2H],1,9
C=CCCc1cc[n+]2c(c1)-c1cc(CCC=C)cc[n+]1[B-]2(Br)c1ccc(C)cc1.[Br-],[2H]C(Cl)(Cl)Cl,1,6.5
CC1(C)c2ccccc2[B-]2(OCC(c3ccccc3)(c3ccccc3)O2)[N+]1(C)C,[2H]C(Cl)(Cl)Cl,1,14.3
C=CCN1C(=O)c2ccccc2C(C(=O)O)C1c1ccc(B2OC(C)(C)C(C)(C)O2)cc1,[2H]C(Cl)(Cl)Cl,1,30.8
CC(C)N(B(Nc1ccccc1)C1c2ccccc2-c2ccccc21)C(C)C,[2H]C(Cl)(Cl)Cl,1,30.8
COC(=O)C1(C(=O)OC)Cc2cc(B3OC(C)(C)C(C)(C)O3)c(-c3ccccc3)cc2C1,[2H]c1c([2H])c([2H])c([2H])c([2H])c1[2H],1,32
CC[B-]1(CC)OC(c2ccccc2)(c2ccccc2)c2ccccc2[N+]1(C)C,[2H]C(Cl)(Cl)Cl,1,7.6
CCCN1C(=O)c2ccccc2C(C(=O)O)C1c1ccc(B2OC(C)(C)C(C)(C)O2)cc1,[2H]C(Cl)(Cl)Cl,1,30.5
Cc1cc(CN(C)C)c(OB(c2ccccc2)c2ccccc2)c(CN(C)C)c1,[2H]C(Cl)(Cl)Cl,1,4.97
C[SiH](C)/C(=C(\B(c1ccccc1)c1ccccc1)c1ccccc1)[Sn](C)(C)C,[2H]c1c([2H])c([2H])c([2H])c([2H])c1[2H],1,68.1
CB1OC(=C(c2ccccc2)c2ccccc2)[C@@H](C=NC(C)(C)C)N1C(C)(C)C,[2H]c1c([2H])c([2H])c([2H])c([2H])c1[2H],1,34.5
c1ccc([P+]2(c3ccccc3)CCCCC[B-]23C2CCCC3CCC2)cc1,[2H]C(Cl)(Cl)Cl,1,-11.08
CC(C)(C)N([Cd]c1ccccc1)B(c1ccccc1)N1C(C)(C)CCCC1(C)C,[2H]c1c([2H])c([2H])c([2H])c([2H])c1[2H],1,35.4
CC(C)(C)N(BN1C(C)(C)CCCC1(C)C)[SiH](c1ccccc1)c1ccccc1,[2H]c1c([2H])c([2H])c([2H])c([2H])c1[2H],1,37.7
CC[B-]1(OC(C)=O)OC(C2CCCCC2)(C2CCCCC2)c2ccccc2[N+]1(C)C,[2H]C(Cl)(Cl)Cl,1,7.7
CC(C)(C)c1cc2c(c(C(C)(C)C)c1)OB(C1=CC([Si](C)(C)C)([Si](C)(C)C)C=C1)O2,[2H]C(Cl)(Cl)Cl,1,27.9
CC[B-]1(CC)OC(C2CCCCC2)(C2CCCCC2)c2ccccc2[N+]1(C)C,[2H]C(Cl)(Cl)Cl,1,6.9
CCC[Si](CCC)(CCC)OB(O[Si](CCC)(CCC)CCC)c1ccc(C)cc1,[2H]C(Cl)(Cl)Cl,1,26.3
CCCC[Sn](CCCC)(CCCC)N(BN1C(C)(C)CCCC1(C)C)C(C)(C)C,[2H]c1c([2H])c([2H])c([2H])c([2H])c1[2H],1,39.2
CB(N=P(C(C)(C)C)(C(C)(C)C)C(C)(C)C)N=P(C(C)(C)C)(C(C)(C)C)C(C)(C)C,[2H]c1c([2H])c([2H])c([2H])c([2H])c1[2H],1,29.8
c1ccc(B2Oc3ccc4ccccc4c3-c3c(ccc4ccccc34)O2)cc1,[2H]C(Cl)(Cl)Cl,1,26.4
Br[BH-]1[P+](c2ccccc2)(c2ccccc2)C=C[P+]1(c1ccccc1)c1ccccc1.[Br-],[2H]C(Cl)(Cl)Cl,1,-22.6
CC1(C)OB(c2ccc3ccccc3c2-c2c(Br)ccc3ccccc23)OC1(C)C,[2H]C(Cl)(Cl)Cl,1,30.8
[BH2-]1[P+](c2ccccc2)(c2ccccc2)C=C[P+]1(c1ccccc1)c1ccccc1.[Br-],[2H]C(Cl)(Cl)Cl,1,-35.2
CC1(C)OB(c2ccc3ccccc3c2-c2cccc3ccccc23)OC1(C)C,[2H]C(Cl)(Cl)Cl,1,30.8
C[Ge](C)(c1ccccc1)[B-](c1ccccc1)(c1ccccc1)c1ccccc1.[Li+],[2H]C([2H])([2H])C#N,1,-8.3
C[Si](C)(c1ccccc1)[B-](c1ccccc1)(c1ccccc1)c1ccccc1.[Li+],[2H]C([2H])([2H])C#N,1,-11.4
C[Si](C)(C)c1cc2ccccc2c2c1OB(Cl)Oc1c([Si](C)(C)C)cc3ccccc3c1-2,[2H]C(Cl)(Cl)Cl,1,23.5
C=CCCc1cc[n+]2c(c1)-c1cc(CCC=C)cc[n+]1[B-]2(C)c1ccc(C)cc1.[Br-],[2H]C(Cl)(Cl)Cl,1,7.5
C=CCCc1cc[n+]2c(c1)-c1cc(CCC=C)cc[n+]1[B-]2(OC)c1ccc(C)cc1.[Br-],[2H]C(Cl)(Cl)Cl,1,9.8
COC(=O)[C@H]1CC(=C(c2ccccc2)c2ccccc2)C[C@@H]1B1OC(C)(C)C(C)(C)O1,[2H]c1c([2H])c([2H])c([2H])c([2H])c1[2H],1,33.7
CC[B-]1(CC)OC(c2ccccc2)(c2ccccc2)Cc2ccccc2[N+]1(C)C,[2H]C(Cl)(Cl)Cl,1,7.9
CCCCN1C(=O)c2ccccc2[C@@H](C(=O)O)[C@H]1c1ccc(B2OC(C)(C)C(C)(C)O2)cc1,[2H]C(Cl)(Cl)Cl,1,30.7
C(=C(/B(C1CCCCC1)C1CCCCC1)c1ccccc1)\c1ccccc1,[2H]c1c([2H])c([2H])c(C([2H])([2H])[2H])c([2H])c1[2H],1,76
C[SiH](C)C1=C(B2C3CCCC2CCC3)CC[Si]1(c1ccccc1)c1ccccc1,[2H]c1c([2H])c([2H])c([2H])c([2H])c1[2H],1,86
C=CCB(CC=C)/C(CC=C)=C(\[SiH](c1ccccc1)c1ccccc1)[Si](C)(C)C,[2H]c1c([2H])c([2H])c([2H])c([2H])c1[2H],1,54
C=CCB(CC=C)/C(CC=C)=C(/[SiH](c1ccccc1)c1ccccc1)[Si](C)(C)C,[2H]c1c([2H])c([2H])c([2H])c([2H])c1[2H],1,81.1
C=CCB1CCC[Si](c2ccccc2)(c2ccccc2)C([Si](C)(C)C)=C1CC=C,[2H]c1c([2H])c([2H])c([2H])c([2H])c1[2H],1,81.4
CC(C)N(C(=O)c1ccccc1[B-]1(F)OC(=[N+](C(C)C)C(C)C)c2ccccc21)C(C)C,[2H]C(Cl)(Cl)Cl,1,10
CC(C)[N+](=C1O[B-]2(OC(=[N+](C(C)C)C(C)C)c3ccccc32)c2ccccc21)C(C)C.[Cl-],[2H]C(Cl)(Cl)Cl,1,11.7
CN(C)B1OC(=C(c2ccccc2)c2ccccc2)[C@@H](/C=N/C(C)(C)C)N1C(C)(C)C,[2H]c1c([2H])c([2H])c([2H])c([2H])c1[2H],1,24.8
CB1OP(c2ccccc2)(c2ccccc2)(c2ccccc2)C1([Si](C)(C)C)[Si](C)(C)C,[2H]c1c([2H])c([2H])c(C([2H])([2H])[2H])c([2H])c1[2H],1,55.2
CC(C)c1cccc(C(C)C)c1NB(Cl)Oc1c(C(C)(C)C)cccc1C(C)(C)C,[2H]C(Cl)(Cl)Cl,1,26.1
CC(C)c1cccc(C(C)C)c1NB(F)Oc1c(C(C)(C)C)cccc1C(C)(C)C,[2H]C(Cl)(Cl)Cl,1,18.3
CCC(C)(c1ccccc1)N1C=CN(C(C)(CC)c2ccccc2)B1C[Si](C)(C)C,[2H]c1c([2H])c([2H])c([2H])c([2H])c1[2H],1,28.4
CCCC/C(B1OC(C)(C)C(C)(C)O1)=C(/C#C[Si](C)(C)C)c1ccc(C(=O)OCC)cc1,[2H]C(Cl)(Cl)Cl,1,31
COC(=O)[B@@H-](Sc1ccccc1)[P+](C1CCCCC1)(C1CCCCC1)C1CCCCC1,[2H]C(Cl)(Cl)Cl,1,-38.4
CC(C)(C)C(OB(F)OC(C(C)(C)C)(C(C)(C)C)C(C)(C)C)(C(C)(C)C)C(C)(C)C,[2H]C(Cl)(Cl)Cl,1,11.5
[OH+]=C(O/C=C\[B-](c1c(F)c(F)c(F)c(F)c1F)(c1c(F)c(F)c(F)c(F)c1F)c1c(F)c(F)c(F)c(F)c1F)c1ccccc1,[2H]C([2H])(Cl)Cl,1,2.3
c1ccc(-c2ccc3c4c2ccc[n+]4[B-](c2ccccc2)(c2ccccc2)O3)cc1,[2H]C(Cl)(Cl)Cl,1,12.3
c1cnc2cc(NB(Nc3ccc4cccnc4c3)Nc3ccc4cccnc4c3)ccc2c1,[2H]c1c([2H])c([2H])c(C([2H])([2H])[2H])c([2H])c1[2H],1,24.7
O=C(c1ccccc1)c1ccccc1B1OCC(c2ccccc2)(c2ccccc2)O1,[2H]C(Cl)(Cl)Cl,1,32.3
CC(C)P(=[NH+][B-](c1c(F)c(F)c(F)c(F)c1F)(c1c(F)c(F)c(F)c(F)c1F)c1c(F)c(F)c(F)c(F)c1F)(C(C)C)C(C)C,[2H]C([2H])(Cl)Cl,1,-7.5
CC1Cc2ccccc2N1B(N1c2ccccc2CC1C)N1c2ccccc2CC1C,[2H]c1c([2H])c([2H])c([2H])c([2H])c1[2H],1,29.6
[BH3-][P+](C(C)=C(c1ccccc1)c1ccccc1)(c1ccccc1)c1ccccc1,[2H]C(Cl)(Cl)Cl,1,-31.7
Cc1ccc(S(=O)(=O)N2Cc3cc(B4OC(C)(C)C(C)(C)O4)c(-c4ccccc4)cc3C2)cc1,[2H]c1c([2H])c([2H])c([2H])c([2H])c1[2H],1,32
CC(C)(C)c1cc2c(c(C(C)(C)C)c1)O[B@@-]1(c3ccccc3)Oc3ccccc3[N@H+]1C2,[2H]C([2H])([2H])S(=O)C([2H])([2H])[2H],1,8.1
C=CCCc1cc[n+]2c(c1)-c1cc(CCC=C)cc[n+]1[B-]2(OCC)c1ccc(C)cc1.[Br-],[2H]C(Cl)(Cl)Cl,1,9.1
CC1(C)CCCC(C)(C)N1B(Cl)[Ge](c1ccccc1)(c1ccccc1)c1ccccc1,[2H]c1c([2H])c([2H])c([2H])c([2H])c1[2H],1,47.3
CC1(C)CCCC(C)(C)N1B(Cl)[Sn](c1ccccc1)(c1ccccc1)c1ccccc1,[2H]c1c([2H])c([2H])c([2H])c([2H])c1[2H],1,50.1
CC(C)(C)c1cc2c(c(C(C)(C)C)c1)O[B@@-]1(c3cccc(N)c3)Oc3ccccc3[N@H+]1C2,[2H]C([2H])([2H])S(=O)C([2H])([2H])[2H],1,9
C[SiH](C)C1=C(B2C3CCCC2CCC3)CCC[Si]1(c1ccccc1)c1ccccc1,[2H]c1c([2H])c([2H])c([2H])c([2H])c1[2H],1,70.8
CCCCN=C[C@@H]1C(=C(c2ccccc2)c2ccccc2)OB([Sn](C)(C)C)N1C(C)(C)C,[2H]c1c([2H])c([2H])c([2H])c([2H])c1[2H],1,38.2
CC(OC(=O)[B@H-](Br)[P+](C1CCCCC1)(C1CCCCC1)C1CCCCC1)c1ccccc1,[2H]C(Cl)(Cl)Cl,1,-38.3
CC(C)N(B(P(c1ccccc1)c1ccccc1)[Si]([Si](C)(C)C)([Si](C)(C)C)[Si](C)(C)C)C(C)C,[2H]c1c([2H])c([2H])c([2H])c([2H])c1[2H],1,55
CC1(C)CCCC(C)(C)N1B=[Si]([Si](C)(C(C)(C)C)C(C)(C)C)[Si](C)(C(C)(C)C)C(C)(C)C,[2H]C1([2H])OC([2H])([2H])C([2H])([2H])C1([2H])[2H],1,87.7
C[n+]1ccc2ccccc2c1.O[B-](c1c(F)c(F)c(F)c(F)c1F)(c1c(F)c(F)c(F)c(F)c1F)c1c(F)c(F)c(F)c(F)c1F,[2H]C([2H])(Cl)Cl,1,-4.1
CC/[N+](=C\C[B-](c1c(F)c(F)c(F)c(F)c1F)(c1c(F)c(F)c(F)c(F)c1F)c1c(F)c(F)c(F)c(F)c1F)c1ccccc1,[2H]c1c([2H])c([2H])c([2H])c([2H])c1[2H],1,-12.9
CC/[N+](=C/C[B-](c1c(F)c(F)c(F)c(F)c1F)(c1c(F)c(F)c(F)c(F)c1F)c1c(F)c(F)c(F)c(F)c1F)c1ccccc1,[2H]c1c([2H])c([2H])c([2H])c([2H])c1[2H],1,-12.6
C[N+](C)=[B-](C1c2ccccc2-c2ccccc21)C1c2ccccc2-c2ccccc21,[2H]C([2H])(Cl)Cl,1,42.31
[2H][B-]([2H])([2H])[P+](C[C@@H](C(C)=O)P(=O)(c1ccccc1)c1ccccc1)(c1ccccc1)c1ccccc1,[2H]C(Cl)(Cl)Cl,1,-41
CC1(C)OB(c2ccc([C@@H]3[C@H](C(=O)O)c4ccccc4C(=O)N3c3ccc(Br)cc3)cc2)OC1(C)C,[2H]C([2H])([2H])S(=O)C([2H])([2H])[2H],1,27.7
CC1(C)OB(c2ccc([C@@H]3[C@H](C(=O)O)c4ccccc4C(=O)N3c3ccc(F)cc3)cc2)OC1(C)C,[2H]C([2H])([2H])S(=O)C([2H])([2H])[2H],1,28.2
CC1(C)OB(c2ccc([C@@H]3[C@H](C(=O)O)c4ccccc4C(=O)N3c3ccc([N+](=O)[O-])cc3)cc2)OC1(C)C,[2H]C([2H])([2H])S(=O)C([2H])([2H])[2H],1,32.2
Cc1cc(C)c(B(c2c(C)cc(C)cc2C)c2cccc3cccc([Ga](Cl)Cl)c23)c(C)c1,[2H]c1c([2H])c([2H])c([2H])c([2H])c1[2H],1,70.8
Cc1cc(C)c(B(c2c(C)cc(C)cc2C)c2cccc3cccc([In](Cl)Cl)c23)c(C)c1,[2H]c1c([2H])c([2H])c([2H])c([2H])c1[2H],1,70.5
[BH3-][P+](C[C@@H](C(C)=O)P(=O)(c1ccccc1)c1ccccc1)(c1ccccc1)c1ccccc1,[2H]C(Cl)(Cl)Cl,1,-40
[BH3-][P+](C[C@@H]([C@@H](C)O)P(=O)(c1ccccc1)c1ccccc1)(c1ccccc1)c1ccccc1,[2H]C(Cl)(Cl)Cl,1,40
CCC1=C(C)C2=C(C)c3c(C)c(CC)c(C)n3[B-](F)(c3ccc4ccccc4c3)[N+]2=C1C,[2H]C(Cl)(Cl)Cl,1,5.8
CCO[P+]([BH2-]C#N)(OCC)OC1OC(Cn2ccc(NC(=O)c3ccccc3)nc2=O)CC1OC(=O)c1ccccc1,[2H]C([2H])([2H])S(=O)C([2H])([2H])[2H],1,-42.02
CC1=C(c2ccccc2)B(c2ccccc2)C(c2ccccc2)=C(C)[Si](C)(C)[Si]1(C)C,[2H]c1c([2H])c([2H])c(C([2H])([2H])[2H])c([2H])c1[2H],1,72
Cc1ccc2c(c1)[N@H+]1Cc3cc(C(C)(C)C)cc(C(C)(C)C)c3O[B@@-]1(c1ccccc1)O2,[2H]C([2H])([2H])S(=O)C([2H])([2H])[2H],1,8.7
CC(C)N(B(c1cccn1Cc1ccccc1)c1cccn1Cc1ccccc1)C(C)C,[2H]C(Cl)(Cl)Cl,1,36.4
Cc1ccc2c(c1)[N@H+]1Cc3cc(C(C)(C)C)cc(C(C)(C)C)c3O[B@@-]1(c1cccc(N)c1)O2,[2H]C([2H])([2H])S(=O)C([2H])([2H])[2H],1,8.7
[BH3-][P@@+]1(c2c(C)cc(C)cc2C)[C@@H]2C(C)=C[C@H]1[C@@H]1[C@H]2C(C)=CP1(=O)c1c(C)cc(C)cc1C,[2H]C(Cl)(Cl)Cl,1,-34.7
CC(C)(C)C1=C(B2C3CCCC2CCC3)CC[Si]1(c1ccccc1)c1ccccc1,[2H]c1c([2H])c([2H])c([2H])c([2H])c1[2H],1,83.2
C/C(=C1/B(n2c3ccccc3c3ccccc32)C2CCCCCCC1CC2)[Sn](C)(C)C,[2H]c1c([2H])c([2H])c([2H])c([2H])c1[2H],1,58.7
CC(C)CB1OC(=C(c2ccccc2)c2ccccc2)C(/C=N\C(C)(C)C)N1C(C)(C)C,[2H]C([2H])(Cl)Cl,1,34.9
CC(C)(C)c1cc2c(c(C(C)(C)C)c1)O[B-]1(Cl)Oc3c(cc(C(C)(C)C)cc3C(C)(C)C)[NH+]21,[2H]C(Cl)(Cl)Cl,1,14.9
C[Si](C)(C)C(B(C1C=Cc2ccccc21)C1C=Cc2ccccc21)([Si](C)(C)C)[Si](C)(C)C,[2H]c1c([2H])c([2H])c([2H])c([2H])c1[2H],1,48.2
CC(C)(C)c1cccc(C(C)(C)C)c1OB(F)Oc1c(C(C)(C)C)cccc1C(C)(C)C,[2H]C(Cl)(Cl)Cl,1,14
CCC1=C(C)C2=C(C)c3c(C)c(CC)c(C)n3[B-](C#C[Si](C)(C)C)(C#C[Si](C)(C)C)[N+]2=C1C,[2H]C(Cl)(Cl)Cl,1,-11.1
Cc1cc(C)c(P(B(Cl)C([Si](C)(C)C)([Si](C)(C)C)[Si](C)(C)C)c2c(C)cc(C)cc2C)c(C)c1,[2H]c1c([2H])c([2H])c([2H])c([2H])c1[2H],1,73.2
C[Sn](C)(C)C(=C=C1CCCCB(n2ccc3ccccc32)C1([Sn](C)(C)C)[Sn](C)(C)C)[Sn](C)(C)C,[2H]c1c([2H])c([2H])c([2H])c([2H])c1[2H],1,54
Cc1cc(C)c(PB(Pc2c(C)cc(C)cc2C)C([Si](C)(C)C)([Si](C)(C)C)[Si](C)(C)C)c(C)c1,[2H]c1c([2H])c([2H])c([2H])c([2H])c1[2H],1,83.4
CCB(CC)C1=C([Si](C)(C)C)[Sn](N([Si](C)(C)C)[Si](C)(C)C)(N([Si](C)(C)C)[Si](C)(C)C)C([Si](C)(C)C)=C1CC,[2H]c1c([2H])c([2H])c([2H])c([2H])c1[2H],1,87
CC(C)(C)[NH2+][B-](c1c(F)c(F)c(F)c(F)c1F)(c1c(F)c(F)c(F)c(F)c1F)C1c2ccccc2-c2ccccc21,[2H]C(Cl)(Cl)Cl,1,-4.2
C[Si](C)(C)C(c1ccccc1)C(B(c1c(F)c(F)c(F)c(F)c1F)c1c(F)c(F)c(F)c(F)c1F)c1ccc(F)cc1,[2H]c1c([2H])c([2H])c([2H])c([2H])c1[2H],1,74.8
C[Si](C)(C)C(c1ccc(F)cc1)C(B(c1c(F)c(F)c(F)c(F)c1F)c1c(F)c(F)c(F)c(F)c1F)c1ccccc1,[2H]c1c([2H])c([2H])c([2H])c([2H])c1[2H],1,74.7
C[Si](C)(C)[C@H](c1ccccc1)[C@H](B(c1c(F)c(F)c(F)c(F)c1F)c1c(F)c(F)c(F)c(F)c1F)c1ccccc1,[2H]c1c([2H])c([2H])c([2H])c([2H])c1[2H],1,65.8
C[Si](C)(C)C(B(c1c(F)c(F)c(F)c(F)c1F)c1c(F)c(F)c(F)c(F)c1F)C(c1ccccc1)c1ccccc1,[2H]c1c([2H])c([2H])c([2H])c([2H])c1[2H],1,78.4
CC(C)(C)c1ccc([B-]2(c3ccc(C(C)(C)C)cc3)Oc3cccc4ccc[n+]2c34)cc1,[2H]C(Cl)(Cl)Cl,1,12
COc1ccc(N2C(=O)c3ccccc3[C@@H](C(=O)O)[C@H]2c2ccc(B3OC(C)(C)C(C)(C)O3)cc2)cc1,[2H]C(Cl)(Cl)Cl,1,28.9
CC(C)(C)c1ccc([B-]2(c3ccc(C(C)(C)C)cc3)Oc3ccc(Cl)c4ccc[n+]2c34)cc1,[2H]C(Cl)(Cl)Cl,1,12
CC(C)(C)c1ccc([B-]2(c3ccc(C(C)(C)C)cc3)Oc3ccc([N+](=O)[O-])c4ccc[n+]2c34)cc1,[2H]C(Cl)(Cl)Cl,1,13
CC(=O)c1ccc([B@-]23Oc4ccccc4[N@H+]2Cc2cc(C(C)(C)C)cc(C(C)(C)C)c2O3)cc1,[2H]C(Cl)(Cl)Cl,1,7.4
CC(=O)c1cccc([B@-]23Oc4ccccc4[N@H+]2Cc2cc(C(C)(C)C)cc(C(C)(C)C)c2O3)c1,[2H]C(Cl)(Cl)Cl,1,8.6
Cc1cccc(C)c1N=C1B(N(C(C)(C)C)[Si](C)(C)C)N(C(C)(C)C)C1=Nc1c(C)cccc1C,[2H]C(Cl)(Cl)Cl,1,41
C[Se]B([Se]C)c1c(C([Si](C)(C)C)[Si](C)(C)C)cc(C([Si](C)(C)C)[Si](C)(C)C)cc1C([Si](C)(C)C)[Si](C)(C)C,[2H]c1c([2H])c([2H])c([2H])c([2H])c1[2H],1,76.6
Fc1c(F)c(F)c([B-](c2c(F)c(F)c(F)c(F)c2F)(c2c(F)c(F)c(F)c(F)c2F)[PH+](c2ccccc2)c2ccccc2)c(F)c1F,[2H]c1c([2H])c([2H])c([2H])c([2H])c1[2H],1,-9.4
Fc1c(F)c(F)c(B(c2ccccc2N(c2ccccc2)c2ccccc2)c2c(F)c(F)c(F)c(F)c2F)c(F)c1F,[2H]c1c([2H])c([2H])c([2H])c([2H])c1[2H],1,58.8
Fc1c(F)c(F)c([B-](Cl)(c2ccccc2[NH+](c2ccccc2)c2ccccc2)c2c(F)c(F)c(F)c(F)c2F)c(F)c1F,[2H]C([2H])(Cl)Cl,1,-2.2
Fc1c(F)c(F)c([B-](Cl)(c2ccccc2N(c2ccccc2)c2ccccc2)c2c(F)c(F)c(F)c(F)c2F)c(F)c1F.[Li+],[2H]C([2H])(Cl)Cl,1,-2.4
O[B-](c1ccccc1[NH+](c1ccccc1)c1ccccc1)(c1c(F)c(F)c(F)c(F)c1F)c1c(F)c(F)c(F)c(F)c1F,[2H]c1c([2H])c([2H])c([2H])c([2H])c1[2H],1,-0.8
COc1ccc(C(C(B(c2c(F)c(F)c(F)c(F)c2F)c2c(F)c(F)c(F)c(F)c2F)c2ccccc2)[Si](C)(C)C)cc1,[2H]c1c([2H])c([2H])c([2H])c([2H])c1[2H],1,74.9
COc1ccc(C(B(c2c(F)c(F)c(F)c(F)c2F)c2c(F)c(F)c(F)c(F)c2F)C(c2ccccc2)[Si](C)(C)C)cc1,[2H]c1c([2H])c([2H])c([2H])c([2H])c1[2H],1,72.5
Cc1ccc(C(C(B(c2c(F)c(F)c(F)c(F)c2F)c2c(F)c(F)c(F)c(F)c2F)c2ccccc2)[Si](C)(C)C)cc1,[2H]c1c([2H])c([2H])c([2H])c([2H])c1[2H],1,77.1
Cc1ccc(C(B(c2c(F)c(F)c(F)c(F)c2F)c2c(F)c(F)c(F)c(F)c2F)C(c2ccccc2)[Si](C)(C)C)cc1,[2H]c1c([2H])c([2H])c([2H])c([2H])c1[2H],1,78.5
Fc1c(F)c(F)c([B-](c2c(F)c(F)c(F)c(F)c2F)(c2c(F)c(F)c(F)c(F)c2F)[PH+](C2CCCCC2)C2CCCCC2)c(F)c1F,[2H]c1c([2H])c([2H])c([2H])c([2H])c1[2H],1,-13.5
[BH2-]1[P+](c2ccccc2)(c2ccccc2)c2ccccc2[P+]1(c1ccccc1)c1ccccc1.[Br-],[2H]C(Cl)(Cl)Cl,1,-32.5
CC(C)(C)P(=[NH+][B-](c1c(F)c(F)c(F)c(F)c1F)(c1c(F)c(F)c(F)c(F)c1F)c1c(F)c(F)c(F)c(F)c1F)(C(C)(C)C)C(C)(C)C,[2H]C([2H])(Cl)Cl,1,-9.5
CCC1=C(C)C2=C(c3ccc4[nH]c(-c5cccc(C)n5)nc4c3)c3c(C)c(CC)c(C)n3[B-](F)(F)[N+]2=C1C,[2H]C(Cl)(Cl)Cl,1,3.93
CCC1=C(C)C2=C(c3ccc(NC(=O)Nc4ccccc4)cc3)c3c(C)c(CC)c(C)n3[B-](F)(F)[N+]2=C1C,[2H]C(Cl)(Cl)Cl,1,3.93
CCC1=C(C)C2=C(c3ccc(NC(=S)Nc4ccccc4)cc3)c3c(C)c(CC)c(C)n3[B-](F)(F)[N+]2=C1C,[2H]C(Cl)(Cl)Cl,1,3.85
CC(C)N1B([Ge](c2ccccc2)(c2ccccc2)c2ccccc2)N(C(C)C)c2ccccc21,[2H]c1c([2H])c([2H])c([2H])c([2H])c1[2H],1,30.5
CC(C)N1B([Pb](c2ccccc2)(c2ccccc2)c2ccccc2)N(C(C)C)c2ccccc21,[2H]c1c([2H])c([2H])c([2H])c([2H])c1[2H],1,39.6
CC(C)N1B([Si](c2ccccc2)(c2ccccc2)c2ccccc2)N(C(C)C)c2ccccc21,[2H]c1c([2H])c([2H])c([2H])c([2H])c1[2H],1,29.9
CC(C)N1B([Sn](c2ccccc2)(c2ccccc2)c2ccccc2)N(C(C)C)c2ccccc21,[2H]c1c([2H])c([2H])c([2H])c([2H])c1[2H],1,32.4
[BH3-][P+](C[C@@H](C(=O)CCC)P(=O)(c1ccccc1)c1ccccc1)(c1ccccc1)c1ccccc1,[2H]C(Cl)(Cl)Cl,1,-41
CCC1=C(C)C2=C(C)c3c(C)c(CC)c(C)n3[B-](c3ccccc3)(c3ccccc3)[N+]2=C1C,[2H]C(Cl)(Cl)Cl,1,2.7
C[Si](C)(C)C1(B(c2ccccc2)C2([Si](C)(C)C)C=Cc3ccccc32)C=Cc2ccccc21,[2H]c1c([2H])c([2H])c([2H])c([2H])c1[2H],1,52.8
CC(C)P(c1ccccc1B(c1ccccc1)c1ccccc1P(C(C)C)C(C)C)C(C)C,[2H]c1c([2H])c([2H])c([2H])c([2H])c1[2H],1,43.1
[BH3-][P+](Oc1c(C(C)(C)C)cc(C(C)(C)C)cc1C(C)(C)C)(c1ccccc1)c1ccccc1,[2H]C(Cl)(Cl)Cl,1,-38.6
C[Sn](C)(C)C(C1B(n2c3ccccc3c3ccccc32)C2CCCCCCC1CC2)[Sn](C)(C)C,[2H]c1c([2H])c([2H])c([2H])c([2H])c1[2H],1,60.8
C[Si](C)(CCC1CC=CCC1)OB(O[Si](C)(C)CCC1CC=CCC1)O[Si](C)(C)CCC1CC=CCC1,[2H]C(Cl)(Cl)Cl,1,14.7
CCCC[Si](CCCC)(CCCC)OB(O[Si](CCCC)(CCCC)CCCC)c1ccccc1,[2H]C(Cl)(Cl)Cl,1,26.2
CC(C)(C)c1ccc(-c2cccc3c2[BH-]([n+]2ccccc2)c2cc(C(C)(C)C)ccc2-3)cc1,[2H]c1c([2H])c([2H])c([2H])c([2H])c1[2H],1,7.6
Cc1cc(C)c(B(c2c(C)cc(C)cc2C)c2cccc3cccc(CN(C)C)c23)c(C)c1,[2H]C(Cl)(Cl)Cl,1,68.7
CC(C)(C)c1ccc(-c2cccc(-c3ccc(C(C)(C)C)cc3)c2[BH2-][n+]2ccccc2)cc1,[2H]c1c([2H])c([2H])c([2H])c([2H])c1[2H],1,-5.4
Cc1cc(C)c(B(c2c(C)cc(C)cc2C)c2cccc3cccc([Sn](C)(C)C)c23)c(C)c1,[2H]c1c([2H])c([2H])c([2H])c([2H])c1[2H],1,67.2
CC(C)(C)N(B(c1ccccc1)N1C(C)(C)CCCC1(C)C)[Al](c1ccccc1)c1ccccc1,[2H]c1c([2H])c([2H])c([2H])c([2H])c1[2H],1,42.1
CC(C)(C)N(B(c1ccccc1)N1C(C)(C)CCCC1(C)C)[In](c1ccccc1)c1ccccc1,[2H]c1c([2H])c([2H])c([2H])c([2H])c1[2H],1,35.5
CC(C)(C)NB(N1C(C)(C)CCCC1(C)C)[Sn](c1ccccc1)(c1ccccc1)c1ccccc1,[2H]c1c([2H])c([2H])c([2H])c([2H])c1[2H],1,44.6
C[n+]1cc2ccccc2c2ccccc21.O[B-](c1c(F)c(F)c(F)c(F)c1F)(c1c(F)c(F)c(F)c(F)c1F)c1c(F)c(F)c(F)c(F)c1F,[2H]C([2H])(Cl)Cl,1,-4.1
C[Si](OB(O[Si](C)(c1ccccc1)c1ccccc1)c1ccccc1)(c1ccccc1)c1ccccc1,[2H]C(Cl)(Cl)Cl,1,26.3
CCCC[n+]1ccn(C)c1.c1ccc([B-](c2ccccc2)(c2ccccc2)c2ccccc2)cc1,[2H]C([2H])([2H])C(=O)C([2H])([2H])[2H],1,-12.2
Cc1cc(C)c([B-](F)(c2c(C)cc(C)cc2C)c2cccc3cccc(C[N+](C)(C)C)c23)c(C)c1,[2H]C([2H])([2H])C(=O)C([2H])([2H])[2H],1,12.2
Cc1cc(C)c(B(c2c(C)cc(C)cc2C)c2cccc3cccc(C[N+](C)(C)C)c23)c(C)c1.O=S(=O)([O-])C(F)(F)F,[2H]C(Cl)(Cl)Cl,1,67.8
CCC1=C(C)C2=C(C)c3c(C)c(CC)c(C)n3[B-](c3ccc(OC)cc3)(c3ccc(OC)cc3)[N+]2=C1C,[2H]C(Cl)(Cl)Cl,1,2.6
CC(C)P(c1cccc2cc3cccc(P(C(C)C)C(C)C)c3c(B3Oc4ccccc4O3)c12)C(C)C,[2H]C(Cl)(Cl)Cl,1,15
CC(NB1OC(=C(c2ccccc2)c2ccccc2)C(/C=N/C(C)(C)C)N1C(C)(C)C)c1ccccc1,[2H]c1c([2H])c([2H])c([2H])c([2H])c1[2H],1,24.6
CC(C)(C)c1cc(C(C)(C)C)c(NB(Cl)Oc2c(C(C)(C)C)cccc2C(C)(C)C)c(C(C)(C)C)c1,[2H]C(Cl)(Cl)Cl,1,25.6
C[Sn](C)(C)C(=C=C1CCCCB(n2c3ccccc3c3ccccc32)C1([Sn](C)(C)C)[Sn](C)(C)C)[Sn](C)(C)C,[2H]c1c([2H])c([2H])c([2H])c([2H])c1[2H],1,70.3
CC1(C)CCCC(C)(C)N1[B-](C#C[Si](C)(C)C)=[Si]([Si](C)(C(C)(C)C)C(C)(C)C)[Si](C)(C(C)(C)C)C(C)(C)C.[Li+],[2H]C1([2H])OC([2H])([2H])C([2H])([2H])C1([2H])[2H],1,55.4
CCCC1=C([B-](c2c(F)c(F)c(F)c(F)c2F)(c2c(F)c(F)c(F)c(F)c2F)c2c(F)c(F)c(F)c(F)c2F)/C1=C(/C=[NH+]/C(C)(C)C)CCC,[2H]c1c([2H])c([2H])c([2H])c([2H])c1[2H],1,-18.3
CC(C)(C)c1cc2c(c(C(C)(C)C)c1)O[B-]1(OP(=O)(c3ccccc3)c3ccccc3)Oc3ccccc3[N+]1=C2,[2H]C(Cl)(Cl)Cl,1,3.57
Cc1cc(C)c(-c2cccc(-c3c(C)cc(C)cc3C)c2N=BN2C(C)(C)CCCC2(C)C)c(C)c1,[2H]c1c([2H])c([2H])c([2H])c([2H])c1[2H],1,10.6
Cc1cc(C)c(-c2cccc(-c3c(C)cc(C)cc3C)c2NB(Br)N2C(C)(C)CCCC2(C)C)c(C)c1,[2H]c1c([2H])c([2H])c([2H])c([2H])c1[2H],1,30.2
Cc1cc(C)c(-c2cccc(-c3c(C)cc(C)cc3C)c2NB(Cl)N2C(C)(C)CCCC2(C)C)c(C)c1,[2H]c1c([2H])c([2H])c([2H])c([2H])c1[2H],1,31
C[n+]1ccc2ccccc2c1.Fc1c(F)c(F)c([B-](c2c(F)c(F)c(F)c(F)c2F)(c2c(F)c(F)c(F)c(F)c2F)c2c(F)c(F)c(F)c(F)c2F)c(F)c1F,[2H]C([2H])(Cl)Cl,1,-16.8
CO[B-]12n3c4ccc3C(c3ccc(Br)cc3)=c3ccc(n31)=C(c1ccc(Br)cc1)C1=[N+]2C(=C4c2ccc(Br)cc2)C=C1,[2H]C(Cl)(Cl)Cl,1,-15.3
CO[B-]12n3c4ccc3C(c3ccc([N+](=O)[O-])cc3)=c3ccc(n31)=C(c1ccc([N+](=O)[O-])cc1)C1=[N+]2C(=C4c2ccc([N+](=O)[O-])cc2)C=C1,[2H]C(Cl)(Cl)Cl,1,-15.4
CO[B-]12n3c4ccc3C(c3ccccc3)=c3ccc(n31)=C(c1ccccc1)C1=[N+]2C(=C4c2ccccc2)C=C1,[2H]C(Cl)(Cl)Cl,1,-15.3
CCC1=C(C)C2=C(C)c3c(C)c(CC)c(C)n3[B-](C#C[Si](CC)(CC)CC)(C#C[Si](CC)(CC)CC)[N+]2=C1C,[2H]C(Cl)(Cl)Cl,1,-11.12
CCCCC1=C([B-](c2c(F)c(F)c(F)c(F)c2F)(c2c(F)c(F)c(F)c(F)c2F)c2c(F)c(F)c(F)c(F)c2F)/C1=C(/C=[NH+]/C(C)(C)C)CCCC,[2H]C(Cl)(Cl)Cl,1,-18.5
CCC1=C(C)C2=C(c3ccc4nc5c6cccnc6c6ncccc6c5nc4c3)c3c(C)c(CC)c(C)n3[B-](F)(F)[N+]2=C1C,[2H]C(Cl)(Cl)Cl,1,3.93
CC(C)(C)c1ccc([B-]2(c3ccc(C(C)(C)C)cc3)Oc3ccc(-c4c(F)c(F)c(F)c(F)c4F)c4ccc[n+]2c34)cc1,[2H]C(Cl)(Cl)Cl,1,12
[BH3-][P+](CC(C(=O)CCc1ccccc1)P(=O)(c1ccccc1)c1ccccc1)(c1ccccc1)c1ccccc1,[2H]C(Cl)(Cl)Cl,1,-40
[BH3-][P+](C[C@H]([C@@H](O)CCc1ccccc1)P(=O)(c1ccccc1)c1ccccc1)(c1ccccc1)c1ccccc1,[2H]C(Cl)(Cl)Cl,1,-40
C=CCB(CC=C)C(CC=C)=C([SiH](c1ccccc1)c1ccccc1)[SiH](c1ccccc1)c1ccccc1,[2H]c1c([2H])c([2H])c([2H])c([2H])c1[2H],1,76.2
C=CCB1CCC[Si](c2ccccc2)(c2ccccc2)C([SiH](c2ccccc2)c2ccccc2)=C1CC=C,[2H]c1c([2H])c([2H])c([2H])c([2H])c1[2H],1,81.3
CC(C)(C)N=C[C@@H]1C(=C(c2ccccc2)c2ccccc2)OB(/C=C(/c2ccc(Cl)cc2)[Sn](C)(C)C)N1C(C)(C)C,[2H]c1c([2H])c([2H])c([2H])c([2H])c1[2H],1,30.9
c1ccc2c(c1)c1ccccc1n2B(n1c2ccccc2c2ccccc21)n1c2ccccc2c2ccccc21,[2H]c1c([2H])c([2H])c([2H])c([2H])c1[2H],1,30.1
COc1ccc(-c2ccc3c4c2ccc[n+]4[B-](c2ccc(C(C)(C)C)cc2)(c2ccc(C(C)(C)C)cc2)O3)cc1,[2H]C(Cl)(Cl)Cl,1,12
CCC1=C(C)C2=C(C)c3c(C)c(CC)c(C)n3[B-](C#CCCCCC3=NCCO3)(C#Cc3ccc(C)cc3)[N+]2=C1C,[2H]C(Cl)(Cl)Cl,1,-9.4
CCCCB1OC(=C(c2ccccc2)c2ccccc2)C(/C=N/[C@@H](C)C2CCCCC2)N1[C@H](C)C1CCCCC1,[2H]c1c([2H])c([2H])c([2H])c([2H])c1[2H],1,33.9
C[C@H](/N=C/C1C(=C(c2ccccc2)c2ccccc2)OB(NC(C)(C)C)N1[C@H](C)C1CCCCC1)C1CCCCC1,[2H]c1c([2H])c([2H])c([2H])c([2H])c1[2H],1,24.6
C[C@H](/N=C/C1C(=C(c2ccccc2)c2ccccc2)OB(C[Si](C)(C)C)N1[C@H](C)C1CCCCC1)C1CCCCC1,[2H]c1c([2H])c([2H])c([2H])c([2H])c1[2H],1,33.5
CO[B@@-]12N3C4=C(c5ccc(C#N)cc5)C5=[N+]1C(=C(c1ccc(C#N)cc1)c1ccc(n12)C(c1ccc(C#N)cc1)=C3CC4)C=C5,[2H]C(Cl)(Cl)Cl,1,-15.4
c1ccc(C2(c3ccccc3)O[B-]3(Oc4ccc5ccccc5c4-c4c(ccc5ccccc45)O3)[NH+]3CCC[C@@H]32)cc1,[2H]C(Cl)(Cl)Cl,1,8.37
CN(C)c1ccc(-c2ccc3c4c2ccc[n+]4[B-](c2ccc(C(C)(C)C)cc2)(c2ccc(C(C)(C)C)cc2)O3)cc1,[2H]C(Cl)(Cl)Cl,1,11
C#C[B-]1(C#Cc2cc3ccc4cccc5ccc(c2)c3c45)n2c(C)c(CC)c(C)c2C(C)=C2C(C)=C(CC)C(C)=[N+]21,[2H]C(Cl)(Cl)Cl,1,-10.1
CCC1=C(C)C2=C(C)c3c(C)c(CC)c(C)n3[B-](c3ccc4ccccc4c3)(c3ccc4ccccc4c3)[N+]2=C1C,[2H]C(Cl)(Cl)Cl,1,2.9
c1ccc([B-]23OC(c4ccccc4)(c4ccccc4)Cc4cccc([n+]42)CC(c2ccccc2)(c2ccccc2)O3)cc1,[2H]C([2H])([2H])S(=O)C([2H])([2H])[2H],1,4.3
OB(c1ccc2ccccc2c1-c1cccc2ccccc12)c1ccc2ccccc2c1-c1cccc2ccccc12,[2H]C(Cl)(Cl)Cl,1,47.1
[BH3-][P+]1(c2ccccc2)OC(c2ccccc2)(c2ccccc2)[C@@H]2O[C@@](C)(OC)[C@](C)(OC)O[C@H]2C(c2ccccc2)(c2ccccc2)O1,[2H]C(Cl)(Cl)Cl,1,-36.98
CCC1=C(C)C2=C(C)c3c(C)c(CC)c(C)n3[B-](C#Cc3cc4ccc5cccc6ccc(c3)c4c56)(C#C[Si](C)(C)C)[N+]2=C1C,[2H]C(Cl)(Cl)Cl,1,-10.2
Brc1ccc(B(O[Si](c2ccccc2)(c2ccccc2)c2ccccc2)O[Si](c2ccccc2)(c2ccccc2)c2ccccc2)cc1,[2H]C(Cl)(Cl)Cl,1,27.4
CCC1=C(C)C2=C(C)c3c(C)c(CC)c(C)n3[B-](C#Cc3cccc4ccccc34)(C#Cc3cccc4ccccc34)[N+]2=C1C,[2H]C(Cl)(Cl)Cl,1,-9.63
[BH3-][P+]1(c2ccccc2)OC(c2ccccc2)(c2ccccc2)[C@@H]2O[C@@](C)(OCC)[C@](C)(OCC)O[C@H]2C(c2ccccc2)(c2ccccc2)O1,[2H]C(Cl)(Cl)Cl,1,-36.83
Cc1cc(C)c([Si](Cl)(B2Oc3ccccc3O2)c2c(C([Si](C)(C)C)[Si](C)(C)C)cc(C([Si](C)(C)C)[Si](C)(C)C)cc2C([Si](C)(C)C)[Si](C)(C)C)c(C)c1,[2H]C(Cl)(Cl)Cl,1,34.6
Cc1cc(C)c([Si](Cl)(B2OC(C)(C)C(C)(C)O2)c2c(C([Si](C)(C)C)[Si](C)(C)C)cc(C([Si](C)(C)C)[Si](C)(C)C)cc2C([Si](C)(C)C)[Si](C)(C)C)c(C)c1,[2H]C(Cl)(Cl)Cl,1,33.1
Cc1cc(C)c([SiH](B2OC(C)(C)C(C)(C)O2)c2c(C([Si](C)(C)C)[Si](C)(C)C)cc(C([Si](C)(C)C)[Si](C)(C)C)cc2C([Si](C)(C)C)[Si](C)(C)C)c(C)c1,[2H]C(Cl)(Cl)Cl,1,35.4
Cc1ccc(B(O[Si](c2ccccc2)(c2ccccc2)c2ccccc2)O[Si](c2ccccc2)(c2ccccc2)c2ccccc2)cc1,[2H]C(Cl)(Cl)Cl,1,27.9
COc1cc(OC)c(C2=C3C=CC4=[N+]3[B@-]3(OC)n5c2ccc5C(c2c(OC)cc(OC)cc2OC)=c2ccc(n23)=C4c2c(OC)cc(OC)cc2OC)c(OC)c1,[2H]C(Cl)(Cl)Cl,1,-15.2
COc1cc(C2=C3C=CC4=[N+]3[B-]3(OC)n5c2ccc5C(c2cc(OC)c(OC)c(OC)c2)=c2ccc(n23)=C4c2cc(OC)c(OC)c(OC)c2)cc(OC)c1OC,[2H]C(Cl)(Cl)Cl,1,-15.2
C(B(C=P(c1ccccc1)(c1ccccc1)c1ccccc1)c1ccccc1)=P(c1ccccc1)(c1ccccc1)c1ccccc1,[2H]c1c([2H])c([2H])c([2H])c([2H])c1[2H],1,50
CC1(C)CCCC(C)(C)N1B([Ge](c1ccccc1)(c1ccccc1)c1ccccc1)[Ge](c1ccccc1)(c1ccccc1)c1ccccc1,[2H]c1c([2H])c([2H])c([2H])c([2H])c1[2H],1,64
CCCCc1csc(C#C[B-]2(C#Cc3scc(CCCC)c3CCCC)n3c(C)c(CC)c(C)c3C=C3C(C)=C(CC)C(C)=[N+]32)c1CCCC,[2H]C(Cl)(Cl)Cl,1,-9.24
CO[B-]12n3c4ccc3C(c3ccc(C(C)(C)C)cc3)=c3ccc(n31)=C(c1ccc(C(C)(C)C)cc1)C1=[N+]2C(=C4c2ccc(C(C)(C)C)cc2)C=C1,[2H]C(Cl)(Cl)Cl,1,-15.2
CCB(OC(Cc1ccccc1N(C)C)(c1ccccc1)c1ccccc1)OC(Cc1ccccc1N(C)C)(c1ccccc1)c1ccccc1,[2H]C(Cl)(Cl)Cl,1,33.4
CCCCc1csc(C#C[B-]2(C#Cc3scc(CCCC)c3CCCC)n3c(C)c(CC)c(C)c3C(C)=C3C(C)=C(CC)C(C)=[N+]32)c1CCCC,[2H]C(Cl)(Cl)Cl,1,-9.6
CCC1=C(C)C2=C(C)c3c(C)c(CC)c(C)n3[B-](C#Cc3ccc4c(c3)c3ccccc3n4C)(C#Cc3ccc4c(c3)c3ccccc3n4C)[N+]2=C1C,[2H]C(Cl)(Cl)Cl,1,-9.48
CCC1=C(C)C2=C(C)c3c(C)c(CC)c(C)n3[B-](C#Cc3c4ccccc4cc4ccccc34)(C#Cc3c4ccccc4cc4ccccc34)[N+]2=C1C,[2H]C(Cl)(Cl)Cl,1,-9.4
CCC1=C(C)C2=C(C)c3c(C)c(CC)c(C)n3[B-](C#Cc3cc(-c4ccccn4)nc(-c4ccccn4)c3)(C#Cc3cc(-c4ccccn4)nc(-c4ccccn4)c3)[N+]2=C1C,[2H]C(Cl)(Cl)Cl,1,-9.88
CC(C)(C)c1ccc(-c2cc([BH2-]c3cc(-c4ccc(C(C)(C)C)cc4)cc(-c4ccc(C(C)(C)C)cc4)c3)cc(-c3ccc(C(C)(C)C)cc3)c2)cc1.[Li+],[2H]c1c([2H])c([2H])c([2H])c([2H])c1[2H],1,-20
CCC1=C(C)C2=C(c3ccc(C)cc3)c3c(C)c(CC)c(C)n3[B-](C#Cc3ccc(C4=NCCO4)cc3)(C#Cc3ccc4ccc5cccc6ccc3c4c56)[N+]2=C1C,[2H]c1c([2H])c([2H])c([2H])c([2H])c1[2H],1,-8.56
CCC1=C(C)C2=C(C)c3c(C)c(CC)c(C)n3[B-](C#Cc3ccc4ccc5cccc6ccc3c4c56)(C#Cc3ccc4ccc5cccc6ccc3c4c56)[N+]2=C1C,[2H]C(Cl)(Cl)Cl,1,-9.17
CCCCCC[Si](CCCCCC)(CCCCCC)OB(O[Si](CCCCCC)(CCCCCC)CCCCCC)O[Si](CCCCCC)(CCCCCC)CCCCCC,[2H]C(Cl)(Cl)Cl,1,15
CC(C)(C)c1ccc(-c2ccc(-c3ccc(C(C)(C)C)cc3)c([B-]3([n+]4ccccc4)c4cc(C(C)(C)C)ccc4-c4cccc(-c5ccc(C(C)(C)C)cc5)c43)c2)cc1,[2H]c1c([2H])c([2H])c([2H])c([2H])c1[2H],1,4.2
CCC1=C(C)C2=C(C)c3c(C)c(CC)c(C)n3[B-](C#Cc3ccc4c5cccc6cccc(c7cccc3c74)c65)(C#Cc3ccc4c5cccc6cccc(c7cccc3c74)c65)[N+]2=C1C,[2H]C(Cl)(Cl)Cl,1,-9.4
CCCCC1(CCCC)c2ccccc2-c2ccc(C#C[B-]3(C#Cc4ccc5c(c4)C(CCCC)(CCCC)c4ccccc4-5)n4c(C)c(CC)c(C)c4C(C)=C4C(C)=C(CC)C(C)=[N+]43)cc21,[2H]C(Cl)(Cl)Cl,1,-9.6
CCC1=C(C)C2=C(c3cc(-c4ccccn4)nc(-c4ccccn4)c3)c3c(C)c(CC)c(C)n3[B-](C#Cc3ccc4ccc5cccc6ccc3c4c56)(C#Cc3ccc4ccc5cccc6ccc3c4c56)[N+]2=C1C,[2H]C(Cl)(Cl)Cl,1,-8.92
[Na+].c1ccc(-c2cc(-c3ccccc3)cc([B-](c3cc(-c4ccccc4)cc(-c4ccccc4)c3)(c3cc(-c4ccccc4)cc(-c4ccccc4)c3)c3cc(-c4ccccc4)cc(-c4ccccc4)c3)c2)cc1,[2H]C(Cl)(Cl)Cl,1,-5.63
[BH3-][NH2+]C,[2H]c1c([2H])c([2H])c([2H])c([2H])c1[2H],1,-18.4
[BH3-][P+]([O-])(OC)OC.[K+],[2H]O[2H],1,-42.6
[BH3-][N+]([CH2-])(C)C.[Li+],[2H]c1c([2H])c([2H])c([2H])c([2H])c1[2H],1,-10.13
[BH3-][P+]([CH2-])(C)C.[Na+],[2H]C1([2H])OC([2H])([2H])C([2H])([2H])C1([2H])[2H],1,-32.5
CC([NH2+][BH2-]C(=O)O)C(N)=O,[2H]C([2H])([2H])S(=O)C([2H])([2H])[2H],1,-26.2
CCOCC.CO[Mg+].[BH4-],[2H]c1c([2H])c([2H])c([2H])c([2H])c1[2H],1,-44.2
F[B-](F)(F)C1CCCCC1.[Cs+],[2H]C([2H])([2H])C#N,1,5.1
[BH3-][S+](C)CCC(F)(F)C(F)(F)C(F)(F)C(F)(F)C(F)(F)C(F)(F)C(F)(F)C(F)(F)F,[2H]C(Cl)(Cl)Cl,1,-22
[BH3-][S+](C)CCCCCCCCCCCC,[2H]C(Cl)(Cl)Cl,1,-21.91
CC1(C)OB(C2C=c3ccccc3=C2[Si](C)(C)C)OC1(C)C,[2H]C(Cl)(Cl)Cl,1,29.41
F[B-](F)(F)C1CCCCC1.[K+],[2H]C([2H])([2H])C#N,1,5.1
C=C(CCCCC(=C)B1Nc2cccc3cccc(c23)N1)B1Nc2cccc3cccc(c23)N1,[2H]C(Cl)(Cl)Cl,2,28.8;28.8
CC1(C)OB(C(CCc2ccccc2)B2Nc3cccc4cccc(c34)N2)OC1(C)C,[2H]C(Cl)(Cl)Cl,2,34.3;34.3
CC1(C)OB(C(B2Nc3cccc4cccc(c34)N2)C2CCCCC2)OC1(C)C,[2H]C(Cl)(Cl)Cl,2,32.9;32.9
CC(C)C(B1Nc2cccc3cccc(c23)N1)B1OC(C)(C)C(C)(C)O1,[2H]C(Cl)(Cl)Cl,2,34;34
CC(C)CC(B1Nc2cccc3cccc(c23)N1)B1OC(C)(C)C(C)(C)O1,[2H]C(Cl)(Cl)Cl,2,33;33
CCCCCCC(B1Nc2cccc3cccc(c23)N1)B1OC(C)(C)C(C)(C)O1,[2H]C(Cl)(Cl)Cl,2,33.9;33.9
CC(CCc1ccccc1)(B1Nc2cccc3cccc(c23)N1)B1OC(C)(C)C(C)(C)O1,[2H]C(Cl)(Cl)Cl,2,35.6;35.6
CCCCC(C)(B1Nc2cccc3cccc(c23)N1)B1OC(C)(C)C(C)(C)O1,[2H]C(Cl)(Cl)Cl,2,34.7;34.7
CC1(C)OB(C2(B3Nc4cccc5cccc(c45)N3)CCC(C(F)(F)F)CC2)OC1(C)C,[2H]C(Cl)(Cl)Cl,2,32.9;32.9
CC(C)(C)C1CCC(B2Nc3cccc4cccc(c34)N2)(B2OC(C)(C)C(C)(C)O2)CC1,[2H]C(Cl)(Cl)Cl,2,34.6;34.6
CC(C)CCC[C@@H](C)[C@H]1CCC2C3CC[C@H]4C[C@](B5Nc6cccc7cccc(c67)N5)(B5OC(C)(C)C(C)(C)O5)CC[C@]4(C)C3CC[C@@]21C,[2H]C(Cl)(Cl)Cl,2,32.3;32.3
CC(C)CCC[C@@H](C)[C@H]1CCC2C3CC[C@H]4C[C@@](B5Nc6cccc7cccc(c67)N5)(B5OC(C)(C)C(C)(C)O5)CC[C@]4(C)C3CC[C@@]21C,[2H]C(Cl)(Cl)Cl,2,28.2;28.2
C=C(B1OC(C)(C)C(C)(C)O1)[C@](C)(B1OC(C)(C)C(C)(C)O1)c1ccc(Oc2ccccc2C)cc1,[2H]C(Cl)(Cl)Cl,2,32;32
C=C(B1OC(C)(C)C(C)(C)O1)[C@](C)(B1OC(C)(C)C(C)(C)O1)c1ccc(O[Si](C)(C)C(C)(C)C)cc1,[2H]C(Cl)(Cl)Cl,2,32.1;32.1
C=C(B1OC(C)(C)C(C)(C)O1)[C@](C)(B1OC(C)(C)C(C)(C)O1)c1cc(OC)c(OC)c(OC)c1,[2H]C(Cl)(Cl)Cl,2,30.9;30.9
C=C(B1OC(C)(C)C(C)(C)O1)C(B1OC(C)(C)C(C)(C)O1)(c1ccccc1)c1ccc(C)cc1,[2H]C(Cl)(Cl)Cl,2,31.7;31.7
Fc1cc(B2OB(c3cc(F)c(F)c(F)c3)O[B-]([NH2+]Cc3ccccc3)(c3cc(F)c(F)c(F)c3)O2)cc(F)c1F,[2H]C(Cl)(Cl)Cl,3,19;19;19
NCC[NH2+][B-]1(c2cc(F)c(F)c(F)c2)OB(c2cc(F)c(F)c(F)c2)OB(c2cc(F)c(F)c(F)c2)O1,[2H]C(Cl)(Cl)Cl,3,19;19;19
CC1(C)OB(OCc2cccc(COB3OC(C)(C)C(C)(C)O3)c2)OC1(C)C,[2H]C(Cl)(Cl)Cl,2,22.14;22.14
CC1(C)OB(CC(c2ccc(B3OC(C)(C)C(C)(C)O3)cc2)c2c(F)c(F)c(C#N)c(F)c2F)OC1(C)C,[2H]C(Cl)(Cl)Cl,2,30.7;30.7
CC1(C)OB(CC(B2OC(C)(C)C(C)(C)O2)c2ccccc2)OC1(C)C,[2H]C(Cl)(Cl)Cl,2,33.9;33.9
CC1(C)OB(C(B2OC(C)(C)C(C)(C)O2)C(B2OC(C)(C)C(C)(C)O2)c2ccc(Cl)cc2)OC1(C)C,[2H]C(Cl)(Cl)Cl,3,34.3;34.3;34.3
CC1(C)OB(C(B2OC(C)(C)C(C)(C)O2)C(B2OC(C)(C)C(C)(C)O2)c2ccsc2)OC1(C)C,[2H]C(Cl)(Cl)Cl,3,34.5;34.5;34.5
CC1(C)OB(C(B2OC(C)(C)C(C)(C)O2)C(B2OC(C)(C)C(C)(C)O2)C2CC2)OC1(C)C,[2H]C(Cl)(Cl)Cl,3,33.8;33.8;33.8
Cc1ccc(C(CB2OC(C)(C)C(C)(C)O2)B2OC(C)(C)C(C)(C)O2)cc1,[2H]C(Cl)(Cl)Cl,2,33.5;33.5
Cc1cccc(C(CB2OC(C)(C)C(C)(C)O2)B2OC(C)(C)C(C)(C)O2)c1,[2H]C(Cl)(Cl)Cl,2,32.8;32.8
Cc1ccccc1C(CB1OC(C)(C)C(C)(C)O1)B1OC(C)(C)C(C)(C)O1,[2H]C(Cl)(Cl)Cl,2,33.6;33.6
CC1(C)OB(CC(B2OC(C)(C)C(C)(C)O2)c2ccc(N)cc2)OC1(C)C,[2H]C(Cl)(Cl)Cl,2,33.7;33.7
COc1ccc(C(CB2OC(C)(C)C(C)(C)O2)B2OC(C)(C)C(C)(C)O2)cc1,[2H]C(Cl)(Cl)Cl,2,33.8;33.8
CC1(C)OB(CC(B2OC(C)(C)C(C)(C)O2)c2ccc(O)cc2)OC1(C)C,[2H]C(Cl)(Cl)Cl,2,33.6;33.6
CC1(C)OB(CC(B2OC(C)(C)C(C)(C)O2)c2ccc(F)cc2)OC1(C)C,[2H]C(Cl)(Cl)Cl,2,33.7;33.7
CC1(C)OB(CC(B2OC(C)(C)C(C)(C)O2)c2cccc(F)c2)OC1(C)C,[2H]C(Cl)(Cl)Cl,2,33.8;33.8
CC1(C)OB(CC(B2OC(C)(C)C(C)(C)O2)c2ccccc2Cl)OC1(C)C,[2H]C(Cl)(Cl)Cl,2,33.7;33.7
CC1(C)OB(CC(B2OC(C)(C)C(C)(C)O2)c2cccc(Cl)c2)OC1(C)C,[2H]C(Cl)(Cl)Cl,2,33.4;33.4
CC1(C)OB(CC(B2OC(C)(C)C(C)(C)O2)c2ccc3ccccc3c2)OC1(C)C,[2H]C(Cl)(Cl)Cl,2,34.2;34.2
CC1(C)OB(CC(B2OC(C)(C)C(C)(C)O2)c2cccs2)OC1(C)C,[2H]C(Cl)(Cl)Cl,2,33.5;33.5
CC1(C)OB(CC(Cc2ccccc2)B2OC(C)(C)C(C)(C)O2)OC1(C)C,[2H]C(Cl)(Cl)Cl,2,34.3;34.3
CCCCC(CB1OC(C)(C)C(C)(C)O1)B1OC(C)(C)C(C)(C)O1,[2H]C(Cl)(Cl)Cl,2,30.5;30.5
CCCCCCC(CB1OC(C)(C)C(C)(C)O1)B1OC(C)(C)C(C)(C)O1,[2H]C(Cl)(Cl)Cl,2,34.3;34.3
CC1(C)OB(CC(B2OC(C)(C)C(C)(C)O2)C2CCCC2)OC1(C)C,[2H]C(Cl)(Cl)Cl,2,33.1;33.1
CC1(C)OB(CC(B2OC(C)(C)C(C)(C)O2)C2CCCCC2)OC1(C)C,[2H]C(Cl)(Cl)Cl,2,34.9;34.9
CC1(C)COB(CC(B2OCC(C)(C)CO2)c2ccccc2)OC1,[2H]C(Cl)(Cl)Cl,2,30.3;30.3
CC1(C)OB(C(B2OC(C)(C)C(C)(C)O2)C(B2OC(C)(C)C(C)(C)O2)c2ccccc2)OC1(C)C,[2H]C(Cl)(Cl)Cl,3,33.2;33.2;33.2
Cc1ccc(C(B2OC(C)(C)C(C)(C)O2)C(B2OC(C)(C)C(C)(C)O2)B2OC(C)(C)C(C)(C)O2)cc1,[2H]C(Cl)(Cl)Cl,3,33;33;33
COc1ccc(C(B2OC(C)(C)C(C)(C)O2)C(B2OC(C)(C)C(C)(C)O2)B2OC(C)(C)C(C)(C)O2)cc1,[2H]C(Cl)(Cl)Cl,3,33.2;33.2;33.2
CCc1ccc(C(B2OC(C)(C)C(C)(C)O2)C(B2OC(C)(C)C(C)(C)O2)B2OC(C)(C)C(C)(C)O2)cc1,[2H]C(Cl)(Cl)Cl,3,33;33;33
CC1(C)OB(C(B2OC(C)(C)C(C)(C)O2)C(B2OC(C)(C)C(C)(C)O2)c2ccc(N)cc2)OC1(C)C,[2H]C(Cl)(Cl)Cl,3,34.7;34.7;34.7
CC1(C)OB(C(B2OC(C)(C)C(C)(C)O2)C(B2OC(C)(C)C(C)(C)O2)c2ccc(F)cc2)OC1(C)C,[2H]C(Cl)(Cl)Cl,3,34.2;34.2;34.2
CC1(C)OB([C@H](CC(=O)OCc2ccccc2Br)B2Nc3cccc4cccc(c34)N2)OC1(C)C,[2H]C(Cl)(Cl)Cl,2,30.1;30.1
CC1(C)OB(CC[C@@H](CB2OC(C)(C)C(C)(C)O2)c2ccc(OC(=O)c3ccccc3)cc2)OC1(C)C,[2H]C(Cl)(Cl)Cl,2,34.7;34.7
COc1ccc([C@@H](CCB2OC(C)(C)C(C)(C)O2)CB2OC(C)(C)C(C)(C)O2)cn1,[2H]C(Cl)(Cl)Cl,2,33.5;33.5
CC1(C)OB(C(C=C=Cc2ccccc2)B2OC(C)(C)C(C)(C)O2)OC1(C)C,[2H]C(Cl)(Cl)Cl,2,33;33
CC1(C)OB(C(C=C=Cc2ccsc2)B2OC(C)(C)C(C)(C)O2)OC1(C)C,[2H]C(Cl)(Cl)Cl,2,33;33
CC1(C)OB(C(C=C=Cc2ccc(Cl)cc2)B2OC(C)(C)C(C)(C)O2)OC1(C)C,[2H]C(Cl)(Cl)Cl,2,33;33
COc1cccc(C=C=CC(B2OC(C)(C)C(C)(C)O2)B2OC(C)(C)C(C)(C)O2)c1,[2H]C(Cl)(Cl)Cl,2,33.1;33.1
Cc1ccc(C=C=CC(B2OC(C)(C)C(C)(C)O2)B2OC(C)(C)C(C)(C)O2)cc1,[2H]C(Cl)(Cl)Cl,2,33;33
CC(C)(C)c1ccc(C=C=CC(B2OC(C)(C)C(C)(C)O2)B2OC(C)(C)C(C)(C)O2)cc1,[2H]C(Cl)(Cl)Cl,2,33.1;33.1
CC1(C)OB(C(C=C=Cc2ccc(F)cc2)B2OC(C)(C)C(C)(C)O2)OC1(C)C,[2H]C(Cl)(Cl)Cl,2,33;33
CC1(C)OB(C(C=C=Cc2ccc(C(F)(F)F)cc2)B2OC(C)(C)C(C)(C)O2)OC1(C)C,[2H]C(Cl)(Cl)Cl,2,33;33
CC1(C)OB(C(C=C=Cc2ccc(OC(F)(F)F)cc2)B2OC(C)(C)C(C)(C)O2)OC1(C)C,[2H]C(Cl)(Cl)Cl,2,33.1;33.1
Cc1cccc(C=C=CC(B2OC(C)(C)C(C)(C)O2)B2OC(C)(C)C(C)(C)O2)c1,[2H]C(Cl)(Cl)Cl,2,33.1;33.1
Cc1ccccc1C=C=CC(B1OC(C)(C)C(C)(C)O1)B1OC(C)(C)C(C)(C)O1,[2H]C(Cl)(Cl)Cl,2,33;33
CC1(C)OB(C(C=C=Cc2ccccc2Cl)B2OC(C)(C)C(C)(C)O2)OC1(C)C,[2H]C(Cl)(Cl)Cl,2,33;33
CC1(C)OB(C(C=C=Cc2ccc3ccccc3c2)B2OC(C)(C)C(C)(C)O2)OC1(C)C,[2H]C(Cl)(Cl)Cl,2,32.9;32.9
CC1(C)OB(C(C=C=CCCc2ccccc2)B2OC(C)(C)C(C)(C)O2)OC1(C)C,[2H]C(Cl)(Cl)Cl,2,33.1;33.1
CCCCC=C=CC(B1OC(C)(C)C(C)(C)O1)B1OC(C)(C)C(C)(C)O1,[2H]C(Cl)(Cl)Cl,2,33.1;33.1
CC1(C)OB(C(C=C=CC2CCCCC2)B2OC(C)(C)C(C)(C)O2)OC1(C)C,[2H]C(Cl)(Cl)Cl,2,33.3;33.3
CC1(C)OB(C(C=C=Cc2ccccc2)(Cc2ccccc2)B2OC(C)(C)C(C)(C)O2)OC1(C)C,[2H]C(Cl)(Cl)Cl,2,33.5;33.5
CCN1B(C(=CC(C)(C)C)/C(=C/C(C)(C)C)B2C=Cc3ccccc3N2CC)C=Cc2ccccc21,[2H]C(Cl)(Cl)Cl,2,38.53;38.53
CC1(C)OB(C2(c3ccccc3)CC(c3ccc4cc([C@H]5C[C@](B6OC(C)(C)C(C)(C)O6)(c6ccccc6)C5)ccc4c3-c3nccc4ccccc34)C2)OC1(C)C,[2H]C(Cl)(Cl)Cl,2,33.4;33.4
CC1(C)OB(C2(c3ccccc3)CC(c3ccc4ccc([C@H]5C[C@](B6OC(C)(C)C(C)(C)O6)(c6ccccc6)C5)cc4c3-c3nccc4ccccc34)C2)OC1(C)C,[2H]C(Cl)(Cl)Cl,2,36.2;36.2
CC1(C)OB(c2ccc([C@]3(B4OC(C)(C)C(C)(C)O4)C[C@H](c4ccc5ccccc5c4-c4nccc5ccccc45)C3)cc2)OC1(C)C,[2H]C(Cl)(Cl)Cl,2,34.9;34.9
CC1(C)OB(C2(B3OC(C)(C)C(C)(C)O3)CC(c3ccc4ccccc4c3-c3nccc4ccccc34)C2)OC1(C)C,[2H]C(Cl)(Cl)Cl,2,33.1;33.1
Cc1ccc(/C(B2OC(C)(C)C(C)(C)O2)=C(\B2OC(C)(C)C(C)(C)O2)c2ccc(C)cc2)cc1,[2H]C(Cl)(Cl)Cl,2,30.5;30.5
CC1(C)OB([C@@H]2[C@@H]3C[C@H]([C@@H]2B2OC(C)(C)C(C)(C)O2)[C@H]2c4ccccc4[C@@H]32)OC1(C)C,[2H]C(Cl)(Cl)Cl,2,33.9;33.9
CC1(C)OB([C@@H]2[C@H](B3OC(C)(C)C(C)(C)O3)[C@H]3C=C[C@@H]2C3)OC1(C)C,[2H]C(Cl)(Cl)Cl,2,34.4;34.4
CN(C)C(=O)c1cc(B2OC(C)(C)C(C)(C)O2)cc(B2OC(C)(C)C(C)(C)O2)c1,[2H]C(Cl)(Cl)Cl,2,30.6;30.6
CCN(CC)P(=O)(c1cc(B2OC(C)(C)C(C)(C)O2)cc(B2OC(C)(C)C(C)(C)O2)c1)N(CC)CC,[2H]C(Cl)(Cl)Cl,2,31.5;31.5
CC1(C)OB(c2cc(B3OC(C)(C)C(C)(C)O3)cc(C(=O)N3CCCCC3)c2)OC1(C)C,[2H]C(Cl)(Cl)Cl,2,30.8;30.8
CCCCCCN(CCCCCC)C(=O)c1sc(B2OC(C)(C)C(C)(C)O2)cc1B1OC(C)(C)C(C)(C)O1,[2H]C(Cl)(Cl)Cl,2,31.3;31.3
CCOP(=O)(OCC)c1cc(B2OC(C)(C)C(C)(C)O2)cc(B2OC(C)(C)C(C)(C)O2)c1,[2H]C(Cl)(Cl)Cl,2,31;31
CC1(C)OB(c2cc(B3OC(C)(C)C(C)(C)O3)cc(P(N)(N)=O)c2)OC1(C)C,[2H]C(Cl)(Cl)Cl,2,31.3;31.3
CC1(C)OB(c2cc(B3OC(C)(C)C(C)(C)O3)cc(C(=O)N3CCOCC3)c2)OC1(C)C,[2H]C(Cl)(Cl)Cl,2,30.8;30.8
CC1(C)OB(c2cc(B3OC(C)(C)C(C)(C)O3)cc(P(=O)(C3CCCCC3)C3CCCCC3)c2)OC1(C)C,[2H]C(Cl)(Cl)Cl,2,31.2;31.2
C[SiH](C)Cc1c(B2OC(C)(C)C(C)(C)O2)cccc1B1OC(C)(C)C(C)(C)O1,[2H]C(Cl)(Cl)Cl,2,31.35;31.35
[2H][Si](C)(C)Cc1c(B2OC(C)(C)C(C)(C)O2)cccc1B1OC(C)(C)C(C)(C)O1,[2H]C(Cl)(Cl)Cl,2,31.26;31.26
Cc1cc(B2OC(C)(C)C(C)(C)O2)c(C[SiH](C)C)c(B2OC(C)(C)C(C)(C)O2)c1,[2H]C(Cl)(Cl)Cl,2,32.05;32.05
COc1cc(B2OC(C)(C)C(C)(C)O2)c(C[SiH](C)C)c(B2OC(C)(C)C(C)(C)O2)c1,[2H]C(Cl)(Cl)Cl,2,30.83;30.83
C[SiH](C)Cc1c(B2OC(C)(C)C(C)(C)O2)cc(C(C)(C)C)cc1B1OC(C)(C)C(C)(C)O1,[2H]C(Cl)(Cl)Cl,2,32.02;32.02
C[SiH](C)Cc1c(B2OC(C)(C)C(C)(C)O2)cc(-c2ccccc2)cc1B1OC(C)(C)C(C)(C)O1,[2H]C(Cl)(Cl)Cl,2,32.25;32.25
C[SiH](C)Cc1c(B2OC(C)(C)C(C)(C)O2)cc(C(F)(F)F)cc1B1OC(C)(C)C(C)(C)O1,[2H]C(Cl)(Cl)Cl,2,31.67;31.67
C[SiH](C)Cc1ccc(B2OC(C)(C)C(C)(C)O2)cc1B1OC(C)(C)C(C)(C)O1,[2H]C(Cl)(Cl)Cl,2,30.87;30.87
C[SiH](C)Cc1c(B2OC(C)(C)C(C)(C)O2)cc(B2OC(C)(C)C(C)(C)O2)cc1B1OC(C)(C)C(C)(C)O1,[2H]C(Cl)(Cl)Cl,3,32.58;32.58;32.58
C[SiH](C)Cc1c(B2OC(C)(C)C(C)(C)O2)cc2c(c1B1OC(C)(C)C(C)(C)O1)OCO2,[2H]C(Cl)(Cl)Cl,2,31.32;31.32
COc1cc(B2OC(C)(C)C(C)(C)O2)c(C[SiH](C(C)C)C(C)C)c(B2OC(C)(C)C(C)(C)O2)c1,[2H]C(Cl)(Cl)Cl,2,31.78;31.78
CC(C)[SiH](Cc1c(B2OC(C)(C)C(C)(C)O2)cccc1B1OC(C)(C)C(C)(C)O1)C(C)C,[2H]C(Cl)(Cl)Cl,2,31.91;31.91
CC(c1c(B2OC(C)(C)C(C)(C)O2)cccc1B1OC(C)(C)C(C)(C)O1)[SiH](C)C,[2H]C(Cl)(Cl)Cl,2,31.95;31.95
COc1cc(B2OC(C)(C)C(C)(C)O2)c(C(C)[SiH](C)C)c(B2OC(C)(C)C(C)(C)O2)c1,[2H]C(Cl)(Cl)Cl,2,32.22;32.22
CC(c1c(B2OC(C)(C)C(C)(C)O2)cc([Si](C)(C)C)cc1B1OC(C)(C)C(C)(C)O1)[SiH](C)C,[2H]C(Cl)(Cl)Cl,2,32.37;32.37
CC[SiH](CC)C(C)c1c(B2OC(C)(C)C(C)(C)O2)cccc1B1OC(C)(C)C(C)(C)O1,[2H]C(Cl)(Cl)Cl,2,31.86;31.86
CC(C)[C@@H]1CC[C@@H](C)C[C@H]1Oc1cc(B2OC(C)(C)C(C)(C)O2)c(C[SiH](C)C)c(B2OC(C)(C)C(C)(C)O2)c1,[2H]C(Cl)(Cl)Cl,2,32.03;32.03
C[SiH](C)Cc1c(B2OC(C)(C)C(C)(C)O2)cc(OC[C@H]2O[C@@H]3OC(C)(C)O[C@@H]3[C@H]3OC(C)(C)O[C@H]32)cc1B1OC(C)(C)C(C)(C)O1,[2H]C(Cl)(Cl)Cl,2,31.67;31.67
CC[SiH](CC)C(C)c1c(B2OC(C)(C)C(C)(C)O2)cc(C[C@@H]2COC(C)(C)N2C(=O)OC(C)(C)C)cc1B1OC(C)(C)C(C)(C)O1,[2H]C(Cl)(Cl)Cl,2,32.27;32.27
CC(C)CCC[C@@H](C)[C@H]1CC[C@H]2[C@@H]3CC[C@H]4C[C@H](Oc5cc(B6OC(C)(C)C(C)(C)O6)c(C[SiH](C)C)c(B6OC(C)(C)C(C)(C)O6)c5)CC[C@]4(C)[C@H]3CC[C@]12C,[2H]C(Cl)(Cl)Cl,2,32.69;32.69
COc1cc(B2OC(C)(C)C(C)(C)O2)cc(C23CC(B4OC(C)(C)C(C)(C)O4)(C2)C3)c1,[2H]C(Cl)(Cl)Cl,2,31.5;31.5
CC1(C)OB(CC[Si](C)(C)CB2OC(C)(C)C(C)(C)O2)OC1(C)C,[2H]C(Cl)(Cl)Cl,2,34;34
CC1=CB(O)Oc2c1cc1ccccc1c2-c1c2c(cc3ccccc13)C(C)=CB(O)O2,[2H]OC([2H])([2H])[2H],2,26.63;26.63
CC1(C)OB(/C=C/c2ccc(B3Nc4cccc5cccc(c45)N3)cc2)OC1(C)C,[2H]C(Cl)(Cl)Cl,2,29.6;29.6
CC1(C)COB(c2ccc(B3Nc4cccc5cccc(c45)N3)cc2)OC1,[2H]C(Cl)(Cl)Cl,2,32.3;32.3
CC1(C)OB(B2NC(=O)c3ccccc3N2)OC1(C)C,[2H]C(Cl)(Cl)Cl,2,32.38;32.38
CC1(C)OB(c2ccc(B3NC(=O)c4ccccc4N3)cc2)OC1(C)C,[2H]C([2H])([2H])S(=O)C([2H])([2H])[2H],2,31.49;31.49
COc1ccc(CCN(B2OC(C)(C)C(C)(C)O2)B2OC(C)(C)C(C)(C)O2)cc1,[2H]C(Cl)(Cl)Cl,2,25.2;25.2
CC1(C)OB(N(Cc2ccc(CN(B3OC(C)(C)C(C)(C)O3)B3OC(C)(C)C(C)(C)O3)cc2)B2OC(C)(C)C(C)(C)O2)OC1(C)C,[2H]C(Cl)(Cl)Cl,4,21.1;21.1;21.1;21.1
COC(=O)c1ccc(CN(B2OC(C)(C)C(C)(C)O2)B2OC(C)(C)C(C)(C)O2)cc1,[2H]C(Cl)(Cl)Cl,2,25.6;25.6
CC1(C)OB(N2C=CCN(B3OC(C)(C)C(C)(C)O3)C2)OC1(C)C,[2H]c1c([2H])c([2H])c([2H])c([2H])c1[2H],2,23.9;23.9
CC1(C)OB(CB2OC(C)(C)C(C)(C)O2)OC1(C)C,[2H]C(Cl)(Cl)Cl,2,33.5;33.5
CC1(C)OB(c2ccc3ccc(B4OC(C)(C)C(C)(C)O4)c4c3c2C(=O)NC4=O)OC1(C)C,[2H]C(Cl)(Cl)Cl,2,31.2;31.2
CC(C)(B1OC(C)(C)C(C)(C)O1)B1OC(C)(C)C(C)(C)O1,[2H]C(Cl)(Cl)Cl,2,33.6;33.6
CC1(C)OB(CCCCB2OC(C)(C)C(C)(C)O2)OC1(C)C,[2H]C(Cl)(Cl)Cl,2,34.58;34.58
CC1(C)OB(C2C(B3OC(C)(C)C(C)(C)O3)C2c2ccc(CO[C@@H]3C[C@@H]4CC[C@@]3(C)C4(C)C)cc2)OC1(C)C,[2H]C(Cl)(Cl)Cl,2,32.7;32.7
CC1(B2OC(C)(C)C(C)(C)O2)C(B2OC(C)(C)C(C)(C)O2)C1c1ccccc1,[2H]C(Cl)(Cl)Cl,2,32.6;32.6
CC1(C)OB(C2C(B3OC(C)(C)C(C)(C)O3)C2c2ccccc2)OC1(C)C,[2H]C(Cl)(Cl)Cl,2,31.98;31.98
Cc1ccc(C2C(B3OC(C)(C)C(C)(C)O3)C2(C)B2OC(C)(C)C(C)(C)O2)cc1,[2H]C(Cl)(Cl)Cl,2,32.5;32.5
CCc1ccc(C2C(B3OC(C)(C)C(C)(C)O3)C2(C)B2OC(C)(C)C(C)(C)O2)cc1,[2H]C(Cl)(Cl)Cl,2,32.4;32.4
CC(C)(C)c1ccc(C2C(B3OC(C)(C)C(C)(C)O3)C2(C)B2OC(C)(C)C(C)(C)O2)cc1,[2H]C(Cl)(Cl)Cl,2,32.4;32.4
CC1(B2OC(C)(C)C(C)(C)O2)C(B2OC(C)(C)C(C)(C)O2)C1c1ccc(-c2ccccc2)cc1,[2H]C(Cl)(Cl)Cl,2,32.9;32.9
COc1ccc(C2C(B3OC(C)(C)C(C)(C)O3)C2(C)B2OC(C)(C)C(C)(C)O2)cc1,[2H]C(Cl)(Cl)Cl,2,32.5;32.5
CSc1ccc(C2C(B3OC(C)(C)C(C)(C)O3)C2(C)B2OC(C)(C)C(C)(C)O2)cc1,[2H]C(Cl)(Cl)Cl,2,31.26;31.26
CC1(B2OC(C)(C)C(C)(C)O2)C(B2OC(C)(C)C(C)(C)O2)C1c1ccc(F)cc1,[2H]C(Cl)(Cl)Cl,2,33.4;33.4
Cc1cccc(C2C(B3OC(C)(C)C(C)(C)O3)C2(C)B2OC(C)(C)C(C)(C)O2)c1,[2H]C(Cl)(Cl)Cl,2,32.2;32.2
COc1ccccc1C1C(B2OC(C)(C)C(C)(C)O2)C1(C)B1OC(C)(C)C(C)(C)O1,[2H]C(Cl)(Cl)Cl,2,30.4;30.4
CC1(B2OC(C)(C)C(C)(C)O2)C(B2OC(C)(C)C(C)(C)O2)C1c1cccc(Cl)c1,[2H]C(Cl)(Cl)Cl,2,32.8;32.8
Cc1ccccc1C1C(B2OC(C)(C)C(C)(C)O2)C1(C)B1OC(C)(C)C(C)(C)O1,[2H]C(Cl)(Cl)Cl,2,32.8;32.8
CC1(B2OC(C)(C)C(C)(C)O2)C(B2OC(C)(C)C(C)(C)O2)C1c1ccc2c(c1)OCO2,[2H]C(Cl)(Cl)Cl,2,32.4;32.4
CCC1(B2OC(C)(C)C(C)(C)O2)C(B2OC(C)(C)C(C)(C)O2)C1c1ccccc1,[2H]C(Cl)(Cl)Cl,2,32.5;32.5
CCCCC1(B2OC(C)(C)C(C)(C)O2)C(B2OC(C)(C)C(C)(C)O2)C1c1ccccc1,[2H]C(Cl)(Cl)Cl,2,33;33
CCCCCC1(B2OC(C)(C)C(C)(C)O2)C(B2OC(C)(C)C(C)(C)O2)C1c1ccccc1,[2H]C(Cl)(Cl)Cl,2,33.1;33.1
Cc1ccc(C2C(B3OC(C)(C)C(C)(C)O3)C2B2OC(C)(C)C(C)(C)O2)cc1,[2H]C(Cl)(Cl)Cl,2,32.3;32.3
CC(C)(C)c1ccc(C2C(B3OC(C)(C)C(C)(C)O3)C2B2OC(C)(C)C(C)(C)O2)cc1,[2H]C(Cl)(Cl)Cl,2,31.9;31.9
COc1ccc(C2C(B3OC(C)(C)C(C)(C)O3)C2B2OC(C)(C)C(C)(C)O2)cc1,[2H]C(Cl)(Cl)Cl,2,30.3;30.3
CC1(C)OB(C2C(B3OC(C)(C)C(C)(C)O3)C2c2ccc(COc3ccccc3)cc2)OC1(C)C,[2H]C(Cl)(Cl)Cl,2,30.5;30.5
CC1(C)OB(C2C(B3OC(C)(C)C(C)(C)O3)C2c2ccc(F)cc2)OC1(C)C,[2H]C(Cl)(Cl)Cl,2,32.1;32.1
Cc1cccc(C2C(B3OC(C)(C)C(C)(C)O3)C2B2OC(C)(C)C(C)(C)O2)c1,[2H]C(Cl)(Cl)Cl,2,32.1;32.1
CC1(C)OB(C2C(B3OC(C)(C)C(C)(C)O3)C2c2cccc(F)c2)OC1(C)C,[2H]C(Cl)(Cl)Cl,2,31.9;31.9
CC1(C)OB(C2C(B3OC(C)(C)C(C)(C)O3)C2c2ccc(COCCSc3ccccc3)cc2)OC1(C)C,[2H]C(Cl)(Cl)Cl,2,32.6;32.6
CC1(C)OB(C2C(B3OC(C)(C)C(C)(C)O3)C2c2ccc(COCc3ccco3)cc2)OC1(C)C,[2H]C(Cl)(Cl)Cl,2,32.9;32.9
CC(C)(C)C(=O)Nc1ccc(B2OC(C)(C)C(C)(C)O2)c2c(NC(=O)C(C)(C)C)ccc(B3OC(C)(C)C(C)(C)O3)c12,[2H]C([2H])(Cl)Cl,2,17.3;17.3
CC(C)(C)C(=O)Nc1cc(B2OC(C)(C)C(C)(C)O2)c(NC(=O)C(C)(C)C)cc1B1OC(C)(C)C(C)(C)O1,[2H]C([2H])(Cl)Cl,2,30.4;30.4
CC(C)(C)CNc1cc(B2Nc3cccc4cccc(c34)N2)c(NCC(C)(C)C)cc1B1Nc2cccc3cccc(c23)N1,[2H]C([2H])(Cl)Cl,2,30.4;30.4
Cc1cccc(C=C(B2OC(C)(C)C(C)(C)O2)B2OC(C)(C)C(C)(C)O2)c1,[2H]C(Cl)(Cl)Cl,2,30.6;30.6
Cc1ccc(C=C(B2OC(C)(C)C(C)(C)O2)B2OC(C)(C)C(C)(C)O2)cc1,[2H]C(Cl)(Cl)Cl,2,30.7;30.7
CN(C)Cc1c(B2OC(C)(C)C(C)(C)O2)cccc1B1OC(C)(C)C(C)(C)O1,[2H]C(Cl)(Cl)Cl,2,22.7;22.7
C=C(B1OC(C)(C)C(C)(C)O1)[C@](C)(B1OC(C)(C)C(C)(C)O1)c1ccc(OCc2ccccc2)cc1,[2H]C(Cl)(Cl)Cl,2,32;32
C=C(B1OC(C)(C)C(C)(C)O1)C(B1OC(C)(C)C(C)(C)O1)(c1ccccc1)c1ccccc1C,[2H]C(Cl)(Cl)Cl,2,32.2;32.2
CC1(C)OB(N(Cc2ccc(Br)cc2)B2OC(C)(C)C(C)(C)O2)OC1(C)C,[2H]c1c([2H])c([2H])c([2H])c([2H])c1[2H],2,26.2;26.2
COc1ccc(CN(B2OC(C)(C)C(C)(C)O2)B2OC(C)(C)C(C)(C)O2)cc1,[2H]c1c([2H])c([2H])c([2H])c([2H])c1[2H],2,26.1;26.1
CC1(C)OB(N(CC2CCCCC2)B2OC(C)(C)C(C)(C)O2)OC1(C)C,[2H]c1c([2H])c([2H])c([2H])c([2H])c1[2H],2,26;26
CCCCN(B1OC(C)(C)C(C)(C)O1)B1OC(C)(C)C(C)(C)O1,[2H]c1c([2H])c([2H])c([2H])c([2H])c1[2H],2,21.6;21.6
CC1(C)OB(N(Cc2cccnc2)B2OC(C)(C)C(C)(C)O2)OC1(C)C,[2H]c1c([2H])c([2H])c([2H])c([2H])c1[2H],2,21.6;21.6
CC1(C)OB(C#CB2OC(C)(C)C(C)(C)O2)OC1(C)C,[2H]C(Cl)(Cl)Cl,2,23.3;23.3
CC1(C)OB(/C(=C\c2ccc3ccccc3c2)B2Nc3cccc4cccc(c34)N2)OC1(C)C,[2H]C(Cl)(Cl)Cl,2,28.6;28.6
CC1(C)OB(/C(=C\c2c3ccccc3cc3ccccc23)B2Nc3cccc4cccc(c34)N2)OC1(C)C,[2H]C(Cl)(Cl)Cl,2,30.1;30.1
C=C(B1OC(C)(C)C(C)(C)O1)B1OC(C)(C)C(C)(C)O1,[2H]C(Cl)(Cl)Cl,2,30.6;30.6
C=C(B1OC(C)(C)C(C)(C)O1)C(=C)B1OC(C)(C)C(C)(C)O1,[2H]C(Cl)(Cl)Cl,2,30.1;30.1
CC1(C)OB(C(=Cc2c3ccccc3cc3ccccc23)B2OC(C)(C)C(C)(C)O2)OC1(C)C,[2H]C(Cl)(Cl)Cl,2,31.9;31.9
CC1(C)OB(C(=Cc2cc3ccccc3c3ccccc23)B2OC(C)(C)C(C)(C)O2)OC1(C)C,[2H]C(Cl)(Cl)Cl,2,33.8;33.8
C=C(B1Nc2cccc3cccc(c23)N1)B1Nc2cccc3cccc(c23)N1,[2H]C(Cl)(Cl)Cl,2,27.9;27.9
CN1CC(=O)OB(/C(=C/c2ccc(C(F)(F)F)cc2)B2OC(C)(C)C(C)(C)O2)OC(=O)C1,[2H]C(Cl)(Cl)Cl,2,31.1;31.1
CN1CC(=O)OB(C#CB2OC(=O)CN(C)CC(=O)O2)OC(=O)C1,[2H]C(Cl)(Cl)Cl,2,5.7;5.7
CCOC(=O)[C@]1(c2ccc(Cl)c(Cl)c2)C[C@@]1(B1Nc2cccc3cccc(c23)N1)B1OC(C)(C)C(C)(C)O1,[2H]C(Cl)(Cl)Cl,2,32.1;32.1
COC(=O)c1ccc(C=C=CC(B2OC(C)(C)C(C)(C)O2)B2OC(C)(C)C(C)(C)O2)cc1,[2H]C(Cl)(Cl)Cl,2,33.2;33.2
CC(C=C=Cc1ccccc1)(B1OC(C)(C)C(C)(C)O1)B1OC(C)(C)C(C)(C)O1,[2H]C(Cl)(Cl)Cl,2,33.4;33.4
CC1(C)OB(C(C=C=Cc2ccccc2)(CC2CCC2)B2OC(C)(C)C(C)(C)O2)OC1(C)C,[2H]C(Cl)(Cl)Cl,2,33.5;33.5
CCN1B(/C=C\C(=C\C(C)(C)C)B2C=Cc3ccccc3N2CC)C=Cc2ccccc21,[2H]C(Cl)(Cl)Cl,2,37.44;37.44
CCN1B(/C=C/C(=C/C(C)(C)C)B2C=Cc3ccccc3N2CC)C=Cc2ccccc21,[2H]C(Cl)(Cl)Cl,2,32.18;32.18
CC1(C)OB(C2CCCCCCC2B2OC(C)(C)C(C)(C)O2)OC1(C)C,[2H]C(Cl)(Cl)Cl,2,34.9;34.9
CC1(C)OB(C2CCCC2B2OC(C)(C)C(C)(C)O2)OC1(C)C,[2H]C(Cl)(Cl)Cl,2,34;34
CC1(C)OB(C2CCCCC2B2OC(C)(C)C(C)(C)O2)OC1(C)C,[2H]C(Cl)(Cl)Cl,2,34.35;34.35
CC1(C)COB(C2CCCCC2B2OCC(C)(C)O2)O1,[2H]C(Cl)(Cl)Cl,2,30.9;30.9
CC1(C)OB(C2CCCCCC2B2OC(C)(C)C(C)(C)O2)OC1(C)C,[2H]C(Cl)(Cl)Cl,2,34.6;34.6
CCCCCCN(CCCCCC)C(=O)c1cc(B2OC(C)(C)C(C)(C)O2)cc(B2OC(C)(C)C(C)(C)O2)c1,[2H]C(Cl)(Cl)Cl,2,32.9;32.9
CC1(C)OB(c2cc(B3OC(C)(C)C(C)(C)O3)cc(C(=O)N3CCCCCC3)c2)OC1(C)C,[2H]C(Cl)(Cl)Cl,2,31.3;31.3
CC1(C)OB(C(CCc2ccccc2)B2OC(C)(C)C(C)(C)O2)OC1(C)C,[2H]C(Cl)(Cl)Cl,2,34;34
Cc1ccc(CCC(B2OC(C)(C)C(C)(C)O2)B2OC(C)(C)C(C)(C)O2)cc1,[2H]C(Cl)(Cl)Cl,2,34.5;34.5
CC(C)(C)c1ccc(CCC(B2OC(C)(C)C(C)(C)O2)B2OC(C)(C)C(C)(C)O2)cc1,[2H]C(Cl)(Cl)Cl,2,33.8;33.8
COc1ccc(CCC(B2OC(C)(C)C(C)(C)O2)B2OC(C)(C)C(C)(C)O2)cc1,[2H]C(Cl)(Cl)Cl,2,34.2;34.2
CC1(C)OB(C(CCc2ccc(-c3ccccc3)cc2)B2OC(C)(C)C(C)(C)O2)OC1(C)C,[2H]C(Cl)(Cl)Cl,2,33.4;33.4
CC1(C)OB(C(CCc2ccc(F)cc2)B2OC(C)(C)C(C)(C)O2)OC1(C)C,[2H]C(Cl)(Cl)Cl,2,33.5;33.5
CC1(C)OB(C(CCc2ccc(Cl)cc2)B2OC(C)(C)C(C)(C)O2)OC1(C)C,[2H]C(Cl)(Cl)Cl,2,34.2;34.2
CC1(C)OB(C(CCc2ccc(C#N)cc2)B2OC(C)(C)C(C)(C)O2)OC1(C)C,[2H]C(Cl)(Cl)Cl,2,34;34
COC(=O)c1ccc(CCC(B2OC(C)(C)C(C)(C)O2)B2OC(C)(C)C(C)(C)O2)cc1,[2H]C(Cl)(Cl)Cl,2,34;34
CCc1ccccc1CCC(B1OC(C)(C)C(C)(C)O1)B1OC(C)(C)C(C)(C)O1,[2H]C(Cl)(Cl)Cl,2,33.8;33.8
CC1(C)OB(C(CCc2cccc(Cl)c2)B2OC(C)(C)C(C)(C)O2)OC1(C)C,[2H]C(Cl)(Cl)Cl,2,33.5;33.5
CC1(C)OB(C(CCc2cccs2)B2OC(C)(C)C(C)(C)O2)OC1(C)C,[2H]C(Cl)(Cl)Cl,2,33.9;33.9
CC1(C)OB(C(Cc2ccccc2)B2OC(C)(C)C(C)(C)O2)OC1(C)C,[2H]C(Cl)(Cl)Cl,2,33.4;33.4
CC1(C)OB(C(CCCc2ccccc2)B2OC(C)(C)C(C)(C)O2)OC1(C)C,[2H]C(Cl)(Cl)Cl,2,33.9;33.9
CC1(C)OB(C(CCCOCc2ccccc2)B2OC(C)(C)C(C)(C)O2)OC1(C)C,[2H]C(Cl)(Cl)Cl,2,33.6;33.6
CC1(C)OB(C(CCC#C[Si](C)(C)C)B2OC(C)(C)C(C)(C)O2)OC1(C)C,[2H]C(Cl)(Cl)Cl,2,33.1;33.1
CC1(C)OB(C(CCC#Cc2ccccc2)B2OC(C)(C)C(C)(C)O2)OC1(C)C,[2H]C(Cl)(Cl)Cl,2,34;34
C=CCCCCCCCCC(B1OC(C)(C)C(C)(C)O1)B1OC(C)(C)C(C)(C)O1,[2H]C(Cl)(Cl)Cl,2,33.4;33.4
CC1(C)OB(C(B2OC(C)(C)C(C)(C)O2)C2CC=CCC2)OC1(C)C,[2H]C(Cl)(Cl)Cl,2,33.7;33.7
CC(c1ccccc1)C(B1OC(C)(C)C(C)(C)O1)B1OC(C)(C)C(C)(C)O1,[2H]C(Cl)(Cl)Cl,2,34;34
Cc1ccc(C(C)C(B2OC(C)(C)C(C)(C)O2)B2OC(C)(C)C(C)(C)O2)cc1,[2H]C(Cl)(Cl)Cl,2,33.8;33.8
CC(Cc1ccc2c(c1)OCO2)C(B1OC(C)(C)C(C)(C)O1)B1OC(C)(C)C(C)(C)O1,[2H]C(Cl)(Cl)Cl,2,33.2;33.2
CC(C)c1ccc(CC(C)C(B2OC(C)(C)C(C)(C)O2)B2OC(C)(C)C(C)(C)O2)cc1,[2H]C(Cl)(Cl)Cl,2,33.1;33.1
CC1(C)OB(C(B2OC(C)(C)C(C)(C)O2)C2Cc3ccccc3C2)OC1(C)C,[2H]C(Cl)(Cl)Cl,2,33.9;33.9
CC1(C)OB(C(B2OC(C)(C)C(C)(C)O2)[C@H]2CC[C@H](c3ccc(Cl)cc3)CC2)OC1(C)C,[2H]C(Cl)(Cl)Cl,2,33.1;33.1
CC1(C)OB(C2(B3OC(C)(C)C(C)(C)O3)CCOCC2)OC1(C)C,[2H]C(Cl)(Cl)Cl,2,34;34
[2H]C([2H])(B1OC(C)(C)C(C)(C)O1)B1OC(C)(C)C(C)(C)O1,[2H]C(Cl)(Cl)Cl,2,33.5;33.5
CC1(C)OB(C(B2OC(C)(C)C(C)(C)O2)C(c2ccc(Cl)cc2)c2ccccc2Cl)OC1(C)C,[2H]C(Cl)(Cl)Cl,2,33.9;33.9
CC1(C)OB(C(CCc2nc(-c3ccccc3)c(-c3ccccc3)o2)B2OC(C)(C)C(C)(C)O2)OC1(C)C,[2H]C(Cl)(Cl)Cl,2,33.6;33.6
CCCCC/C=C/C/C=C\CCCCCCCC(B1OC(C)(C)C(C)(C)O1)B1OC(C)(C)C(C)(C)O1,[2H]C(Cl)(Cl)Cl,2,33.4;33.4
CC1(C)OB(C(CCCc2ccc(N(CCCl)CCCl)cc2)B2OC(C)(C)C(C)(C)O2)OC1(C)C,[2H]C(Cl)(Cl)Cl,2,34.6;34.6
Cc1c(C)c2c(c(C)c1OC(=O)CCC(B1OC(C)(C)C(C)(C)O1)B1OC(C)(C)C(C)(C)O1)CC[C@@](C)(CCC[C@H](C)CCC[C@H](C)CCCC(C)C)O2,[2H]C(Cl)(Cl)Cl,2,32.8;32.8
CC(C)c1cc(C(C)CB2OC(C)(C)C(C)(C)O2)cc(C(C)CB2OC(C)(C)C(C)(C)O2)c1,[2H]c1c([2H])c([2H])c([2H])c([2H])c1[2H],2,32.9;32.9
CC1(C)OB([C@@H]2[C@H](B3OC(C)(C)C(C)(C)O3)[C@@]2(C)c2ccccc2)OC1(C)C,[2H]C(Cl)(Cl)Cl,2,33;33
CC1(C)OB([C@@H]2[C@H](B3OC(C)(C)C(C)(C)O3)[C@]2(C)c2ccc(F)cc2)OC1(C)C,[2H]C(Cl)(Cl)Cl,2,33.2;33.2
CC1(C)OB([C@@H]2[C@H](B3OC(C)(C)C(C)(C)O3)[C@]2(C)c2ccc(Cl)cc2)OC1(C)C,[2H]C(Cl)(Cl)Cl,2,31.6;31.6
COc1ccc([C@]2(C)[C@H](B3OC(C)(C)C(C)(C)O3)[C@@H]2B2OC(C)(C)C(C)(C)O2)cc1,[2H]C(Cl)(Cl)Cl,2,32.7;32.7
Cc1ccc([C@@]2(C)[C@H](B3OC(C)(C)C(C)(C)O3)[C@@H]2B2OC(C)(C)C(C)(C)O2)cc1,[2H]C(Cl)(Cl)Cl,2,32.3;32.3
Cc1cccc([C@@]2(C)[C@H](B3OC(C)(C)C(C)(C)O3)[C@@H]2B2OC(C)(C)C(C)(C)O2)c1,[2H]C(Cl)(Cl)Cl,2,32.1;32.1
CC1(C)OB([C@@H]2[C@H](B3OC(C)(C)C(C)(C)O3)[C@@]2(C)c2cccc3ccccc23)OC1(C)C,[2H]C(Cl)(Cl)Cl,2,33.2;33.2
COc1cccc([C@]2(C)[C@H](B3OC(C)(C)C(C)(C)O3)[C@@H]2B2OC(C)(C)C(C)(C)O2)c1,[2H]C(Cl)(Cl)Cl,2,32.2;32.2
CC[C@]1(c2ccccc2)[C@H](B2OC(C)(C)C(C)(C)O2)[C@@H]1B1OC(C)(C)C(C)(C)O1,[2H]C(Cl)(Cl)Cl,2,32.6;32.6
CC(C)[C@]1(c2ccccc2)[C@H](B2OC(C)(C)C(C)(C)O2)[C@@H]1B1OC(C)(C)C(C)(C)O1,[2H]C(Cl)(Cl)Cl,2,32.3;32.3
CC(C)(C)OC(=O)N1CCC2(CC1)[C@H](B1OC(C)(C)C(C)(C)O1)[C@@H]2B1OC(C)(C)C(C)(C)O1,[2H]C(Cl)(Cl)Cl,2,31.9;31.9
CC1(C)OB(C[C@@H]2[C@H](CB3OC(C)(C)C(C)(C)O3)[C@@]2(C)c2ccccc2)OC1(C)C,[2H]C(Cl)(Cl)Cl,2,34.8;34.8
CC1(C)[C@@H]2C[C@H]3OB([C@@H]4[C@H](B5O[C@@H]6C[C@@H]7C[C@@H](C7(C)C)[C@]6(C)O5)[C@@]4(C)c4ccccc4)O[C@@]3(C)[C@H]1C2,[2H]C(Cl)(Cl)Cl,2,32.2;32.2
CC1(C)OB(CCC(CS(=O)(=O)F)B2OC(C)(C)C(C)(C)O2)OC1(C)C,[2H]C(Cl)(Cl)Cl,2,34.02;34.02
C=CC1CC(B2OC(C)(C)C(C)(C)O2)(B2OC(C)(C)C(C)(C)O2)C=C1c1ccccc1,[2H]C(Cl)(Cl)Cl,2,32.4;32.4
C=CC1CC(B2OC(C)(C)C(C)(C)O2)(B2OC(C)(C)C(C)(C)O2)C=C1c1ccccc1C,[2H]C(Cl)(Cl)Cl,2,34.8;34.8
C=CC1CC(B2OC(C)(C)C(C)(C)O2)(B2OC(C)(C)C(C)(C)O2)C=C1c1ccc(Br)cc1,[2H]C(Cl)(Cl)Cl,2,33.9;33.9
C=CC1CC(B2OC(C)(C)C(C)(C)O2)(B2OC(C)(C)C(C)(C)O2)C=C1c1ccsc1,[2H]C(Cl)(Cl)Cl,2,34.1;34.1
C=CC1CC(B2OC(C)(C)C(C)(C)O2)(B2OC(C)(C)C(C)(C)O2)C=C1CCCC,[2H]C(Cl)(Cl)Cl,2,33.6;33.6
CC(Cc1ccc(C(C)(C)C)cc1)C(B1OC(C)(C)C(C)(C)O1)B1OC(C)(C)C(C)(C)O1,[2H]C(Cl)(Cl)Cl,2,33.1;33.1
[2H]OB(O[2H])B(O[2H])O[2H],[2H]C([2H])([2H])S(=O)C([2H])([2H])[2H],2,31.35;31.35
CC1(C)OB(CC(B2OC(C)(C)C(C)(C)O2)c2ccc(C(F)(F)F)cc2)OC1(C)C,[2H]C(Cl)(Cl)Cl,2,33.8;33.8
F[B-]1(c2ccccc2)n2c(Nc3ccc(Nc4ccc5n4[B-](F)(c4ccccc4)[N+]4=C(Cl)C=CC4=C5c4ccccc4)cc3)ccc2C(c2ccccc2)=C2C=CC(Cl)=[N+]21,[2H]C(Cl)(Cl)Cl,2,3.44;3.44
B1NBNBN1,[2H]c1c([2H])c([2H])c([2H])c([2H])c1[2H],3,30.2;30.2;30.2
Cl[Si](Cl)(Cl)CB1NB(C[Si](Cl)(Cl)Cl)NB(C[Si](Cl)(Cl)Cl)N1,[2H]c1c([2H])c([2H])c([2H])c([2H])c1[2H],3,32.8;32.8;32.8
[Li]N1B(C)NB(C)NB1C,[2H]c1c([2H])c([2H])c([2H])c([2H])c1[2H],3,35.4;35.4;35.4
CN1BN(C)BN(C)B1,[2H]c1c([2H])c([2H])c([2H])c([2H])c1[2H],3,33.2;33.2;33.2
C[N+]1([B-](F)(F)F)CC[N+](C)([B-](F)(F)F)C1,[2H]C(Cl)(Cl)Cl,2,-0.6;-0.6
[BH3-][N@@+]1(C)CC[N@@+]([BH3-])(C)C1,[2H]C(Cl)(Cl)Cl,2,-8.5;-8.5
[BH3-][P+](C)(C)C[P+]([BH3-])(C)C,[2H]c1c([2H])c([2H])c([2H])c([2H])c1[2H],2,-36.2;-36.2
Fc1c(F)c(F)c(B(Br)Br)c(B(Br)Br)c1F,[2H]c1c([2H])c([2H])c([2H])c([2H])c1[2H],2,54;54
[Cs+].[Cs+].[O-]/[N+](=[N+](/[O-])[B-](C(F)(F)F)(C(F)(F)F)C(F)(F)F)[B-](C(F)(F)F)(C(F)(F)F)C(F)(F)F,[2H]C([2H])([2H])C#N,2,-10.3;-10.3
IB(I)c1cc(B(I)I)cc(B(I)I)c1,[2H]C(Cl)(Cl)Cl,3,47.7;47.7;47.7
C#CB1NB(C#C)NB(C#C)N1,[2H]C(Cl)(Cl)Cl,3,24.6;24.6;24.6
C[B-](C)([n+]1cc[nH]c1Br)[n+]1cc[nH]c1Br.C[NH+](C)[B-](C(=O)C(=O)O)(C(F)(F)F)C(F)(F)F.[Cl-],[2H]C([2H])([2H])C#N,2,-10.8;-10.8
CC/C(B(I)I)=C(\CC)B(I)I,[2H]c1c([2H])c([2H])c([2H])c([2H])c1[2H],2,11.8;11.8
C=CB1NB(C=C)NB(C=C)N1,[2H]C(Cl)(Cl)Cl,3,31.2;31.2;31.2
N#C[BH2-][NH2+]CCCC[NH2+][BH2-]C#N,[2H]C([2H])([2H])S(=O)C([2H])([2H])[2H],2,24.4;24.4
C[Si](Cl)(Cl)CB1NB(C[Si](C)(Cl)Cl)NB(C[Si](C)(Cl)Cl)N1,[2H]c1c([2H])c([2H])c([2H])c([2H])c1[2H],3,34.1;34.1;34.1
CO[P+]([BH2-][P+](OC)(OC)OC)(OC)OC.F[B-](F)(F)F,[2H]C([2H])([2H])S(=O)C([2H])([2H])[2H],2,-1.22;-1.22
[Li]N1B(N(C)C)NB(N(C)C)NB1N(C)C,[2H]c1c([2H])c([2H])c([2H])c([2H])c1[2H],3,26.2;26.2;26.2
[BH3-][N@+]1(C)CN(C)C[N@@+]([BH3-])(C)C1,[2H]C(Cl)(Cl)Cl,2,-10;-10
CN(C)B1NB(N(C)C)NB(N(C)C)N1,[2H]c1c([2H])c([2H])c([2H])c([2H])c1[2H],3,26.2;26.2;26.2
CB(Cl)c1ccccc1B(Cl)Cl,[2H]c1c([2H])c([2H])c([2H])c([2H])c1[2H],2,33;33
F[B-](F)(F)F.F[B-](F)(F)[N+]12CC[N+](CCl)(CC1)CC2,[2H]O[2H],2,-20.9;-20.9
[BH3-][n+]1ccn(Cn2cc[n+]([BH3-])c2)c1,[2H]C([2H])([2H])S(=O)C([2H])([2H])[2H],2,-18.4;-18.4
C[N+]12CC[N+]([B-](F)(F)F)(CC1)CC2.F[B-](F)(F)F,[2H]O[2H],2,-20.8;-20.8
BrB(Br)c1ccc(-c2ccc(B(Br)Br)s2)s1,[2H]C(Cl)(Cl)Cl,2,47.1;47.1
CB(Br)c1ccc(B(C)Br)cc1,[2H]C(Cl)(Cl)Cl,2,72.3;72.3
Cn1cc[n+]2c1[B-](Cl)(Cl)n1cc[n+](C)c1[B-]2(Cl)Cl,[2H]C(Cl)(Cl)Cl,2,-1.6;-1.6
Cn1cc[n+]2c1[B-](F)(F)n1cc[n+](C)c1[B-]2(F)F,[2H]C(Cl)(Cl)Cl,2,0.5;0.5
Cn1cc[n+]2c1[B-](F)(F)n1cc[n+](C)c1[BH2-]2,[2H]C(Cl)(Cl)Cl,2,0.9;0.9
CC(B(NB(C(C)[Si](Cl)(Cl)Cl)C(C)[Si](Cl)(Cl)Cl)C(C)[Si](Cl)(Cl)Cl)[Si](Cl)(Cl)Cl,[2H]C(Cl)(Cl)Cl,2,43.8;43.8
CC1(C)COB2OCC(C)(C)N2BN1,[2H]C(Cl)(Cl)Cl,2,25.1;25.1
[BH3-][n+]1ccn([Si](C)(C)n2cc[n+]([BH3-])c2)c1,[2H]C1([2H])OC([2H])([2H])C([2H])([2H])C1([2H])[2H],2,-21.5;-21.5
CB(Br)c1cc(B(C)Br)cc(B(C)Br)c1,[2H]C(Cl)(Cl)Cl,3,72;72;72
CCC1B(C)C(C)=C(C)B1C,[2H]c1c([2H])c([2H])c([2H])c([2H])c1[2H],2,69.6;69.6
CCO[P+]([BH2-][P+](OC)(OC)OC)(OCC)OCC.F[B-](F)(F)F,[2H]C([2H])([2H])S(=O)C([2H])([2H])[2H],2,-1.32;-1.32
CC(B1NB(C(C)[Si](C)(Cl)Cl)NB(C(C)[Si](C)(Cl)Cl)N1)[Si](C)(Cl)Cl,[2H]C(Cl)(Cl)Cl,3,30.23;30.23;30.23
CC(C)N1BN(C(C)C)BN(C(C)C)B1,[2H]c1c([2H])c([2H])c([2H])c([2H])c1[2H],3,32.1;32.1;32.1
CC(C)[NH+]1[BH2-][NH+](C(C)C)[BH2-][NH+](C(C)C)[BH2-]1,[2H]C(Cl)(Cl)Cl,3,-10.3;-10.3;-10.3
CC#C[B@-]1(Cl)[N+](C)(C)[B@-](Cl)(C#CC)[N+]1(C)C,[2H]c1c([2H])c([2H])c([2H])c([2H])c1[2H],2,3.8;3.8
CC(C)(C)[N+]1=CC=[N+](C(C)(C)C)[B-]1(Cl)Cl.Cl[B-](Cl)(Cl)Cl,[2H]C([2H])([2H])C#N,2,7.7;7.7
CCB(C#CB(CC)CC)CC,[2H]c1c([2H])c([2H])c([2H])c([2H])c1[2H],2,72;72
CCB(C#CB(CC)CC)CC,[2H]C(Cl)(Cl)Cl,2,72.2;72.2
CCOC1COB(B2OCC(OCC)CO2)OC1,[2H]C(Cl)(Cl)Cl,2,27.5;27.5
CC1(C)OB(C[N+](C)(C)[BH2-]C#N)OC1(C)C,[2H]C(Cl)(Cl)Cl,2,-14.1;-14.1
[BH3-][P+]1(CC[P+]2([BH3-])CC=CC2)CC=CC1,[2H]C(Cl)(Cl)Cl,2,-36.9;-36.9
CCB(CC)CCB(CC)CC,[2H]c1c([2H])c([2H])c([2H])c([2H])c1[2H],2,75;75
CCB(Cl)C(B(C)Cl)([Si](C)(C)C)[Si](C)(C)C,[2H]C(Cl)(Cl)Cl,2,73.1;73.1
C=CB1OB(C=C)O[B-](C=C)([n+]2ccccc2)O1,[2H]C([2H])(Cl)Cl,3,17.7;17.7;17.7
C[C@H]1[C@@H](c2ccccc2)O[B-](C)(O)[N+]1(C)C.C[Si](C)(C)[N+](=[B-]=[W-5]([C+]=O)([C+]=O)([C+]=O)([C+]=O)[C+]=O)[Si](C)(C)C,[2H]c1c([2H])c([2H])c([2H])c([2H])c1[2H],2,86.6;86.6
[BH3-][n+]1cn(Cn2c[n+]([BH3-])c(C)c2C)c(C)c1C,[2H]C([2H])([2H])S(=O)C([2H])([2H])[2H],2,-20.3;-20.3
CB(C)C(B(C)C)([Si](C)(C)C)[Si](C)(C)C,[2H]C(Cl)(Cl)Cl,2,82.9;82.9
c1ccc(B2SSB(c3ccccc3)S2)cc1,[2H]c1c([2H])c([2H])c([2H])c([2H])c1[2H],2,66.4;66.4
C/N=C(/C1=[N+](C)[B-](C(F)(F)F)(C(F)(F)F)[N+](C)(C)[B-]1(C(F)(F)F)C(F)(F)F)N(C)C,[2H]C(Cl)(Cl)Cl,2,-2;-2
CC(C)(C)C1=CB(Br)N2C(C(C)(C)C)=CB(Br)N12,[2H]C(Cl)(Cl)Cl,2,32.1;32.1
CC(C)(C)C1=CB(Cl)N2C(C(C)(C)C)=CB(Cl)N12,[2H]C(Cl)(Cl)Cl,2,33.7;33.7
CN(C)B(B(N(C)C)n1cccc1)n1cccc1,[2H]c1c([2H])c([2H])c([2H])c([2H])c1[2H],2,37;37
CN(C)/[B-](=[B-](/N(C)C)n1cccc1)n1cccc1.[Li+].[Li+],[2H]c1c([2H])c([2H])c([2H])c([2H])c1[2H],2,27.4;27.4
CC(C)(C)C1=[N+]2[N+](=C(C(C)(C)C)C[B-]2(Br)Br)[B-](Br)(Br)C1,[2H]C(Cl)(Cl)Cl,2,-5.9;-5.9
CC(C)(C)C1=[N+]2[N+](=C(C(C)(C)C)C[B-]2(Cl)Cl)[B-](Cl)(Cl)C1,[2H]C(Cl)(Cl)Cl,2,4.1;4.1
CC(C)(C)C1=[N+]2[N+](=C(C(C)(C)C)C[B-]2(F)F)[B-](F)(F)C1,[2H]C(Cl)(Cl)Cl,2,6.7;6.7
CC(C)(C)C1=[N+]2[N+](=C(C(C)(C)C)C[B-]2(I)I)[B-](I)(I)C1,[2H]C(Cl)(Cl)Cl,2,-34.2;-34.2
CC1(C)OB(B2OC(C)(C)C(C)(C)O2)OC1(C)C,[2H]c1c([2H])c([2H])c(C([2H])([2H])[2H])c([2H])c1[2H],2,21.8;21.8
CC1(C)COB2N1B1OCC(C)(C)N1B1OCC(C)(C)N21,[2H]C(Cl)(Cl)Cl,3,28.8;28.8;28.8
CC1(C)OB(NB2OC(C)(C)C(C)(C)O2)OC1(C)C,[2H]c1c([2H])c([2H])c([2H])c([2H])c1[2H],2,25.2;25.2
CC(C)N(B(Br)OB(Br)N(C(C)C)C(C)C)C(C)C,[2H]C(Cl)(Cl)Cl,2,22.3;22.3
CC(C)N(B(Cl)B(Cl)N(C(C)C)C(C)C)C(C)C,[2H]c1c([2H])c([2H])c([2H])c([2H])c1[2H],2,38.1;38.1
CC(C)N(B(Cl)OB(Cl)N(C(C)C)C(C)C)C(C)C,[2H]C(Cl)(Cl)Cl,2,23.9;23.9
CCB(CC)N(B(CC)CC)C(C)(C)C,[2H]c1c([2H])c([2H])c(C([2H])([2H])[2H])c([2H])c1[2H],2,57.9;57.9
CB(C)C(CC(C)(C)C)(B(C)C)B(C)C,[2H]C(Cl)(Cl)Cl,3,82.6;82.6;82.6
CB(N(C)Cl)C(CC(C)(C)C)(B(Cl)N(C)C)B(Cl)N(C)C,[2H]C(Cl)(Cl)Cl,3,38.5;38.5;38.5
CB(Cl)C(B(Cl)C(C)(C)C)([Si](C)(C)C)[Si](C)(C)C,[2H]C(Cl)(Cl)Cl,2,72.3;72.3
C[Si](C)(C)[C@H]1[C@H]([Si](C)(C)C)B(Cl)B(Cl)[C@@H]1[Si](C)(C)C,[2H]C(Cl)(Cl)Cl,2,84;84
CCCCN1BN(CCCC)BN(CCCC)B1,[2H]c1c([2H])c([2H])c([2H])c([2H])c1[2H],3,33;33;33
CCCCB1NB(CCCC)NB(CCCC)N1,[2H]C(Cl)(Cl)Cl,3,35.2;35.2;35.2
CCO[P+]([BH2-][P+](OCC)(OCC)OCC)(OCC)OCC.F[B-](F)(F)F,[2H]C([2H])([2H])S(=O)C([2H])([2H])[2H],2,-1.97;-1.97
CCCC[NH+]1[BH2-][NH+](CCCC)[BH2-][NH+](CCCC)[BH2-]1,[2H]C(Cl)(Cl)Cl,3,-6.3;-6.3;-6.3
CN(C)B(Cl)B(C1=CCc2ccccc21)N(C)C,[2H]c1c([2H])c([2H])c([2H])c([2H])c1[2H],2,43.6;43.6
CCCC[N+](C)([BH2-]C#N)CB1OC(C)(C)C(C)(C)O1,[2H]C(Cl)(Cl)Cl,2,-15.5;-15.5
CN(C)B(c1ccc(B(N(C)C)N(C)C)n1C)N(C)C,[2H]c1c([2H])c([2H])c([2H])c([2H])c1[2H],2,30.1;30.1
C/[B-](=[NH+]\C(C)(C)C)B(C(C)(C)C)C(C)(C)C,[2H]c1c([2H])c([2H])c([2H])c([2H])c1[2H],2,48.9;48.9
CN(C)B1C[C@@H]([Si](C)(C)C)[C@H]([Si](C)(C)C)B1N(C)C,[2H]C(Cl)(Cl)Cl,2,53;53
Clc1c(Cl)c(Cl)c2c(c1Cl)OB(C#CB1Oc3c(Cl)c(Cl)c(Cl)c(Cl)c3O1)O2,[2H]OC([2H])([2H])[2H],2,22.1;22.1
C(#CB1Sc2ccccc2S1)B1Sc2ccccc2S1,[2H]C(Cl)(Cl)Cl,2,47;47
C=C(B1Oc2ccccc2O1)B1Oc2ccccc2O1,[2H]c1c([2H])c([2H])c([2H])c([2H])c1[2H],2,32.2;32.2
c1ccc2c(c1)OB(CCB1Oc3ccccc3O1)O2,[2H]C(Cl)(Cl)Cl,2,35;35
CC(B(Cl)c1ccccc1)B(Cl)c1ccccc1,[2H]c1c([2H])c([2H])c([2H])c([2H])c1[2H],2,66.9;66.9
Cc1ccccc1B1SSB(c2ccccc2C)S1,[2H]c1c([2H])c([2H])c([2H])c([2H])c1[2H],2,64.8;64.8
CC/N=C(/C1=[N+](CC)[B-](C(F)(F)F)(C(F)(F)F)[N+](C)(C)[B-]1(C(F)(F)F)C(F)(F)F)N(C)C,[2H]C(Cl)(Cl)Cl,2,-2;-2
CCB(CC)c1ccccc1B(CC)CC,[2H]c1c([2H])c([2H])c([2H])c([2H])c1[2H],2,80.8;80.8
CCB(CC)c1cccc(B(CC)CC)c1,[2H]c1c([2H])c([2H])c([2H])c([2H])c1[2H],2,67.5;67.5
C[N+](C)(C)[BH2-][PH]1[W-4]2([C+]=O)([C+]=O)([C+]=O)([C+]=O)[PH]([BH2-][N+](C)(C)C)[W-4]12([C+]=O)([C+]=O)([C+]=O)[C+]=O,[2H]c1c([2H])c([2H])c([2H])c([2H])c1[2H],2,-1.4;-1.4
CN1CCN(C)B1c1cccc(B2N(C)CCN2C)c1,[2H]c1c([2H])c([2H])c([2H])c([2H])c1[2H],2,32;32
C[B-]1=[N+]2C(C(C)(C)C)C[B-](C)=[N+]2C(C(C)(C)C)C1,[2H]C(Cl)(Cl)Cl,2,39;39
[N-]=[N+]=NB1CCCCCCCN1B1CCCCCCC1,[2H]C(Cl)(Cl)Cl,2,43.6;43.6
CC(C)C(C)(C)B1OC2OB(C(C)(C)C(C)C)OC2O1,[2H]C([2H])([2H])S(=O)C([2H])([2H])[2H],2,36.5;36.5
[BH+][P-](CC=C)(CC=C)CC[P-]([BH+])(CC=C)CC=C,[2H]C(Cl)(Cl)Cl,2,-38.33;-38.33
COC1OB(C(C)(C)C)N(C(C)(C)C)B1C(C)(C)C,[2H]C(Cl)(Cl)Cl,2,39;39
CC1=C(C)B(C[Si](C)(C)C)C(C)B1C[Si](C)(C)C,[2H]c1c([2H])c([2H])c([2H])c([2H])c1[2H],2,68.8;68.8
C/[B-](B(C(C)(C)C)C(C)(C)C)=[N+](/C)C(C)(C)C,[2H]c1c([2H])c([2H])c([2H])c([2H])c1[2H],2,54.6;54.6
CCB(C)C(B(CC)CC)([Si](C)(C)C)[Si](C)(C)C,[2H]C(Cl)(Cl)Cl,2,85.7;85.7
[BH3-][N+](C)(C)C(B1OC(C)(C)C(C)(C)O1)c1ccccc1,[2H]C(Cl)(Cl)Cl,2,-9.1;-9.1
CN(C)C1OB(C(C)(C)C)N(C(C)(C)C)B1C(C)(C)C,[2H]C(Cl)(Cl)Cl,2,38;38
CCCCO[P+]([BH2-][P+](OC)(OC)OC)(OCCCC)OCCCC.F[B-](F)(F)F,[2H]C([2H])([2H])S(=O)C([2H])([2H])[2H],2,-1.42;-1.42
Cc1cc(C)cc(B2SSB(c3cc(C)cc(C)c3)S2)c1,[2H]c1c([2H])c([2H])c([2H])c([2H])c1[2H],2,65.4;65.4
CCc1ccc(B2SSB(c3ccc(CC)cc3)S2)cc1,[2H]c1c([2H])c([2H])c([2H])c([2H])c1[2H],2,66.1;66.1
CC(C)/N=C(/C1=[N+](C(C)C)[B-](C(F)(F)F)(C(F)(F)F)[N+](C)(C)[B-]1(C(F)(F)F)C(F)(F)F)N(C)C,[2H]C(Cl)(Cl)Cl,2,-2;-2
C1CCC([B-]2(C3CCCCC3)CCCC2)CC1.C1CCC([B-]2(C3CCCCC3)CCCC2)CC1.[Mg+2],[2H]c1c([2H])c([2H])c([2H])c([2H])c1[2H],2,-12.5;-12.5
CC[B-]1(CC)c2n(C)cc[n+]2[B-](CC)(CC)c2n1cc[n+]2C,[2H]c1c([2H])c([2H])c([2H])c([2H])c1[2H],2,-6.3;-6.3
[BH2-]1[N+](C2CCC2)(C2CCC2)[BH2-][N+]1(C1CCC1)C1CCC1,[2H]C(Cl)(Cl)Cl,2,2.56;2.56
CC[B-]1(CC)O[C+](C(C)(C)C)O[B-](CC)(CC)[n+]2cccn21,[2H]C(Cl)(Cl)Cl,2,10.3;10.3
C1CCN(B(B(N2CCCC2)N2CCCC2)N2CCCC2)C1,[2H]C(Cl)(Cl)Cl,2,34;34
CCC(C)N(B(Br)OB(Br)N(C(C)CC)C(C)CC)C(C)CC,[2H]C(Cl)(Cl)Cl,2,22.7;22.7
CC(C)CN(CC(C)C)B(Cl)OB(Cl)N(CC(C)C)CC(C)C,[2H]C(Cl)(Cl)Cl,2,24.4;24.4
CC(C)(C)B1N(C(C)(C)C)B(C(C)(C)C)N1C(C)(C)C,[2H]c1c([2H])c([2H])c([2H])c([2H])c1[2H],2,41.1;41.1
CCC(C)N(B1OB1N(C(C)CC)C(C)CC)C(C)CC,[2H]C(Cl)(Cl)Cl,2,36.2;36.2
CC(C)(C)B(Br)C1(B(Br)C(C)(C)C)B(Br)C([Si](C)(C)C)([Si](C)(C)C)B1Br,[2H]C(Cl)(Cl)Cl,4,70;70;70;70
CC(C)(C)B(Cl)C1(B(Cl)C(C)(C)C)B(Cl)C([Si](C)(C)C)([Si](C)(C)C)B1Cl,[2H]C(Cl)(Cl)Cl,4,69;69;69;69
CC(C)(C)/[NH+]=[B-](\C[Si](C)(C)C)B(C(C)(C)C)C(C)(C)C,[2H]c1c([2H])c([2H])c([2H])c([2H])c1[2H],2,49.4;49.4
C/[B-](B(C(C)(C)C)C(C)(C)C)=[N+](\C(C)(C)C)[Si](C)(C)C,[2H]c1c([2H])c([2H])c([2H])c([2H])c1[2H],2,57.2;57.2
CN(C)B1B(N(C)C)[C@H]([Si](C)(C)C)[C@@H]([Si](C)(C)C)[C@@H]1[Si](C)(C)C,[2H]C(Cl)(Cl)Cl,2,54;54
Cn1c(B2Oc3ccccc3O2)ccc1B1Oc2ccccc2O1,[2H]C1([2H])OC([2H])([2H])C([2H])([2H])C1([2H])[2H],2,30;30
C[Si](C)(C)C=C(B1Oc2ccccc2O1)B1Oc2ccccc2O1,[2H]C(Cl)(Cl)Cl,2,32.1;32.1
CC(C)N(B(Cl)c1ccc(B(Cl)N(C(C)C)C(C)C)n1C)C(C)C,[2H]c1c([2H])c([2H])c([2H])c([2H])c1[2H],2,33.8;33.8
CC(C)(C)B1N(C(C)(C)C)B(C(C)(C)C)C12CC2(C)C,[2H]c1c([2H])c([2H])c([2H])c([2H])c1[2H],2,45.7;45.7
[Li]N1B(c2ccccc2)NB(c2ccccc2)NB1c1ccccc1,[2H]c1c([2H])c([2H])c([2H])c([2H])c1[2H],3,34.1;34.1;34.1
C1=[N+]2CCO[B@@-]34Oc5ccccc5C=[N+]3CCO[B@-]2(Oc2ccccc21)O4,[2H]C(Cl)(Cl)Cl,2,5.6;5.6
C=CCCC(CB1Oc2ccccc2O1)B1Oc2ccccc2O1,[2H]C(Cl)(Cl)Cl,2,35;35
B1N(c2ccccc2)BN(c2ccccc2)BN1c1ccccc1,[2H]c1c([2H])c([2H])c([2H])c([2H])c1[2H],3,32.4;32.4;32.4
ClCCCCC(CB1Oc2ccccc2O1)B1Oc2ccccc2O1,[2H]C(Cl)(Cl)Cl,2,35;35
Cc1cccc(C)c1N(/C=C/N(B(Cl)Cl)c1c(C)cccc1C)B(Cl)Cl,[2H]c1c([2H])c([2H])c([2H])c([2H])c1[2H],2,32.6;32.6
CCCCC(CB1Oc2ccccc2O1)B1Oc2ccccc2O1,[2H]C(Cl)(Cl)Cl,2,35;35
O[B-]12OCC[N+]3=Cc4ccccc4O[B-]3(O)OCC[N+]1=Cc1ccccc1O2,[2H]C(Cl)(Cl)Cl,2,1.5;1.5
Cc1cc(C)c(B(Br)B(Br)c2c(C)cc(C)cc2C)c(C)c1,[2H]c1c([2H])c([2H])c([2H])c([2H])c1[2H],2,86;86
Cc1cc(C)c(B(I)B(I)c2c(C)cc(C)cc2C)c(C)c1,[2H]c1c([2H])c([2H])c([2H])c([2H])c1[2H],2,89;89
CCB(CC)c1cccc(-c2cccc(B(CC)CC)n2)n1,[2H]C(Cl)(Cl)Cl,2,3.2;3.2
C1CC2CCCC(C1)[B-]21O[C+]([C+]2O[B-]3(O2)C2CCCC3CCC2)O1,[2H]C(Cl)(Cl)Cl,2,29.3;29.3
CCCC/N=C(/C1=[N+](CCCC)[B-](C(F)(F)F)(C(F)(F)F)[N+](C)(C)[B-]1(C(F)(F)F)C(F)(F)F)N(C)C,[2H]C(Cl)(Cl)Cl,2,-2;-2
CN(C)B(c1cccc(-c2cccc(B(N(C)C)N(C)C)n2)n1)N(C)C,[2H]C1([2H])OC([2H])([2H])C([2H])([2H])C1([2H])[2H],2,31;31
CC(C)(C)[B-]1=[N+](c2ccccc2)[B-](C(C)(C)C)=[N+]1C(C)(C)C,[2H]C(Cl)(Cl)Cl,2,44.7;44.7
CC1(C)CCCC(C)(C)N1B(Cl)B(Cl)N1C(C)(C)CCCC1(C)C,[2H]c1c([2H])c([2H])c([2H])c([2H])c1[2H],2,38.8;38.8
CC1(C)CCCCCC[B-]2=[N+]3[B-](=[N+]21)CCCCCCC3(C)C,[2H]C(Cl)(Cl)Cl,2,44.6;44.6
CB(C)c1c(B(C)C)c(B(C)C)c(B(C)C)c(B(C)C)c1B(C)C,[2H]c1c([2H])c([2H])c([2H])c([2H])c1[2H],6,85.1;85.1;85.1;85.1;85.1;85.1
CCCCCCCCC[N+](C)([BH2-]C#N)CB1OC(C)(C)C(C)(C)O1,[2H]C(Cl)(Cl)Cl,2,-14.6;-14.6
CC(C)N(B1OB(N(C(C)C)C(C)C)OB(N(C(C)C)C(C)C)O1)C(C)C,[2H]C(Cl)(Cl)Cl,3,20.5;20.5;20.5
CN(C)B(C1B(N(C)C)C([Si](C)(C)C)([Si](C)(C)C)B1N(C)C)C(C)(C)C,[2H]C(Cl)(Cl)Cl,3,45;45;45
c1ccc2c(c1)OB(C1C3CCC(C3)C1B1Oc3ccccc3O1)O2,[2H]C(Cl)(Cl)Cl,2,35;35
O=C1CC(OB2C3CCCC2CCC3)=[O+][B-]2(O1)C1CCCC2CCC1,[2H]C([2H])([2H])S(=O)C([2H])([2H])[2H],2,8.5;8.5
CN(C)B(c1ccc(B(N(C)C)N(C)C)n1Cc1ccccc1)N(C)C,[2H]C(Cl)(Cl)Cl,2,30.8;30.8
CC(C)(C)B1N(Cc2ccccc2)B(C(C)(C)C)N1C(C)(C)C,[2H]C(Cl)(Cl)Cl,2,43.5;43.5
CC[B-](CC)(CC)[n+]1ccn(Cn2cc[n+]([B-](CC)(CC)CC)c2)c1,[2H]C([2H])(Cl)Cl,2,-16.6;-16.6
c1ccc2cc3c(cc2c1)OB(B1Oc2cc4ccccc4cc2O1)O3,[2H]OC([2H])([2H])[2H],2,31.6;31.6
c1ccc2cc3c(cc2c1)OB(OB1Oc2cc4ccccc4cc2O1)O3,[2H]C(Cl)(Cl)Cl,2,16.4;16.4
CC(B1Oc2ccccc2O1)(B1Oc2ccccc2O1)B1Oc2ccccc2O1,[2H]c1c([2H])c([2H])c([2H])c([2H])c1[2H],3,35.4;35.4;35.4
OB(O)c1ccc2ccccc2c1-c1c(B(O)O)ccc2ccccc12,[2H]C([2H])([2H])S(=O)C([2H])([2H])[2H],2,24.2;24.2
CC(C)(C)B1N(c2c(F)c(F)c(F)c(F)c2F)B(C(C)(C)C)N1c1c(F)c(F)c(F)c(F)c1F,[2H]C(Cl)(Cl)Cl,2,47;47
C[Si](C)(C)C1C(B2Oc3ccccc3O2)=CC=C1B1Oc2ccccc2O1,[2H]C(Cl)(Cl)Cl,2,23;23
[BH2-]1c2n(Cc3ccccc3)cc[n+]2[BH2-]c2n(Cc3ccccc3)cc[n+]21,[2H]C(Cl)(Cl)Cl,2,-18.6;-18.6
CC(=O)OCCCCC(CB1Oc2ccccc2O1)B1Oc2ccccc2O1,[2H]C(Cl)(Cl)Cl,2,35;35
Cc1cc(C)c(N(/C=C/N(B(Cl)Cl)c2c(C)cc(C)cc2C)B(Cl)Cl)c(C)c1,[2H]c1c([2H])c([2H])c([2H])c([2H])c1[2H],2,32.6;32.6
CN(C)B(B(N(C)C)n1ccc2ccccc21)n1ccc2ccccc21,[2H]c1c([2H])c([2H])c([2H])c([2H])c1[2H],2,36.7;36.7
CN(C)/[B-](=[B-](/N(C)C)n1ccc2ccccc21)n1ccc2ccccc21.[Li+].[Li+],[2H]c1c([2H])c([2H])c([2H])c([2H])c1[2H],2,27.9;27.9
Cc1cc(C)c(B2SCCSB2c2c(C)cc(C)cc2C)c(C)c1,[2H]c1c([2H])c([2H])c([2H])c([2H])c1[2H],2,45.3;45.3
C[C-]1B(c2ccccc2)N(C(C)C)N(C(C)C)B1c1ccccc1.[Li+],[2H]C1([2H])OC([2H])([2H])C([2H])([2H])C1([2H])[2H],2,37.9;37.9
CC1B(c2ccccc2)N(C(C)C)N(C(C)C)B1c1ccccc1,[2H]c1c([2H])c([2H])c([2H])c([2H])c1[2H],2,46;46
CNB(B(NC)c1c(C)cc(C)cc1C)c1c(C)cc(C)cc1C,[2H]C(Cl)(Cl)Cl,2,48.3;48.3
CC[B-](CC)(OC)c1cccc(-c2cccc([B-](CC)(CC)OC)n2)n1.[Li+].[Li+],[2H]C1([2H])OC([2H])([2H])C([2H])([2H])C1([2H])[2H],2,8.1;8.1
O=C(CCC(=O)OB1C2CCCC1CCC2)OB1C2CCCC1CCC2,[2H]C([2H])([2H])S(=O)C([2H])([2H])[2H],2,11.1;11.1
CC(C)(C)OB1C=C(C(C)(C)C)N2B(OC(C)(C)C)C=C(C(C)(C)C)N12,[2H]C(Cl)(Cl)Cl,2,27.3;27.3
C[Si](C)(C)N1[C+](c2ccc([C+]3N([Si](C)(C)C)[B-](Cl)(Cl)N3[Si](C)(C)C)cc2)N([Si](C)(C)C)[B-]1(Cl)Cl,[2H]C(Cl)(Cl)Cl,2,5.62;5.62
C[N+](C)([BH2-]C#N)CCCCCCCCCCCCCC[N+](C)(C)[BH2-]C#N,[2H]C(Cl)(Cl)Cl,2,-14.9;-14.9
C[Si](C)(C)C1=C([Si](C)(C)C)B(Cl)[C@H]([Si](C)(C)C)[C@@H]([Si](C)(C)C)[C@H]([Si](C)(C)C)B1Cl,[2H]C(Cl)(Cl)Cl,2,67;67
CCN(CC)B1B(N(CC)CC)[C@H]([Si](C)(C)C)[C@@H]([Si](C)(C)C)[C@@H]1[Si](C)(C)C,[2H]C(Cl)(Cl)Cl,2,54;54
CC#[N+][BH-]1N([P+](CC)(CC)CC)BN([P+](CC)(CC)CC)BN1[P+](CC)(CC)CC.[I-].[I-].[I-],[2H]C([2H])([2H])C#N,3,19.6;19.6;19.6
FC(F)(F)c1cccc(C(CB2Oc3ccccc3O2)B2Oc3ccccc3O2)c1,[2H]C(Cl)(Cl)Cl,2,34;34
COc1cccc(C(CB2Oc3ccccc3O2)B2Oc3ccccc3O2)c1,[2H]C(Cl)(Cl)Cl,2,35;35
CC1(C)C(=O)O[B-]2([O+]=C1OB1C3CCCC1CCC3)C1CCCC2CCC1,[2H]C(Cl)(Cl)Cl,2,17.7;17.7
Cc1cccc(C)c1N=C1B(C(C)(C)C)N(C(C)(C)C)B1C(C)(C)C,[2H]c1c([2H])c([2H])c([2H])c([2H])c1[2H],2,46.4;46.4
CC(C)(C)N(BN1C(C)(C)CCCC1(C)C)B1C2CCCC1CCC2,[2H]c1c([2H])c([2H])c([2H])c([2H])c1[2H],2,35.3;35.3
C1CCCB2N(CCC1)B1CCCCCCCN1B1CCCCCCCN21,[2H]C(Cl)(Cl)Cl,3,37.5;37.5;37.5
C=C1CC[B-](=[N+](C(C)C)C(C)C)/C(=N/C(C)(C)C)[B-]1=[N+](C(C)C)C(C)C,[2H]c1c([2H])c([2H])c([2H])c([2H])c1[2H],2,39;39
CCCCCCCCCCCC[N+](C)([BH2-]C#N)CB1OC(C)(C)C(C)(C)O1,[2H]C(Cl)(Cl)Cl,2,-15.3;-15.3
CCCCCCCN1BN(CCCCCCC)BN(CCCCCCC)B1,[2H]C(Cl)(Cl)Cl,3,33.1;33.1;33.1
CCCCCCC[NH+]1[BH2-][NH+](CCCCCCC)[BH2-][NH+](CCCCCCC)[BH2-]1,[2H]C(Cl)(Cl)Cl,3,-6.3;-6.3;-6.3
C[Si](C)(C)C(B1NCOB(C([Si](C)(C)C)([Si](C)(C)C)[Si](C)(C)C)O1)([Si](C)(C)C)[Si](C)(C)C,[2H]c1c([2H])c([2H])c([2H])c([2H])c1[2H],2,31.6;31.6
C(#CB1Oc2cc3ccccc3cc2O1)B1Oc2cc3ccccc3cc2O1,[2H]OC([2H])([2H])[2H],2,22.1;22.1
CN(C)B(B(C1C=Cc2ccccc21)N(C)C)C1C=Cc2ccccc21,[2H]c1c([2H])c([2H])c([2H])c([2H])c1[2H],2,48.6;48.6
CN(C)B(B(C1=CCc2ccccc21)N(C)C)C1=CCc2ccccc21,[2H]c1c([2H])c([2H])c([2H])c([2H])c1[2H],2,48.3;48.3
CC(C)C1=CCB2C(=C1)C1=CC(C(C)C)=CCB1N2c1ccccc1,[2H]c1c([2H])c([2H])c([2H])c([2H])c1[2H],2,54.15;54.15
[BH3-][P+]1(c2ccccc2)C=C(C)[C@@H]2[C@H]1[C@@H]1C=C(C)[C@H]2[P@@+]1([BH3-])c1ccccc1,[2H]C(Cl)(Cl)Cl,2,-35.8;-35.8
CC[B-]1(CC)n2c3ccccc3c[n+]2[B-](CC)(CC)n2c3ccccc3c[n+]21,[2H]C(Cl)(Cl)Cl,2,4.29;4.29
CN(C)[B-]12OCC[N+]3=Cc4ccccc4O[B-]3(N(C)C)OCC[N+]1=Cc1ccccc1O2,[2H]C(Cl)(Cl)Cl,2,4.8;4.8
Cc1c(C)[n+]2cn1Cn1c[n+](c(C)c1C)[B-](Br)(Br)[n+]1cn(c(C)c1C)Cn1c[n+](c(C)c1C)[B-]2(Br)Br.[Br-].[Br-],[2H]C([2H])([2H])S(=O)C([2H])([2H])[2H],2,-12.3;-12.3
CC(C)N(B1OB(N(C(C)C)C(C)C)C2c3ccccc3C=CC12)C(C)C,[2H]C(Cl)(Cl)Cl,2,36.3;36.3
CC[B-]1(CCCC[B-]2(CC)CCCC3=[N+]2CC=C3)CCCC2=[N+]1CC=C2,[2H]c1c([2H])c([2H])c([2H])c([2H])c1[2H],2,-5.4;-5.4
CC[B-]1(CC)[OH+][B-]2(CC)O[B-]3(CC)[OH+][B-](CC)(CC)c4cccc([n+]43)-c3cccc1[n+]32,[2H]C([2H])(Cl)Cl,4,9.2;9.2;9.2;9.2
C(C[Mg]CCCB1C2CCCC1CCC2)CB1C2CCCC1CCC2,[2H]c1c([2H])c([2H])c([2H])c([2H])c1[2H],2,77.8;77.8
CC(C)(C)N1C=CN(C(C)(C)C)B1C#CB1N(C(C)(C)C)C=CN1C(C)(C)C,[2H]c1c([2H])c([2H])c([2H])c([2H])c1[2H],2,16.8;16.8
CCCC/C(B1OC(C)(C)C(C)(C)O1)=C(/B1OC(C)(C)C(C)(C)O1)P(=O)(OCC)OCC,[2H]C(Cl)(Cl)Cl,2,30.22;30.22
CB(N(B1C2CCCC1CCC2)C(C)(C)C)N1C(C)(C)CCCC1(C)C,[2H]c1c([2H])c([2H])c([2H])c([2H])c1[2H],2,40.6;40.6
CC(C)(C)/N=C1/B(C(C)(C)C)N(C(C)(C)C)B(C(C)(C)C)/C1=N/C(C)(C)C,[2H]C(Cl)(Cl)Cl,2,41;41
COC1(C#CC2(OC)OB(C)C2([Si](C)(C)C)[Si](C)(C)C)OB(C)C1([Si](C)(C)C)[Si](C)(C)C,[2H]C(Cl)(Cl)Cl,2,53.8;53.8
C[Si](C)(C)[C@H]1[C@H]([Si](C)(C)C)B(N2CCCCC2)B(N2CCCCC2)[C@@H]1[Si](C)(C)C,[2H]c1c([2H])c([2H])c([2H])c([2H])c1[2H],2,53;53
CC(C)(C)B1N(B(N([Si](C)(C)C)[Si](C)(C)C)C(C)(C)C)B(C(C)(C)C)N1C(C)(C)C,[2H]C(Cl)(Cl)Cl,3,41.9;41.9;41.9
CC1NB(C([Si](C)(C)C)([Si](C)(C)C)[Si](C)(C)C)OB(C([Si](C)(C)C)([Si](C)(C)C)[Si](C)(C)C)O1,[2H]c1c([2H])c([2H])c([2H])c([2H])c1[2H],2,31.3;31.3
C[Si](C)(C)C(CB1Oc2ccccc2O1)(B1Oc2ccccc2O1)B1Oc2ccccc2O1,[2H]C(Cl)(Cl)Cl,3,35.8;35.8;35.8
CC(C)(C)N1B(c2c(F)c(F)c(F)c(F)c2F)N(C(C)(C)C)[B-]1(c1c(F)c(F)c(F)c(F)c1F)[P+](C)(C)C,[2H]C(Cl)(Cl)Cl,2,24.6;24.6
CC(C)C(C)B(C(C)C(C)C)N(BN1C(C)(C)CCCC1(C)C)C(C)(C)C,[2H]c1c([2H])c([2H])c([2H])c([2H])c1[2H],2,36.1;36.1
CCN1COB(C([Si](C)(C)C)([Si](C)(C)C)[Si](C)(C)C)OB1C([Si](C)(C)C)([Si](C)(C)C)[Si](C)(C)C,[2H]c1c([2H])c([2H])c([2H])c([2H])c1[2H],2,31.7;31.7
CC1OB(C([Si](C)(C)C)([Si](C)(C)C)[Si](C)(C)C)OB(C([Si](C)(C)C)([Si](C)(C)C)[Si](C)(C)C)N1C,[2H]c1c([2H])c([2H])c([2H])c([2H])c1[2H],2,33.1;33.1
[N-]=[N+]=[N+]1[B-](c2c(F)c(F)c(F)c(F)c2F)(c2c(F)c(F)c(F)c(F)c2F)[N+](=[N+]=[N-])[B-]1(c1c(F)c(F)c(F)c(F)c1F)c1c(F)c(F)c(F)c(F)c1F,[2H]c1c([2H])c([2H])c(C([2H])([2H])[2H])c([2H])c1[2H],2,43.9;43.9
Fc1c(F)c(F)c(B(NB(c2c(F)c(F)c(F)c(F)c2F)c2c(F)c(F)c(F)c(F)c2F)c2c(F)c(F)c(F)c(F)c2F)c(F)c1F,[2H]C([2H])(Cl)Cl,2,-9.7;-9.7
c1ccc2c(c1)OB(c1cc(B3Oc4ccccc4S3)cc(B3Oc4ccccc4S3)c1)S2,[2H]C(Cl)(Cl)Cl,3,51;51;51
c1ccc2c(c1)OB(c1cc(B3Oc4ccccc4O3)cc(B3Oc4ccccc4O3)c1)O2,[2H]OC([2H])([2H])[2H],3,30.1;30.1;30.1
c1ccc2c(c1)SB(c1cc(B3Sc4ccccc4S3)cc(B3Sc4ccccc4S3)c1)S2,[2H]C(Cl)(Cl)Cl,3,61;61;61
F[B-](F)(F)F.F[B-](F)(F)F.c1ccc2c(c1)-c1ccccc1[S+2]21c2ccccc2-c2ccccc21,[2H]C([2H])([2H])C#N,2,-2.3;-2.3
c1ccc(B(OB(c2ccccc2)c2ccccc2)c2ccccc2)cc1,[2H]C(Cl)(Cl)Cl,2,46.1;46.1
CC(C)(C)CC(B1Oc2ccccc2O1)(B1Oc2ccccc2O1)B1Oc2ccccc2O1,[2H]C(Cl)(Cl)Cl,3,34.7;34.7;34.7
CC(C)C1=NB(c2c(F)c(F)c(F)c(F)c2F)N(C(C)(C)C)B(c2c(F)c(F)c(F)c(F)c2F)N1C(C)(C)C,[2H]C(Cl)(Cl)Cl,2,28;28
CCN1C=CC([Si](C)(C)C2C=CN(CC)B2c2ccccc2)B1c1ccccc1,[2H]C(Cl)(Cl)Cl,2,45.2;45.2
CC1(C)OB(OC(c2ccccn2)[C@H](OB2OC(C)(C)C(C)(C)O2)c2ccccn2)OC1(C)C,[2H]C([2H])(Cl)Cl,2,11;11
CCP(CC)(CC)=[N+]1[B-]2(Oc3ccccc3O2)[N+](=P(CC)(CC)CC)[B-]12Oc1ccccc1O2,[2H]c1c([2H])c([2H])c([2H])c([2H])c1[2H],2,8.1;8.1
CCOP(=O)(OCC)/C(B1OC(C)(C)C(C)(C)O1)=C(/B1OC(C)(C)C(C)(C)O1)c1ccccc1,[2H]C(Cl)(Cl)Cl,2,29.76;29.76
Cc1cccc(C)c1N=C1B(N(C(C)C)C(C)C)C=CCB1N(C(C)C)C(C)C,[2H]c1c([2H])c([2H])c([2H])c([2H])c1[2H],2,40;40
CC[B-]1(CCCCCC[B-]2(CC)CCCC3=[N+]2CC=C3)CCCC2=[N+]1CC=C2,[2H]c1c([2H])c([2H])c([2H])c([2H])c1[2H],2,-5.1;-5.1
CC12B3C[C@H]4C[C@@H]5C[C@H](C4)C[C@]3(C5)C(C)(B3C[C@H]4C[C@@H]5C[C@H](C4)C[C@@]31C5)[Si]2(C)C,[2H]C(Cl)(Cl)Cl,2,90.8;90.8
CC12B3C[C@H]4C[C@@H]5C[C@H](C4)C[C@]3(C5)C(C)(B3C[C@H]4C[C@@H]5C[C@H](C4)C[C@@]31C5)[Sn]2(C)C,[2H]C(Cl)(Cl)Cl,2,83.2;83.2
ClB(OB(Cl)N(C1CCCCC1)C1CCCCC1)N(C1CCCCC1)C1CCCCC1,[2H]C(Cl)(Cl)Cl,2,23.9;23.9
CCCCC(B1OC(C)(C)C(C)(C)O1)=C(B1OC(C)(C)C(C)(C)O1)B1OC(C)(C)C(C)(C)O1,[2H]C(Cl)(Cl)Cl,3,30.75;30.75;30.75
CCB(CC)c1c(B(CC)CC)c2c(c3c1B(CC)C(C)B3CC)B(CC)C(C)B2CC,[2H]c1c([2H])c([2H])c([2H])c([2H])c1[2H],6,77;77;77;77;77;77
Cc1cc(C)c(B(B(c2c(C)cc(C)cc2C)N(C(C)C)C(C)C)N(C(C)C)C(C)C)c(C)c1,[2H]C(Cl)(Cl)Cl,2,46.3;46.3
CC(C)(C)B(C1B(N2CCCC2)C([Si](C)(C)C)([Si](C)(C)C)B1N1CCCC1)N1CCCC1,[2H]C(Cl)(Cl)Cl,3,44;44;44
CC(C)(C)P(=[N+]1[B-](F)(F)[N+](=P(C(C)(C)C)(C(C)(C)C)C(C)(C)C)[B-]1(F)F)(C(C)(C)C)C(C)(C)C,[2H]C([2H])(Cl)Cl,2,11.8;11.8
CC(C)CN(CC(C)C)B1OB(N(CC(C)C)CC(C)C)OB(N(CC(C)C)CC(C)C)O1,[2H]C(Cl)(Cl)Cl,3,23.9;23.9;23.9
CCCCO[P+]([BH2-][P+](OCCCC)(OCCCC)OCCCC)(OCCCC)OCCCC.F[B-](F)(F)F,[2H]C([2H])([2H])S(=O)C([2H])([2H])[2H],2,-1.73;-1.73
CC(C)(C)C(OB1N([Si](C)(C)C)B(OC(C(C)(C)C)C(C)(C)C)N1[Si](C)(C)C)C(C)(C)C,[2H]C(Cl)(Cl)Cl,2,25.6;25.6
CC(C)N(B1B(N(C(C)C)C(C)C)B(N(C(C)C)C(C)C)B1N(C(C)C)C(C)C)C(C)C,[2H]c1c([2H])c([2H])c([2H])c([2H])c1[2H],4,65;65;65;65
CC(C)N(B1P2B(N(C(C)C)C(C)C)P1[Si]21P2B(N(C(C)C)C(C)C)P1B2N(C(C)C)C(C)C)C(C)C,[2H]c1c([2H])c([2H])c([2H])c([2H])c1[2H],4,45.7;45.7;45.7;45.7
CCN(CC)B(C1B(N(CC)CC)C([Si](C)(C)C)([Si](C)(C)C)B1N(CC)CC)C(C)(C)C,[2H]C(Cl)(Cl)Cl,3,45;45;45
CC(C)(C)[N+]#C[B-]1(C(C)(C)C)N(c2c(F)c(F)c(F)c(F)c2F)B(C(C)(C)C)N1c1c(F)c(F)c(F)c(F)c1F,[2H]C(Cl)(Cl)Cl,2,21.1;21.1
C=C1CC[B-](=[N+](C(C)C)C(C)C)/C(=N\c2c(C)cccc2C)[B-]1=[N+](C(C)C)C(C)C,[2H]c1c([2H])c([2H])c([2H])c([2H])c1[2H],2,38;38
CC(C)(C)N(BN1C(C)(C)CCCC1(C)C)B(C1CCCCC1)C1CCCCC1,[2H]c1c([2H])c([2H])c([2H])c([2H])c1[2H],2,35.5;35.5
c1ccc2c(c1)OB(C(B1Oc3ccccc3O1)=C(B1Oc3ccccc3O1)B1Oc3ccccc3O1)O2,[2H]OC([2H])([2H])[2H],4,29.9;29.9;29.9;29.9
c1cc(B(c2cccs2)c2cccs2)nc(-c2cccc(B(c3cccs3)c3cccs3)n2)c1,[2H]C1([2H])OC([2H])([2H])C([2H])([2H])C1([2H])[2H],2,1;1
c1ccc2c(c1)OB(C(B1Oc3ccccc3O1)C(B1Oc3ccccc3O1)B1Oc3ccccc3O1)O2,[2H]OC([2H])([2H])[2H],4,32.5;32.5;32.5;32.5
c1ccc(B2Oc3ccccc3N2CCN2B(c3ccccc3)Oc3ccccc32)cc1,[2H]C(Cl)(Cl)Cl,2,32.5;32.5
C1=NN(c2ccccc2)B(OB2N(c3ccccc3)C=NN2c2ccccc2)N1c1ccccc1,[2H]C([2H])(Cl)Cl,2,20.5;20.5
CO[B-](OC)(c1ccccc1)c1cccc(-c2cccc([B-](OC)(OC)c3ccccc3)n2)n1.[Li+].[Li+],[2H]C1([2H])OC([2H])([2H])C([2H])([2H])C1([2H])[2H],2,6.7;6.7
Cc1cc(C)c(B(B(c2c(C)cc(C)cc2C)n2cccc2)n2cccc2)c(C)c1,[2H]C(Cl)(Cl)Cl,2,60;60
CC(C)B(B1OB(N(C(C)C)C(C)C)[C@H]2c3ccccc3[C@@H]1c1ccccc12)C(C)C,[2H]C(Cl)(Cl)Cl,3,28.2;28.2;28.2
Cc1cc(C)c(B(OC(C)(C)C)B(OC(C)(C)C)c2c(C)cc(C)cc2C)c(C)c1,[2H]c1c([2H])c([2H])c([2H])c([2H])c1[2H],2,57;57
Cc1cc(C)c(B(SC(C)(C)C)B(SC(C)(C)C)c2c(C)cc(C)cc2C)c(C)c1,[2H]C(Cl)(Cl)Cl,2,77;77
CC1(C)OB(C(B2OC(C)(C)C(C)(C)O2)=C(B2OC(C)(C)C(C)(C)O2)c2ccccc2)OC1(C)C,[2H]C(Cl)(Cl)Cl,3,30.58;30.58;30.58
Cc1cc(C)c(B(NC(C)(C)C)B(NC(C)(C)C)c2c(C)cc(C)cc2C)c(C)c1,[2H]c1c([2H])c([2H])c([2H])c([2H])c1[2H],2,45.3;45.3
c1cc(CCCB2C3CCCC2CCC3)[nH]c1CCCB1C2CCCC1CCC2,[2H]c1c([2H])c([2H])c([2H])c([2H])c1[2H],2,88.2;88.2
CCC(C)N(B1OB(N(C(C)CC)C(C)CC)C2c3ccccc3C=CC12)C(C)CC,[2H]C(Cl)(Cl)Cl,2,36.3;36.3
CC(C)(C)N1C=CN(C(C)(C)C)B1c1ccc(B2N(C(C)(C)C)C=CN2C(C)(C)C)cc1,[2H]c1c([2H])c([2H])c([2H])c([2H])c1[2H],2,25.9;25.9
CC(C)(C)N1C=CN(C(C)(C)C)B1c1cccc(B2N(C(C)(C)C)C=CN2C(C)(C)C)c1,[2H]c1c([2H])c([2H])c([2H])c([2H])c1[2H],2,25.8;25.8
CC(C)(C)N1CCN(C(C)(C)C)B1c1ccc(B2N(C(C)(C)C)CCN2C(C)(C)C)cc1,[2H]c1c([2H])c([2H])c([2H])c([2H])c1[2H],2,31.8;31.8
CC(C)(C)N1CCN(C(C)(C)C)B1c1cccc(B2N(C(C)(C)C)CCN2C(C)(C)C)c1,[2H]c1c([2H])c([2H])c([2H])c([2H])c1[2H],2,32.2;32.2
CC12B3C[C@H]4C[C@@H]5C[C@H](C4)C[C@]3(C5)C(C)(B3C[C@H]4C[C@@H]5C[C@H](C4)C[C@@]31C5)[Si](C)(C)[Si]2(C)C,[2H]C(Cl)(Cl)Cl,2,86;86
CC1(C)CCCC(C)(C)N1B1P(C(C)(C)C)B(N2C(C)(C)CCCC2(C)C)P1C(C)(C)C,[2H]c1c([2H])c([2H])c([2H])c([2H])c1[2H],2,63.2;63.2
Cc1ccc2c(c1)OB(c1cc(B3Oc4ccc(C)cc4O3)cc(B3Oc4ccc(C)cc4O3)c1)O2,[2H]OC([2H])([2H])[2H],3,29.6;29.6;29.6
c1ccc(B2Oc3ccccc3N2CCCN2B(c3ccccc3)Oc3ccccc32)cc1,[2H]C(Cl)(Cl)Cl,2,34.1;34.1
CCC[Si](CCC)(CCC)OB1OB(O[Si](CCC)(CCC)CCC)OB(O[Si](CCC)(CCC)CCC)O1,[2H]C(Cl)(Cl)Cl,3,15.4;15.4;15.4
C[Si](C)(C)[Si](B1NB([Si]([Si](C)(C)C)([Si](C)(C)C)[Si](C)(C)C)NB([Si]([Si](C)(C)C)([Si](C)(C)C)[Si](C)(C)C)N1)([Si](C)(C)C)[Si](C)(C)C,[2H]c1c([2H])c([2H])c([2H])c([2H])c1[2H],3,38;38;38
Cc1ccc2c(c1)OB(c1ccccc1)N2CCN1B(c2ccccc2)Oc2cc(C)ccc21,[2H]C(Cl)(Cl)Cl,2,33.7;33.7
Cc1ccc2c(c1)N(CCN1B(c3ccccc3)Oc3ccc(C)cc31)B(c1ccccc1)O2,[2H]C(Cl)(Cl)Cl,2,34.4;34.4
CN(C)B(B(N(C)C)n1c2ccccc2c2ccccc21)n1c2ccccc2c2ccccc21,[2H]c1c([2H])c([2H])c([2H])c([2H])c1[2H],2,37.9;37.9
CC(C)(C)c1ccc2c(c1)OB(C1=CC=C(B3Oc4ccc(C(C)(C)C)cc4O3)C1[Si](C)(C)C)O2,[2H]C(Cl)(Cl)Cl,2,22.9;22.9
[BH3-][P+]1(c2c(C)cc(C)cc2C)C=C(C)[C@@H]2[C@H]1[C@@H]1C=C(C)[C@H]2[P@@+]1([BH3-])c1c(C)cc(C)cc1C,[2H]C(Cl)(Cl)Cl,2,-33.9;-33.9
CB(C)c1c(B(C)C)c([B-](C)(C)[n+]2ccccc2)c(B(C)C)c(B(C)C)c1[B-](C)(C)[n+]1ccccc1,[2H]C1([2H])OC([2H])([2H])C([2H])([2H])C1([2H])[2H],6,55.4;55.4;55.4;55.4;55.4;55.4
CO[B-](c1cccc(-c2cccc([B-](OC)(C(C)(C)C)C(C)(C)C)n2)n1)(C(C)(C)C)C(C)(C)C.[Li+].[Li+],[2H]C1([2H])OC([2H])([2H])C([2H])([2H])C1([2H])[2H],2,5.1;5.1
C/C(=C1\CC2C[C@H]3CB1C[C@@H](C2)C3)[Si](C)(C)[Si](C)(C)/C(C)=C1/CC2C[C@H]3CB1C[C@@H](C2)C3,[2H]C(Cl)(Cl)Cl,2,82.5;82.5
CC(C)N(B(Cl)c1ccc(B(c2ccc(B(Cl)N(C(C)C)C(C)C)n2C)N(C(C)C)C(C)C)n1C)C(C)C,[2H]c1c([2H])c([2H])c([2H])c([2H])c1[2H],3,35;35;35
C[Si](C)(C)C12B3CC4C[C@@H]5C[C@H](C4)C[C@]3(C5)C([Si](C)(C)C)(B3CC4C[C@@H]5C[C@H](C4)C[C@@]31C5)[Sn]2(C)C,[2H]C(Cl)(Cl)Cl,2,84.9;84.9
CC(C)(C)B(N1B(C(C)(C)C)[N+](C(C)(C)C)=[B-]1C(C)(C)C)N1B(C(C)(C)C)[N+](C(C)(C)C)=[B-]1C(C)(C)C,[2H]c1c([2H])c([2H])c([2H])c([2H])c1[2H],5,41.5;41.5;41.5;41.5;41.5
Cc1ccc2c(c1)OB(c1ccccc1)N2CCCN1B(c2ccccc2)Oc2cc(C)ccc21,[2H]C(Cl)(Cl)Cl,2,34.1;34.1
Cc1ccc2c(c1)N(CCCN1B(c3ccccc3)Oc3ccc(C)cc31)B(c1ccccc1)O2,[2H]C(Cl)(Cl)Cl,2,34.2;34.2
CC(C)N(B(c1ccc(B(N(C(C)C)C(C)C)N(C(C)C)C(C)C)n1C)N(C(C)C)C(C)C)C(C)C,[2H]c1c([2H])c([2H])c([2H])c([2H])c1[2H],2,33.7;33.7
Fc1c(F)c(F)c(B(c2c(F)c(F)c(F)c(F)c2F)c2c(F)c(F)c(F)c(F)c2B(c2c(F)c(F)c(F)c(F)c2F)c2c(F)c(F)c(F)c(F)c2F)c(F)c1F,[2H]C([2H])(Cl)Cl,2,41.7;41.7
Fc1c(F)c(F)c([B-]2(c3c(F)c(F)c(F)c(F)c3F)[F+][B-](c3c(F)c(F)c(F)c(F)c3F)(c3c(F)c(F)c(F)c(F)c3F)c3c(F)c(F)c(F)c(F)c32)c(F)c1F.[K+],[2H]C([2H])(Cl)Cl,2,0.3;0.3
Fc1c(F)c(F)c([B-]2(c3c(F)c(F)c(F)c(F)c3F)[OH+][B-](c3c(F)c(F)c(F)c(F)c3F)(c3c(F)c(F)c(F)c(F)c3F)c3c(F)c(F)c(F)c(F)c32)c(F)c1F.[K+],[2H]C([2H])(Cl)Cl,2,2.8;2.8
Fc1c(F)c(F)c([B-]23OCC[N+]4=Cc5ccccc5O[B-]4(c4c(F)c(F)c(F)c(F)c4F)OCC[N+]2=Cc2ccccc2O3)c(F)c1F,[2H]C(Cl)(Cl)Cl,2,2;2
c1ccc2c(c1)OB(c1cc(B3Oc4ccccc4O3)c(B3Oc4ccccc4O3)cc1B1Oc3ccccc3O1)O2,[2H]C(Cl)(Cl)Cl,4,22.2;22.2;22.2;22.2
C[Si](C)(C)[NH+]1[B-](c2c(F)c(F)c(F)c(F)c2F)(c2c(F)c(F)c(F)c(F)c2F)[NH+]([Si](C)(C)C)[B-]1(c1c(F)c(F)c(F)c(F)c1F)c1c(F)c(F)c(F)c(F)c1F,[2H]c1c([2H])c([2H])c([2H])c([2H])c1[2H],2,-2.8;-2.8
Fc1ccc([B-]23OCC[N+]4=Cc5ccccc5O[B-]4(c4ccc(F)cc4F)OCC[N+]2=Cc2ccccc2O3)c(F)c1,[2H]C(Cl)(Cl)Cl,2,2.9;2.9
Fc1ccc([B-]23OCC[N+]4=Cc5ccccc5O[B-]4(c4ccc(F)c(F)c4)OCC[N+]2=Cc2ccccc2O3)cc1F,[2H]C(Cl)(Cl)Cl,2,2.2;2.2
Fc1cc(F)cc([B-]23OCC[N+]4=Cc5ccccc5O[B-]4(c4cc(F)cc(F)c4)OCC[N+]2=Cc2ccccc2O3)c1,[2H]C(Cl)(Cl)Cl,2,2.7;2.7
Brc1ccc([B-]23OCC[N+]4=Cc5ccccc5O[B-]4(c4ccc(Br)cc4)OCC[N+]2=Cc2ccccc2O3)cc1,[2H]C(Cl)(Cl)Cl,2,2.4;2.4
Clc1cccc([B@@-]23OCC[N+]4=Cc5ccccc5O[B@@-]4(c4cccc(Cl)c4)OCC[N+]2=Cc2ccccc2O3)c1,[2H]C(Cl)(Cl)Cl,2,6.6;6.6
Clc1ccc([B@@-]23OCC[N+]4=Cc5ccccc5O[B@@-]4(c4ccc(Cl)cc4)OCC[N+]2=Cc2ccccc2O3)cc1,[2H]C(Cl)(Cl)Cl,2,2.14;2.14
c1ccc2c(c1)OB(CC(CCC(CB1Oc3ccccc3O1)B1Oc3ccccc3O1)B1Oc3ccccc3O1)O2,[2H]C(Cl)(Cl)Cl,4,35;35;35;35
Nc1cccc([B@@-]23OCC[N+]4=Cc5ccccc5O[B@@-]4(c4cccc(N)c4)OCC[N+]2=Cc2ccccc2O3)c1,[2H]C([2H])([2H])S(=O)C([2H])([2H])[2H],2,2.8;2.8
Cc1cc(C)c(B(Sc2ccccc2)B(Sc2ccccc2)c2c(C)cc(C)cc2C)c(C)c1,[2H]C(Cl)(Cl)Cl,2,80.6;80.6
C[Si](C)(C)C1=CC(B2Oc3ccccc3O2)=CC1[Si](C)(C)C1=CC(B2Oc3ccccc3O2)=CC1[Si](C)(C)C,[2H]C(Cl)(Cl)Cl,2,23;23
CC(C)CN(CC(C)C)B1OB(N(CC(C)C)CC(C)C)[C@H]2c3ccccc3[C@@H]1c1ccccc12,[2H]C(Cl)(Cl)Cl,2,28.2;28.2
CC(C)CN(CC(C)C)B1OB(N(CC(C)C)CC(C)C)C2c3ccccc3-c3ccccc3C12,[2H]C(Cl)(Cl)Cl,2,35.9;35.9
CCCCCCCC[Si@]1(C)OB(c2ccc(Br)cc2)O[Si@@](C)(CCCCCCCC)OB(c2ccc(Br)cc2)O1,[2H]C(Cl)(Cl)Cl,2,25.3;25.3
CCCCCCCC[Si@]1(C)OB(c2cccc([N+](=O)[O-])c2)O[Si@@](C)(CCCCCCCC)OB(c2cccc([N+](=O)[O-])c2)O1,[2H]C(Cl)(Cl)Cl,2,26.3;26.3
CC(C)P(C(C)C)(C(C)C)=[N+]1[B-]2(Oc3ccccc3O2)[N+](=P(C(C)C)(C(C)C)C(C)C)[B-]12Oc1ccccc1O2,[2H]c1c([2H])c([2H])c([2H])c([2H])c1[2H],2,7.8;7.8
CCCCCCCC[Si@]1(C)OB(c2ccccc2)O[Si@@](C)(CCCCCCCC)OB(c2ccccc2)O1,[2H]C(Cl)(Cl)Cl,2,25.1;25.1
C[Si](C)(C)C(/C=C\C(=C1/CC2C[C@H]3CB1C[C@@H](C2)C3)[Si](C)(C)C)=C1/CC2C[C@H]3CB1C[C@@H](C2)C3,[2H]c1c([2H])c([2H])c([2H])c([2H])c1[2H],2,79.9;79.9
C[Si](C)(C)C(/C=C\C(=C1/C[C@@H]2C[C@@H]3CB1C[C@@H](C3)C2)[Si](C)(C)C)=C1\C[C@@H]2C[C@@H]3CB1C[C@@H](C3)C2,[2H]c1c([2H])c([2H])c([2H])c([2H])c1[2H],2,78.3;78.3
C[Si](C)(C)C12C=CC([Si](C)(C)C)(B3C4C[C@@H]5C[C@H](C4)C[C@@H](C5)C31)C13C[C@@H]4C[C@H](CB12)C[C@@H](C4)C3,[2H]c1c([2H])c([2H])c([2H])c([2H])c1[2H],2,81.2;81.2
CCCCCC[B-]1(CCCCCC)n2cc(I)c[n+]2[B-](CCCCCC)(CCCCCC)n2cc(I)c[n+]21,[2H]C(Cl)(Cl)Cl,2,3.58;3.58
CCB(CC)c1c(B(CC)CC)c(B(CC)CC)c(B(CC)CC)c(B(CC)CC)c1B(CC)CC,[2H]c1c([2H])c([2H])c([2H])c([2H])c1[2H],6,83.7;83.7;83.7;83.7;83.7;83.7
CN1B([Si]([Si](C)(C)C)([Si](C)(C)C)[Si](C)(C)C)N(C)B([Si]([Si](C)(C)C)([Si](C)(C)C)[Si](C)(C)C)N(C)B1[Si]([Si](C)(C)C)([Si](C)(C)C)[Si](C)(C)C,[2H]c1c([2H])c([2H])c([2H])c([2H])c1[2H],3,42.2;42.2;42.2
C[O+]1[B-](c2c(F)c(F)c(F)c(F)c2F)(c2c(F)c(F)c(F)c(F)c2F)c2c(F)c(F)c(F)c(F)c2[B-]1(c1c(F)c(F)c(F)c(F)c1F)c1c(F)c(F)c(F)c(F)c1F.c1ccc([C+](c2ccccc2)c2ccccc2)cc1,[2H]C([2H])(Cl)Cl,2,5.1;5.1
CC(C)(C)N(B(c1ccccc1)c1ccccc1)B(c1ccccc1)N1C(C)(C)CCCC1(C)C,[2H]c1c([2H])c([2H])c([2H])c([2H])c1[2H],2,43.1;43.1
[BH3-][P@+]1(OCC(C)(C)CO[P@+]2([BH3-])O[C@@H](c3ccccc3)C(C)(C)C(C)(C)O2)O[C@H](c2ccccc2)C(C)(C)C(C)(C)O1,[2H]C(Cl)(Cl)Cl,2,-43.1;-43.1
Fc1c(F)c(F)c(B(c2ccc(-c3ccc(B(c4c(F)c(F)c(F)c(F)c4F)c4c(F)c(F)c(F)c(F)c4F)s3)s2)c2c(F)c(F)c(F)c(F)c2F)c(F)c1F,[2H]C([2H])(Cl)Cl,2,56.4;56.4
C1=[N+]2c3ccccc3O[B-]2(c2ccc([B-]34Oc5ccccc5C=[N+]3c3ccccc3O4)cc2)Oc2ccccc21,[2H]C([2H])([2H])S(=O)C([2H])([2H])[2H],2,7.6;7.6
O=Cc1ccc([B@@-]23OCC[N+]4=Cc5ccccc5O[B@@-]4(c4ccc(C=O)cc4)OCC[N+]2=Cc2ccccc2O3)cc1,[2H]C([2H])([2H])S(=O)C([2H])([2H])[2H],2,2;2
C/C(=N\C(C)(C)C)N1B(c2c(F)c(F)c(F)c(F)c2F)N(C(C)(C)C)B(c2c(F)c(F)c(F)c(F)c2F)N(C(C)(C)C)B1c1c(F)c(F)c(F)c(F)c1F,[2H]C(Cl)(Cl)Cl,3,33;33;33
CC(C)O[B-](c1cccc(-c2cccc([B-](OC(C)C)(c3cccs3)c3cccs3)n2)n1)(c1cccs1)c1cccs1.[Li+].[Li+],[2H]C1([2H])OC([2H])([2H])C([2H])([2H])C1([2H])[2H],2,0.7;0.7
Cc1cccc([B@@-]23OCC[N+]4=Cc5ccccc5O[B@@-]4(c4cccc(C)c4)OCC[N+]2=Cc2ccccc2O3)c1,[2H]C(Cl)(Cl)Cl,2,3.5;3.5
c1ccc([B-]2(c3ccccc3)OCC[N@+]23CC[N@+]2(CCO[B-]2(c2ccccc2)c2ccccc2)CC3)cc1,[2H]C([2H])([2H])S(=O)C([2H])([2H])[2H],2,3;3
CC1(C)OB(c2ccc3ccccc3c2-c2c(B3OC(C)(C)C(C)(C)O3)ccc3ccccc23)OC1(C)C,[2H]C(Cl)(Cl)Cl,2,31.1;31.1
Cc1cc(C)c(B(NCc2ccccc2)B(NCc2ccccc2)c2c(C)cc(C)cc2C)c(C)c1,[2H]C(Cl)(Cl)Cl,2,47.9;47.9
CCCCB1O[Si](c2ccccc2)(c2ccccc2)OB(CCCC)O[Si](c2ccccc2)(c2ccccc2)O1,[2H]C(Cl)(Cl)Cl,2,25.6;25.6
CC1c2ccc(s2)B(N(C(C)C)C(C)C)c2ccc(s2)C(C)c2ccc(s2)B(N(C(C)C)C(C)C)c2ccc1s2,[2H]C(Cl)(Cl)Cl,2,35;35
CB1c2ccc(s2)C(C)c2ccc(s2)B(N(C(C)C)C(C)C)c2ccc(s2)C(N(C(C)C)C(C)C)c2ccc1s2,[2H]C(Cl)(Cl)Cl,2,36.5;36.5
CC1c2ccc(o2)B(N(C(C)C)C(C)C)c2ccc(s2)C(C)c2ccc(s2)B(N(C(C)C)C(C)C)c2ccc1s2,[2H]C(Cl)(Cl)Cl,2,39;39
CC(C)(C)c1cc2c(c(C(C)(C)C)c1)O[B-](Br)(Br)[N+](CC[N+]1=Cc3cc(C(C)(C)C)cc(C(C)(C)C)c3O[B-]1(Br)Br)=C2,[2H]C(Cl)(Cl)Cl,2,-0.42;-0.42
[BH3-][P@+]1(Oc2cccc(O[P@+]3([BH3-])O[C@@H](c4ccccc4)C(C)(C)C(C)(C)O3)c2)O[C@H](c2ccccc2)C(C)(C)C(C)(C)O1,[2H]C(Cl)(Cl)Cl,2,-42;-42
Cl[B-]1(Cl)N(C2CCCCC2)[C+](c2ccc([C+]3N(C4CCCCC4)[B-](Cl)(Cl)N3C3CCCCC3)cc2)N1C1CCCCC1,[2H]C(Cl)(Cl)Cl,2,5.97;5.97
CC(C)(C)N1C=CN(C(C)(C)C)B1c1ccc(-c2ccc(B3N(C(C)(C)C)C=CN3C(C)(C)C)cc2)cc1,[2H]c1c([2H])c([2H])c([2H])c([2H])c1[2H],2,25.9;25.9
C[Si](C)(C)N1[C+](c2ccc([C+]3N([Si](C)(C)C)[B-](Cl)(c4ccccc4)N3[Si](C)(C)C)cc2)N([Si](C)(C)C)[B-]1(Cl)c1ccccc1,[2H]C(Cl)(Cl)Cl,2,9.05;9.05
CC(C)(C)N1CCN(C(C)(C)C)B1c1ccc(-c2ccc(B3N(C(C)(C)C)CCN3C(C)(C)C)cc2)cc1,[2H]C([2H])(Cl)Cl,2,32;32
CC(C)(C)/N=C1C(=N/C(C)(C)C)/[B-](C#[N+]C(C)(C)C)(C(C)(C)C)N(C(C)(C)C)[B-]/1(C#[N+]C(C)(C)C)C(C)(C)C,[2H]C(Cl)(Cl)Cl,2,-11.3;-11.3
CC(C)N1B(OC(C(C)(C)C)(C(C)(C)C)C(C)(C)C)N(C(C)C)B1OC(C(C)(C)C)(C(C)(C)C)C(C)(C)C,[2H]C(Cl)(Cl)Cl,2,24.2;24.2
CC(C)CN(CC(C)C)B1OB(N(CC(C)C)CC(C)C)B(N(CC(C)C)CC(C)C)OB1N(CC(C)C)CC(C)C,[2H]C(Cl)(Cl)Cl,4,34.6;34.6;34.6;34.6
CC/C(=N\C(C)(C)C)N1B(c2c(F)c(F)c(F)c(F)c2F)N(C(C)(C)C)B(c2c(F)c(F)c(F)c(F)c2F)N(C(C)(C)C)B1c1c(F)c(F)c(F)c(F)c1F,[2H]C(Cl)(Cl)Cl,3,32;32;32
Cc1cc(C)c(B(B(c2c(C)cc(C)cc2C)c2c(C)cc(C)cc2C)c2ccccc2)c(C)c1,[2H]c1c([2H])c([2H])c([2H])c([2H])c1[2H],2,90.5;90.5
CC1c2ccc(s2)B(N(C(C)C)C(C)C)c2ccc(n2C)B(N(C(C)C)C(C)C)c2ccc(s2)C(C)c2ccc1s2,[2H]C(Cl)(Cl)Cl,2,43.9;43.9
CC#[N+][B-](c1c(F)c(F)c(F)c(F)c1F)(c1c(F)c(F)c(F)c(F)c1F)c1c(F)c(F)c(F)c(F)c1[B-]([N+]#CC)(c1c(F)c(F)c(F)c(F)c1F)c1c(F)c(F)c(F)c(F)c1F,[2H]C([2H])(Cl)Cl,2,-7;-7
F[B-]1(F)N(c2cccc(C(F)(F)F)c2)c2n/c(=c3/nc4c([nH]3)=[N+](c3cccc(C(F)(F)F)c3)[B-](F)(F)N4c3cccc(C(F)(F)F)c3)[nH]c2=[N+]1c1cccc(C(F)(F)F)c1,[2H]C([2H])(Cl)Cl,2,10.18;10.18
CC(=O)c1ccc([B@@-]23OCC[N+]4=Cc5ccccc5O[B@@-]4(c4ccc(C(C)=O)cc4)OCC[N+]2=Cc2ccccc2O3)cc1,[2H]C(Cl)(Cl)Cl,2,2.7;2.7
CC(=O)c1cccc([B@@-]23OCC[N+]4=Cc5ccccc5O[B@@-]4(c4cccc(C(C)=O)c4)OCC[N+]2=Cc2ccccc2O3)c1,[2H]C(Cl)(Cl)Cl,2,6.9;6.9
CCOc1ccc([B@@-]23OCC[N+]4=Cc5ccccc5O[B@@-]4(c4ccc(OCC)cc4)OCC[N+]2=Cc2ccccc2O3)cc1,[2H]C(Cl)(Cl)Cl,2,1.5;1.5
CC(C)(C)c1ccc2c(c1)N(CCN1B(c3ccccc3)Oc3ccc(C(C)(C)C)cc31)B(c1ccccc1)O2,[2H]C(Cl)(Cl)Cl,2,32;32
CC1(C)OB(c2ccc([C@@H]3[C@H](C(=O)O)c4ccccc4C(=O)N3c3ccc(B4OC(C)(C)C(C)(C)O4)cc3)cc2)OC1(C)C,[2H]C(Cl)(Cl)Cl,2,32.2;32.2
COB([BH-]1Cc2cc(C)cc(C)c2-c2cccc(-c3c(C)cc(C)cc3C)c21)c1c(C)cc(C)cc1C.[Li+],[2H]c1c([2H])c([2H])c([2H])c([2H])c1[2H],2,77.8;77.8
CC1c2ccc(s2)B(N2C(C)CCCC2C)c2ccc(s2)C(C)c2ccc(s2)B(N2C(C)CCCC2C)c2ccc1s2,[2H]C(Cl)(Cl)Cl,2,42.3;42.3
CC#C[Sn](C#CC)(/C(C)=C(/CC)[B-](CC)(CC)[n+]1ccccc1)/C(C)=C(/CC)[B-](CC)(CC)[n+]1ccccc1,[2H]C(Cl)(Cl)Cl,2,-8;-8
COB1Oc2c(cc(C(C)(C)C)cc2C(C)(C)C)CN1CCN1Cc2cc(C(C)(C)C)cc(C(C)(C)C)c2OB1OC,[2H]C(Cl)(Cl)Cl,2,21;21
C#Cc1cn2[n+](c1)[B-](CCCCCC)(CCCCCC)n1cc(C#C)c[n+]1[B-]2(CCCCCC)CCCCCC,[2H]C(Cl)(Cl)Cl,2,3.38;3.38
C1CC2CCCC(C1)[B-]21O[C+]([C+]2O[B-]3([OH+][B@-]4(O2)C2CCCC4CCC2)[C@H]2CCC[C@H]3CCC2)O[B@-]2([OH+]1)[C@H]1CCC[C@H]2CCC1,[2H]C(Cl)(Cl)Cl,4,52.3;52.3;52.3;52.3
C1CC2CCCC(C1)[B-]21O[C+]([C+]2O[B-]3([OH+][B@-]4(O2)C2CCCC4CCC2)[C@H]2CCC[C@H]3CCC2)O[B@-]2([OH+]1)[C@H]1CCC[C@H]2CCC1,[2H]C([2H])([2H])S(=O)C([2H])([2H])[2H],4,19.1;19.1;19.1;19.1
CC(C)Cc1cccc(CC(C)C)c1OB1N([Si](C)(C)C)B(Oc2c(CC(C)C)cccc2CC(C)C)N1[Si](C)(C)C,[2H]C(Cl)(Cl)Cl,2,26.3;26.3
Cc1cc(C)c(C)c([B-]2=C([Si](C)(C)C)B(N([Si](C)(C)C)[Si](C)(C)C)C([Si](C)(C)C)=[B-]2c2c(C)c(C)cc(C)c2C)c1C.[K+].[K+],[2H]c1c([2H])c([2H])c(C([2H])([2H])[2H])c([2H])c1[2H],3,62;62;62
COB(B(OC)c1c(-c2c(C)cc(C)cc2C)cccc1-c1c(C)cc(C)cc1C)c1c(C)cc(C)cc1C,[2H]c1c([2H])c([2H])c([2H])c([2H])c1[2H],2,54.4;54.4
Fc1c(F)c(F)c([O+]2[B-](c3c(F)c(F)c(F)c(F)c3F)(c3c(F)c(F)c(F)c(F)c3F)c3c(F)c(F)c(F)c(F)c3[B-]2(c2c(F)c(F)c(F)c(F)c2F)c2c(F)c(F)c(F)c(F)c2F)c(F)c1F.c1ccc([C+](c2ccccc2)c2ccccc2)cc1,[2H]C([2H])(Cl)Cl,2,9;9
Fc1c(F)c(F)c([B-]([NH2+][B-](c2c(F)c(F)c(F)c(F)c2F)(c2c(F)c(F)c(F)c(F)c2F)c2c(F)c(F)c(F)c(F)c2F)(c2c(F)c(F)c(F)c(F)c2F)c2c(F)c(F)c(F)c(F)c2F)c(F)c1F.[Na+],[2H]C(Cl)(Cl)Cl,2,-5.5;-5.5
c1ccc(-c2ccccc2OB2Oc3ccccc3-c3ccccc3O2)c(OB2Oc3ccccc3-c3ccccc3O2)c1,[2H]C(Cl)(Cl)Cl,2,19.3;19.3
c1ccc2c(c1)OB(Oc1ccccc1-c1ccccc1OB1Oc3ccccc3-c3ccccc3O1)Oc1ccccc1-2,[2H]C(Cl)(Cl)Cl,2,19.5;19.5
c1ccc2c(c1)OB(C(B1Oc3ccccc3O1)(B1Oc3ccccc3O1)C(B1Oc3ccccc3O1)(B1Oc3ccccc3O1)B1Oc3ccccc3O1)O2,[2H]OC([2H])([2H])[2H],6,34;34;34;34;34;34
Brc1ccc(B2O[Si](c3ccccc3)(c3ccccc3)OB(c3ccc(Br)cc3)O[Si](c3ccccc3)(c3ccccc3)O2)cc1,[2H]C(Cl)(Cl)Cl,2,25.4;25.4
O=[N+]([O-])c1cccc(B2O[Si](c3ccccc3)(c3ccccc3)OB(c3cccc([N+](=O)[O-])c3)O[Si](c3ccccc3)(c3ccccc3)O2)c1,[2H]C(Cl)(Cl)Cl,2,25.2;25.2
c1ccc(B2O[Si](c3ccccc3)(c3ccccc3)OB(c3ccccc3)O[Si](c3ccccc3)(c3ccccc3)O2)cc1,[2H]C(Cl)(Cl)Cl,2,29.1;29.1
Nc1cccc(B2O[Si](c3ccccc3)(c3ccccc3)OB(c3cccc(N)c3)O[Si](c3ccccc3)(c3ccccc3)O2)c1,[2H]C(Cl)(Cl)Cl,2,25.4;25.4
[BH2-]1[P+](c2ccccc2)(c2ccccc2)[BH2-][P+](c2ccccc2)(c2ccccc2)[BH2-][P+]1(c1ccccc1)c1ccccc1,[2H]C(Cl)(Cl)Cl,3,-32.9;-32.9;-32.9
CC(C)(C)c1ccc2c(c1)OB(c1ccc(B3Oc4ccc(C(C)(C)C)cc4O3)c(B3Oc4ccc(C(C)(C)C)cc4O3)c1)O2,[2H]C([2H])(Cl)Cl,3,33.9;33.9;33.9
CC1=[N+]2CCOCCO[B-]3(c4ccccc4)Oc4ccccc4C(C)=[N+]3CCOCCO[B-]2(c2ccccc2)Oc2ccccc21,[2H]C(Cl)(Cl)Cl,2,7.7;7.7
CC1=[N+]2CCNCCO[B-]3(c4ccccc4)Oc4ccccc4C(C)=[N+]3CCNCCO[B-]2(c2ccccc2)Oc2ccccc21,[2H]C(Cl)(Cl)Cl,2,7.9;7.9
CC1(C)OB(c2cc3c(cc2CCCCc2cc4c(cc2B2OC(C)(C)C(C)(C)O2)CCCC4)CCCC3)OC1(C)C,[2H]c1c([2H])c([2H])c([2H])c([2H])c1[2H],2,31;31
CC(C)(C)c1cc2c(c(C(C)(C)C)c1)OB(C1=CC=C(B3Oc4cc(C(C)(C)C)cc(C(C)(C)C)c4O3)C1[Si](C)(C)C)O2,[2H]C(Cl)(Cl)Cl,2,22.7;22.7
CC(C)(C)c1cc2c(c(C(C)(C)C)c1)O[B-](Br)(Br)[N+](CCCCCC[N+]1=Cc3cc(C(C)(C)C)cc(C(C)(C)C)c3O[B-]1(Br)Br)=C2,[2H]C(Cl)(Cl)Cl,2,2.02;2.02
COB1Oc2c(cc(C(C)(C)C)cc2C(C)(C)C)CN1CCCCN1Cc2cc(C(C)(C)C)cc(C(C)(C)C)c2OB1OC,[2H]C(Cl)(Cl)Cl,2,20.7;20.7
CC(C)(C)c1cccc(C(C)(C)C)c1OB1N(C(C)(C)C)B(Oc2c(C(C)(C)C)cccc2C(C)(C)C)N1C(C)(C)C,[2H]C(Cl)(Cl)Cl,2,25;25
CCCCP(CCCC)(CCCC)=[N+]1[B-]2(Oc3ccccc3O2)[N+](=P(CCCC)(CCCC)CCCC)[B-]12Oc1ccccc1O2,[2H]c1c([2H])c([2H])c([2H])c([2H])c1[2H],2,6;6
CC(C)(C)N1C=CN(C(C)(C)C)B1c1cc(B2N(C(C)(C)C)C=CN2C(C)(C)C)cc(B2N(C(C)(C)C)C=CN2C(C)(C)C)c1,[2H]c1c([2H])c([2H])c([2H])c([2H])c1[2H],3,25.8;25.8;25.8
C1CCC(N(B2OB(N(C3CCCCC3)C3CCCCC3)OB(N(C3CCCCC3)C3CCCCC3)O2)C2CCCCC2)CC1,[2H]C(Cl)(Cl)Cl,3,20.9;20.9;20.9
CC(C)(C)N1CCN(C(C)(C)C)B1c1cc(B2N(C(C)(C)C)CCN2C(C)(C)C)cc(B2N(C(C)(C)C)CCN2C(C)(C)C)c1,[2H]c1c([2H])c([2H])c([2H])c([2H])c1[2H],3,31.1;31.1;31.1
CC1(C)CCCC(C)(C)N1B1P2B(N3C(C)(C)CCCC3(C)C)P1[Si]21P2B(N3C(C)(C)CCCC3(C)C)P1B2N1C(C)(C)CCCC1(C)C,[2H]c1c([2H])c([2H])c([2H])c([2H])c1[2H],4,48.6;48.6;48.6;48.6
CCCC[Si](CCCC)(CCCC)OB1OB(O[Si](CCCC)(CCCC)CCCC)OB(O[Si](CCCC)(CCCC)CCCC)O1,[2H]C(Cl)(Cl)Cl,3,19;19;19
Fc1c(F)c(F)c(B(c2ccc(-c3ccc([B-](c4c(F)c(F)c(F)c(F)c4F)(c4c(F)c(F)c(F)c(F)c4F)[n+]4ccccc4)s3)s2)c2c(F)c(F)c(F)c(F)c2F)c(F)c1F,[2H]C([2H])(Cl)Cl,2,-2.6;-2.6
CCCCCCC1(CCCCCC)c2cc(B3Oc4ccccc4O3)ccc2-c2ccc(B3Oc4ccccc4O3)cc21,[2H]C(Cl)(Cl)Cl,2,30;30
Cc1ccccc1B1O[Si](c2ccccc2)(c2ccccc2)OB(c2ccccc2C)O[Si](c2ccccc2)(c2ccccc2)O1,[2H]C(Cl)(Cl)Cl,2,28;28
CC(C)[N+](=C1O[B-](c2ccccc2)(c2ccccc2)C(=[N+](C(C)C)C(C)C)O[B-]1(c1ccccc1)c1ccccc1)C(C)C,[2H]C(Cl)(Cl)Cl,2,1.8;1.8
CC1c2ccc(s2)B(N2C(C)(C)CCCC2(C)C)c2ccc(s2)C(C)c2ccc(s2)B(N2C(C)(C)CCCC2(C)C)c2ccc1s2,[2H]C(Cl)(Cl)Cl,2,43.3;43.3
CC1c2ccc(s2)B(N2C(C)(C)CCCC2(C)C)c2ccc(s2)B(N2C(C)(C)CCCC2(C)C)c2ccc(s2)C(C)c2ccc1s2,[2H]C(Cl)(Cl)Cl,2,40;40
c1ccc2c(c1)C1B(N(C3CCCCC3)C3CCCCC3)OB(N(C3CCCCC3)C3CCCCC3)C2c2ccccc21,[2H]C(Cl)(Cl)Cl,2,29.3;29.3
COB1Oc2c(cc(C(C)(C)C)cc2C(C)(C)C)CN1CCCCCCN1Cc2cc(C(C)(C)C)cc(C(C)(C)C)c2OB1OC,[2H]C(Cl)(Cl)Cl,2,20;20
CC(C)(C)c1cc2c(c(C(C)(C)C)c1)OB(O[Si](C)(C)C)N(CCN1Cc3cc(C(C)(C)C)cc(C(C)(C)C)c3OB1O[Si](C)(C)C)C2,[2H]C(Cl)(Cl)Cl,2,19.8;19.8
Cc1cc(C)c(P2B(C([Si](C)(C)C)([Si](C)(C)C)[Si](C)(C)C)P(c3c(C)cc(C)cc3C)B2C([Si](C)(C)C)([Si](C)(C)C)[Si](C)(C)C)c(C)c1,[2H]c1c([2H])c([2H])c([2H])c([2H])c1[2H],2,79.5;79.5
Fc1c(F)c(F)c([B-](c2c(F)c(F)c(F)c(F)c2F)(c2c(F)c(F)c(F)c(F)c2F)[n+]2cnc[n+]([B-](c3c(F)c(F)c(F)c(F)c3F)(c3c(F)c(F)c(F)c(F)c3F)c3c(F)c(F)c(F)c(F)c3F)c2)c(F)c1F,[2H]C([2H])(Cl)Cl,2,4.5;4.5
Oc1cccc2c1O[B-]1(O)c3cccc(c3)[N+]3=Cc4cccc(O)c4O[B-]3(O)c3cccc(c3)[N+]3=Cc4cccc(O)c4O[B-]3(O)c3cccc(c3)[N+]1=C2,[2H]C([2H])([2H])S(=O)C([2H])([2H])[2H],3,2;2;2
CC(C)N(C(=O)c1ccccc1B1OB(c2ccccc2C(=O)N(C(C)C)C(C)C)OB(c2ccccc2C(=O)N(C(C)C)C(C)C)O1)C(C)C,[2H]C(Cl)(Cl)Cl,3,21;21;21
c1ccc(B2OC3C(OB(c4ccccc4)OC3(c3ccccc3)c3ccccc3)C(c3ccccc3)(c3ccccc3)O2)cc1,[2H]C(Cl)(Cl)Cl,2,27;27
CC(C)C[NH2+][B-]1(c2ccccc2)O[Si](c2ccccc2)(c2ccccc2)OB(c2ccccc2)O[Si](c2ccccc2)(c2ccccc2)O1,[2H]C(Cl)(Cl)Cl,2,18.6;18.6
CN(C)B(B(N(C)C)[Ge](c1ccccc1)(c1ccccc1)c1ccccc1)[Ge](c1ccccc1)(c1ccccc1)c1ccccc1,[2H]c1c([2H])c([2H])c([2H])c([2H])c1[2H],2,57.3;57.3
CN(C)B(B(N(C)C)[Sn](c1ccccc1)(c1ccccc1)c1ccccc1)[Sn](c1ccccc1)(c1ccccc1)c1ccccc1,[2H]c1c([2H])c([2H])c([2H])c([2H])c1[2H],2,60.8;60.8
Cc1cc(C)c(C)c(B2c3ccc(s3)C(C)c3ccc(s3)B(c3c(C)c(C)cc(C)c3C)c3ccc(s3)C(C)c3ccc2s3)c1C,[2H]C(Cl)(Cl)Cl,2,70;70
Cc1cc(C)c(N2/C(=C3\C=[N+](c4c(C)cc(C)cc4C)[B-](Cl)(Cl)N3c3c(C)cc(C)cc3C)C=[N+](c3c(C)cc(C)cc3C)[B-]2(Cl)Cl)c(C)c1,[2H]C([2H])(Cl)Cl,2,8.5;8.5
CC(C)N(B1/N=C(c2ccccc2)\C(c2ccccc2)=N/B(N(C(C)C)C(C)C)/N=C(c2ccccc2)\C(c2ccccc2)=N/1)C(C)C,[2H]C(Cl)(Cl)Cl,2,28.2;28.2
CC(C)N(B1c2ccc(s2)B(N(C(C)C)C(C)C)c2ccc(s2)B(N(C(C)C)C(C)C)c2ccc(s2)B(N(C(C)C)C(C)C)c2ccc1s2)C(C)C,[2H]C(Cl)(Cl)Cl,4,40;40;40;40
CC(C)(C)c1cc2c(c(C(C)(C)C)c1)OB(O[Si](C)(C)C)N(CCCCN1Cc3cc(C(C)(C)C)cc(C(C)(C)C)c3OB1O[Si](C)(C)C)C2,[2H]C(Cl)(Cl)Cl,2,19.6;19.6
[BH3-][P@+]1(OCC2(CO[P@+]3([BH3-])O[C@@H](c4ccccc4)C(C)(C)C(C)(C)O3)c3ccccc3-c3ccccc32)O[C@H](c2ccccc2)C(C)(C)C(C)(C)O1,[2H]C(Cl)(Cl)Cl,2,-43.4;-43.4
c1ccc2c(c1)OB(c1c(B3Oc4ccccc4O3)c(B3Oc4ccccc4O3)c(B3Oc4ccccc4O3)c(B3Oc4ccccc4O3)c1B1Oc3ccccc3O1)O2,[2H]OC([2H])([2H])[2H],6,29.3;29.3;29.3;29.3;29.3;29.3
c1ccc(-c2c(B3Oc4ccccc4S3)c(-c3ccccc3)c(B3Oc4ccccc4S3)c(-c3ccccc3)c2B2Oc3ccccc3S2)cc1,[2H]C(Cl)(Cl)Cl,3,53;53;53
c1ccc(-c2c(B3Oc4ccccc4O3)c(-c3ccccc3)c(B3Oc4ccccc4O3)c(-c3ccccc3)c2B2Oc3ccccc3O2)cc1,[2H]C(Cl)(Cl)Cl,3,24;24;24
c1ccc(-c2c(B3Sc4ccccc4S3)c(-c3ccccc3)c(B3Sc4ccccc4S3)c(-c3ccccc3)c2B2Sc3ccccc3S2)cc1,[2H]C(Cl)(Cl)Cl,3,62;62;62
FC(F)(F)c1ccc([P+]2(c3ccc(C(F)(F)F)cc3)[BH2-][P+](c3ccc(C(F)(F)F)cc3)(c3ccc(C(F)(F)F)cc3)[BH2-][P+](c3ccc(C(F)(F)F)cc3)(c3ccc(C(F)(F)F)cc3)[BH2-]2)cc1,[2H]C(Cl)(Cl)Cl,3,-33.7;-33.7;-33.7
CO[B-]12Oc3c(I)cc(I)cc3C=[N+]1c1cccc(c1)[B-]1(OC)Oc3c(I)cc(I)cc3C=[N+]1c1cccc(c1)[B-]1(OC)Oc3c(I)cc(I)cc3C=[N+]1c1cccc2c1,[2H]C([2H])([2H])S(=O)C([2H])([2H])[2H],3,1.7;1.7;1.7
CO[B-]12Oc3cc(O)ccc3C=[N+]1c1cccc(c1)[B-]1(OC)Oc3cc(O)ccc3C=[N+]1c1cccc(c1)[B-]1(OC)Oc3cc(O)ccc3C=[N+]1c1cccc2c1,[2H]C([2H])([2H])S(=O)C([2H])([2H])[2H],3,2.3;2.3;2.3
Cc1ccccc1B1O[Si](c2ccccc2)(c2ccccc2)O[B-](c2ccccc2C)([O+]2CCNCC2)O[Si](c2ccccc2)(c2ccccc2)O1,[2H]C(Cl)(Cl)Cl,2,18.8;18.8
CC[N+](CC)(CC)[B-]1(c2ccccc2)O[Si](c2ccccc2)(c2ccccc2)OB(c2ccccc2)O[Si](c2ccccc2)(c2ccccc2)O1,[2H]C(Cl)(Cl)Cl,2,21.3;21.3
CC(C)(C)N1B(c2ccccc2)N(C(C)(C)C)[Sb]1N(B(c1ccccc1)N([Sb]1N(C(C)(C)C)B(c2ccccc2)N1C(C)(C)C)C(C)(C)C)C(C)(C)C,[2H]c1c([2H])c([2H])c(C([2H])([2H])[2H])c([2H])c1[2H],3,39.4;39.4;39.4
[BH3-][P+](Oc1ccc2ccccc2c1-c1c(O[P+]([BH3-])(c2ccccc2)c2ccccc2)ccc2ccccc12)(c1ccccc1)c1ccccc1,[2H]C(Cl)(Cl)Cl,2,-39;-39
C=CCCc1cc[n+]2c(c1)-c1cc(CCC=C)cc[n+]1[B-]2(C)c1ccc([B-]2(C)[n+]3ccc(CCC=C)cc3-c3cc(CCC=C)cc[n+]32)cc1.[Br-].[Br-],[2H]C(Cl)(Cl)Cl,2,7.7;7.7
C#C[B-]1(C#CC#C[B-]2(C#C)n3c(C)c(CC)c(C)c3C(C)=C3C(C)=C(CC)C(C)=[N+]32)n2c(C)c(CC)c(C)c2C(C)=C2C(C)=C(CC)C(C)=[N+]21,[2H]C(Cl)(Cl)Cl,2,-10.88;-10.88
Cl[B-]1(c2ccccc2)N(C2CCCCC2)[C+](c2ccc([C+]3N(C4CCCCC4)[B-](Cl)(c4ccccc4)N3C3CCCCC3)cc2)N1C1CCCCC1,[2H]C(Cl)(Cl)Cl,2,9.69;9.69
CC(C)N(B1c2ccc(n2C)B(N(C(C)C)C(C)C)c2ccc(n2C)B(N(C(C)C)C(C)C)c2ccc(n2C)B(N(C(C)C)C(C)C)c2ccc1n2C)C(C)C,[2H]C(Cl)(Cl)Cl,4,33;33;33;33
CCCC[B-]12Oc3cc[n+](cc3O1)[B-]1(CCCC)Oc3cc[n+](cc3O1)[B-]1(CCCC)Oc3cc[n+](cc3O1)[B-]1(CCCC)Oc3cc[n+](cc3O1)[B-]1(CCCC)Oc3cc[n+]2cc3O1,[2H]c1c([2H])c([2H])c([2H])c([2H])c1[2H],5,15.5;15.5;15.5;15.5;15.5
Cc1cc(C)c(N2B(Oc3c(C(C)(C)C)cccc3C(C)(C)C)N(c3c(C)cc(C)cc3C)B2Oc2c(C(C)(C)C)cccc2C(C)(C)C)c(C)c1,[2H]C(Cl)(Cl)Cl,2,25.6;25.6
CC(C)(C)CB1C2=C([Si](C)(C)C)[Sn]3(C([Si](C)(C)C)=C4B(CC(C)(C)C)C5CCCC(CCC5)C4=C3[Si](C)(C)C)C([Si](C)(C)C)=C2C2CCCC1CCC2,[2H]c1c([2H])c([2H])c([2H])c([2H])c1[2H],2,86;86
C#C[B-]1(C#CC#C[B-]2(C#C[Si](C)(C)C)n3c(C)c(CC)c(C)c3C(C)=C3C(C)=C(CC)C(C)=[N+]32)n2c(C)c(CC)c(C)c2C(C)=C2C(C)=C(CC)C(C)=[N+]21,[2H]C(Cl)(Cl)Cl,2,-10.9;-10.9
c1ccc(P(c2ccccc2)(c2ccccc2)=[N+]2[B-]3(Oc4ccccc4O3)[N+](=P(c3ccccc3)(c3ccccc3)c3ccccc3)[B-]23Oc2ccccc2O3)cc1,[2H]c1c([2H])c([2H])c([2H])c([2H])c1[2H],2,8.4;8.4
[BH2-]1[P+](c2ccccc2)(c2ccccc2)[BH2-][P+](c2ccccc2)(c2ccccc2)[BH2-][P+](c2ccccc2)(c2ccccc2)[BH2-][P+]1(c1ccccc1)c1ccccc1,[2H]C(Cl)(Cl)Cl,4,-31.2;-31.2;-31.2;-31.2
CCC1=C(C)C2=C(C)c3c(C)c(CC)c(C)n3[B-](C#CC#C[B-]3(C#C[Si](C)(C)C)n4c(C)c(CC)c(C)c4C(C)=C4C(C)=C(CC)C(C)=[N+]43)(C#C[Si](C)(C)C)[N+]2=C1C,[2H]C(Cl)(Cl)Cl,2,-10.9;-10.9
CC(C)Cc1cccc(CC(C)C)c1OB1N(c2c(C(C)C)cccc2C(C)C)B(Oc2c(C(C)(C)C)cccc2C(C)(C)C)N1c1c(C(C)C)cccc1C(C)C,[2H]C(Cl)(Cl)Cl,2,25;25
CC(C)(C)c1ccc(B(c2ccc(C(C)(C)C)cc2)c2ccc(-c3ccc([B-](c4ccc(C(C)(C)C)cc4)(c4ccc(C(C)(C)C)cc4)[n+]4ccccc4)s3)s2)cc1,[2H]C(Cl)(Cl)Cl,2,2.7;2.7
c1ccc([B-]2(c3ccccc3)Oc3ccc(-c4ccc(-c5ccc(-c6ccc7c8c6ccc[n+]8[B-](c6ccccc6)(c6ccccc6)O7)cc5)cc4)c4ccc[n+]2c34)cc1,[2H]C([2H])(Cl)Cl,2,11.2;11.2
c1ccc([Si](OB2OB(O[Si](c3ccccc3)(c3ccccc3)c3ccccc3)OB(O[Si](c3ccccc3)(c3ccccc3)c3ccccc3)O2)(c2ccccc2)c2ccccc2)cc1,[2H]C(Cl)(Cl)Cl,3,19;19;19
CCCCCC[Si](CCCCCC)(CCCCCC)OB1OB(O[Si](CCCCCC)(CCCCCC)CCCCCC)OB(O[Si](CCCCCC)(CCCCCC)CCCCCC)O1,[2H]C(Cl)(Cl)Cl,3,17.2;17.2;17.2
Fc1cccc([B-]23Oc4cc[n+](cc4O2)[B-]2(c4cccc(F)c4)Oc4cc[n+](cc4O2)[B-]2(c4cccc(F)c4)Oc4cc[n+](cc4O2)[B-]2(c4cccc(F)c4)Oc4cc[n+](cc4O2)[B-]2(c4cccc(F)c4)Oc4cc[n+]3cc4O2)c1,[2H]C(Cl)(Cl)Cl,5,12.3;12.3;12.3;12.3;12.3
Nc1cccc([B-]23Oc4cc[n+](cc4O2)[B-]2(c4cccc(N)c4)Oc4cc[n+](cc4O2)[B-]2(c4cccc(N)c4)Oc4cc[n+](cc4O2)[B-]2(c4cccc(N)c4)Oc4cc[n+](cc4O2)[B-]2(c4cccc(N)c4)Oc4cc[n+]3cc4O2)c1,[2H]C(Cl)(Cl)Cl,5,13;13;13;13;13
c1ccc([B-]2(c3ccccc3)Oc3ccc(-c4ccc(-c5ccc(-c6ccc(-c7ccc8c9c7ccc[n+]9[B-](c7ccccc7)(c7ccccc7)O8)s6)cc5)s4)c4ccc[n+]2c34)cc1,[2H]C(Cl)(Cl)Cl,2,11.3;11.3
FC(F)(F)c1ccc([P+]2(c3ccc(C(F)(F)F)cc3)[BH2-][P+](c3ccc(C(F)(F)F)cc3)(c3ccc(C(F)(F)F)cc3)[BH2-][P+](c3ccc(C(F)(F)F)cc3)(c3ccc(C(F)(F)F)cc3)[BH2-][P+](c3ccc(C(F)(F)F)cc3)(c3ccc(C(F)(F)F)cc3)[BH2-]2)cc1,[2H]C(Cl)(Cl)Cl,4,-31.3;-31.3;-31.3;-31.3
c1ccc2cc3c(cc2c1)OB1Oc2cc4ccccc4cc2-c2cc4ccccc4cc2OB(Oc2cc4ccccc4cc2-3)Oc2cc3ccccc3cc2-c2cc3ccccc3cc2O1,[2H]C(Cl)(Cl)Cl,2,15.6;15.6
Cc1cc(C)c(B(c2cc(B(c3c(C)cc(C)cc3C)c3c(C)cc(C)cc3C)cc(B(c3c(C)cc(C)cc3C)c3c(C)cc(C)cc3C)c2)c2c(C)cc(C)cc2C)c(C)c1,[2H]c1c([2H])c([2H])c(C([2H])([2H])[2H])c([2H])c1[2H],3,88;88;88
C=CCCc1cc[n+]2c(c1)-c1cc(CCC=C)cc[n+]1[B-]2(C)c1cc([B-]2(C)[n+]3ccc(CCC=C)cc3-c3cc(CCC=C)cc[n+]32)cc([B-]2(C)[n+]3ccc(CCC=C)cc3-c3cc(CCC=C)cc[n+]32)c1.[Br-].[Br-].[Br-],[2H]OC([2H])([2H])[2H],3,6.5;6.5;6.5
c1ccc2cc3c(cc2c1)OB(c1c(B2Oc4cc5ccccc5cc4O2)c(B2Oc4cc5ccccc5cc4O2)c(B2Oc4cc5ccccc5cc4O2)c(B2Oc4cc5ccccc5cc4O2)c1B1Oc2cc4ccccc4cc2O1)O3,[2H]OC([2H])([2H])[2H],6,28.3;28.3;28.3;28.3;28.3;28.3
CO[B-]12Oc3c(cc(C(C)(C)C)cc3C(C)(C)C)C=[N+]1c1cccc(c1)[B-]1(OC)Oc3c(cc(C(C)(C)C)cc3C(C)(C)C)C=[N+]1c1cccc(c1)[B-]1(OC)Oc3c(cc(C(C)(C)C)cc3C(C)(C)C)C=[N+]1c1cccc2c1,[2H]C(Cl)(Cl)Cl,3,4.7;4.7;4.7
CC(C)(C)c1ccc([B-]23Oc4cc[n+](cc4O2)[B-]2(c4ccc(C(C)(C)C)cc4)Oc4cc[n+](cc4O2)[B-]2(c4ccc(C(C)(C)C)cc4)Oc4cc[n+](cc4O2)[B-]2(c4ccc(C(C)(C)C)cc4)Oc4cc[n+](cc4O2)[B-]2(c4ccc(C(C)(C)C)cc4)Oc4cc[n+]3cc4O2)cc1,[2H]C(Cl)(Cl)Cl,5,13;13;13;13;13
CCC1=C(C)C2=C(C)c3c(C)c(CC)c(C)n3[B-](C#CC#C[B-]3(C#Cc4ccc5ccc6cccc7ccc4c5c67)n4c(C)c(CC)c(C)c4C(C)=C4C(C)=C(CC)C(C)=[N+]43)(C#Cc3ccc4ccc5cccc6ccc3c4c56)[N+]2=C1C,[2H]C(Cl)(Cl)Cl,2,-9.79;-9.79
c1ccc([B-]2(c3ccccc3)Oc3ccc(-c4ccc(-c5nc(-c6ccc(-c7ccc8c9c7ccc[n+]9[B-](c7ccccc7)(c7ccccc7)O8)cc6)nc(-c6ccc(-c7ccc8c9c7ccc[n+]9[B-](c7ccccc7)(c7ccccc7)O8)cc6)n5)cc4)c4ccc[n+]2c34)cc1,[2H]C(Cl)(Cl)Cl,3,11.4;11.4;11.4
c1ccc([B-]2(c3ccccc3)Oc3ccc(-c4ccc(-c5cc(-c6ccc(-c7ccc8c9c7ccc[n+]9[B-](c7ccccc7)(c7ccccc7)O8)cc6)cc(-c6ccc(-c7ccc8c9c7ccc[n+]9[B-](c7ccccc7)(c7ccccc7)O8)cc6)c5)cc4)c4ccc[n+]2c34)cc1,[2H]C(Cl)(Cl)Cl,3,12.3;12.3;12.3
C(=Nc1ccccc1)c1ccc([B-]23Oc4cc[n+](cc4O2)[B-]2(c4cccc(C=Nc5ccccc5)c4)Oc4cc[n+](cc4O2)[B-]2(c4cccc(C=Nc5ccccc5)c4)Oc4cc[n+](cc4O2)[B-]2(c4cccc(C=Nc5ccccc5)c4)Oc4cc[n+](cc4O2)[B-]2(c4cccc(C=Nc5ccccc5)c4)Oc4cc[n+]3cc4O2)cc1,[2H]C(Cl)(Cl)Cl,5,13.2;13.2;13.2;13.2;13.2
C(=NC1CCCCC1)c1ccc([B-]23Oc4cc[n+](cc4O2)[B-]2(c4cccc(C=NC5CCCCC5)c4)Oc4cc[n+](cc4O2)[B-]2(c4cccc(C=NC5CCCCC5)c4)Oc4cc[n+](cc4O2)[B-]2(c4cccc(C=NC5CCCCC5)c4)Oc4cc[n+](cc4O2)[B-]2(c4cccc(C=NC5CCCCC5)c4)Oc4cc[n+]3cc4O2)cc1,[2H]C(Cl)(Cl)Cl,5,13.9;13.9;13.9;13.9;13.9
C(=Nc1ccccc1)c1cc(C=Nc2ccccc2)cc([B-]23Oc4cc[n+](cc4O2)[B-]2(c4cc(C=Nc5ccccc5)cc(C=Nc5ccccc5)c4)Oc4cc[n+](cc4O2)[B-]2(c4cc(C=Nc5ccccc5)cc(C=Nc5ccccc5)c4)Oc4cc[n+](cc4O2)[B-]2(c4cc(C=Nc5ccccc5)cc(C=Nc5ccccc5)c4)Oc4cc[n+]3cc4O2)c1,[2H]C(Cl)(Cl)Cl,4,13.6;13.6;13.6;13.6
C(=NCc1ccccc1)c1cc(C=NCc2ccccc2)cc([B-]23Oc4cc[n+](cc4O2)[B-]2(c4cc(C=NCc5ccccc5)cc(C=NCc5ccccc5)c4)Oc4cc[n+](cc4O2)[B-]2(c4cc(C=NCc5ccccc5)cc(C=NCc5ccccc5)c4)Oc4cc[n+](cc4O2)[B-]2(c4cc(C=NCc5ccccc5)cc(C=NCc5ccccc5)c4)Oc4cc[n+](cc4O2)[B-]2(c4cc(C=NCc5ccccc5)cc(C=NCc5ccccc5)c4)Oc4cc[n+]3cc4O2)c1,[2H]C(Cl)(Cl)Cl,5,11.2;11.2;11.2;11.2;11.2
[BH3-][N+]([BH3-])(C)C.[Na+],[2H]C1([2H])OC([2H])([2H])C([2H])([2H])C1([2H])[2H],2,-12.5;-12.5
C[N+]1(C)[BH2-][N+](C)(C)[BH2-]1,[2H]c1c([2H])c([2H])c(C([2H])([2H])[2H])c([2H])c1[2H],2,4.8;4.8
C[N+]1(C)[BH2-][N+](C)(C)[BH2-]1,[2H]C(Cl)(Cl)Cl,2,4.75;4.75
[BH3-][P+](OC)(OC)O[P+]([BH3-])(OC)OC,[2H]C(Cl)(Cl)Cl,2,-44.3;-44.3
FB(F)c1c(F)c(F)c(F)c(F)c1B(F)F,[2H]C([2H])(Cl)Cl,2,22.6;22.6
CCCCCC[B-]1(CCCCCC)n2cc(C#C[Si](C)(C)C)c[n+]2[B-](CCCCCC)(CCCCCC)n2cc(C#C[Si](C)(C)C)c[n+]21,[2H]C(Cl)(Cl)Cl,2,3.46;3.46
CC1=[N+](c2ccc(C#[N+][B-](c3c(F)c(F)c(F)c(F)c3F)(c3c(F)c(F)c(F)c(F)c3F)c3c(F)c(F)c(F)c(F)c3F)cc2)[B-](c2c(F)c(F)c(F)c(F)c2F)(c2c(F)c(F)c(F)c(F)c2F)N1c1c(C(C)C)cccc1C(C)C,[2H]c1c([2H])c([2H])c(C([2H])([2H])[2H])c([2H])c1[2H],2,-5.64;-0.88
C=C(B1OC(C)(C)C(C)(C)O1)[C@](C)(B1OC(C)(C)C(C)(C)O1)c1cccc(C)c1,[2H]C(Cl)(Cl)Cl,2,33.3;31.0
C=C(B1OC(C)(C)C(C)(C)O1)[C@](C)(B1OC(C)(C)C(C)(C)O1)c1cccc(Cl)c1,[2H]C(Cl)(Cl)Cl,2,33.2;30.7
C=C(B1OC(C)(C)C(C)(C)O1)[C@](C)(B1OC(C)(C)C(C)(C)O1)c1cccc(Br)c1,[2H]C(Cl)(Cl)Cl,2,33.2;30.8
C=C(B1OC(C)(C)C(C)(C)O1)[C@](C)(B1OC(C)(C)C(C)(C)O1)c1cccc(OC)c1,[2H]C(Cl)(Cl)Cl,2,33.2;30.5
C=C(B1OC(C)(C)C(C)(C)O1)[C@](C)(B1OC(C)(C)C(C)(C)O1)c1ccccc1C,[2H]C(Cl)(Cl)Cl,2,33.6;31.1
C=C(B1OC(C)(C)C(C)(C)O1)[C@](C)(B1OC(C)(C)C(C)(C)O1)c1ccccc1OC,[2H]C(Cl)(Cl)Cl,2,33.3;31.4
C=C(B1OC(C)(C)C(C)(C)O1)C1(B2OC(C)(C)C(C)(C)O2)CCCc2ccccc21,[2H]C(Cl)(Cl)Cl,2,33.4;30.8
C=C(B1OC(C)(C)C(C)(C)O1)C1(B2OC(C)(C)C(C)(C)O2)CCOc2ccccc21,[2H]C(Cl)(Cl)Cl,2,33.1;31.0
C=C(B1OC(C)(C)C(C)(C)O1)[C@](CC)(B1OC(C)(C)C(C)(C)O1)c1ccccc1,[2H]C(Cl)(Cl)Cl,2,33.1;30.8
C=C(B1OC(C)(C)C(C)(C)O1)C(B1OC(C)(C)C(C)(C)O1)(c1ccccc1)C1CC1,[2H]C(Cl)(Cl)Cl,2,32.6;31.1
C=C(B1OC(C)(C)C(C)(C)O1)C(C)(CCCCCC)B1OC(C)(C)C(C)(C)O1,[2H]C(Cl)(Cl)Cl,2,33.8;30.5
C=C(B1OC(C)(C)C(C)(C)O1)C(C)(B1OC(C)(C)C(C)(C)O1)C(CC)CC,[2H]C(Cl)(Cl)Cl,2,33.0;30.5
C=C(B1OC(C)(C)C(C)(C)O1)C(C)(B1OC(C)(C)C(C)(C)O1)C1CCCCC1,[2H]C(Cl)(Cl)Cl,2,33.9;30.7
C=C(B1OC(C)(C)C(C)(C)O1)C(C)(B1OC(C)(C)C(C)(C)O1)C(C)(C)Cc1ccccc1,[2H]C(Cl)(Cl)Cl,2,33.6;31.0
C=C(B1OC(C)(C)C(C)(C)O1)[C@](C)(B1OC(C)(C)C(C)(C)O1)c1ccccc1,[2H]C(Cl)(Cl)Cl,2,33.1;30.8
C=C(B1OC(C)(C)C(C)(C)O1)[C@](C)(B1OC(C)(C)C(C)(C)O1)c1ccc(C)cc1,[2H]C(Cl)(Cl)Cl,2,33.2;30.8
C=C(B1OC(C)(C)C(C)(C)O1)[C@](C)(B1OC(C)(C)C(C)(C)O1)c1ccc(OC)cc1,[2H]C(Cl)(Cl)Cl,2,33.0;31.0
C=C(B1OC(C)(C)C(C)(C)O1)[C@](C)(B1OC(C)(C)C(C)(C)O1)c1ccc(F)cc1,[2H]C(Cl)(Cl)Cl,2,33.0;30.8
C=C(B1OC(C)(C)C(C)(C)O1)[C@](C)(B1OC(C)(C)C(C)(C)O1)c1ccc(Cl)cc1,[2H]C(Cl)(Cl)Cl,2,33.2;30.9
[BH3-][P+](c1ccccc1)(c1ccccc1)[C@@H]([BH2-][P+](C)(c1ccccc1)c1ccccc1)c1ccc(Br)cc1,[2H]C(Cl)(Cl)Cl,2,-26.72;-40.49
CC(C)N(C(=O)O[C@@H](Cc1cccc(OCCCB2OC(C)(C)C(C)(C)O2)c1)B1OC(C)(C)C(C)(C)O1)C(C)C,[2H]C(Cl)(Cl)Cl,2,33.95;12.48
COC(=O)C[C@@H](B1Nc2cccc3cccc(c23)N1)B1OC(C)(C)C(C)(C)O1,[2H]C(Cl)(Cl)Cl,2,33.8;31.0
CC1(C)OB([C@@H](Cc2ccccc2)B2Nc3cccc4cccc(c34)N2)OC1(C)C,[2H]C(Cl)(Cl)Cl,2,34.27;33.68
CC1(C)OB([C@H](Cc2ccccc2)B2Nc3cccc4cccc(c34)N2)OC1(C)C,[2H]C(Cl)(Cl)Cl,2,34.27;33.68
Cc1ccc(C[C@@H](B2Nc3cccc4cccc(c34)N2)B2OC(C)(C)C(C)(C)O2)cc1,[2H]C(Cl)(Cl)Cl,2,34.27;34.09
Cc1cccc(C[C@@H](B2Nc3cccc4cccc(c34)N2)B2OC(C)(C)C(C)(C)O2)c1,[2H]C(Cl)(Cl)Cl,2,34.32;34.09
CCc1ccc(C[C@@H](B2Nc3cccc4cccc(c34)N2)B2OC(C)(C)C(C)(C)O2)cc1,[2H]C(Cl)(Cl)Cl,2,34.45;34.09
CCCc1ccc(C[C@H](B2Nc3cccc4cccc(c34)N2)B2OC(C)(C)C(C)(C)O2)cc1,[2H]C(Cl)(Cl)Cl,2,33.68;32.10
CC1(C)OB(C(Cc2ccc(-n3c4ccccc4c4ccccc43)cc2)B2Nc3cccc4cccc(c34)N2)OC1(C)C,[2H]C(Cl)(Cl)Cl,2,34.62;34.09
CC1(C)OB(C(Cc2ccc3ccccc3c2)B2Nc3cccc4cccc(c34)N2)OC1(C)C,[2H]C(Cl)(Cl)Cl,2,33.15;32.27
CC1(C)OB([C@H](CCCc2ccccc2)B2Nc3cccc4cccc(c34)N2)OC1(C)C,[2H]C(Cl)(Cl)Cl,2,34.18;33.79
CC1(C)OB([C@H](CCc2ccccc2)B2Nc3cccc4cccc(c34)N2)OC1(C)C,[2H]C(Cl)(Cl)Cl,2,34.23;34.02
CC1(C)OB([C@H](CC2CCCCC2)B2Nc3cccc4cccc(c34)N2)OC1(C)C,[2H]C(Cl)(Cl)Cl,2,34.26;34.14
CC1(C)OB([C@H](CC2CCCC2)B2Nc3cccc4cccc(c34)N2)OC1(C)C,[2H]C(Cl)(Cl)Cl,2,34.38;33.90
CC1(C)OB([C@H](CC2CC2)B2Nc3cccc4cccc(c34)N2)OC1(C)C,[2H]C(Cl)(Cl)Cl,2,34.58;34.03
CC(C)(C)C[C@H](B1Nc2cccc3cccc(c23)N1)B1OC(C)(C)C(C)(C)O1,[2H]C(Cl)(Cl)Cl,2,34.35;34.06
CCCC[C@H](B1Nc2cccc3cccc(c23)N1)B1OC(C)(C)C(C)(C)O1,[2H]C(Cl)(Cl)Cl,2,34.66;34.34
CCCCC[C@H](B1Nc2cccc3cccc(c23)N1)B1OC(C)(C)C(C)(C)O1,[2H]C(Cl)(Cl)Cl,2,34.80;33.92
CCCCCC[C@H](B1Nc2cccc3cccc(c23)N1)B1OC(C)(C)C(C)(C)O1,[2H]C(Cl)(Cl)Cl,2,34.88;34.11
CCCCCCC[C@H](B1Nc2cccc3cccc(c23)N1)B1OC(C)(C)C(C)(C)O1,[2H]C(Cl)(Cl)Cl,2,34.23;33.23
CCCCCCCC[C@H](B1Nc2cccc3cccc(c23)N1)B1OC(C)(C)C(C)(C)O1,[2H]C(Cl)(Cl)Cl,2,34.45;34.19
CC(C)CCC[C@H](B1Nc2cccc3cccc(c23)N1)B1OC(C)(C)C(C)(C)O1,[2H]C(Cl)(Cl)Cl,2,34.33;33.33
CC(C)(C)OC(=O)N1CCC(C[C@H](B2Nc3cccc4cccc(c34)N2)B2OC(C)(C)C(C)(C)O2)CC1,[2H]C(Cl)(Cl)Cl,2,33.92;33.33
CC1(C)OB([C@H](CCCO[Si](C)(C)C(C)(C)C)B2Nc3cccc4cccc(c34)N2)OC1(C)C,[2H]C(Cl)(Cl)Cl,2,34.08;33.91
CC1(C)OB([C@H](CCCCCO[Si](C)(C)C(C)(C)C)B2Nc3cccc4cccc(c34)N2)OC1(C)C,[2H]C(Cl)(Cl)Cl,2,33.92;33.51
CC1(C)OB([C@H](CCCCO[Si](c2ccccc2)(c2ccccc2)C(C)(C)C)B2Nc3cccc4cccc(c34)N2)OC1(C)C,[2H]C(Cl)(Cl)Cl,2,34.42;34.10
CC(C)[Si](OCCCC[C@H](B1Nc2cccc3cccc(c23)N1)B1OC(C)(C)C(C)(C)O1)(C(C)C)C(C)C,[2H]C(Cl)(Cl)Cl,2,34.32;33.75
CCC(=O)OCCCC[C@H](B1Nc2cccc3cccc(c23)N1)B1OC(C)(C)C(C)(C)O1,[2H]C(Cl)(Cl)Cl,2,34.34;34.09
C/C=C/C=C/C(=O)OCCCC[C@H](B1Nc2cccc3cccc(c23)N1)B1OC(C)(C)C(C)(C)O1,[2H]C(Cl)(Cl)Cl,2,34.45;33.68
CCCC(CCC)C(=O)OCCCC[C@H](B1Nc2cccc3cccc(c23)N1)B1OC(C)(C)C(C)(C)O1,[2H]C(Cl)(Cl)Cl,2,34.80;34.45
CC1(C)OB([C@H](CCCCOC(=O)c2ccccc2)B2Nc3cccc4cccc(c34)N2)OC1(C)C,[2H]C(Cl)(Cl)Cl,2,33.92;32.98
CC1(C)OB([C@H](CCCCOC(=O)c2ccc(C3CCCCC3)cc2)B2Nc3cccc4cccc(c34)N2)OC1(C)C,[2H]C(Cl)(Cl)Cl,2,34.71;33.02
C/C(=C\c1ccccc1)C(=O)OCCCC[C@H](B1Nc2cccc3cccc(c23)N1)B1OC(C)(C)C(C)(C)O1,[2H]C(Cl)(Cl)Cl,2,33.24;33.15
C[C@@H](C(=O)OCCCC[C@H](B1Nc2cccc3cccc(c23)N1)B1OC(C)(C)C(C)(C)O1)c1ccccc1,[2H]C(Cl)(Cl)Cl,2,34.44;33.92
CC(C)Cc1ccc([C@@H](C)C(=O)OCCCCC(B2Nc3cccc4cccc(c34)N2)B2OC(C)(C)C(C)(C)O2)cc1,[2H]C(Cl)(Cl)Cl,2,34.62;34.09
COc1ccc2cc([C@@H](C)C(=O)OCCCCC(B3Nc4cccc5cccc(c45)N3)B3OC(C)(C)C(C)(C)O3)ccc2c1,[2H]C(Cl)(Cl)Cl,2,34.62;33.51
CC1(C)OB([C@H](CCCCOC(=O)[C@H]2C[C@@H]3C=C[C@H]2C3)B2Nc3cccc4cccc(c34)N2)OC1(C)C,[2H]C(Cl)(Cl)Cl,2,35.22;34.45
CC1(C)OB(/C(=C(/B2OC(C)(C)C(C)(C)O2)c2ccccc2)c2ccccc2)OC1(C)C,[2H]C(Cl)(Cl)Cl,2,30.4;22.4
CSc1cccc(/C(B2OC(C)(C)C(C)(C)O2)=C(\B2OC(C)(C)C(C)(C)O2)c2ccccc2)c1,[2H]C(Cl)(Cl)Cl,2,30.4;22.3
COc1ccccc1/C(B1OC(C)(C)C(C)(C)O1)=C(\B1OC(C)(C)C(C)(C)O1)c1ccccc1,[2H]C(Cl)(Cl)Cl,2,30.3;22.4
CC1(C)OB(/C(=C(/B2OC(C)(C)C(C)(C)O2)c2cccc(F)c2)c2ccccc2)OC1(C)C,[2H]C(Cl)(Cl)Cl,2,30.4;22.4
CC1(C)OB(/C(=C(/B2OC(C)(C)C(C)(C)O2)c2ccc3ccccc3c2)c2ccccc2)OC1(C)C,[2H]C(Cl)(Cl)Cl,2,30.6;22.4
COc1ccccc1/C(B1OC(C)(C)C(C)(C)O1)=C(\B1OC(C)(C)C(C)(C)O1)c1ccccc1OC,[2H]C(Cl)(Cl)Cl,2,30.3;22.4
CC1(C)OB(c2cccc3c2C[Si](C)(C)OB3O)OC1(C)C,[2H]C(Cl)(Cl)Cl,2,30.96;28.38
CN1C=CN(C(C)(C)C)C1=C1CCC2BC1CCC2.Fc1c(F)c(F)c([B-](c2c(F)c(F)c(F)c(F)c2F)(c2c(F)c(F)c(F)c(F)c2F)c2c(F)c(F)c(F)c(F)c2F)c(F)c1F,[2H]C([2H])(Cl)Cl,2,85.85;-16.64
CN1C=CN(c2ccccc2)C1=C1CCC2BC1CCC2.Fc1c(F)c(F)c([B-](c2c(F)c(F)c(F)c(F)c2F)(c2c(F)c(F)c(F)c(F)c2F)c2c(F)c(F)c(F)c(F)c2F)c(F)c1F,[2H]C([2H])(Cl)Cl,2,82.47;-16.66
CN1C=CN(C)C1=C1CCC2BC1CCC2.Fc1c(F)c(F)c([B-](c2c(F)c(F)c(F)c(F)c2F)(c2c(F)c(F)c(F)c(F)c2F)c2c(F)c(F)c(F)c(F)c2F)c(F)c1F,[2H]C([2H])(Cl)Cl,2,82.70;-16.67
CC1=C(C)N(C)C(=C2CCC3BC2CCC3)N1C.Fc1c(F)c(F)c([B-](c2c(F)c(F)c(F)c(F)c2F)(c2c(F)c(F)c(F)c(F)c2F)c2c(F)c(F)c(F)c(F)c2F)c(F)c1F,[2H]C([2H])(Cl)Cl,2,81.5;-16.84
CC1(C)OB(C2C=CN(B3OC(C)(C)C(C)(C)O3)CC2)OC1(C)C,[2H]c1c([2H])c([2H])c([2H])c([2H])c1[2H],2,33.2;23.8
CC1(C)OB(C2C=CCN(B3OC(C)(C)C(C)(C)O3)C2)OC1(C)C,[2H]c1c([2H])c([2H])c([2H])c([2H])c1[2H],2,32.5;24.0
CCC1=CCN(B2OC(C)(C)C(C)(C)O2)CC1B1OC(C)(C)C(C)(C)O1,[2H]c1c([2H])c([2H])c([2H])c([2H])c1[2H],2,33.4;23.8
CC(C)C1=CCN(B2OC(C)(C)C(C)(C)O2)CC1B1OC(C)(C)C(C)(C)O1,[2H]c1c([2H])c([2H])c(C([2H])([2H])[2H])c([2H])c1[2H],2,38.4;28.9
CC1(C)OB(C2CN(B3OC(C)(C)C(C)(C)O3)CC=C2Cc2ccccc2)OC1(C)C,[2H]c1c([2H])c([2H])c([2H])c([2H])c1[2H],2,33.3;23.5
CC1(C)OB(C2CCN(B3OC(C)(C)C(C)(C)O3)C=C2c2ccccc2)OC1(C)C,[2H]c1c([2H])c([2H])c([2H])c([2H])c1[2H],2,33.7;24.0
CC1(C)OB(C2C=CN(B3OC(C)(C)C(C)(C)O3)CC2F)OC1(C)C,[2H]c1c([2H])c([2H])c([2H])c([2H])c1[2H],2,32.5;24.0
CC1(C)OB(C2C=C(F)CN(B3OC(C)(C)C(C)(C)O3)C2)OC1(C)C,[2H]c1c([2H])c([2H])c([2H])c([2H])c1[2H],2,32.5;24.0
CC1CN(B2OC(C)(C)C(C)(C)O2)C=CC1B1OC(C)(C)C(C)(C)O1,[2H]c1c([2H])c([2H])c([2H])c([2H])c1[2H],2,33.7;24.0
C=C(B1OC(C)(C)C(C)(C)O1)[C@](C)(B1OC(C)(C)C(C)(C)O1)c1ccc(Br)cc1,[2H]C(Cl)(Cl)Cl,2,33.0;30.9
C=C(B1OC(C)(C)C(C)(C)O1)[C@](C)(B1OC(C)(C)C(C)(C)O1)c1ccc(C(F)(F)F)cc1,[2H]C(Cl)(Cl)Cl,2,33.3;30.8
C=C(B1OC(C)(C)C(C)(C)O1)[C@](C)(B1OC(C)(C)C(C)(C)O1)c1ccccc1Cl,[2H]C(Cl)(Cl)Cl,2,32.8;30.4
C=C(B1OC(C)(C)C(C)(C)O1)[C@](C)(B1OC(C)(C)C(C)(C)O1)c1ccc2ccccc2c1,[2H]C(Cl)(Cl)Cl,2,33.2;31.3
C=C(B1OC(C)(C)C(C)(C)O1)[C@](C)(B1OC(C)(C)C(C)(C)O1)c1cccc2ccccc12,[2H]C(Cl)(Cl)Cl,2,34.5;31.2
C=C(B1OC(C)(C)C(C)(C)O1)[C@](C)(B1OC(C)(C)C(C)(C)O1)c1ccco1,[2H]C(Cl)(Cl)Cl,2,33.1;30.6
C=C(B1OC(C)(C)C(C)(C)O1)[C@](C)(B1OC(C)(C)C(C)(C)O1)c1ccc2c(c1)OCO2,[2H]C(Cl)(Cl)Cl,2,33.5;30.9
C=C(C)c1ccc([C@@](C)(B2OC(C)(C)C(C)(C)O2)C(=C)B2OC(C)(C)C(C)(C)O2)cc1,[2H]C(Cl)(Cl)Cl,2,33.4;31.4
CC(C)[Si](/C(=C/B1OC(C)(C)C(C)(C)O1)B1OC(C)(C)C(C)(C)O1)(C(C)C)C(C)C,[2H]C(Cl)(Cl)Cl,2,31.3;28.1
CC[Si](CC)(CC)/C(=C/B1OC(C)(C)C(C)(C)O1)B1OC(C)(C)C(C)(C)O1,[2H]C(Cl)(Cl)Cl,2,31.5;28.3
CC1(C)OB(/C=C(\B2OC(C)(C)C(C)(C)O2)[Si](C)(C)C)OC1(C)C,[2H]C(Cl)(Cl)Cl,2,31.7;28.6
C=C(B1OC(C)(C)C(C)(C)O1)[B-](F)(F)F.[Cs+],[2H]C([2H])([2H])S(=O)C([2H])([2H])[2H],2,32.0;1.4
CC1(C)OB(/C(=C\c2ccccc2)[B-](F)(F)F)OC1(C)C.[Cs+],[2H]C([2H])([2H])S(=O)C([2H])([2H])[2H],2,35.2;1.2
Cc1ccc(/C=C(\B2OC(C)(C)C(C)(C)O2)[B-](F)(F)F)cc1.[Cs+],[2H]C([2H])([2H])S(=O)C([2H])([2H])[2H],2,35.0;2.4
CC1(C)OB(/C(=C\c2ccc(-c3ccccc3)cc2)[B-](F)(F)F)OC1(C)C.[Cs+],[2H]C([2H])([2H])S(=O)C([2H])([2H])[2H],2,33.8;1.6
CC1(C)OB(/C(=C\c2ccc(Cl)cc2)[B-](F)(F)F)OC1(C)C.[Cs+],[2H]C([2H])([2H])S(=O)C([2H])([2H])[2H],2,33.9;3.0
CC1(C)OB(/C(=C\c2ccc(C(F)(F)F)cc2)[B-](F)(F)F)OC1(C)C.[Cs+],[2H]C([2H])([2H])S(=O)C([2H])([2H])[2H],2,33.7;1.5
CC1(C)OB(/C(=C\c2ccc3c(c2)OCO3)[B-](F)(F)F)OC1(C)C.[Cs+],[2H]C([2H])([2H])S(=O)C([2H])([2H])[2H],2,33.7;1.5
CC1(C)OB(/C(=C\c2ccc3ccccc3c2)[B-](F)(F)F)OC1(C)C.[Cs+],[2H]C([2H])([2H])S(=O)C([2H])([2H])[2H],2,32.7;1.8
CC1(C)OB(/C(=C\c2c3ccccc3cc3ccccc23)[B-](F)(F)F)OC1(C)C.[Cs+],[2H]C([2H])([2H])S(=O)C([2H])([2H])[2H],2,34.7;2.5
CCCC/C=C(\B1OC(C)(C)C(C)(C)O1)[B-](F)(F)F.[K+],[2H]C([2H])([2H])S(=O)C([2H])([2H])[2H],2,33.9;3.0
CC1(C)OB(/C(=C\C2CCCCC2)[B-](F)(F)F)OC1(C)C.[K+],[2H]C([2H])([2H])S(=O)C([2H])([2H])[2H],2,33.9;3.1
CC1(C)OB(/C(=C\C2=CCCCC2)[B-](F)(F)F)OC1(C)C.[K+],[2H]C([2H])([2H])S(=O)C([2H])([2H])[2H],2,32.4;-0.4
CC1(C)OB(C(=C2CCCCC2)[B-](F)(F)F)OC1(C)C.[Cs+],[2H]C([2H])([2H])S(=O)C([2H])([2H])[2H],2,34.6;2.9
C/C(=C(/B1OC(C)(C)C(C)(C)O1)[B-](F)(F)F)c1ccccc1.[Cs+],[2H]C([2H])([2H])S(=O)C([2H])([2H])[2H],2,34.6;2.5
COC(=O)/C=C(\B1OC(C)(C)C(C)(C)O1)[B-](F)(F)F.[Cs+],[2H]C([2H])([2H])S(=O)C([2H])([2H])[2H],2,34.5;2.3
CC1(C)OB(/C(=C\[B-](F)(F)F)[Si](C)(C)C)OC1(C)C.[Cs+],[2H]C([2H])([2H])S(=O)C([2H])([2H])[2H],2,34.7;2.5
F[B-](F)(F)/C(=C(\c1ccccc1)[B-](F)(F)F)c1ccccc1.[Cs+].[Cs+],[2H]C([2H])([2H])S(=O)C([2H])([2H])[2H],2,6.25;4.70
C=C(B1Nc2cccc3cccc(c23)N1)B1OC(C)(C)C(C)(C)O1,[2H]C(Cl)(Cl)Cl,2,30.8;28.2
CC1(C)OB(/C(=C\c2ccccc2)B2Nc3cccc4cccc(c34)N2)OC1(C)C,[2H]C(Cl)(Cl)Cl,2,31.9;28.8
Cc1ccc(/C=C(/B2Nc3cccc4cccc(c34)N2)B2OC(C)(C)C(C)(C)O2)cc1,[2H]C(Cl)(Cl)Cl,2,32.8;29.7
CC1(C)OB(/C(=C\c2ccc(C(F)(F)F)cc2)B2Nc3cccc4cccc(c34)N2)OC1(C)C,[2H]C(Cl)(Cl)Cl,2,32.6;29.4
CCCC/C=C(/B1Nc2cccc3cccc(c23)N1)B1OC(C)(C)C(C)(C)O1,[2H]C(Cl)(Cl)Cl,2,32.8;29.7
C/C(=C(\B1Nc2cccc3cccc(c23)N1)B1OC(C)(C)C(C)(C)O1)c1ccccc1,[2H]C(Cl)(Cl)Cl,2,32.0;27.3
CC1(C)OB(C(B2Nc3cccc4cccc(c34)N2)=C2CCCCC2)OC1(C)C,[2H]C(Cl)(Cl)Cl,2,31.3;28.2
COC(=O)/C=C(/B1Nc2cccc3cccc(c23)N1)B1OC(C)(C)C(C)(C)O1,[2H]C(Cl)(Cl)Cl,2,31.6;28.7
CC(C)[Si](/C(=C/B1Nc2cccc3cccc(c23)N1)B1OC(C)(C)C(C)(C)O1)(C(C)C)C(C)C,[2H]C(Cl)(Cl)Cl,2,32.0;27.3
CC[Si](CC)(CC)/C(=C/B1Nc2cccc3cccc(c23)N1)B1OC(C)(C)C(C)(C)O1,[2H]C(Cl)(Cl)Cl,2,31.9;27.2
CC1(C)OB(/C(=C\B2Nc3cccc4cccc(c34)N2)[Si](C)(C)C)OC1(C)C,[2H]C(Cl)(Cl)Cl,2,31.7;27.1
C=C(B1OC(=O)CN(C)CC(=O)O1)B1OC(C)(C)C(C)(C)O1,[2H]C(Cl)(Cl)Cl,2,31.6;11.9
CN1CC(=O)OB(/C(=C/c2ccccc2)B2OC(C)(C)C(C)(C)O2)OC(=O)C1,[2H]C(Cl)(Cl)Cl,2,32.5;11.5
Cc1ccc(/C=C(/B2OC(=O)CN(C)CC(=O)O2)B2OC(C)(C)C(C)(C)O2)cc1,[2H]C(Cl)(Cl)Cl,2,32.4;11.5
CN1CC(=O)OB(/C(=C/c2ccc(-c3ccccc3)cc2)B2OC(C)(C)C(C)(C)O2)OC(=O)C1,[2H]C(Cl)(Cl)Cl,2,33.0;12.0
CN1CC(=O)OB(/C(=C/c2ccc(Cl)cc2)B2OC(C)(C)C(C)(C)O2)OC(=O)C1,[2H]C(Cl)(Cl)Cl,2,32.1;11.2
CN1CC(=O)OB(/C(=C/c2ccc3c(c2)OCO3)B2OC(C)(C)C(C)(C)O2)OC(=O)C1,[2H]C(Cl)(Cl)Cl,2,32.8;11.9
CN1CC(=O)OB(/C(=C/c2ccc3ccccc3c2)B2OC(C)(C)C(C)(C)O2)OC(=O)C1,[2H]C(Cl)(Cl)Cl,2,32.8;11.9
CN1CC(=O)OB(/C(=C/c2c3ccccc3cc3ccccc23)B2OC(C)(C)C(C)(C)O2)OC(=O)C1,[2H]C(Cl)(Cl)Cl,2,34.2;13.2
CN1CC(=O)OB(/C(=C/c2cc3ccccc3c3ccccc23)B2OC(C)(C)C(C)(C)O2)OC(=O)C1,[2H]C(Cl)(Cl)Cl,2,36.8;13.7
C/C(=C(\B1OC(=O)CN(C)CC(=O)O1)B1OC(C)(C)C(C)(C)O1)c1ccccc1,[2H]C(Cl)(Cl)Cl,2,32.4;12.1
CN1CC(=O)OB(/C(=C/C2CCCCC2)B2OC(C)(C)C(C)(C)O2)OC(=O)C1,[2H]C(Cl)(Cl)Cl,2,31.8;12.0
CN1CC(=O)OB(/C(=C/C2=CCCCC2)B2OC(C)(C)C(C)(C)O2)OC(=O)C1,[2H]C(Cl)(Cl)Cl,2,32.9;12.0
COC(=O)/C=C(/B1OC(=O)CN(C)CC(=O)O1)B1OC(C)(C)C(C)(C)O1,[2H]C(Cl)(Cl)Cl,2,35.0;10.2
CC(C)[Si](/C(=C/B1OC(=O)CN(C)CC(=O)O1)B1OC(C)(C)C(C)(C)O1)(C(C)C)C(C)C,[2H]C(Cl)(Cl)Cl,2,31.9;9.5
CC[Si](CC)(CC)/C(=C/B1OC(=O)CN(C)CC(=O)O1)B1OC(C)(C)C(C)(C)O1,[2H]C(Cl)(Cl)Cl,2,29.8;9.9
CN1CC(=O)OB(/C=C(\B2OC(C)(C)C(C)(C)O2)[Si](C)(C)C)OC(=O)C1,[2H]C(Cl)(Cl)Cl,2,33.2;10.9
CN1CC(=O)OB(/C=C(\B2OC(C)(C)C(C)(C)O2)c2ccccc2)OC(=O)C1,[2H]C(Cl)(Cl)Cl,2,33.2;12.3
CCC/C(=C/B1OC(=O)CN(C)CC(=O)O1)B1OC(C)(C)C(C)(C)O1,[2H]C(Cl)(Cl)Cl,2,32.3;12.5
CN1CC(=O)OB(/C(=C(\B2OC(C)(C)C(C)(C)O2)c2ccccc2)c2ccccc2)OC(=O)C1,[2H]C(Cl)(Cl)Cl,2,31.2;11.4
C/C(B1OC(=O)CN(C)CC(=O)O1)=C(/B1OC(C)(C)C(C)(C)O1)c1ccccc1,[2H]C(Cl)(Cl)Cl,2,31.6;12.0
C=C(B1OC(=O)CN(C)CC(=O)O1)C(=C)B1OC(C)(C)C(C)(C)O1,[2H]C(Cl)(Cl)Cl,2,31.2;11.3
CC1(C)OB(C2(B3Nc4cccc5cccc(c45)N3)CC3C=CC2CC3)OC1(C)C,[2H]C(Cl)(Cl)Cl,2,34.7;31.92
CC(C)[Si](/C(=C/[B-](F)(F)F)B1OC(C)(C)C(C)(C)O1)(C(C)C)C(C)C.[Cs+],[2H]C([2H])([2H])S(=O)C([2H])([2H])[2H],2,35.8;2.5
CC[Si](CC)(CC)/C(=C/[B-](F)(F)F)B1OC(C)(C)C(C)(C)O1.[Cs+],[2H]C([2H])([2H])S(=O)C([2H])([2H])[2H],2,34.4;2.2
CC1(C)OB(/C(=C\C2CCCCC2)B2Nc3cccc4cccc(c34)N2)OC1(C)C,[2H]C(Cl)(Cl)Cl,2,31.1;28.5
CN1CC(=O)OB(C(B2OC(C)(C)C(C)(C)O2)=C2CCCCC2)OC(=O)C1,[2H]C(Cl)(Cl)Cl,2,31.0;10.1
COc1ccc(/C([Se]CCCB2OC(C)(C)C(C)(C)O2)=C(/B2OC(C)(C)C(C)(C)O2)c2ccccc2)cc1,[2H]C(Cl)(Cl)Cl,2,34.3;22.6
CC1(C)OB(CCc2cccc(B3Nc4cccc5cccc(c45)N3)c2)OC1(C)C,[2H]C(Cl)(Cl)Cl,2,34.6;30.7
CN1CC(=O)OB(/C(=C/C(=O)[O-])B2OC(C)(C)C(C)(C)O2)OC(=O)C1,[2H]C(Cl)(Cl)Cl,2,35.0;10.2
C[N+]12CC(=O)O[B-]1(c1cccc(B3Nc4cccc5cccc(c45)N3)c1)OC(=O)C2,[2H]C(Cl)(Cl)Cl,2,12.0;31.3
C[N+]12CC(=O)O[B-]1(c1ccc(B3Nc4cccc5cccc(c45)N3)cc1)OC(=O)C2,[2H]C(Cl)(Cl)Cl,2,11.9;31.0
[BH3-][PH2+][BH2-][N+](C)(C)C,[2H]c1c([2H])c([2H])c([2H])c([2H])c1[2H],2,-39.5;-10.3
C[Si](C)(C)C=C(B(Cl)Cl)B(Cl)Cl,[2H]C(Cl)(Cl)Cl,2,60.5;57.4
C[N@+]1([B-](F)(F)F)CC[N@+](C)([B-](F)(F)F)C1,[2H]C(Cl)(Cl)Cl,2,-8.7;0.0
OB1CC(C(F)(F)F)(C(F)(F)F)O[B-](O)(CC(O)(C(F)(F)F)C(F)(F)F)O1.[K+],[2H]C(Cl)(Cl)Cl,2,30.0;4.0
CC(C)(C)/[N+](=C/C=[N+](\[B-](F)(F)F)C(C)(C)C)[B-](F)(F)F,[2H]C(Cl)(Cl)Cl,2,67.7;48.2
[BH2-]1[N+]23CCCC2CO[B-]32OCC3CCC[N+]132,[2H]C1([2H])OC([2H])([2H])C([2H])([2H])C1([2H])[2H],2,9.8;-0.8
[BH3-][N+]12CCCC1CO[B-]21OCC2CCC[NH+]21,[2H]C1([2H])OC([2H])([2H])C([2H])([2H])C1([2H])[2H],2,6.0;-17.6
CN(C)B1C=CC([Si](C)(C)C)B1N(C)C,[2H]C(Cl)(Cl)Cl,2,51.0;46.0
[BH3-]n1c(C)c(C)n(C)[c+]1B(N(C)C)N(C)C,[2H]C(Cl)(Cl)Cl,2,27.8;-21.9
Cc1c(C)[n+]2c(n1C)[BH2-]c1n(C)c(C)c(C)[n+]1[BH2-]2,[2H]C(Cl)(Cl)Cl,2,-10.0;-31.4
[N-]=[N+]=NB1CCCCCCN1B1CCCCCC1,[2H]C(Cl)(Cl)Cl,2,63.1;42.4
[BH3-]n1c(C)c(C)n(C)[c+]1[B-](CC)(CC)CC.[Li+],[2H]c1c([2H])c([2H])c([2H])c([2H])c1[2H],2,-12.5;-21.6
CC(C)(C)N1B(Br)[N+]2([BH-]1Br)C(C)(C)CCCC2(C)C,[2H]c1c([2H])c([2H])c([2H])c([2H])c1[2H],2,22.6;0.8
CC(C)(C)N1B(Cl)[N+]2([BH-]1Cl)C(C)(C)CCCC2(C)C,[2H]c1c([2H])c([2H])c([2H])c([2H])c1[2H],2,25.1;3.5
CC(C)(C)N1[BH2-][N+]2(B1Br)C(C)(C)CCCC2(C)C,[2H]c1c([2H])c([2H])c([2H])c([2H])c1[2H],2,30.8;2.4
CC(C)(C)N1B[N+]2([BH-]1Br)C(C)(C)CCCC2(C)C,[2H]c1c([2H])c([2H])c([2H])c([2H])c1[2H],2,32.3;1.0
CC(C)(C)N1[BH2-][N+]2(B1Cl)C(C)(C)CCCC2(C)C,[2H]c1c([2H])c([2H])c([2H])c([2H])c1[2H],2,25.1;-5.9
CC(C)(C)N1B[N+]2([BH-]1Cl)C(C)(C)CCCC2(C)C,[2H]c1c([2H])c([2H])c([2H])c([2H])c1[2H],2,30.6;3.8
CB(Br)/[B-](=[N+](\B(Br)C(C)(C)C)C(C)(C)C)C(C)(C)C,[2H]c1c([2H])c([2H])c([2H])c([2H])c1[2H],3,87.6;64.7;42.7
CN(C)B1[B-](N(C)C)=C[C@@H]([Si](C)(C)C)[C@@H]1[Si](C)(C)C.[Li+],[2H]c1c([2H])c([2H])c([2H])c([2H])c1[2H],2,52.0;38.0
CN(C)B1B(Cl)[C@H]([Si](C)(C)C)[C@@H]([Si](C)(C)C)[C@@H]1[Si](C)(C)C,[2H]c1c([2H])c([2H])c([2H])c([2H])c1[2H],2,91.0;48.0
CC(C)N(B(N(C(C)C)C(C)C)n1cc[n+]([B-](Br)(Br)Br)c1)C(C)C,[2H]C(Cl)(Cl)Cl,2,28.0;-11.8
CC(C)N(B(N(C(C)C)C(C)C)n1cc[n+]([B-](Cl)(Cl)Cl)c1)C(C)C,[2H]C(Cl)(Cl)Cl,2,28.0;5.3
CC(C)N(B(N(C(C)C)C(C)C)n1cc[n+]([B-](F)(F)F)c1)C(C)C,[2H]C(Cl)(Cl)Cl,2,28.0;-0.3
CCB(CC)/[N+]1=[B-](\CC)CCCCCCC1,[2H]C(Cl)(Cl)Cl,2,73.1;50.3
CC1CB(C(C)(C)C)N(C(C)(C)C)B1C(C)(C)C,[2H]c1c([2H])c([2H])c([2H])c([2H])c1[2H],2,63.7;56.8
[BH3-][n+]1ccn(B(N(C(C)C)C(C)C)N(C(C)C)C(C)C)c1,[2H]C(Cl)(Cl)Cl,2,28.0;-20.0
ClB1C2CCCC(CCC2)N1B1C2CCCC1CCC2,[2H]C(Cl)(Cl)Cl,2,67.6;49.8
[N-]=[N+]=NB1C2CCCC(CCC2)N1B1C2CCCC1CCC2,[2H]C(Cl)(Cl)Cl,2,64.4;44.2
[BH3-][n+]1c(C)c(C)n(C)c1B1N(C(C)(C)C)C=CN1C(C)(C)C,[2H]c1c([2H])c([2H])c([2H])c([2H])c1[2H],2,19.1;-20.1
CCCC(OB1OC(C)(C)C(C)(C)O1)B1OC(C)(C)C(C)(C)O1,[2H]c1c([2H])c([2H])c([2H])c([2H])c1[2H],2,32.7;22.6
CC(C)C(OB1OC(C)(C)C(C)(C)O1)B1OC(C)(C)C(C)(C)O1,[2H]c1c([2H])c([2H])c([2H])c([2H])c1[2H],2,32.7;22.6
CB(C)N(B(C)N1C(C)(C)CCCC1(C)C)C(C)(C)C,[2H]c1c([2H])c([2H])c([2H])c([2H])c1[2H],2,40.7;45.7
CC(C)(C)N=B[B-](C[Si](C)(C)C)(C(C)(C)C)C(C)(C)C.[Li+],[2H]C1([2H])OC([2H])([2H])C([2H])([2H])C1([2H])[2H],2,15.6;-16.0
CC1(C)OB(OC(B2OC(C)(C)C(C)(C)O2)c2cccs2)OC1(C)C,[2H]c1c([2H])c([2H])c([2H])c([2H])c1[2H],2,31.4;22.5
CC(C)(C)B1OC(C(C)(C)C)B(C(C)(C)C)N1C(C)(C)C,[2H]C(Cl)(Cl)Cl,2,63.2;39.3
C[Si](C)(C)[B-]1=C[C@@H]([Si](C)(C)C)[C@H]([Si](C)(C)C)B1N1CCCCC1.[Li+],[2H]c1c([2H])c([2H])c([2H])c([2H])c1[2H],2,58.0;33.0
CC1(C)OB(OC(B2OC(C)(C)C(C)(C)O2)c2cccnc2)OC1(C)C,[2H]c1c([2H])c([2H])c([2H])c([2H])c1[2H],2,29.6;22.1
CC1(C)OB(OC(B2OC(C)(C)C(C)(C)O2)c2ccc(Br)cc2)OC1(C)C,[2H]c1c([2H])c([2H])c([2H])c([2H])c1[2H],2,31.7;22.5
CC1(C)OB(OC(B2OC(C)(C)C(C)(C)O2)c2ccccc2)OC1(C)C,[2H]c1c([2H])c([2H])c([2H])c([2H])c1[2H],2,31.8;22.6
[BH3-][N+](C)(C)C(B1OC(C)(C)C(C)(C)O1)c1ccc2ccccc2c1,[2H]C(Cl)(Cl)Cl,2,-9.0;9.1
CC(C)(C)N(B(F)F)B(c1ccccc1)N1C(C)(C)CCCC1(C)C,[2H]C1([2H])OC([2H])([2H])C([2H])([2H])C1([2H])[2H],2,35.7;4.8
BN(B(c1ccccc1)N1C(C)(C)CCCC1(C)C)C(C)(C)C,[2H]C1([2H])OC([2H])([2H])C([2H])([2H])C1([2H])[2H],2,32.7;-4.3
CC1(C)OB(OC(B2OC(C)(C)C(C)(C)O2)C2CCCCC2)OC1(C)C,[2H]c1c([2H])c([2H])c([2H])c([2H])c1[2H],2,32.5;22.4
CC(C)(C)N(BN(C(C)(C)C)[Si](C)(C)C)B1C2CCCC1CCC2,[2H]c1c([2H])c([2H])c([2H])c([2H])c1[2H],2,51.0;39.0
[BH3-][N+]1=C(N)N[B-](c2ccccc2)(c2ccccc2)[n+]2c1[nH]c1ccccc12,[2H]C([2H])([2H])S(=O)C([2H])([2H])[2H],2,-2.5;-22.3
[BH3-][P+]1(c2ccccc2)C=C[C@@H]2[C@H]1[C@@H]1C=C[C@H]2[P@@+]1([BH3-])c1ccccc1,[2H]C(Cl)(Cl)Cl,2,-36.6;-35.7
CC1(C)OB(OC(B2OC(C)(C)C(C)(C)O2)c2ccc(C(F)(F)F)cc2)OC1(C)C,[2H]c1c([2H])c([2H])c([2H])c([2H])c1[2H],2,31.6;22.5
Cc1ccc(C(OB2OC(C)(C)C(C)(C)O2)B2OC(C)(C)C(C)(C)O2)cc1,[2H]c1c([2H])c([2H])c([2H])c([2H])c1[2H],2,31.7;22.5
COc1ccccc1C(OB1OC(C)(C)C(C)(C)O1)B1OC(C)(C)C(C)(C)O1,[2H]c1c([2H])c([2H])c([2H])c([2H])c1[2H],2,31.9;22.8
CC(C)[N+](=[B-]1C=CC[B-](=[N+](C(C)C)C(C)C)C1=NC(C)(C)C)C(C)C,[2H]c1c([2H])c([2H])c([2H])c([2H])c1[2H],2,45.0;40.0
CC(C)(C)[B-]1=[N+](C(C)(C)C)NN=C(C(C)(C)C)[B-](C(C)(C)C)=[N+]1C(C)(C)C,[2H]C(Cl)(Cl)Cl,2,40.3;29.3
CC(C)C(C)[B-](C(C)C(C)C)=[N+](/[BH-]=[N+](\C(C)(C)C)[Si](C)(C)C)C(C)(C)C,[2H]c1c([2H])c([2H])c([2H])c([2H])c1[2H],2,48.9;39.3
CCN1B(C#CB2N(C(C)(C)C)C=CN2C(C)(C)C)N(CC)c2ccccc21,[2H]c1c([2H])c([2H])c([2H])c([2H])c1[2H],2,16.5;21.0
Cc1cc(C)c(C(OB2OC(C)(C)C(C)(C)O2)B2OC(C)(C)C(C)(C)O2)c(C)c1,[2H]c1c([2H])c([2H])c([2H])c([2H])c1[2H],2,32.7;22.6
CC(C)(C)N1C=CN(C(C)(C)C)B1C#CB1N(C(C)(C)C)CCN1C(C)(C)C,[2H]c1c([2H])c([2H])c([2H])c([2H])c1[2H],2,16.8;23.1
CN1COB(C([Si](C)(C)C)([Si](C)(C)C)[Si](C)(C)C)OB1C([Si](C)(C)C)([Si](C)(C)C)[Si](C)(C)C,[2H]c1c([2H])c([2H])c([2H])c([2H])c1[2H],2,32.6;30.6
CC(C)(C)[N+](/[BH-]=[N+](\C(C)(C)C)[Si](C)(C)C)=[B-](C1CCCCC1)C1CCCCC1,[2H]c1c([2H])c([2H])c([2H])c([2H])c1[2H],2,45.4;39.0
C[N+](C)=C1C2N(C(c3ccccc3)N1Cc1ccccc1)[B-](C(F)(F)F)(C(F)(F)F)[N+](C)(C)[B-]2(C(F)(F)F)C(F)(F)F,[2H]C([2H])([2H])C#N,2,-2.8;-6.3
[BH3-][P+]([BH2-][PH+](c1ccccc1)c1ccccc1)(c1ccccc1)c1ccccc1,[2H]C(Cl)(Cl)Cl,2,-33.2;-37.3
[BH3-][P+]1(c2ccccc2)C=C(C)[C@]2(C)[C@H]1[C@@H]1C(C)=C(C)[C@H]2[P@@+]1([BH3-])c1ccccc1,[2H]C(Cl)(Cl)Cl,2,-35.5;-30.8
CCB(CC)N(B(CC)Oc1c(C(C)(C)C)cccc1C(C)(C)C)C(C)(C)C,[2H]C(Cl)(Cl)Cl,2,74.1;30.1
CC(C)(C)[N+]#C[B-]1(c2c(F)c(F)c(F)c(F)c2F)N(C(C)(C)C)B(c2c(F)c(F)c(F)c(F)c2F)N1C(C)(C)C,[2H]C(Cl)(Cl)Cl,2,34.0;-14.7
CC(C)(C)B1OC(c2ccccc2)(c2ccccc2)B(C(C)(C)C)N1C(C)(C)C,[2H]C(Cl)(Cl)Cl,2,56.0;40.9
CCCCB(CCCC)N(B(CCCC)N1C(C)(C)CCCC1(C)C)C(C)(C)C,[2H]c1c([2H])c([2H])c([2H])c([2H])c1[2H],2,46.1;40.9
COB(C)[B-]1(OC)c2cc(C)cc(C)c2-c2cccc(-c3c(C)cc(C)cc3C)c21.[Li+],[2H]c1c([2H])c([2H])c([2H])c([2H])c1[2H],2,3.1;-17.6
[BH3-][N+]1=C(c2ccccc2[P+]([BH3-])(c2ccccc2)c2ccccc2)OC[C@@H]1c1ccccc1,[2H]C(Cl)(Cl)Cl,2,-36.5;-19.4
COB(OC)B(OC)c1c(-c2c(C)cc(C)cc2C)cccc1-c1c(C)cc(C)cc1C,[2H]c1c([2H])c([2H])c([2H])c([2H])c1[2H],2,56.5;31.8
[BH3-][P+]([BH2-][PH+](c1ccc(C(F)(F)F)cc1)c1ccc(C(F)(F)F)cc1)(c1ccc(C(F)(F)F)cc1)c1ccc(C(F)(F)F)cc1,[2H]C(Cl)(Cl)Cl,2,-33.6;-37.8
CCP(CC)(CC)=[N+](B1Oc2ccccc2O1)[B-](c1c(F)c(F)c(F)c(F)c1F)(c1c(F)c(F)c(F)c(F)c1F)c1c(F)c(F)c(F)c(F)c1F,[2H]c1c([2H])c([2H])c([2H])c([2H])c1[2H],2,28.0;-6.4
CC(C)(C)/N=C1\N(C(C)(C)C)B(c2c(F)c(F)c(F)c(F)c2F)N(C(C)(C)C)[B-]1(C#[N+]C(C)(C)C)c1c(F)c(F)c(F)c(F)c1F,[2H]C(Cl)(Cl)Cl,2,38.0;-15.0
CC#[N+][B-](c1c(F)c(F)c(F)c(F)c1F)(c1c(F)c(F)c(F)c(F)c1F)c1c(F)c(F)c(F)c(F)c1B(c1c(F)c(F)c(F)c(F)c1F)c1c(F)c(F)c(F)c(F)c1F,[2H]C([2H])(Cl)Cl,2,41.7;-7.6
CC(C)(C)c1ccc([B-]2(c3ccc(C(C)(C)C)cc3)Oc3ccc(B4OC(C)(C)C(C)(C)O4)c4ccc[n+]2c34)cc1,[2H]C(Cl)(Cl)Cl,2,30.0;12.0
Cc1cccc(C)c1N=C1N(C(C)(C)C)B(c2c(F)c(F)c(F)c(F)c2F)N(C(C)(C)C)[B-]1(C#[N+]c1c(C)cccc1C)c1c(F)c(F)c(F)c(F)c1F,[2H]C(Cl)(Cl)Cl,2,40.0;-12.0
CN(C)[S+](N(C)C)N(C)C.Cc1cc(C)c(B(c2c(C)cc(C)cc2C)c2cccc3cccc([B-]4(F)c5ccccc5Oc5ccccc54)c23)c(C)c1,[2H]C([2H])([2H])C(=O)C([2H])([2H])[2H],2,17.6;11.7
Cc1cc(C)c(B(c2c(C)cc(C)cc2C)c2cccc3cccc(B4c5ccccc5Oc5ccccc54)c23)c(C)c1,[2H]C(Cl)(Cl)Cl,2,72.4;51.6
CC(C)(C)c1cc2c(c(C(C)(C)C)c1)O[B-]13Oc4ccccc4[N+]4=Cc5cc(C(C)(C)C)cc(C(C)(C)C)c5O[B-]4(Oc4ccccc4[N+]1=C2)O3,[2H]C(Cl)(Cl)Cl,2,7.33;3.19
[BH3-][N+](C)(C)BN(C)C,[2H]C1([2H])OC([2H])([2H])C([2H])([2H])C1([2H])[2H],2,2.0;-13.2
[BH3-][S+](C)CCCCCC[N+]1([BH3-])CCCCC1,[2H]C(Cl)(Cl)Cl,2,-14.12;-22.0
CC[NH+](CC)C1c2ccccc2O[B-]12OB(O)OB(O)O2,[2H]O[2H],3,19.5;7.0;19.5
OB1OB(O)O[B-]2(O1)Oc1ccccc1C2[NH+]1CCOCC1,[2H]O[2H],3,19.4;6.9;19.4
OB1OB(O)O[B-]2(O1)Oc1ccccc1C2[NH+]1CCCCC1,[2H]O[2H],3,19.4;6.9;19.4
OB1OB(O)O[B-]2(O1)Oc1ccccc1C2[NH+]1CCCC1,[2H]O[2H],3,19.4;7.0;19.4
C[NH+](Cc1ccccc1)C1c2ccccc2O[B-]12OB(O)OB(O)O2,[2H]OC([2H])([2H])[2H],3,18.4;7.5;18.4
C[NH+](C)C1c2ccccc2O[B-]12OB(O)OB(O)O2,[2H]O[2H],3,19.4;7.0;19.4
CCC[NH+](CCC)C1c2ccccc2O[B-]12OB(O)OB(O)O2,[2H]O[2H],3,19.4;7.0;19.4
COc1ccc2c(c1)C([NH+]1CCOCC1)[B-]1(OB(O)OB(O)O1)O2,[2H]O[2H],3,19.3;6.9;19.3
Cc1ccc2c(c1)C([NH+]1CCOCC1)[B-]1(OB(O)OB(O)O1)O2,[2H]O[2H],3,19.4;6.9;19.4
OB1OB(O)O[B-]2(O1)Oc1ccc(F)cc1C2[NH+]1CCOCC1,[2H]O[2H],3,19.4;7.1;19.4
OB1OB(O)O[B-]2(O1)Oc1ccc(Br)cc1C2[NH+]1CCOCC1,[2H]O[2H],3,19.4;7.0;19.4
COc1ccc2c(c1)O[B-]1(OB(O)OB(O)O1)C2[NH+]1CCOCC1,[2H]O[2H],3,19.4;7.2;19.4
COc1cccc2c1O[B-]1(OB(O)OB(O)O1)C2[NH+]1CCOCC1,[2H]O[2H],3,19.4;7.1;19.4
OB1OB(O)O[B-]2(O1)Oc1c(F)cccc1C2[NH+]1CCOCC1,[2H]O[2H],3,19.4;7.4;19.4
CC(C)(C)c1cc2c(c(C(C)(C)C)c1)C([NH+]1CCOCC1)[B-]1(OB(O)OB(O)O1)O2,[2H]OC([2H])([2H])[2H],3,18.5;7.5;18.5
CC1(C)OB(Oc2ccc(CN(B3OC(C)(C)C(C)(C)O3)B3OC(C)(C)C(C)(C)O3)cc2)OC1(C)C,[2H]C(Cl)(Cl)Cl,3,25.8;21.0;21.0
CC1(C)OB(C2=CCN(B3OC(C)(C)C(C)(C)O3)CC2B2OC(C)(C)C(C)(C)O2)OC1(C)C,[2H]c1c([2H])c([2H])c([2H])c([2H])c1[2H],3,30.7;24.0;30.7
CC(OB1OC(C)(C)C(C)(C)O1)C1=CCN(B2OC(C)(C)C(C)(C)O2)CC1B1OC(C)(C)C(C)(C)O1,[2H]c1c([2H])c([2H])c(C([2H])([2H])[2H])c([2H])c1[2H],3,32.7;21.7;21.7
CCCC/C(B1OC(C)(C)C(C)(C)O1)=C(/B1OC(=O)CN(C)CC(=O)O1)B1OC(C)(C)C(C)(C)O1,[2H]C(Cl)(Cl)Cl,3,32.9;12.0;32.9
CN1CC(=O)OB(/C(B2OC(C)(C)C(C)(C)O2)=C(\B2OC(C)(C)C(C)(C)O2)C2CC2)OC(=O)C1,[2H]C(Cl)(Cl)Cl,3,31.8;11.8;31.8
CN1CC(=O)OB(/C(B2OC(C)(C)C(C)(C)O2)=C(\B2OC(C)(C)C(C)(C)O2)c2ccccc2)OC(=O)C1,[2H]C([2H])([2H])C#N,3,31.5;11.3;31.5
COc1ccc(/C(B2OC(C)(C)C(C)(C)O2)=C(/B2OC(=O)CN(C)CC(=O)O2)B2OC(C)(C)C(C)(C)O2)cc1,[2H]C(Cl)(Cl)Cl,3,31.9;11.7;31.9
CN1CC(=O)OB(C(B2OC(C)(C)C(C)(C)O2)=C(B2OC(C)(C)C(C)(C)O2)B2OC(C)(C)C(C)(C)O2)OC(=O)C1,[2H]C(Cl)(Cl)Cl,4,31.6;10.9;31.6;31.6
CN(C)B1B(B(N(C)C)N(C)C)B(N(C)C)B1B(N(C)C)N(C)C,[2H]c1c([2H])c([2H])c([2H])c([2H])c1[2H],6,63.0;41.0;6.0;63.0;41.0;6.0
CB1N(C)B(C)N(C)B([Si]([Si](C)(C)C)([Si](C)(C)C)[Si](C)(C)C)N1C,[2H]c1c([2H])c([2H])c([2H])c([2H])c1[2H],3,42.2;36.3;36.3
[BH3-][N+](C)(C)C[B-](C[N+]([BH3-])(C)C)(c1ccccc1)c1ccccc1.[Li+],[2H]c1c([2H])c([2H])c([2H])c([2H])c1[2H],3,-7.8;-13.9;-13.9
[BH3-][N+](C)(C)C[B-](C[N+]([BH3-])(C)C)(c1ccccc1)c1ccccc1.[Li+],[2H]C([2H])([2H])C(=O)C([2H])([2H])[2H],3,-5.1;-14.0;-14.0
CC[P+](CC)(CC)N1BN([P+](CC)(CC)CC)[BH-](Cl)N([P+](CC)(CC)CC)[BH-]1Cl.[Br-],[2H]C([2H])(Cl)Cl,3,31.0;-6.8;-6.8
CC[P+](CC)(CC)N1BN([P+](CC)(CC)CC)[BH2-]N([P+](CC)(CC)CC)B1.[I-].[I-],[2H]C([2H])(Cl)Cl,3,30.6;-13.0;30.6
CB1N(C)B([Si]([Si](C)(C)C)([Si](C)(C)C)[Si](C)(C)C)N(C)B([Si]([Si](C)(C)C)([Si](C)(C)C)[Si](C)(C)C)N1C,[2H]c1c([2H])c([2H])c([2H])c([2H])c1[2H],3,42.8;37.1;42.8
CB1N(C)B(C)N(C)B([Ge](c2ccccc2)(c2ccccc2)c2ccccc2)N1C,[2H]c1c([2H])c([2H])c([2H])c([2H])c1[2H],3,39.3;36.2;36.2
CC(C)N(B1PB(N(C(C)C)C(C)C)P1[Si]1(Cl)P2B(N(C(C)C)C(C)C)P1B2N(C(C)C)C(C)C)C(C)C,[2H]c1c([2H])c([2H])c([2H])c([2H])c1[2H],4,46.9;44.3;46.9;44.3
Br[B-](Br)(Br)Br.Cc1ccc([B-]2(Br)[n+]3ccc(CCCCB(Br)Br)cc3-c3cc(CCCCB(Br)Br)cc[n+]32)cc1,[2H]C([2H])(Cl)Cl,4,57.3;6.5;57.3;6.5
CC(C)(C)B1OC2=C(OB(C(C)(C)C)N(C(C)(C)C)B2C(C)(C)C)B(C(C)(C)C)N1C(C)(C)C,[2H]C(Cl)(Cl)Cl,4,52.9;37.6;52.9;37.6
CC[B-](CC)(CC)[n+]1ccn(B(N2C(C)(C)CCCC2(C)C)n2cc[n+]([B-](CC)(CC)CC)c2)c1,[2H]C(Cl)(Cl)Cl,3,28.2;-0.8;-0.8
CB1N(C(C)C)B(C)N(C(C)C)B([Ge](c2ccccc2)(c2ccccc2)c2ccccc2)N1C(C)C,[2H]c1c([2H])c([2H])c([2H])c([2H])c1[2H],3,41.4;38.5;38.5
CC[N+]1=[B-]2[N+](C(C)(C)C)=[B-](C(C)(C)C)C2(C(C)(C)C)[N+](CC)=[B-]2[N+](C(C)(C)C)=[B-](C(C)(C)C)C21C(C)(C)C,[2H]C(Cl)(Cl)Cl,4,50.1;33.2;50.1;33.2
CC[N+]1=C2[B-](C(C)(C)C)=[N+](C(C)(C)C)[B-]2(C(C)(C)C)[N+](CC)=C2[B-](C(C)(C)C)=[N+](C(C)(C)C)[B-]21C(C)(C)C,[2H]c1c([2H])c([2H])c(C([2H])([2H])[2H])c([2H])c1[2H],4,41.4;4.4;41.4;4.4
CC[B-](CC)(CC)[n+]1cn(B(N2C(C)(C)CCCC2(C)C)n2c[n+]([B-](CC)(CC)CC)c(C)c2C)c(C)c1C,[2H]C(Cl)(Cl)Cl,3,29.7;-0.9;-0.9
CC(C)[N+](=[B-]1C=CCC12O[B-](=[N+](C(C)C)C(C)C)C1(CC=C[B-]1=[N+](C(C)C)C(C)C)O[B-]2=[N+](C(C)C)C(C)C)C(C)C,[2H]C(Cl)(Cl)Cl,4,44.0;32.0;44.0;32.0
Cc1cc(C)c(C)c(B2C(=BN([Si](C)(C)C)[Si](C)(C)C)B(c3c(C)c(C)cc(C)c3C)C2([Si](C)(C)C)[Si](C)(C)C)c1C,[2H]c1c([2H])c([2H])c(C([2H])([2H])[2H])c([2H])c1[2H],3,61.0;51.0;61.0
CC(C)(C)N1B(c2c(F)c(F)c(F)c(F)c2F)N(C(C)(C)C)[B-]2(c3c(F)c(F)c(F)c(F)c3F)N(B(c3c(F)c(F)c(F)c(F)c3F)N2C(C)(C)C)[C+]1c1ccccc1,[2H]C(Cl)(Cl)Cl,3,35.0;2.7;35.0
CC(C)(C)N1B(c2c(F)c(F)c(F)c(F)c2F)N(C(C)(C)C)[B-]2(c3c(F)c(F)c(F)c(F)c3F)N(B(c3c(F)c(F)c(F)c(F)c3F)N2C(C)(C)C)[C+]1c1ccc(C(F)(F)F)cc1,[2H]C(Cl)(Cl)Cl,3,35.0;2.7;35.0
CC(C)N(B(N(C)B1NB(N(C)B(N(C(C)C)C(C)C)N(C(C)C)C(C)C)NB(N(C)B(N(C(C)C)C(C)C)N(C(C)C)C(C)C)N1)N(C(C)C)C(C)C)C(C)C,[2H]c1c([2H])c([2H])c([2H])c([2H])c1[2H],6,27.0;31.7;27.0;31.7;27.0;31.7
Cn1c2[n+](c3ccccc31)[B-](c1ccccc1)(c1ccccc1)NC1=[N+]2[BH2-]NC2=[N+]([BH2-]N1)c1n(C)c3ccccc3[n+]1[B-](c1ccccc1)(c1ccccc1)N2,[2H]C([2H])([2H])S(=O)C([2H])([2H])[2H],4,6.7;-2.6;6.7;-2.6
C[N+]1=[B-]2[N+](C(C)(C)C)=[B-](C(C)(C)C)C2(C(C)(C)C)[N+](C)=[B-]2[N+](C(C)(C)C)=[B-](C(C)(C)C)C21C(C)(C)C,[2H]c1c([2H])c([2H])c([2H])c([2H])c1[2H],4,46.8;29.8;46.8;29.8
