compound_id,Smiles,source_doi,nmr_11b_frequency_mhz,nmr_11b_solvent,nmr_11b_shifts_ppm
(R)-34b,CC1(C)OB(C[C@](C)(CCCCCc2ccccc2)/C(=N/N2CCCCC2)C(F)(F)F)OC1(C)C,10-1007_s11426-024-2106-3,128,[2H]C(Cl)(Cl)Cl,34
(R)-1b,CCCCCCC(C)(CB1OC(C)(C)C(C)(C)O1)/C(=N/N1CCCCC1)C(F)(F)F,10-1007_s11426-024-2106-3,128,[2H]C(Cl)(Cl)Cl,32.8
(S)-2b,CCCCCC(C)(CB1OC(C)(C)C(C)(C)O1)/C(=N/N1CCCCC1)C(F)(F)F,10-1007_s11426-024-2106-3,128,[2H]C(Cl)(Cl)Cl,32.8
(S)-3b,CCCCCCCC(C)(CB1OC(C)(C)C(C)(C)O1)/C(=N/N1CCCCC1)C(F)(F)F,10-1007_s11426-024-2106-3,128,[2H]C(Cl)(Cl)Cl,33.3
(S)-4b,CCCCCCCCC(C)(CB1OC(C)(C)C(C)(C)O1)/C(=N/N1CCCCC1)C(F)(F)F,10-1007_s11426-024-2106-3,128,[2H]C(Cl)(Cl)Cl,33.4
(S)-5b,CCCCCCCCCC(C)(CB1OC(C)(C)C(C)(C)O1)/C(=N/N1CCCCC1)C(F)(F)F,10-1007_s11426-024-2106-3,128,[2H]C(Cl)(Cl)Cl,33.1
(S)-6b,CCCCCCCCCCC(C)(CB1OC(C)(C)C(C)(C)O1)/C(=N/N1CCCCC1)C(F)(F)F,10-1007_s11426-024-2106-3,128,[2H]C(Cl)(Cl)Cl,34.2
(S)-7b,CCCCCCCCCCCCC(C)(CB1OC(C)(C)C(C)(C)O1)/C(=N/N1CCCCC1)C(F)(F)F,10-1007_s11426-024-2106-3,128,[2H]C(Cl)(Cl)Cl,33.9
(S)-8b,CCCCCCCCCCCCCCC(C)(CB1OC(C)(C)C(C)(C)O1)/C(=N/N1CCCCC1)C(F)(F)F,10-1007_s11426-024-2106-3,128,[2H]C(Cl)(Cl)Cl,33.9
(S)-10b,CC(C)CCC(C)(CB1OC(C)(C)C(C)(C)O1)/C(=N/N1CCCCC1)C(F)(F)F,10-1007_s11426-024-2106-3,128,[2H]C(Cl)(Cl)Cl,33
(S)-11b,CC(C)CCCCC(C)(CB1OC(C)(C)C(C)(C)O1)/C(=N/N1CCCCC1)C(F)(F)F,10-1007_s11426-024-2106-3,128,[2H]C(Cl)(Cl)Cl,32.8
(S)-12b,CC(CCCCCF)(CB1OC(C)(C)C(C)(C)O1)/C(=N/N1CCCCC1)C(F)(F)F,10-1007_s11426-024-2106-3,128,[2H]C(Cl)(Cl)Cl,32.5
(S)-13b,CCCCCCOCCCCC(C)(CB1OC(C)(C)C(C)(C)O1)/C(=N/N1CCCCC1)C(F)(F)F,10-1007_s11426-024-2106-3,128,[2H]C(Cl)(Cl)Cl,34.4
(S)-14b,CCCCCCOCCCCCC(C)(CB1OC(C)(C)C(C)(C)O1)/C(=N/N1CCCCC1)C(F)(F)F,10-1007_s11426-024-2106-3,128,[2H]C(Cl)(Cl)Cl,34.3
15b,CC(CB1OC(C)(C)C(C)(C)O1)(CC1CCC1)/C(=N/N1CCCCC1)C(F)(F)F,10-1007_s11426-024-2106-3,128,[2H]C(Cl)(Cl)Cl,32.8
(S)-16b,CC(CB1OC(C)(C)C(C)(C)O1)(CC1CCCC1)/C(=N/N1CCCCC1)C(F)(F)F,10-1007_s11426-024-2106-3,128,[2H]C(Cl)(Cl)Cl,32.8
(S)-17b,CC(CB1OC(C)(C)C(C)(C)O1)(CC1CCCCC1)/C(=N/N1CCCCC1)C(F)(F)F,10-1007_s11426-024-2106-3,128,[2H]C(Cl)(Cl)Cl,32.8
(S)-18b,CC(CCC1CCCC1)(CB1OC(C)(C)C(C)(C)O1)/C(=N/N1CCCCC1)C(F)(F)F,10-1007_s11426-024-2106-3,128,[2H]C(Cl)(Cl)Cl,33.4
19b,CC(CCC1CCCCC1)(CB1OC(C)(C)C(C)(C)O1)/C(=N/N1CCCCC1)C(F)(F)F,10-1007_s11426-024-2106-3,128,[2H]C(Cl)(Cl)Cl,33.6
20b,CC(CCCC1CCCCC1)(CB1OC(C)(C)C(C)(C)O1)/C(=N/N1CCCCC1)C(F)(F)F,10-1007_s11426-024-2106-3,128,[2H]C(Cl)(Cl)Cl,32.9
(S)-21b,Cc1ccc(CCCC(C)(CB2OC(C)(C)C(C)(C)O2)/C(=N/N2CCCCC2)C(F)(F)F)cc1,10-1007_s11426-024-2106-3,128,[2H]C(Cl)(Cl)Cl,33.7
(S)-22b,COc1ccc(CCCC(C)(CB2OC(C)(C)C(C)(C)O2)/C(=N/N2CCCCC2)C(F)(F)F)cc1,10-1007_s11426-024-2106-3,128,[2H]C(Cl)(Cl)Cl,32.7
(S)-23b,CC(CCCc1ccc(C(F)(F)F)cc1)(CB1OC(C)(C)C(C)(C)O1)/C(=N/N1CCCCC1)C(F)(F)F,10-1007_s11426-024-2106-3,128,[2H]C(Cl)(Cl)Cl,33.7
(S)-24b,Cc1ccc(CCCCC(C)(CB2OC(C)(C)C(C)(C)O2)/C(=N/N2CCCCC2)C(F)(F)F)cc1,10-1007_s11426-024-2106-3,128,[2H]C(Cl)(Cl)Cl,33.5
(S)-25b,COc1ccc(CCCCC(C)(CB2OC(C)(C)C(C)(C)O2)/C(=N/N2CCCCC2)C(F)(F)F)cc1,10-1007_s11426-024-2106-3,128,[2H]C(Cl)(Cl)Cl,32.9
(R)-26b,Cc1ccccc1CCCC(C)(CB1OC(C)(C)C(C)(C)O1)/C(=N/N1CCCCC1)C(F)(F)F,10-1007_s11426-024-2106-3,128,[2H]C(Cl)(Cl)Cl,33.9
27b,COc1cccc(CCCC(C)(CB2OC(C)(C)C(C)(C)O2)/C(=N/N2CCCCC2)C(F)(F)F)c1,10-1007_s11426-024-2106-3,128,[2H]C(Cl)(Cl)Cl,33.8
(R)-28b,CC(CCCc1cccc(C(F)(F)F)c1)(CB1OC(C)(C)C(C)(C)O1)/C(=N/N1CCCCC1)C(F)(F)F,10-1007_s11426-024-2106-3,128,[2H]C(Cl)(Cl)Cl,33.1
(R)-29b,CC(CCCc1ccc(F)cc1)(CB1OC(C)(C)C(C)(C)O1)/C(=N/N1CCCCC1)C(F)(F)F,10-1007_s11426-024-2106-3,128,[2H]C(Cl)(Cl)Cl,33.5
(R)-30b,CC(CB1OC(C)(C)C(C)(C)O1)(Cc1ccccc1)/C(=N/N1CCCCC1)C(F)(F)F,10-1007_s11426-024-2106-3,128,[2H]C(Cl)(Cl)Cl,32.9
(R)-31b,CC(CCc1ccccc1)(CB1OC(C)(C)C(C)(C)O1)/C(=N/N1CCCCC1)C(F)(F)F,10-1007_s11426-024-2106-3,128,[2H]C(Cl)(Cl)Cl,33.3
(R)-32b,CC(CCCc1ccccc1)(CB1OC(C)(C)C(C)(C)O1)/C(=N/N1CCCCC1)C(F)(F)F,10-1007_s11426-024-2106-3,128,[2H]C(Cl)(Cl)Cl,33.5
(R)-33b,CC(CCCCc1ccccc1)(CB1OC(C)(C)C(C)(C)O1)/C(=N/N1CCCCC1)C(F)(F)F,10-1007_s11426-024-2106-3,128,[2H]C(Cl)(Cl)Cl,33.8
(R)-33b,CC(CCCCCc1ccccc1)(CB1OC(C)(C)C(C)(C)O1)/C(=N/N1CCCCC1)C(F)(F)F,10-1007_s11426-024-2106-3,128,[2H]C(Cl)(Cl)Cl,34
36,CCCCCCC(C)(CB1OC(C)(C)C(C)(C)O1)C(=O)C(F)(F)F,10-1007_s11426-024-2106-3,128,[2H]C(Cl)(Cl)Cl,32.7
3aa,CC1(C)OB(CC=C2CCC(OCc3ccc(-c4ccccc4)cc3)CC2)OC1(C)C,10-1007_s11426-024-2315-1,128,[2H]C(Cl)(Cl)Cl,33.46
(Z)-3a,CCCCCC/C(=C/B1OC(C)(C)C(C)(C)O1)[Si](C)(C)OC(C)C,10-1039_b800181b,128,[2H]C(Cl)(Cl)Cl,29.5
(E)-3a,CCCCCC/C(=C\B1OC(C)(C)C(C)(C)O1)[Si](C)(C)OC(C)C,10-1039_b800181b,128,[2H]C(Cl)(Cl)Cl,29.3
(Z)-3c,CCCCCCCC/C(=C/B1OC(C)(C)C(C)(C)O1)[Si](C)(C)OC(C)C,10-1039_b800181b,128,[2H]C(Cl)(Cl)Cl,29.7
(Z)-3d,CC(C)O[Si](C)(C)/C(=C\B1OC(C)(C)C(C)(C)O1)CCO[Si](C)(C)C(C)(C)C,10-1039_b800181b,128,[2H]C(Cl)(Cl)Cl,29.2
(Z)-3f,CC(C)O[Si](C)(C)/C(=C\B1OC(C)(C)C(C)(C)O1)CCCCl,10-1039_b800181b,128,[2H]C(Cl)(Cl)Cl,30.6
(Z)-3h,CC(C)[Si](C)(C)/C(=C\B1OC(C)(C)C(C)(C)O1)c1ccccc1,10-1039_b800181b,128,[2H]C(Cl)(Cl)Cl,29.8
(Z)-3i,CC(C)O[Si](C)(C)/C(=C\B1OC(C)(C)C(C)(C)O1)C1CCCCC1,10-1039_b800181b,128,[2H]C(Cl)(Cl)Cl,30.1
(Z)-3j,CC(C)O[Si](C)(C)/C(=C\B1OC(C)(C)C(C)(C)O1)C(C)(C)C,10-1039_b800181b,128,[2H]C(Cl)(Cl)Cl,30.5
,O=C([O-])C(F)(F)F.OB(O)C[C@H]1CCC[NH2+]1,10-1039_b806779a,128.4,[2H]C(Cl)(Cl)Cl,30.6
,OB(Cl)C[C@H]1CCC[NH2+]1,10-1039_b806779a,128.4,[2H]O[2H],30.7
,CC(C)(O)C(C)(C)O.OB(Cl)C[C@H]1CCC[NH2+]1,10-1039_b806779a,128.4,[2H]C(Cl)(Cl)Cl,32.1
,OB(Br)C[C@H]1CCC[NH2+]1,10-1039_b806779a,128.4,[2H]C(Cl)(Cl)Cl,30.2
,OB(I)C[C@H]1CCC[NH2+]1,10-1039_b806779a,128.4,[2H]C(Cl)(Cl)Cl,30.2
3BH3,[BH3-]c1n(-c2c(C)cc(C)cc2C)cc[n+]1-c1c(C)cc(C)cc1C,10-1039_c001466d,128,[2H]C(Cl)(Cl)Cl,-38.3
4BH3,[BH3-]c1n2c(c3[n+]1[C@@H](C(C)C)CO3)OC[C@@H]2C(C)C,10-1039_c001466d,96,[2H]C(Cl)(Cl)Cl,-37.9
5BH3,[BH3-]c1n2c(c3[n+]1[C@@H](C(C)(C)C)CO3)OC[C@@H]2C(C)(C)C,10-1039_c001466d,128,[2H]C(Cl)(Cl)Cl,-35.2
6BH3,[BH3-]c1n2c(c3[n+]1[C@@H]1c4ccccc4C[C@H]1O3)O[C@@H]1Cc3ccccc3[C@@H]12,10-1039_c001466d,96,[2H]C(Cl)(Cl)Cl,-35.3
39-BBN,Cc1cc(C)c(-n2cc[n+](-c3c(C)cc(C)cc3C)c2[BH-]2C3CCCC2CCC3)c(C)c1,10-1039_c001466d,96,[2H]C(Cl)(Cl)Cl,-16.6
49-BBN,CC(C)[C@H]1COc2c3[n+](c([BH-]4C5CCCC4CCC5)n21)[C@@H](C(C)C)CO3,10-1039_c001466d,96,[2H]C1([2H])OC([2H])([2H])C([2H])([2H])C1([2H])[2H],-19.1
3a,C=C(CC(=O)OC)B1OC(C)(C)C(C)(C)O1,10-1039_c0cc02270e,160,[2H]C(Cl)(Cl)Cl,29.58
3c,C=C(CC(=O)OCCCc1ccccc1)B1OC(C)(C)C(C)(C)O1,10-1039_c0cc02270e,160,[2H]C(Cl)(Cl)Cl,29.69
3b,C=C(CC(=O)OCC)B1OC(C)(C)C(C)(C)O1,10-1039_c0cc02270e,160,[2H]C(Cl)(Cl)Cl,29.57
3d,COC(=O)C/C(=C\c1ccccc1)B1OC(C)(C)C(C)(C)O1,10-1039_c0cc02270e,160,[2H]C(Cl)(Cl)Cl,30.19
3e,CCOC(=O)C/C(=C\c1ccccc1)B1OC(C)(C)C(C)(C)O1,10-1039_c0cc02270e,160,[2H]C(Cl)(Cl)Cl,30.2
3f,CC1(C)OB(/C(=C/c2ccccc2)CC(=O)OCCCc2ccccc2)OC1(C)C,10-1039_c0cc02270e,160,[2H]C(Cl)(Cl)Cl,30.19
3g,C/C=C(\CC(=O)OC)B1OC(C)(C)C(C)(C)O1,10-1039_c0cc02270e,160,[2H]C(Cl)(Cl)Cl,30.12
3h,C/C=C(\CC(=O)OCC)B1OC(C)(C)C(C)(C)O1,10-1039_c0cc02270e,160,[2H]C(Cl)(Cl)Cl,29.98
3i,C/C=C(\CC(=O)OC(C)C)B1OC(C)(C)C(C)(C)O1,10-1039_c0cc02270e,160,[2H]C(Cl)(Cl)Cl,30.01
3j,C/C=C(\CC(=O)OC(C)(C)C)B1OC(C)(C)C(C)(C)O1,10-1039_c0cc02270e,160,[2H]C(Cl)(Cl)Cl,30.05
3k,C/C=C(\CC(=O)OCc1ccccc1[N+](=O)[O-])B1OC(C)(C)C(C)(C)O1,10-1039_c0cc02270e,160,[2H]C(Cl)(Cl)Cl,29.88
3l,C/C=C(/B1OC(C)(C)C(C)(C)O1)C(C)C(=O)OCC,10-1039_c0cc02270e,160,[2H]C(Cl)(Cl)Cl,30.05
,c1ccc(P(c2ccccc2)c2ccccc2B2OCCO2)cc1,10-1039_c2cc30399j,160.5,[2H]C(Cl)(Cl)Cl,31.8
,CP(C)c1ccccc1B1OCCO1,10-1039_c2cc30399j,160.5,[2H]C(Cl)(Cl)Cl,32
,CP(C)c1ccccc1B1OC(C)(C)C(C)(C)O1,10-1039_c2cc30399j,160.5,[2H]C(Cl)(Cl)Cl,31.3
,CP(C)c1ccccc1B1OCC(C)(C)CO1,10-1039_c2cc30399j,96.3,[2H]C(Cl)(Cl)Cl,29
8,C/C1=C/C[P+](C)(C)c2ccccc2[B-]2(O1)OC(C)(C)C(C)(C)O2,10-1039_c2cc30399j,160.5,[2H]C([2H])([2H])C#N,6.6
,CCC(=O)CC(C)B1OC(C)(C)C(C)(C)O1,10-1039_c2ob26899j,,[2H]C(Cl)(Cl)Cl,34.08
,F[B-](F)(F)/C=C/c1ccc(OC(F)(F)F)cc1.[K+],10-1039_c3cc39235j,128.4,[2H]C([2H])([2H])C(=O)C([2H])([2H])[2H],3.06
,CC1(C)OB(/C=C/c2ccc(OC(F)(F)F)cc2)OC1(C)C,10-1039_c3cc39235j,125.7,[2H]C(Cl)(Cl)Cl,30
,CC1(C)OB(/C=C/c2ccc(Br)cc2)OC1(C)C,10-1039_c3cc39235j,125.7,[2H]C(Cl)(Cl)Cl,29.6
2e,F[B-](F)(F)/C=C/c1ccc(Br)cc1.[K+],10-1039_c3cc39235j,128.4,[2H]C([2H])([2H])S(=O)C([2H])([2H])[2H],2.36
,CC1Nc2cc(/C=C/B3OC(C)(C)C(C)(C)O3)cnc2S1,10-1039_c2ob26899j,,[2H]C([2H])([2H])S(=O)C([2H])([2H])[2H],29.5
2t,CC1Nc2cc(/C=C/[B-](F)(F)F)cnc2S1.[K+],10-1039_c3cc39235j,128.4,[2H]C([2H])([2H])S(=O)C([2H])([2H])[2H],2.8
2u,F[B-](F)(F)/C=C/Cc1ccccc1.[K+],10-1039_c3cc39235j,128.4,[2H]C([2H])([2H])S(=O)C([2H])([2H])[2H],2.41
2h,CC1(C)OB(/C=C/c2ccc(C#N)cc2)OC1(C)C,10-1039_c3cc39235j,125.7,[2H]C(Cl)(Cl)Cl,29.3
2h,N#Cc1ccc(/C=C/[B-](F)(F)F)cc1.[K+],10-1039_c3cc39235j,128.4,[2H]C([2H])([2H])S(=O)C([2H])([2H])[2H],2.42
2i,Fc1cc(F)cc(/C=C/[B-](F)(F)F)c1.[K+],10-1039_c3cc39235j,128.4,[2H]C([2H])([2H])S(=O)C([2H])([2H])[2H],2.46
,CC(C)(C)OC(=O)Nc1cccc(/C=C/B2OC(C)(C)C(C)(C)O2)c1,10-1039_c3cc39235j,125.7,[2H]C(Cl)(Cl)Cl,30.5
2k,CC(C)(C)OC(=O)Nc1cccc(/C=C/[B-](F)(F)F)c1.[K+],10-1039_c3cc39235j,128.4,[2H]C([2H])([2H])S(=O)C([2H])([2H])[2H],2.7
2l,Cc1ccccc1/C=C/[B-](F)(F)F.[K+],10-1039_c3cc39235j,128.4,[2H]C([2H])([2H])S(=O)C([2H])([2H])[2H],2.55
2n,F[B-](F)(F)/C=C/c1ccncc1.[K+],10-1039_c3cc39235j,128.4,[2H]C([2H])([2H])S(=O)C([2H])([2H])[2H],2.38
,CC1(C)OB(/C=C/c2ccnc(Cl)c2)OC1(C)C,10-1039_c3cc39235j,125.7,[2H]C(Cl)(Cl)Cl,29.5
2o,F[B-](F)(F)/C=C/c1ccnc(Cl)c1,10-1039_c3cc39235j,128.4,[2H]C([2H])([2H])S(=O)C([2H])([2H])[2H],1.9
,CC1(C)OB(/C=C/c2ccc(C#N)nc2)OC1(C)C,10-1039_c3cc39235j,125.7,[2H]C(Cl)(Cl)Cl,29.3
2p,N#Cc1ccc(/C=C/[B-](F)(F)F)cn1,10-1039_c3cc39235j,128.4,[2H]C([2H])([2H])S(=O)C([2H])([2H])[2H],2.35
,COC(=O)c1cncc(/C=C/B2OC(C)(C)C(C)(C)O2)c1,10-1039_c3cc39235j,125.7,[2H]C(Cl)(Cl)Cl,28.5
2q,COC(=O)c1cncc(/C=C/[B-](F)(F)F)c1.[K+],10-1039_c3cc39235j,128.4,[2H]C([2H])([2H])S(=O)C([2H])([2H])[2H],2.27
,Cc1ccc2cc(/C=C/B3OC(C)(C)C(C)(C)O3)ccc2n1,10-1039_c3cc39235j,125.7,[2H]C(Cl)(Cl)Cl,29.8
2r,Cc1ccc2cc(/C=C/[B-](F)(F)F)ccc2n1.[K+],10-1039_c3cc39235j,128.4,[2H]C([2H])([2H])S(=O)C([2H])([2H])[2H],2.4
1l,C/C(=C\c1ccccc1)C(O)/C(=C/C(C)(C)C)B1OC(C)(C)C(C)(C)O1,10-1039_c3sc51616d,128,[2H]C(Cl)(Cl)Cl,30
1m,CCCCCC/C(=C\c1ccccc1)C(O)/C(=C/c1ccccc1)B1OC(C)(C)C(C)(C)O1,10-1039_c3sc51616d,128,[2H]C(Cl)(Cl)Cl,30.3
1n,CC/C=C(\C)C(O)/C(=C/C(C)(C)C)B1OC(C)(C)C(C)(C)O1,10-1039_c3sc51616d,128,[2H]C(Cl)(Cl)Cl,37
1o,CC/C=C(\C)C(O)/C(=C/c1ccccc1)B1OC(C)(C)C(C)(C)O1,10-1039_c3sc51616d,128,[2H]C(Cl)(Cl)Cl,30
1p,CC1(C)OB(/C(=C\c2ccccc2)C(O)C2=CCCCC2)OC1(C)C,10-1039_c3sc51616d,128,[2H]C(Cl)(Cl)Cl,30.3
1q,CC1(C)OB(/C(=C\c2ccccc2)C(O)/C(Br)=C/c2ccccc2)OC1(C)C,10-1039_c3sc51616d,128,[2H]C(Cl)(Cl)Cl,30.2
2k,CC1(C(O)C2(B3OC(C)(C)C(C)(C)O3)OC2c2ccccc2)OC1c1ccccc1,10-1039_c3sc51616d,128,[2H]C(Cl)(Cl)Cl,29.7
2m,CCCCCCC1(C(O)C2(B3OC(C)(C)C(C)(C)O3)OC2c2ccccc2)OC1c1ccccc1,10-1039_c3sc51616d,128,[2H]C(Cl)(Cl)Cl,28.4
2o,CCC1OC1(C)C(O)C1(B2OC(C)(C)C(C)(C)O2)OC1c1ccccc1,10-1039_c3sc51616d,128,[2H]C(Cl)(Cl)Cl,29.4
2p,CC1(C)OB(C2(C(O)C34CCCCC3O4)OC2c2ccccc2)OC1(C)C,10-1039_c3sc51616d,128,[2H]C(Cl)(Cl)Cl,29.7
3k,CC1(C)OB(/C(=C\c2ccccc2)C(O)C2OC2c2ccccc2)OC1(C)C,10-1039_c3sc51616d,128,[2H]C(Cl)(Cl)Cl,30.2
3l,CC(C)(C)/C=C(\B1OC(C)(C)C(C)(C)O1)C(O)C1(C)OC1c1ccccc1,10-1039_c3sc51616d,128,[2H]C(Cl)(Cl)Cl,30.5
3n,CCC1OC1(C)C(O)/C(=C/C(C)(C)C)B1OC(C)(C)C(C)(C)O1,10-1039_c3sc51616d,128,[2H]C(Cl)(Cl)Cl,30.2
3m,CCCCCCC1(C(O)/C(=C/c2ccccc2)B2OC(C)(C)C(C)(C)O2)OC1c1ccccc1,10-1039_c3sc51616d,128,[2H]C(Cl)(Cl)Cl,30.1
3o,CCC1OC1(C)C(O)/C(=C/c1ccccc1)B1OC(C)(C)C(C)(C)O1,10-1039_c3sc51616d,128,[2H]C(Cl)(Cl)Cl,30.8
3p,CC1(C)OB(/C(=C\c2ccccc2)C(O)C23CCCCC2O3)OC1(C)C,10-1039_c3sc51616d,128,[2H]C(Cl)(Cl)Cl,30.5
1c,C=C(B1Nc2cccc3cccc(c23)N1)c1ccc(OC)cc1,10-1039_c4cc01757a,,[2H]C(Cl)(Cl)Cl,29.1
1d,C=C(B1Nc2cccc3cccc(c23)N1)c1ccc(C(F)(F)F)cc1,10-1039_c4cc01757a,,[2H]C(Cl)(Cl)Cl,29
1e,C=C(CCCCCC)B1Nc2cccc3cccc(c23)N1,10-1039_c4cc01757a,,[2H]C(Cl)(Cl)Cl,28.5
1f,C=C(B1Nc2cccc3cccc(c23)N1)C(C)(C)C,10-1039_c4cc01757a,,[2H]C(Cl)(Cl)Cl,30.1
1g,C=C(B1Nc2cccc3cccc(c23)N1)[Si](C)(C)C,10-1039_c4cc01757a,,[2H]C(Cl)(Cl)Cl,30.1
1h,C=C(COC)B1Nc2cccc3cccc(c23)N1,10-1039_c4cc01757a,,[2H]C(Cl)(Cl)Cl,27.9
1i,C=C(CCBr)B1Nc2cccc3cccc(c23)N1,10-1039_c4cc01757a,,[2H]C(Cl)(Cl)Cl,28.2
1j,C=C(CCCCC(=C)B1Nc2cccc3cccc(c23)N1)B1Nc2cccc3cccc(c23)N1,10-1039_c4cc01757a,,[2H]C(Cl)(Cl)Cl,28.8
1k,C=C(B1Nc2cccc3cccc(c23)N1)c1cc2c(cc1C)C(C)(C)CCC2(C)C,10-1039_c4cc01757a,,[2H]C(Cl)(Cl)Cl,28.7
2,C=C(B1OC(C)(C)C(C)(C)O1)c1cc2c(cc1C)C(C)(C)CCC2(C)C,10-1039_c4cc01757a,,[2H]C(Cl)(Cl)Cl,30.1
1,CC1(C)OB([Se]c2ccccc2)OC1(C)C,10-1039_c4cc02098g,128,[2H]C(Cl)(Cl)Cl,32.82
2a,C/C(Nc1c(C(C)C)cccc1C(C)C)=[N+](/[BH-](c1c(F)c(F)c(F)c(F)c1F)c1c(F)c(F)c(F)c(F)c1F)c1c(F)c(F)c(F)c(F)c1F,10-1039_c5dt01966d,192,[2H]c1c([2H])c([2H])c(C([2H])([2H])[2H])c([2H])c1[2H],-13.3
2b,C/C(Nc1c(C(C)C)cccc1C(C)C)=[N+](/[BH-](c1c(F)c(F)c(F)c(F)c1F)c1c(F)c(F)c(F)c(F)c1F)c1ccc(C#N)cc1,10-1039_c5dt01966d,192,[2H]c1c([2H])c([2H])c(C([2H])([2H])[2H])c([2H])c1[2H],-14.6
5,CC1=[N+](c2ccc(C#[N+][B-](c3c(F)c(F)c(F)c(F)c3F)(c3c(F)c(F)c(F)c(F)c3F)c3c(F)c(F)c(F)c(F)c3F)cc2)[B-](c2c(F)c(F)c(F)c(F)c2F)(c2c(F)c(F)c(F)c(F)c2F)N1c1c(C(C)C)cccc1C(C)C,10-1039_c5dt01966d,128,[2H]c1c([2H])c([2H])c(C([2H])([2H])[2H])c([2H])c1[2H],-5.64;-0.88
3a,CC1=[N+](c2c(F)c(F)c(F)c(F)c2F)[B-](c2c(F)c(F)c(F)c(F)c2F)(c2c(F)c(F)c(F)c(F)c2F)N1c1c(C(C)C)cccc1C(C)C,10-1039_c5dt01966d,192,[2H]c1c([2H])c([2H])c(C([2H])([2H])[2H])c([2H])c1[2H],7.52
6a,CC1=[N+](c2c(F)c(F)c(F)c(F)c2F)[B-](c2c(F)c(F)c(F)c(F)c2F)(c2c(F)c(F)c(F)c(F)c2F)C(=O)N1c1c(C(C)C)cccc1C(C)C,10-1039_c5dt01966d,192,[2H]c1c([2H])c([2H])c(C([2H])([2H])[2H])c([2H])c1[2H],-10.01
6b,CC1=[N+](c2ccc(C#N)cc2)[B-](c2c(F)c(F)c(F)c(F)c2F)(c2c(F)c(F)c(F)c(F)c2F)C(=O)N1c1c(C(C)C)cccc1C(C)C,10-1039_c5dt01966d,192,[2H]c1c([2H])c([2H])c(C([2H])([2H])[2H])c([2H])c1[2H],-10.2
3,CC1(C)OB(C(CCc2ccccc2)B2Nc3cccc4cccc(c34)N2)OC1(C)C,10-1039_c5ob01523e,128.3,[2H]C(Cl)(Cl)Cl,34.3
5,CC1(C)OB(C(B2Nc3cccc4cccc(c34)N2)C2CCCCC2)OC1(C)C,10-1039_c5ob01523e,128.3,[2H]C(Cl)(Cl)Cl,32.9
7,CC(C)C(B1Nc2cccc3cccc(c23)N1)B1OC(C)(C)C(C)(C)O1,10-1039_c5ob01523e,128.3,[2H]C(Cl)(Cl)Cl,34
9,CC(C)CC(B1Nc2cccc3cccc(c23)N1)B1OC(C)(C)C(C)(C)O1,10-1039_c5ob01523e,128.3,[2H]C(Cl)(Cl)Cl,33
11,CCCCCCC(B1Nc2cccc3cccc(c23)N1)B1OC(C)(C)C(C)(C)O1,10-1039_c5ob01523e,128.3,[2H]C(Cl)(Cl)Cl,33.9
13,CC(CCc1ccccc1)(B1Nc2cccc3cccc(c23)N1)B1OC(C)(C)C(C)(C)O1,10-1039_c5ob01523e,128.3,[2H]C(Cl)(Cl)Cl,35.6
15,CCCCC(C)(B1Nc2cccc3cccc(c23)N1)B1OC(C)(C)C(C)(C)O1,10-1039_c5ob01523e,128.3,[2H]C(Cl)(Cl)Cl,34.7
16a,CC1(C)OB(C2(B3Nc4cccc5cccc(c45)N3)CCC(C(F)(F)F)CC2)OC1(C)C,10-1039_c5ob01523e,128.3,[2H]C(Cl)(Cl)Cl,32.9
19a,CC(C)(C)C1CCC(B2Nc3cccc4cccc(c34)N2)(B2OC(C)(C)C(C)(C)O2)CC1,10-1039_c5ob01523e,128.3,[2H]C(Cl)(Cl)Cl,34.6
24a,CC(C)CCC[C@@H](C)[C@H]1CCC2C3CC[C@H]4C[C@](B5Nc6cccc7cccc(c67)N5)(B5OC(C)(C)C(C)(C)O5)CC[C@]4(C)C3CC[C@@]21C,10-1039_c5ob01523e,128.3,[2H]C(Cl)(Cl)Cl,32.3
24B,CC(C)CCC[C@@H](C)[C@H]1CCC2C3CC[C@H]4C[C@@](B5Nc6cccc7cccc(c67)N5)(B5OC(C)(C)C(C)(C)O5)CC[C@]4(C)C3CC[C@@]21C,10-1039_c5ob01523e,128.3,[2H]C(Cl)(Cl)Cl,28.2
1a,Cc1ccc(N=C(N(B2OC(C)(C)C(C)(C)O2)c2ccc(C)cc2)P(c2ccccc2)c2ccccc2)cc1,10-1039_c7dt02305g,128,[2H]C(Cl)(Cl)Cl,21.8
11a,CC1(C)OB(N(C(=S)P(c2ccccc2)c2ccccc2)C2CCCCC2)OC1(C)C,10-1039_c7dt02305g,128,[2H]C(Cl)(Cl)Cl,24.4
13,CC1(C)OB(OC(=O)P(c2ccccc2)c2ccccc2)OC1(C)C,10-1039_c7dt02305g,,[2H]c1c([2H])c([2H])c([2H])c([2H])c1[2H],22.7
2a,CC(C)N=C(N(B1OC(C)(C)C(C)(C)O1)C(C)C)P(c1ccccc1)c1ccccc1,10-1039_c7dt02305g,,[2H]C(Cl)(Cl)Cl,21.6
3a,CC1(C)OB(N(C(=NC2CCCCC2)P(c2ccccc2)c2ccccc2)C2CCCCC2)OC1(C)C,10-1039_c7dt02305g,,[2H]C(Cl)(Cl)Cl,22.4
4a,CC1(C)OB(N(C(=O)P(c2ccccc2)c2ccccc2)c2ccccc2)OC1(C)C,10-1039_c7dt02305g,,[2H]C(Cl)(Cl)Cl,25.2
5a,CC1(C)OB(N(C(=O)P(c2ccccc2)c2ccccc2)c2ccc([N+](=O)[O-])cc2)OC1(C)C,10-1039_c7dt02305g,,[2H]C(Cl)(Cl)Cl,23.9
6a,CCN(B1OC(C)(C)C(C)(C)O1)C(=O)P(c1ccccc1)c1ccccc1,10-1039_c7dt02305g,,[2H]C(Cl)(Cl)Cl,24.5
7a,CC1(C)OB(N(C(=O)P(c2ccccc2)c2ccccc2)C2CCCCC2)OC1(C)C,10-1039_c7dt02305g,,[2H]C(Cl)(Cl)Cl,24.7
8a,CC(C)(C)N(B1OC(C)(C)C(C)(C)O1)C(=O)P(c1ccccc1)c1ccccc1,10-1039_c7dt02305g,,[2H]C(Cl)(Cl)Cl,25.2
9a,CC1(C)OB(N(C(=S)P(c2ccccc2)c2ccccc2)c2ccccc2)OC1(C)C,10-1039_c7dt02305g,,[2H]C(Cl)(Cl)Cl,24.1
10a,CC1(C)OB(N(Cc2ccccc2)C(=S)P(c2ccccc2)c2ccccc2)OC1(C)C,10-1039_c7dt02305g,,[2H]C(Cl)(Cl)Cl,24.5
12a,CC(C)(C)N(B1OC(C)(C)C(C)(C)O1)C(=S)P(c1ccccc1)c1ccccc1,10-1039_c7dt02305g,,[2H]C(Cl)(Cl)Cl,23.4
1b,CC1=CC(=O)C(B2OC(C)(C)C(C)(C)O2)=C(C)C1=O,10-1039_c7ob00979h,96,[2H]C(Cl)(Cl)Cl,28.3
2b,COc1cc(C)c(OC)c(C)c1B1OC(C)(C)C(C)(C)O1,10-1039_c7ob00979h,96,[2H]C(Cl)(Cl)Cl,31.8
1c,CC1=CC(=O)C([B-](F)(F)F)=C(C)C1=O.[K+],10-1039_c7ob00979h,96,[2H]C(Cl)(Cl)Cl,2
2c,COc1cc(C)c(OC)c(C)c1B1OC(=O)CN(C)CC(=O)O1,10-1039_c7ob00979h,96,[2H]C([2H])([2H])C(=O)C([2H])([2H])[2H],12.3
,CC1=CC(=O)C(B2OC(=O)CN(C)CC(=O)O2)=C(C)C1=O,10-1039_c7ob00979h,96,[2H]C([2H])([2H])C#N,11.9
3a,C=C(CB1OC(C)(C)C(C)(C)O1)c1ccccc1,10-1039_c7qo00228a,128,[2H]C(Cl)(Cl)Cl,33.27
3b,C=C(CB1OC(C)(C)C(C)(C)O1)c1ccc(Cl)cc1,10-1039_c7qo00228a,128,[2H]C(Cl)(Cl)Cl,33.28
3c,C=C(CB1OC(C)(C)C(C)(C)O1)c1ccc2ccccc2c1,10-1039_c7qo00228a,128,[2H]C(Cl)(Cl)Cl,33.21
3d,C=C(CB1OC(C)(C)C(C)(C)O1)c1ccc(Br)cc1,10-1039_c7qo00228a,128,[2H]C(Cl)(Cl)Cl,33.15
3e,C=C(CB1OC(C)(C)C(C)(C)O1)c1ccc(C)cc1,10-1039_c7qo00228a,128,[2H]C(Cl)(Cl)Cl,22.4
3f,C=C(CB1OC(C)(C)C(C)(C)O1)c1ccccc1F,10-1039_c7qo00228a,128,[2H]C(Cl)(Cl)Cl,32.77
3g,C=C(CB1OC(C)(C)C(C)(C)O1)c1ccc(F)cc1,10-1039_c7qo00228a,128,[2H]C(Cl)(Cl)Cl,33.28
3h,C=C(CB1OC(C)(C)C(C)(C)O1)c1cccc(C(F)(F)F)c1,10-1039_c7qo00228a,128,[2H]C(Cl)(Cl)Cl,22.18
3i,C=C(CB1OC(C)(C)C(C)(C)O1)c1cc(C)ccc1C,10-1039_c7qo00228a,128,[2H]C(Cl)(Cl)Cl,22.44
3j,C=C(CB1OC(C)(C)C(C)(C)O1)c1ccc(C(C)(C)C)cc1,10-1039_c7qo00228a,128,[2H]C(Cl)(Cl)Cl,33.2
3k,CC(C)=C(CB1OC(C)(C)C(C)(C)O1)c1cccc(Cl)c1,10-1039_c7qo00228a,128,[2H]C(Cl)(Cl)Cl,32.9
3l,CC(C)=C(CB1OC(C)(C)C(C)(C)O1)c1ccccc1,10-1039_c7qo00228a,128,[2H]C(Cl)(Cl)Cl,33.04
3o,COc1ccc(/C(=C/Cc2ccccc2)CB2OC(C)(C)C(C)(C)O2)cc1,10-1039_c7qo00228a,128,[2H]C(Cl)(Cl)Cl,33.03
3p,C=C(CB1OC(C)(C)C(C)(C)O1)c1cccc(OC)c1,10-1039_c7qo00228a,128,[2H]C(Cl)(Cl)Cl,33.27
3h,C=C(B1OC(C)(C)C(C)(C)O1)[C@](C)(B1OC(C)(C)C(C)(C)O1)c1ccc(Oc2ccccc2C)cc1,10-1039_c7sc01254c,128,[2H]C(Cl)(Cl)Cl,32
3i,C=C(B1OC(C)(C)C(C)(C)O1)[C@](C)(B1OC(C)(C)C(C)(C)O1)c1ccc(O[Si](C)(C)C(C)(C)C)cc1,10-1039_c7sc01254c,128,[2H]C(Cl)(Cl)Cl,32.1
3j,C=C(B1OC(C)(C)C(C)(C)O1)[C@](C)(B1OC(C)(C)C(C)(C)O1)c1cccc(C)c1,10-1039_c7sc01254c,128,[2H]C(Cl)(Cl)Cl,33.3;31.0
3k,C=C(B1OC(C)(C)C(C)(C)O1)[C@](C)(B1OC(C)(C)C(C)(C)O1)c1cccc(Cl)c1,10-1039_c7sc01254c,128,[2H]C(Cl)(Cl)Cl,33.2;30.7
3l,C=C(B1OC(C)(C)C(C)(C)O1)[C@](C)(B1OC(C)(C)C(C)(C)O1)c1cccc(Br)c1,10-1039_c7sc01254c,128,[2H]C(Cl)(Cl)Cl,33.2;30.8
3m,C=C(B1OC(C)(C)C(C)(C)O1)[C@](C)(B1OC(C)(C)C(C)(C)O1)c1cccc(OC)c1,10-1039_c7sc01254c,128,[2H]C(Cl)(Cl)Cl,33.2;30.5
3n,C=C(B1OC(C)(C)C(C)(C)O1)[C@](C)(B1OC(C)(C)C(C)(C)O1)c1ccccc1C,10-1039_c7sc01254c,128,[2H]C(Cl)(Cl)Cl,33.6;31.1
3o,C=C(B1OC(C)(C)C(C)(C)O1)[C@](C)(B1OC(C)(C)C(C)(C)O1)c1ccccc1OC,10-1039_c7sc01254c,128,[2H]C(Cl)(Cl)Cl,33.3;31.4
3t,C=C(B1OC(C)(C)C(C)(C)O1)[C@](C)(B1OC(C)(C)C(C)(C)O1)c1cc(OC)c(OC)c(OC)c1,10-1039_c7sc01254c,128,[2H]C(Cl)(Cl)Cl,30.9
3w,C=C(B1OC(C)(C)C(C)(C)O1)C1(B2OC(C)(C)C(C)(C)O2)CCCc2ccccc21,10-1039_c7sc01254c,128,[2H]C(Cl)(Cl)Cl,33.4;30.8
3x,C=C(B1OC(C)(C)C(C)(C)O1)C1(B2OC(C)(C)C(C)(C)O2)CCOc2ccccc21,10-1039_c7sc01254c,128,[2H]C(Cl)(Cl)Cl,33.1;31.0
3y,C=C(B1OC(C)(C)C(C)(C)O1)[C@](CC)(B1OC(C)(C)C(C)(C)O1)c1ccccc1,10-1039_c7sc01254c,128,[2H]C(Cl)(Cl)Cl,33.1;30.8
3z,C=C(B1OC(C)(C)C(C)(C)O1)C(B1OC(C)(C)C(C)(C)O1)(c1ccccc1)C1CC1,10-1039_c7sc01254c,128,[2H]C(Cl)(Cl)Cl,32.6;31.1
3aa,C=C(B1OC(C)(C)C(C)(C)O1)C(C)(CCCCCC)B1OC(C)(C)C(C)(C)O1,10-1039_c7sc01254c,128,[2H]C(Cl)(Cl)Cl,33.8;30.5
3ab,C=C(B1OC(C)(C)C(C)(C)O1)C(C)(B1OC(C)(C)C(C)(C)O1)C(CC)CC,10-1039_c7sc01254c,128,[2H]C(Cl)(Cl)Cl,33.0;30.5
3ac,C=C(B1OC(C)(C)C(C)(C)O1)C(C)(B1OC(C)(C)C(C)(C)O1)C1CCCCC1,10-1039_c7sc01254c,128,[2H]C(Cl)(Cl)Cl,33.9;30.7
3ad,C=C(B1OC(C)(C)C(C)(C)O1)C(C)(B1OC(C)(C)C(C)(C)O1)C(C)(C)Cc1ccccc1,10-1039_c7sc01254c,128,[2H]C(Cl)(Cl)Cl,33.6;31.0
3ae,C=C(B1OC(C)(C)C(C)(C)O1)C(B1OC(C)(C)C(C)(C)O1)(c1ccccc1)c1ccc(C)cc1,10-1039_c7sc01254c,128,[2H]C(Cl)(Cl)Cl,31.7
3a,C=C(B1OC(C)(C)C(C)(C)O1)[C@](C)(B1OC(C)(C)C(C)(C)O1)c1ccccc1,10-1039_c7sc01254c,128,[2H]C(Cl)(Cl)Cl,33.1;30.8
3b,C=C(B1OC(C)(C)C(C)(C)O1)[C@](C)(B1OC(C)(C)C(C)(C)O1)c1ccc(C)cc1,10-1039_c7sc01254c,128,[2H]C(Cl)(Cl)Cl,33.2;30.8
3c,C=C(B1OC(C)(C)C(C)(C)O1)[C@](C)(B1OC(C)(C)C(C)(C)O1)c1ccc(OC)cc1,10-1039_c7sc01254c,128,[2H]C(Cl)(Cl)Cl,33.0;31.0
3d,C=C(B1OC(C)(C)C(C)(C)O1)[C@](C)(B1OC(C)(C)C(C)(C)O1)c1ccc(F)cc1,10-1039_c7sc01254c,128,[2H]C(Cl)(Cl)Cl,33.0;30.8
3e,C=C(B1OC(C)(C)C(C)(C)O1)[C@](C)(B1OC(C)(C)C(C)(C)O1)c1ccc(Cl)cc1,10-1039_c7sc01254c,128,[2H]C(Cl)(Cl)Cl,33.2;30.9
3c,OB(c1ccccc1Cl)c1ccccc1Cl,10-1039_c7sc03595k,,[2H]C(Cl)(Cl)Cl,45
3a,OB(c1cc(F)c(F)c(F)c1)c1cc(F)c(F)c(F)c1,10-1039_c7sc03595k,,[2H]C(Cl)(Cl)Cl,44
3b,OB(c1ccccc1)c1ccccc1,10-1039_c7sc03595k,,[2H]C(Cl)(Cl)Cl,46
4a,O[B-]([NH2+]Cc1ccccc1)(c1cc(F)c(F)c(F)c1)c1cc(F)c(F)c(F)c1,10-1039_c7sc03595k,,[2H]C(Cl)(Cl)Cl,3
4b,NCC[NH2+][B-](O)(c1cc(F)c(F)c(F)c1)c1cc(F)c(F)c(F)c1,10-1039_c7sc03595k,,[2H]C(Cl)(Cl)Cl,1
5d,O=C(CCCc1ccccc1)O[B-]([NH2+]Cc1ccccc1)(c1ccccc1Cl)c1ccccc1Cl,10-1039_c7sc03595k,,[2H]C(Cl)(Cl)Cl,2
5a,O=C(CCCc1ccccc1)O[B-]([NH2+]Cc1ccccc1)(c1cc(F)c(F)c(F)c1)c1cc(F)c(F)c(F)c1,10-1039_c7sc03595k,,[2H]C(Cl)(Cl)Cl,1
5b,O=C(O)c1ccccc1NCc1ccccc1.OB(c1cc(F)c(F)c(F)c1)c1cc(F)c(F)c(F)c1,10-1039_c7sc03595k,,[2H]C(Cl)(Cl)Cl,2
5c,O=C(O)c1ccccc1[NH+](Cc1ccccc1)[B-](O)(c1ccccc1)c1ccccc1,10-1039_c7sc03595k,,[2H]C(Cl)(Cl)Cl,4
10a,Fc1cc(B2OB(c3cc(F)c(F)c(F)c3)O[B-]([NH2+]Cc3ccccc3)(c3cc(F)c(F)c(F)c3)O2)cc(F)c1F,10-1039_c7sc03595k,,[2H]C(Cl)(Cl)Cl,19
10b,NCC[NH2+][B-]1(c2cc(F)c(F)c(F)c2)OB(c2cc(F)c(F)c(F)c2)OB(c2cc(F)c(F)c(F)c2)O1,10-1039_c7sc03595k,,[2H]C(Cl)(Cl)Cl,19
1b,CCCCC(=C=C(C)C)B(O)O,10-1039_c7sc05123a,128,[2H]c1c([2H])c([2H])c(C([2H])([2H])[2H])c([2H])c1[2H],29
1a,CC(C)=C=C(CCc1ccccc1)B(O)O,10-1039_c7sc05123a,128,[2H]c1c([2H])c([2H])c(C([2H])([2H])[2H])c([2H])c1[2H],29
1a,CC1(C)OB(c2sccc2Br)OC1(C)C,10-1039_c8cc00705e,128,[2H]C(Cl)(Cl)Cl,28.7
1b,CC1(C)OB(c2sc3ccccc3c2Br)OC1(C)C,10-1039_c8cc00705e,128,[2H]C(Cl)(Cl)Cl,28.9
18b,CC1(C)OB(OCc2cccc(COB3OC(C)(C)C(C)(C)O3)c2)OC1(C)C,10-1039_c8dt01998c,128,[2H]C(Cl)(Cl)Cl,22.14
19b,CC(C)CCOB1OC(C)(C)C(C)(C)O1,10-1039_c8dt01998c,128,[2H]C(Cl)(Cl)Cl,22.01
21b,CCCCOB1OC(C)(C)C(C)(C)O1,10-1039_c8dt01998c,128,[2H]C(Cl)(Cl)Cl,22.06
22b,CC(OB1OC(C)(C)C(C)(C)O1)c1ccccc1,10-1039_c8dt01998c,128,[2H]C(Cl)(Cl)Cl,22.09
23b,Cc1ccc(C(C)OB2OC(C)(C)C(C)(C)O2)cc1,10-1039_c8dt01998c,128,[2H]C(Cl)(Cl)Cl,22.2
24b,COc1ccc(C(C)OB2OC(C)(C)C(C)(C)O2)cc1,10-1039_c8dt01998c,128,[2H]C(Cl)(Cl)Cl,22.29
25b,COc1ccccc1C(C)OB1OC(C)(C)C(C)(C)O1,10-1039_c8dt01998c,128,[2H]C(Cl)(Cl)Cl,22.14
26b,CC(OB1OC(C)(C)C(C)(C)O1)c1ccc(F)cc1,10-1039_c8dt01998c,128,[2H]C(Cl)(Cl)Cl,22.02
28b,CC(OB1OC(C)(C)C(C)(C)O1)c1ccccc1Cl,10-1039_c8dt01998c,128,[2H]C(Cl)(Cl)Cl,22.12
29b,CC(OB1OC(C)(C)C(C)(C)O1)c1ccccc1Br,10-1039_c8dt01998c,128,[2H]C(Cl)(Cl)Cl,22.15
30b,CC(OB1OC(C)(C)C(C)(C)O1)c1ccc([N+](=O)[O-])cc1,10-1039_c8dt01998c,128,[2H]c1c([2H])c([2H])c([2H])c([2H])c1[2H],21.84
31b,CC(OB1OC(C)(C)C(C)(C)O1)c1cccc([N+](=O)[O-])c1,10-1039_c8dt01998c,128,[2H]C(Cl)(Cl)Cl,22.33
32b,CC1(C)OB(OC(c2ccccc2)c2ccccc2)OC1(C)C,10-1039_c8dt01998c,128,[2H]C(Cl)(Cl)Cl,22.26
2b,CC1(C)OB(OCc2ccccc2)OC1(C)C,10-1039_c8dt01998c,128,[2H]C(Cl)(Cl)Cl,22.45
6b,COc1cccc(COB2OC(C)(C)C(C)(C)O2)c1,10-1039_c8dt01998c,128,[2H]C(Cl)(Cl)Cl,21.71
7b,CC1(C)OB(OCc2cccc(O)c2)OC1(C)C,10-1039_c8dt01998c,128,[2H]C(Cl)(Cl)Cl,21.82
8b,CC1(C)OB(OCc2cccc(Br)c2)OC1(C)C,10-1039_c8dt01998c,128,[2H]C(Cl)(Cl)Cl,22.27
9b,CC1(C)OB(OCc2ccc(F)cc2)OC1(C)C,10-1039_c8dt01998c,128,[2H]C(Cl)(Cl)Cl,22.37
10b,CC1(C)OB(OCc2ccc(Cl)cc2)OC1(C)C,10-1039_c8dt01998c,128,[2H]C(Cl)(Cl)Cl,22.05
11b,CC1(C)OB(OCc2ccc(Br)cc2)OC1(C)C,10-1039_c8dt01998c,128,[2H]C(Cl)(Cl)Cl,21.34
12b,CC1(C)OB(OCc2ccc(C#N)cc2)OC1(C)C,10-1039_c8dt01998c,128,[2H]C(Cl)(Cl)Cl,22.32
13b,CC1(C)OB(OCc2ccc(O)cc2)OC1(C)C,10-1039_c8dt01998c,128,[2H]C(Cl)(Cl)Cl,22.32
14b,CC1(C)OB(OCc2ccc([N+](=O)[O-])cc2)OC1(C)C,10-1039_c8dt01998c,128,[2H]C(Cl)(Cl)Cl,22.33
16b,CC1(C)OB(OCC=Cc2ccccc2)OC1(C)C,10-1039_c8dt01998c,128,[2H]C(Cl)(Cl)Cl,22.2
17b,CC1(C)OB(OCc2ccco2)OC1(C)C,10-1039_c8dt01998c,128,[2H]C(Cl)(Cl)Cl,22.31
4aa,C=C(C)CC(C)(C(=C)OC)C(B1OC(C)(C)C(C)(C)O1)c1ccccc1,10-1039_c8ob02469c,160,[2H]C(Cl)(Cl)Cl,32.8
4a e,C/C=C/CC(C)(C(=O)OC)C(B1OC(C)(C)C(C)(C)O1)c1ccccc1,10-1039_c8ob02469c,160,[2H]C(Cl)(Cl)Cl,33.1
4a f,COC(=O)C(C)(CC=C(C)C)C(B1OC(C)(C)C(C)(C)O1)c1ccccc1,10-1039_c8ob02469c,160,[2H]C(Cl)(Cl)Cl,33.1
4a k,COC(=O)C(C)(Cc1ccccc1)C(B1OC(C)(C)C(C)(C)O1)c1ccccc1,10-1039_c8ob02469c,160,[2H]C(Cl)(Cl)Cl,32.8
4a l,CCC(C)(C(=O)OC)C(B1OC(C)(C)C(C)(C)O1)c1ccccc1,10-1039_c8ob02469c,160,[2H]C(Cl)(Cl)Cl,32.8
4a m,CCCCC(C)(C(=O)OC)C(B1OC(C)(C)C(C)(C)O1)c1ccccc1,10-1039_c8ob02469c,160,[2H]C(Cl)(Cl)Cl,33
4ab,C=C(C)CC(C)(C(=O)OC)C(B1OC(C)(C)C(C)(C)O1)c1ccccc1,10-1039_c8ob02469c,160,[2H]C(Cl)(Cl)Cl,32.3
4ad,C=C(CCc1ccccc1)CC(C)(C(=O)OC)C(B1OC(C)(C)C(C)(C)O1)c1ccccc1,10-1039_c8ob02469c,160,[2H]C(Cl)(Cl)Cl,33.1
4aj,C=CCC(C)(C(=O)OC)C(B1OC(C)(C)C(C)(C)O1)c1ccccc1,10-1039_c8ob02469c,160,[2H]C(Cl)(Cl)Cl,32.8
4ba,C=CCC(C)(C(=O)OC)C(B1OC(C)(C)C(C)(C)O1)c1ccc(OC)cc1,10-1039_c8ob02469c,160,[2H]C(Cl)(Cl)Cl,33.2
4ca,C=CCC(C)(C(=O)OC)C(B1OC(C)(C)C(C)(C)O1)c1ccc(Br)cc1,10-1039_c8ob02469c,160,[2H]C(Cl)(Cl)Cl,32.4
4da,C=CCC(C)(C(=O)OC)C(B1OC(C)(C)C(C)(C)O1)c1ccc(Cl)cc1,10-1039_c8ob02469c,160,[2H]C(Cl)(Cl)Cl,32.6
4ea,C=CCC(C)(C(=O)OC)C(B1OC(C)(C)C(C)(C)O1)c1ccccc1Cl,10-1039_c8ob02469c,160,[2H]C(Cl)(Cl)Cl,32.8
4fa,C=CCC(C)(C(=O)OC)C(B1OC(C)(C)C(C)(C)O1)c1cccc(Cl)c1,10-1039_c8ob02469c,160,[2H]C(Cl)(Cl)Cl,32.1
4ha,C=CCC(CCCC)(C(=O)OC)C(B1OC(C)(C)C(C)(C)O1)c1ccccc1,10-1039_c8ob02469c,160,[2H]C(Cl)(Cl)Cl,32.7
4ia,C=CCC(C)(C(=O)OC)C(B1OC(C)(C)C(C)(C)O1)c1ccco1,10-1039_c8ob02469c,160,[2H]C(Cl)(Cl)Cl,32.1
4ja_major,C=CCC(C)(C(=O)OC)C(CCc1ccccc1)B1OC(C)(C)C(C)(C)O1,10-1039_c8ob02469c,160,[2H]C(Cl)(Cl)Cl,34
16b,CCCCCCCCCCOB1OC(C)(C)C(C)(C)O1,10-1039_c8qo00912k,128,[2H]C(Cl)(Cl)Cl,22.1
21b,CC1(C)OB(OC(c2ccccc2)c2ccc(F)cc2)OC1(C)C,10-1039_c8qo00912k,128,[2H]C(Cl)(Cl)Cl,22.4
2b,Cc1ccc(COB2OC(C)(C)C(C)(C)O2)cc1,10-1039_c8qo00912k,128,[2H]C(Cl)(Cl)Cl,22.3
11b,Cc1ccccc1COB1OC(C)(C)C(C)(C)O1,10-1039_c8qo00912k,128,[2H]C(Cl)(Cl)Cl,22.4
12b,CC1(C)OB(OCc2cccc3ccccc23)OC1(C)C,10-1039_c8qo00912k,128,[2H]C(Cl)(Cl)Cl,22.5
6e,Cc1ccc(S(=O)(=O)N2CC(B3OC(C)(C)C(C)(C)O3)c3cc(-c4ccccc4)ccc32)cc1,10-1039_c8sc01093e,160,[2H]C(Cl)(Cl)Cl,32.52
6f,Cc1ccc(S(=O)(=O)N2CC(B3OC(C)(C)C(C)(C)O3)c3cc(F)ccc32)cc1,10-1039_c8sc01093e,160,[2H]C(Cl)(Cl)Cl,32.2
6g,Cc1ccc(S(=O)(=O)N2CC(B3OC(C)(C)C(C)(C)O3)c3cc(Cl)ccc32)cc1,10-1039_c8sc01093e,160,[2H]C(Cl)(Cl)Cl,32.39
6h,Cc1ccc(S(=O)(=O)N2CC(B3OC(C)(C)C(C)(C)O3)c3cc(Br)ccc32)cc1,10-1039_c8sc01093e,160,[2H]C(Cl)(Cl)Cl,32.01
6i,Cc1ccc(S(=O)(=O)N2CC(B3OC(C)(C)C(C)(C)O3)c3ccc(-c4ccccc4)cc32)cc1,10-1039_c8sc01093e,160,[2H]C(Cl)(Cl)Cl,32.64
6j,Cc1ccc(S(=O)(=O)N2CC(B3OC(C)(C)C(C)(C)O3)c3ccc(F)cc32)cc1,10-1039_c8sc01093e,160.5,[2H]C(Cl)(Cl)Cl,32.03
6k,Cc1ccc(S(=O)(=O)N2CC(B3OC(C)(C)C(C)(C)O3)c3ccc(Cl)cc32)cc1,10-1039_c8sc01093e,160.5,[2H]C(Cl)(Cl)Cl,32.95
6l,Cc1ccc(S(=O)(=O)N2CC(B3OC(C)(C)C(C)(C)O3)c3ccc(Br)cc32)cc1,10-1039_c8sc01093e,160,[2H]C(Cl)(Cl)Cl,32.37
6m,Cc1ccc(S(=O)(=O)N2CC(B3OC(C)(C)C(C)(C)O3)c3c(Cl)cccc32)cc1,10-1039_c8sc01093e,160.5,[2H]C(Cl)(Cl)Cl,32.24
6n,Cc1ccc(S(=O)(=O)N2CC(B3OC(C)(C)C(C)(C)O3)c3cccc(F)c32)cc1,10-1039_c8sc01093e,160,[2H]C(Cl)(Cl)Cl,32.22
6o,Cc1ccc(S(=O)(=O)N2CC(B3OC(C)(C)C(C)(C)O3)c3cc([N+](=O)[O-])ccc32)cc1,10-1039_c8sc01093e,160,[2H]C(Cl)(Cl)Cl,31.86
6q,CC1(C)OB(C2CN(S(=O)(=O)c3ccccc3)c3ccc(F)cc32)OC1(C)C,10-1039_c8sc01093e,160,[2H]c1c([2H])c([2H])c([2H])c([2H])c1[2H],32.05
6a,Cc1ccc(S(=O)(=O)N2CC(B3OC(C)(C)C(C)(C)O3)c3ccccc32)cc1,10-1039_c8sc01093e,160,[2H]C(Cl)(Cl)Cl,32.38
6b,CC1(C)OB(C2CN(S(=O)(=O)c3ccccc3)c3ccccc32)OC1(C)C,10-1039_c8sc01093e,160,[2H]C(Cl)(Cl)Cl,29.89
6d,Cc1ccc(S(=O)(=O)N2CC(B3OC(C)(C)C(C)(C)O3)c3ccc(C)cc32)cc1,10-1039_c8sc01093e,160,[2H]C(Cl)(Cl)Cl,32.03
6c,COc1ccc2c(c1)C(B1OC(C)(C)C(C)(C)O1)CN2S(=O)(=O)c1ccc(C)cc1,10-1039_c8sc01093e,160,[2H]C(Cl)(Cl)Cl,32.39
4a,C(=C/c1ccccc1)\B1Nc2cccc3cccc(c23)N1,10-1039_c9ob00839j,128,[2H]C(Cl)(Cl)Cl,27.8
SI-12,CC(C)OB1OC(C)(C)C(C)(C)O1,10-1039_c9sc01473j,128,[2H]c1c([2H])c([2H])c([2H])c([2H])c1[2H],22.2
SI-13,CC1(C)OB(CI)OC1(C)C,10-1039_c9sc01473j,128,[2H]c1c([2H])c([2H])c([2H])c([2H])c1[2H],31.8
(Z)-11a,CC1(C)OB(C/C(=C/CSc2ccccc2)CO[Si](C)(C)C(C)(C)C)OC1(C)C,10-1039_c9sc01473j,128,[2H]c1c([2H])c([2H])c([2H])c([2H])c1[2H],33.4
(Z)-11b,C=C(C)CC/C=C(\CO[Si](C)(C)C(C)(C)C)CB1OC(C)(C)C(C)(C)O1,10-1039_c9sc01473j,128,[2H]c1c([2H])c([2H])c([2H])c([2H])c1[2H],33.6
(Z)-11c,C=CCC/C=C(\CO[Si](C)(C)C(C)(C)C)CB1OC(C)(C)C(C)(C)O1,10-1039_c9sc01473j,128,[2H]c1c([2H])c([2H])c([2H])c([2H])c1[2H],33.5
P1,CCOC(=O)CC(B1OC(C)(C)C(C)(C)O1)C1CCCCC1,10-1039_c9sc02810b,128,[2H]C(Cl)(Cl)Cl,33.7
P2,CCOC(=O)CC(B1OC(C)(C)C(C)(C)O1)C(C)C,10-1039_c9sc02810b,128,[2H]C(Cl)(Cl)Cl,33.83
,COC(=O)CC(C)B1OC(C)(C)C(C)(C)O1,10-1039_c9sc02810b,128,[2H]C(Cl)(Cl)Cl,33.99
P3,CCOC(=O)CC(CC(C)C)B1OC(C)(C)C(C)(C)O1,10-1039_c9sc02810b,128,[2H]C(Cl)(Cl)Cl,34.1
P4,CCCCCCCC(CC(=O)OCC)B1OC(C)(C)C(C)(C)O1,10-1039_c9sc02810b,128,[2H]C(Cl)(Cl)Cl,34.12
P6,CCOC(=O)CC(B1OC(C)(C)C(C)(C)O1)c1ccccc1,10-1039_c9sc02810b,128,[2H]C(Cl)(Cl)Cl,32.6
P7,CCOC(=O)CC(B1OC(C)(C)C(C)(C)O1)c1ccc(OC)cc1,10-1039_c9sc02810b,128,[2H]C(Cl)(Cl)Cl,32.59
1a,O=C1OCCN1/C(=C\c1ccccc1)B(O)O,10-1039_c9sc04534a,128,[2H]C(Cl)(Cl)Cl,29.94
1b,CC1(C)OB(/C(=C/c2ccccc2)N2CCOC2=O)OC1(C)C,10-1039_c9sc04534a,128,[2H]C(Cl)(Cl)Cl,29.12
1c,O=C1OCCN1/C(=C\c1ccccc1)B1Nc2cccc3cccc(c23)N1,10-1039_c9sc04534a,128,[2H]C(Cl)(Cl)Cl,27.26
1u,COC(=O)N(C)/C(=C\c1ccccc1)B1OC(C)(C)C(C)(C)O1,10-1039_c9sc04534a,128,[2H]C(Cl)(Cl)Cl,29.53
1w,CC(C)/C=C(/B1OC(C)(C)C(C)(C)O1)N1C(=O)OC[C@@H]1c1ccccc1,10-1039_c9sc04534a,128,[2H]C(Cl)(Cl)Cl,28.56
1v,CC(C)/C=C(/B1OC(C)(C)C(C)(C)O1)N1C(=O)OC[C@H]1c1ccccc1,10-1039_c9sc04534a,128,[2H]C(Cl)(Cl)Cl,28.51
1x,CC(C)/C=C(/B1OC(C)(C)C(C)(C)O1)N1C(=O)O[C@H](c2ccccc2)[C@@H]1c1ccccc1,10-1039_c9sc04534a,128,[2H]C(Cl)(Cl)Cl,28.81
1y,CC1(C)OB(/C(=C/C2CCCCC2)N2C(=O)O[C@H](c3ccccc3)[C@@H]2c2ccccc2)OC1(C)C,10-1039_c9sc04534a,128,[2H]C(Cl)(Cl)Cl,28.8
1z,COC(=O)N(/C(=C\c1ccccc1)B1OC(C)(C)C(C)(C)O1)c1ccccc1,10-1039_c9sc04534a,128,[2H]C(Cl)(Cl)Cl,29.89
2d,CCC[C@H](B1OC(C)(C)C(C)(C)O1)N1CCOC1=O,10-1039_c9sc04534a,128,[2H]C(Cl)(Cl)Cl,32.32
2e,CCCC[C@H](B1OC(C)(C)C(C)(C)O1)N1CCOC1=O,10-1039_c9sc04534a,128,[2H]C(Cl)(Cl)Cl,32.43
2f,CC(C)C[C@H](B1OC(C)(C)C(C)(C)O1)N1CCOC1=O,10-1039_c9sc04534a,128,[2H]C(Cl)(Cl)Cl,32.62
2g,CCCCC[C@H](B1OC(C)(C)C(C)(C)O1)N1CCOC1=O,10-1039_c9sc04534a,128,[2H]C(Cl)(Cl)Cl,32.3
2h,CC1(C)OB([C@@H](CCCc2ccccc2)N2CCOC2=O)OC1(C)C,10-1039_c9sc04534a,128,[2H]C(Cl)(Cl)Cl,32.02
2i,CC1(C)OB([C@@H](CC2CCCCC2)N2CCOC2=O)OC1(C)C,10-1039_c9sc04534a,128,[2H]C(Cl)(Cl)Cl,32.49
2j,Cc1ccc(C[C@H](B2OC(C)(C)C(C)(C)O2)N2CCOC2=O)cc1,10-1039_c9sc04534a,128,[2H]C(Cl)(Cl)Cl,32.56
2k,CC(C)c1ccc(C[C@H](B2OC(C)(C)C(C)(C)O2)N2CCOC2=O)cc1,10-1039_c9sc04534a,128,[2H]C(Cl)(Cl)Cl,31.43
2l,CC1(C)OB([C@@H](Cc2ccc(OCc3ccccc3)cc2)N2CCOC2=O)OC1(C)C,10-1039_c9sc04534a,128,[2H]C(Cl)(Cl)Cl,32.68
2m,CC1(C)OB([C@@H](Cc2ccc(Cl)cc2)N2CCOC2=O)OC1(C)C,10-1039_c9sc04534a,128,[2H]C(Cl)(Cl)Cl,32.28
2n,Cc1cccc(C[C@H](B2OC(C)(C)C(C)(C)O2)N2CCOC2=O)c1,10-1039_c9sc04534a,128,[2H]C(Cl)(Cl)Cl,31.88
2p,COc1cccc(C[C@H](B2OC(C)(C)C(C)(C)O2)N2CCOC2=O)c1,10-1039_c9sc04534a,128,[2H]C(Cl)(Cl)Cl,32.35
2q,COc1cc(C[C@H](B2OC(C)(C)C(C)(C)O2)N2CCOC2=O)cc(OC)c1OC,10-1039_c9sc04534a,128,[2H]C(Cl)(Cl)Cl,32.82
2r,Cc1ccccc1C[C@H](B1OC(C)(C)C(C)(C)O1)N1CCOC1=O,10-1039_c9sc04534a,128,[2H]C(Cl)(Cl)Cl,32.04
2s,CC1(C)OB([C@@H](Cc2ccccc2)N2C(=O)OC[C@H]2c2ccccc2)OC1(C)C,10-1039_c9sc04534a,128,[2H]C(Cl)(Cl)Cl,31.42
2t,CC1(C)OB([C@@H](Cc2ccccc2)N2C(=O)OC[C@@H]2c2ccccc2)OC1(C)C,10-1039_c9sc04534a,128,[2H]C(Cl)(Cl)Cl,31.95
2u,COC(=O)N(C)C(Cc1ccccc1)B1OC(C)(C)C(C)(C)O1,10-1039_c9sc04534a,128,[2H]C(Cl)(Cl)Cl,21.52
2v,CC(C)C[C@H](B1OC(C)(C)C(C)(C)O1)N1C(=O)OC[C@@H]1c1ccccc1,10-1039_c9sc04534a,128,[2H]C(Cl)(Cl)Cl,32.49
2v',CC(C)C[C@@H](B1OC(C)(C)C(C)(C)O1)N1C(=O)OC[C@@H]1c1ccccc1,10-1039_c9sc04534a,128,[2H]C(Cl)(Cl)Cl,32.74
2w,CC(C)C[C@H](B1OC(C)(C)C(C)(C)O1)N1C(=O)OC[C@H]1c1ccccc1,10-1039_c9sc04534a,128,[2H]C(Cl)(Cl)Cl,32.26
2w',CC(C)C[C@@H](B1OC(C)(C)C(C)(C)O1)N1C(=O)OC[C@H]1c1ccccc1,10-1039_c9sc04534a,128,[2H]C(Cl)(Cl)Cl,32.65
2b,CC1(C)OB([C@@H](Cc2ccccc2)N2CCOC2=O)OC1(C)C,10-1039_c9sc04534a,128,[2H]C(Cl)(Cl)Cl,32.31
2x,CC(C)C[C@H](B1OC(C)(C)C(C)(C)O1)N1C(=O)O[C@H](c2ccccc2)[C@@H]1c1ccccc1,10-1039_c9sc04534a,128,[2H]C(Cl)(Cl)Cl,32.69
2x',CC(C)C[C@@H](B1OC(C)(C)C(C)(C)O1)N1C(=O)O[C@H](c2ccccc2)[C@@H]1c1ccccc1,10-1039_c9sc04534a,128,[2H]C(Cl)(Cl)Cl,31.98
2y,CC1(C)OB([C@@H](CC2CCCCC2)N2C(=O)O[C@H](c3ccccc3)[C@@H]2c2ccccc2)OC1(C)C,10-1039_c9sc04534a,128,[2H]C(Cl)(Cl)Cl,32.66
2y',CC1(C)OB([C@H](CC2CCCCC2)N2C(=O)O[C@H](c3ccccc3)[C@@H]2c2ccccc2)OC1(C)C,10-1039_c9sc04534a,128,[2H]C(Cl)(Cl)Cl,33.1
2z,COC(=O)N(c1ccccc1)C(Cc1ccccc1)B1OC(C)(C)C(C)(C)O1,10-1039_c9sc04534a,128,[2H]C(Cl)(Cl)Cl,23.85
1d,CC/C=C(/B1OC(C)(C)C(C)(C)O1)N1CCOC1=O,10-1039_c9sc04534a,128,[2H]C(Cl)(Cl)Cl,28.81
1e,CCC/C=C(/B1OC(C)(C)C(C)(C)O1)N1CCOC1=O,10-1039_c9sc04534a,128,[2H]C(Cl)(Cl)Cl,29
1f,CC(C)/C=C(/B1OC(C)(C)C(C)(C)O1)N1CCOC1=O,10-1039_c9sc04534a,128,[2H]C(Cl)(Cl)Cl,28.85
1g,CCCC/C=C(/B1OC(C)(C)C(C)(C)O1)N1CCOC1=O,10-1039_c9sc04534a,128,[2H]C(Cl)(Cl)Cl,28.97
1h,CC1(C)OB(/C(=C/CCc2ccccc2)N2CCOC2=O)OC1(C)C,10-1039_c9sc04534a,128,[2H]C(Cl)(Cl)Cl,28.72
1i,CC1(C)OB(/C(=C/C2CCCCC2)N2CCOC2=O)OC1(C)C,10-1039_c9sc04534a,128,[2H]C(Cl)(Cl)Cl,28.61
1j,Cc1ccc(/C=C(/B2OC(C)(C)C(C)(C)O2)N2CCOC2=O)cc1,10-1039_c9sc04534a,128,[2H]C(Cl)(Cl)Cl,29.62
1k,CC(C)c1ccc(/C=C(/B2OC(C)(C)C(C)(C)O2)N2CCOC2=O)cc1,10-1039_c9sc04534a,128,[2H]C(Cl)(Cl)Cl,29.66
1l,CC1(C)OB(/C(=C/c2ccc(OCc3ccccc3)cc2)N2CCOC2=O)OC1(C)C,10-1039_c9sc04534a,128,[2H]C(Cl)(Cl)Cl,29.84
1m,CC1(C)OB(/C(=C/c2ccc(Cl)cc2)N2CCOC2=O)OC1(C)C,10-1039_c9sc04534a,128,[2H]C(Cl)(Cl)Cl,29.47
1n,Cc1cccc(/C=C(/B2OC(C)(C)C(C)(C)O2)N2CCOC2=O)c1,10-1039_c9sc04534a,128,[2H]C(Cl)(Cl)Cl,29.64
1o,CC1(C)OB(/C(=C/c2cccc(F)c2)N2CCOC2=O)OC1(C)C,10-1039_c9sc04534a,128,[2H]C(Cl)(Cl)Cl,29.38
1p,COc1cccc(/C=C(/B2OC(C)(C)C(C)(C)O2)N2CCOC2=O)c1,10-1039_c9sc04534a,128,[2H]C(Cl)(Cl)Cl,29.25
1q,COc1cc(/C=C(/B2OC(C)(C)C(C)(C)O2)N2CCOC2=O)cc(OC)c1OC,10-1039_c9sc04534a,128,[2H]C(Cl)(Cl)Cl,28.47
1r,Cc1ccccc1/C=C(/B1OC(C)(C)C(C)(C)O1)N1CCOC1=O,10-1039_c9sc04534a,128,[2H]C(Cl)(Cl)Cl,29.46
1s,CC1(C)OB(/C(=C/c2ccccc2)N2C(=O)OC[C@H]2c2ccccc2)OC1(C)C,10-1039_c9sc04534a,128,[2H]C(Cl)(Cl)Cl,30.09
1t,CC1(C)OB(/C(=C/c2ccccc2)N2C(=O)OC[C@@H]2c2ccccc2)OC1(C)C,10-1039_c9sc04534a,128,[2H]C(Cl)(Cl)Cl,30.1
3ab,COC(=O)[C@@]1(c2ccccc2)C[C@]1(B1OC(C)(C)C(C)(C)O1)c1ccc(F)cc1,10-1039_d0cc02549f,128,[2H]C(Cl)(Cl)Cl,30.08
3a a,COC(=O)[C@@]1(c2ccccc2)C[C@]1(B1OC(C)(C)C(C)(C)O1)c1ccccc1,10-1039_d0cc02549f,128,[2H]C(Cl)(Cl)Cl,30.36
3ia,COC(=O)[C@@]1(c2ccc(Cl)c(Cl)c2)C[C@]1(B1OC(C)(C)C(C)(C)O1)c1ccccc1,10-1039_d0cc02549f,128,[2H]C(Cl)(Cl)Cl,30.36
4f,CC[NH+](CC)C1c2ccccc2O[B-]12OB(O)OB(O)O2,10-1039_d0gc00346h,160,[2H]O[2H],19.5;7.0
5i,OB1Oc2ccc(F)cc2C1[NH+]1CCOCC1.[Cl-],10-1039_d0gc00346h,96,[2H]OC([2H])([2H])[2H],14.8
5j,OB1Oc2c(F)cccc2C1[NH+]1CCOCC1.[Cl-],10-1039_d0gc00346h,96,[2H]OC([2H])([2H])[2H],14.6
4a,OB1OB(O)O[B-]2(O1)Oc1ccccc1C2[NH+]1CCOCC1,10-1039_d0gc00346h,96,[2H]O[2H],19.4;6.9
4b,OB1OB(O)O[B-]2(O1)Oc1ccccc1C2[NH+]1CCCCC1,10-1039_d0gc00346h,96,[2H]O[2H],19.4;6.9
4c,OB1OB(O)O[B-]2(O1)Oc1ccccc1C2[NH+]1CCCC1,10-1039_d0gc00346h,96,[2H]O[2H],19.4;7.0
4d,C[NH+](Cc1ccccc1)C1c2ccccc2O[B-]12OB(O)OB(O)O2,10-1039_d0gc00346h,96,[2H]OC([2H])([2H])[2H],18.4;7.5
4e,C[NH+](C)C1c2ccccc2O[B-]12OB(O)OB(O)O2,10-1039_d0gc00346h,96,[2H]O[2H],19.4;7.0
4g,CCC[NH+](CCC)C1c2ccccc2O[B-]12OB(O)OB(O)O2,10-1039_d0gc00346h,96,[2H]O[2H],19.4;7.0
4i,COc1ccc2c(c1)C([NH+]1CCOCC1)[B-]1(OB(O)OB(O)O1)O2,10-1039_d0gc00346h,96,[2H]O[2H],19.3;6.9
4j,Cc1ccc2c(c1)C([NH+]1CCOCC1)[B-]1(OB(O)OB(O)O1)O2,10-1039_d0gc00346h,160,[2H]O[2H],19.4;6.9
4k,OB1OB(O)O[B-]2(O1)Oc1ccc(F)cc1C2[NH+]1CCOCC1,10-1039_d0gc00346h,160,[2H]O[2H],19.4;7.1
4l,OB1OB(O)O[B-]2(O1)Oc1ccc(Br)cc1C2[NH+]1CCOCC1,10-1039_d0gc00346h,96,[2H]O[2H],19.4;7.0
4m,COc1ccc2c(c1)O[B-]1(OB(O)OB(O)O1)C2[NH+]1CCOCC1,10-1039_d0gc00346h,160,[2H]O[2H],19.4;7.2
4n,COc1cccc2c1O[B-]1(OB(O)OB(O)O1)C2[NH+]1CCOCC1,10-1039_d0gc00346h,96,[2H]O[2H],19.4;7.1
4o,OB1OB(O)O[B-]2(O1)Oc1c(F)cccc1C2[NH+]1CCOCC1,10-1039_d0gc00346h,160,[2H]O[2H],19.4;7.4
4p,CC(C)(C)c1cc2c(c(C(C)(C)C)c1)C([NH+]1CCOCC1)[B-]1(OB(O)OB(O)O1)O2,10-1039_d0gc00346h,96,[2H]OC([2H])([2H])[2H],18.5;7.5
5a,OB1Oc2ccccc2C1[NH+]1CCOCC1.[Cl-],10-1039_d0gc00346h,96,[2H]O[2H],14.3
5b,OB1Oc2ccccc2C1[NH+]1CCCCC1.[Cl-],10-1039_d0gc00346h,96,[2H]OC([2H])([2H])[2H],16.3
5c,OB1Oc2ccccc2C1[NH+]1CCCC1.[Cl-],10-1039_d0gc00346h,96,[2H]OC([2H])([2H])[2H],18.5
5d,OB1Oc2ccccc2C1[NH+](Cc1ccccc1)Cc1ccccc1.[Cl-],10-1039_d0gc00346h,96,[2H]OC([2H])([2H])[2H],10.8
5e,C[NH+](Cc1ccccc1)C1B(O)Oc2ccccc21.[Cl-],10-1039_d0gc00346h,96,[2H]OC([2H])([2H])[2H],15.7
5f,C[NH+](C)C1B(O)Oc2ccccc21.[Cl-],10-1039_d0gc00346h,96,[2H]OC([2H])([2H])[2H],16.6
5g,CC[NH+](CC)C1B(O)Oc2ccccc21.[Cl-],10-1039_d0gc00346h,96,[2H]OC([2H])([2H])[2H],16
5h,CCC[NH+](CCC)C1B(O)Oc2ccccc21.[Cl-],10-1039_d0gc00346h,96,[2H]OC([2H])([2H])[2H],15.3
,[BH3-][NH+]1C(C)(C)CCCC1(C)C,10-1039_d0ob00421a,96,[2H]c1c([2H])c([2H])c([2H])c([2H])c1[2H],-21.1
,[BH3-][NH+](C1CCCCC1)C1CCCCC1,10-1039_d0ob00421a,96,[2H]c1c([2H])c([2H])c([2H])c([2H])c1[2H],-21.1
,[BH3-][NH+](C(C)C)C(C)(C)C,10-1039_d0ob00421a,96,[2H]c1c([2H])c([2H])c([2H])c([2H])c1[2H],-23.72
3a,CC1(C)OB(CC(CN(Cc2ccccc2)Cc2ccccc2)c2ccccc2)OC1(C)C,10-1039_d1cc00093d,128,[2H]C(Cl)(Cl)Cl,33.49
3b,Cc1ccc(C(CB2OC(C)(C)C(C)(C)O2)CN(Cc2ccccc2)Cc2ccccc2)cc1,10-1039_d1cc00093d,128,[2H]C(Cl)(Cl)Cl,32.62
3c,CC1(C)OB(CC(CN(Cc2ccccc2)Cc2ccccc2)c2ccc(C(F)(F)F)cc2)OC1(C)C,10-1039_d1cc00093d,128,[2H]C(Cl)(Cl)Cl,32.94
3d,CC1(C)OB(CC(CN(Cc2ccccc2)Cc2ccccc2)c2ccc(Cl)cc2)OC1(C)C,10-1039_d1cc00093d,128,[2H]C(Cl)(Cl)Cl,32.07
3e,CC1(C)OB(CC(CN(Cc2ccccc2)Cc2ccccc2)c2cccc(Cl)c2)OC1(C)C,10-1039_d1cc00093d,128,[2H]C(Cl)(Cl)Cl,32.92
3f,CC1(C)OB(CC(CN(Cc2ccccc2)Cc2ccccc2)c2ccccc2Cl)OC1(C)C,10-1039_d1cc00093d,128,[2H]C(Cl)(Cl)Cl,33.52
3g,CC1(C)OB(CC(CN(Cc2ccccc2)Cc2ccccc2)c2ccccc2Br)OC1(C)C,10-1039_d1cc00093d,128,[2H]C(Cl)(Cl)Cl,33.95
3i,CC1(C)OB(CC(CN(Cc2ccccc2)Cc2ccccc2)c2cccs2)OC1(C)C,10-1039_d1cc00093d,128,[2H]C(Cl)(Cl)Cl,30.01
3k,CC1(C)OB(C2C(CN(Cc3ccccc3)Cc3ccccc3)[C@H]3CC[C@@H]2C3)OC1(C)C,10-1039_d1cc00093d,128,[2H]C(Cl)(Cl)Cl,34.29
3l,CCOC(=O)C(CB1OC(C)(C)C(C)(C)O1)CN(Cc1ccccc1)Cc1ccccc1,10-1039_d1cc00093d,128,[2H]C(Cl)(Cl)Cl,33.63
3m,CC1(C)OB(/C(=C(\CN(Cc2ccccc2)Cc2ccccc2)c2ccccc2)c2ccccc2)OC1(C)C,10-1039_d1cc00093d,128,[2H]C(Cl)(Cl)Cl,27.69
3n,C/C(B1OC(C)(C)C(C)(C)O1)=C(/CN(Cc1ccccc1)Cc1ccccc1)c1ccccc1,10-1039_d1cc00093d,128,[2H]C(Cl)(Cl)Cl,31.08
3p,CC1(C)OB(/C(=C(\CN(Cc2ccccc2)Cc2ccccc2)c2cccs2)c2cccs2)OC1(C)C,10-1039_d1cc00093d,128,[2H]C(Cl)(Cl)Cl,22.41
3q,C=C(B1OC(C)(C)C(C)(C)O1)C(CN(Cc1ccccc1)Cc1ccccc1)c1ccccc1,10-1039_d1cc00093d,128,[2H]C(Cl)(Cl)Cl,30.63
3r,C=C(B1OC(C)(C)C(C)(C)O1)C(CN(Cc1ccccc1)Cc1ccccc1)C1CCCCC1,10-1039_d1cc00093d,128,[2H]C(Cl)(Cl)Cl,30.23
3t,C=C(B1OC(C)(C)C(C)(C)O1)C(CCCCCCCCCC)CN(Cc1ccccc1)Cc1ccccc1,10-1039_d1cc00093d,128,[2H]C(Cl)(Cl)Cl,31.58
4,CC(C)(C)OC(=O)NCC(CB1OC(C)(C)C(C)(C)O1)c1ccccc1,10-1039_d1cc00093d,128,[2H]C(Cl)(Cl)Cl,33.16
3b,CCC[C@H]([NH3+])B1OC(C)(C)C(C)(C)O1.[Cl-],10-1039_d1ob00616a,128,[2H]C(Cl)(Cl)Cl,31.4
3c,CC(C)[C@H]([NH3+])B1OC(C)(C)C(C)(C)O1.[Cl-],10-1039_d1ob00616a,128,[2H]C([2H])([2H])S(=O)C([2H])([2H])[2H],33
3d,CC1(C)OB([C@@H]([NH3+])C2CCCCC2)OC1(C)C.[Cl-],10-1039_d1ob00616a,128,[2H]C(Cl)(Cl)Cl,33.1
3e,CC1(C)OB([C@@H]([NH3+])Cc2ccccc2)OC1(C)C.[Cl-],10-1039_d1ob00616a,128,[2H]C([2H])([2H])S(=O)C([2H])([2H])[2H],32.9
3f,CC1(C)OB([C@@H]([NH3+])Cc2cn(Cc3ccccc3)c3ccccc23)OC1(C)C.[Cl-],10-1039_d1ob00616a,128,[2H]C([2H])([2H])S(=O)C([2H])([2H])[2H],33.1
2j,[NH2+]=C(Cc1ccccc1)[B-](F)(F)F,10-1039_d1sc07065g,128,[2H]C([2H])([2H])C(=O)C([2H])([2H])[2H],-0.48
2k,CCC(=[NH2+])[B-](F)(F)F,10-1039_d1sc07065g,128,[2H]C([2H])([2H])C(=O)C([2H])([2H])[2H],-0.59
2m,CC(C)CC(=[NH2+])[B-](F)(F)F,10-1039_d1sc07065g,128,[2H]C([2H])([2H])C(=O)C([2H])([2H])[2H],-0.64
2n,[NH2+]=C(C1CC1)[B-](F)(F)F,10-1039_d1sc07065g,128,[2H]C([2H])([2H])C(=O)C([2H])([2H])[2H],-0.79
2o,[NH2+]=C(C1CCCC1)[B-](F)(F)F,10-1039_d1sc07065g,128,[2H]C([2H])([2H])C(=O)C([2H])([2H])[2H],-0.48
2p,[NH2+]=C(CCCCO)[B-](F)(F)F,10-1039_d1sc07065g,128,[2H]C([2H])([2H])C(=O)C([2H])([2H])[2H],-0.6
3g,[NH3+]C(c1ccc2c(c1)OCO2)[B-](F)(F)F,10-1039_d1sc07065g,128,[2H]OC([2H])([2H])[2H],2.59
3h,[NH3+]C(c1ccc(-c2ccccc2)cc1)[B-](F)(F)F,10-1039_d1sc07065g,128,[2H]C([2H])([2H])S(=O)C([2H])([2H])[2H],2.6
3i,COc1ccc(C([NH3+])[B-](F)(F)F)cc1,10-1039_d1sc07065g,128,[2H]C([2H])([2H])S(=O)C([2H])([2H])[2H],2.39
3l,CC(C)C([NH3+])[B-](F)(F)F,10-1039_d1sc07065g,128,[2H]OC([2H])([2H])[2H],2.84
3m,CC(C)CC([NH3+])[B-](F)(F)F,10-1039_d1sc07065g,128,[2H]OC([2H])([2H])[2H],2.96
3n,[NH3+]C(C1CC1)[B-](F)(F)F,10-1039_d1sc07065g,128,[2H]OC([2H])([2H])[2H],2.77
3o,[NH3+]C(C1CCCC1)[B-](F)(F)F,10-1039_d1sc07065g,128,[2H]C([2H])([2H])S(=O)C([2H])([2H])[2H],2.77
3k,CCC([NH3+])[B-](F)(F)F,10-1039_d1sc07065g,128,[2H]OC([2H])([2H])[2H],2.91
3p,[NH3+]C(CCCCO)[B-](F)(F)F,10-1039_d1sc07065g,128,[2H]OC([2H])([2H])[2H],29.35
4k,CCC([NH3+])B(O)O.[Cl-],10-1039_d1sc07065g,128,[2H]OC([2H])([2H])[2H],28.74
4a,[Cl-].[NH3+]C(B(O)O)c1ccc(F)cc1,10-1039_d1sc07065g,128,[2H]OC([2H])([2H])[2H],28.17
4b,[Cl-].[NH3+]C(B(O)O)c1ccccc1,10-1039_d1sc07065g,128,[2H]OC([2H])([2H])[2H],28.2
4c,Cc1ccc(C([NH3+])B(O)O)cc1.[Cl-],10-1039_d1sc07065g,128,[2H]OC([2H])([2H])[2H],27.97
4d,[Cl-].[NH3+]C(B(O)O)c1ccc(Cl)cc1,10-1039_d1sc07065g,128,[2H]OC([2H])([2H])[2H],28.12
4f,[Cl-].[NH3+]C(B(O)O)c1ccc(C(F)(F)F)cc1,10-1039_d1sc07065g,128,[2H]OC([2H])([2H])[2H],27.79
4g,[Cl-].[NH3+]C(B(O)O)c1ccc2c(c1)OCO2,10-1039_d1sc07065g,128,[2H]OC([2H])([2H])[2H],28.07
4h,[Cl-].[NH3+]C(B(O)O)c1ccc(-c2ccccc2)cc1,10-1039_d1sc07065g,128,[2H]OC([2H])([2H])[2H],29.28
4i,COc1ccc(C([NH3+])B(O)O)cc1.[Cl-],10-1039_d1sc07065g,128,[2H]OC([2H])([2H])[2H],28.54
4j,[Cl-].[NH3+]C(Cc1ccccc1)B(O)O,10-1039_d1sc07065g,128,[2H]OC([2H])([2H])[2H],28.6
4l,CC(C)C([NH3+])B(O)O.[Cl-],10-1039_d1sc07065g,128,[2H]OC([2H])([2H])[2H],28.64
4n,[Cl-].[NH3+]C(B(O)O)C1CC1,10-1039_d1sc07065g,128,[2H]OC([2H])([2H])[2H],0.36
4o,[Cl-].[NH3+]C(B(O)O)C1CCCC1,10-1039_d1sc07065g,128,[2H]OC([2H])([2H])[2H],28.64
4p,[Cl-].[NH3+]C(CCCCO)B(O)O,10-1039_d1sc07065g,128,[2H]OC([2H])([2H])[2H],29.35
4m,CC(C)CC([NH3+])B(O)O.[Cl-],10-1039_d1sc07065g,128,[2H]OC([2H])([2H])[2H],29.06
3a,[NH3+]C(c1ccc(F)cc1)[B-](F)(F)F,10-1039_d1sc07065g,128,[2H]OC([2H])([2H])[2H],2.56
3c,Cc1ccc(C([NH3+])[B-](F)(F)F)cc1,10-1039_d1sc07065g,128,[2H]OC([2H])([2H])[2H],2.67
2d,[NH2+]=C(c1ccc(Cl)cc1)[B-](F)(F)F,10-1039_d1sc07065g,128,[2H]C([2H])([2H])C(=O)C([2H])([2H])[2H],-0.01
3d,[NH3+]C(c1ccc(Cl)cc1)[B-](F)(F)F,10-1039_d1sc07065g,128,[2H]OC([2H])([2H])[2H],2.51
2e,N#Cc1ccc(C(=[NH2+])[B-](F)(F)F)cc1,10-1039_d1sc07065g,128,[2H]C([2H])([2H])C(=O)C([2H])([2H])[2H],-0.07
3e,N#Cc1ccc(C([NH3+])[B-](F)(F)F)cc1,10-1039_d1sc07065g,128,[2H]OC([2H])([2H])[2H],2.27
2f,[NH2+]=C(c1ccc(C(F)(F)F)cc1)[B-](F)(F)F,10-1039_d1sc07065g,128,[2H]C([2H])([2H])C(=O)C([2H])([2H])[2H],-0.04
3f,[NH3+]C(c1ccc(C(F)(F)F)cc1)[B-](F)(F)F,10-1039_d1sc07065g,128,[2H]OC([2H])([2H])[2H],2.46
2g,[NH2+]=C(c1ccc2c(c1)OCO2)[B-](F)(F)F,10-1039_d1sc07065g,128,[2H]C([2H])([2H])C(=O)C([2H])([2H])[2H],0.06
2h,[NH2+]=C(c1ccc(-c2ccccc2)cc1)[B-](F)(F)F,10-1039_d1sc07065g,128,[2H]C([2H])([2H])C(=O)C([2H])([2H])[2H],0.12
2i,COc1ccc(C(=[NH2+])[B-](F)(F)F)cc1,10-1039_d1sc07065g,128,[2H]C([2H])([2H])C(=O)C([2H])([2H])[2H],0.15
12n,CC(CC(=O)CCCB1OC(C)(C)C(C)(C)O1)N(Cc1ccccc1)C(=O)[O-],10-1039_d2ob01843h,128,[2H]C(Cl)(Cl)Cl,32.32
3q,CC(=O)c1ccc(C(CB2OC(C)(C)C(C)(C)O2)c2c(F)c(F)c(C#N)c(F)c2F)cc1,10-1039_d2sc06472c,96,[2H]C(Cl)(Cl)Cl,32.7
3r,CC1(C)OB(CC(c2ccc(B3OC(C)(C)C(C)(C)O3)cc2)c2c(F)c(F)c(C#N)c(F)c2F)OC1(C)C,10-1039_d2sc06472c,96,[2H]C(Cl)(Cl)Cl,30.7
3s,CC1(C)OB(CC(c2ccc(Cn3ccc4ccccc43)cc2)c2c(F)c(F)c(C#N)c(F)c2F)OC1(C)C,10-1039_d2sc06472c,96,[2H]C(Cl)(Cl)Cl,33.6
3t,CC1(C)OB(CC(c2ccc(Cn3cccc3)cc2)c2c(F)c(F)c(C#N)c(F)c2F)OC1(C)C,10-1039_d2sc06472c,96,[2H]C(Cl)(Cl)Cl,33.2
3u,CC1(C)OB(CC(c2ccc(N3CCOCC3)cc2)c2c(F)c(F)c(C#N)c(F)c2F)OC1(C)C,10-1039_d2sc06472c,96,[2H]C(Cl)(Cl)Cl,32.5
3v,CC1(C)OB(CC(c2ccc(COCCSc3ccccc3)cc2)c2c(F)c(F)c(C#N)c(F)c2F)OC1(C)C,10-1039_d2sc06472c,96,[2H]C(Cl)(Cl)Cl,34.1
3w,CSc1ccc(C(CB2OC(C)(C)C(C)(C)O2)c2c(F)c(F)c(C#N)c(F)c2F)cc1,10-1039_d2sc06472c,96,[2H]C(Cl)(Cl)Cl,33.4
3x,CN(C)c1ccc(C(CB2OC(C)(C)C(C)(C)O2)c2c(F)c(F)c(C#N)c(F)c2F)cc1,10-1039_d2sc06472c,96,[2H]C(Cl)(Cl)Cl,33.3
3y,CC1(C)OB(CC(c2ccc(COCc3ccco3)cc2)c2c(F)c(F)c(C#N)c(F)c2F)OC1(C)C,10-1039_d2sc06472c,96,[2H]C(Cl)(Cl)Cl,33.5
3z,C=CCCOCc1ccc(C(CB2OC(C)(C)C(C)(C)O2)c2c(F)c(F)c(C#N)c(F)c2F)cc1,10-1039_d2sc06472c,96,[2H]C(Cl)(Cl)Cl,33
3aa,CC1(C)OB([C@@H]2CCc3ccccc3[C@H]2c2c(F)c(F)c(C#N)c(F)c2F)OC1(C)C,10-1039_d2sc06472c,96,[2H]C(Cl)(Cl)Cl,33.5
3bb,CC1(C)OB(CC(c2c(F)c(F)c(F)c(F)c2C#N)c2cccc3ccccc23)OC1(C)C,10-1039_d2sc06472c,96,[2H]C(Cl)(Cl)Cl,33.5
3cc,CC1(C)OB(CC(c2ccc(SC(F)(F)F)cc2)c2c(F)c(F)c(F)c(F)c2C#N)OC1(C)C,10-1039_d2sc06472c,96,[2H]C(Cl)(Cl)Cl,33.3
,CC1(C)O[C@@H]2[C@@H](CO[C@@]3(COCc4ccc(C(CB5OC(C)(C)C(C)(C)O5)c5c(F)c(F)c(C#N)c(F)c5F)cc4)OC(C)(C)O[C@@H]23)O1,10-1039_d2sc06472c,,[2H]C(Cl)(Cl)Cl,30.1
4a,Cc1c(C)c2c(c(C)c1OCc1ccc(C(CB3OC(C)(C)C(C)(C)O3)c3c(F)c(F)c(C#N)c(F)c3F)cc1)CC[C@@](C)(CCC[C@H](C)CCC[C@H](C)CCCC(C)C)O2,10-1039_d2sc06472c,96,[2H]C(Cl)(Cl)Cl,32
5b,CC1(C)OB(CC(c2ccccc2)c2c(F)cc(F)c(F)c2C#N)OC1(C)C,10-1039_d2sc06472c,96,[2H]C(Cl)(Cl)Cl,33.7
5c,CC1(C)OB(CC(c2ccccc2)c2cc(C#N)cc(F)c2F)OC1(C)C,10-1039_d2sc06472c,96,[2H]C(Cl)(Cl)Cl,33.4
6b,N#Cc1c(F)c(F)c(C(C[B-](F)(F)F)c2ccccc2)c(F)c1F.[K+],10-1039_d2sc06472c,96,[2H]C([2H])([2H])S(=O)C([2H])([2H])[2H],3.8
3c,CC(C)(C)c1ccc(C(CB2OC(C)(C)C(C)(C)O2)c2c(F)c(F)c(C#N)c(F)c2F)cc1,10-1039_d2sc06472c,96,[2H]C(Cl)(Cl)Cl,33.3
3a,CC1(C)OB(CC(c2ccccc2)c2c(F)c(F)c(C#N)c(F)c2F)OC1(C)C,10-1039_d2sc06472c,96,[2H]C(Cl)(Cl)Cl,33
3b,Cc1ccc(C(CB2OC(C)(C)C(C)(C)O2)c2c(F)c(F)c(C#N)c(F)c2F)cc1,10-1039_d2sc06472c,96,[2H]C(Cl)(Cl)Cl,32.9
3d,CC(C)Cc1ccc(C(CB2OC(C)(C)C(C)(C)O2)c2c(F)c(F)c(C#N)c(F)c2F)cc1,10-1039_d2sc06472c,96,[2H]C(Cl)(Cl)Cl,33.3
3e,COc1ccc(C(CB2OC(C)(C)C(C)(C)O2)c2c(F)c(F)c(C#N)c(F)c2F)cc1,10-1039_d2sc06472c,96,[2H]C(Cl)(Cl)Cl,33.3
3f,CC1(C)OB(CC(c2ccc(OCc3ccccc3)cc2)c2c(F)c(F)c(C#N)c(F)c2F)OC1(C)C,10-1039_d2sc06472c,96,[2H]C(Cl)(Cl)Cl,32.4
3g,CC1(C)OB(CC(c2ccc(Oc3ccccc3)cc2)c2c(F)c(F)c(C#N)c(F)c2F)OC1(C)C,10-1039_d2sc06472c,96,[2H]C(Cl)(Cl)Cl,33.5
3h,CC1(C)OB(CC(c2ccc(COCc3ccccc3)cc2)c2c(F)c(F)c(C#N)c(F)c2F)OC1(C)C,10-1039_d2sc06472c,96,[2H]C(Cl)(Cl)Cl,34.1
3i,Cc1cccc(C(CB2OC(C)(C)C(C)(C)O2)c2c(F)c(F)c(C#N)c(F)c2F)c1,10-1039_d2sc06472c,96,[2H]C(Cl)(Cl)Cl,33.1
3j,CC1(C)OB(CC(c2ccc(-c3ccccc3)c(F)c2)c2c(F)c(F)c(C#N)c(F)c2F)OC1(C)C,10-1039_d2sc06472c,96,[2H]C(Cl)(Cl)Cl,33.6
3k,COc1cc(C(CB2OC(C)(C)C(C)(C)O2)c2c(F)c(F)c(C#N)c(F)c2F)ccc1OCc1ccccc1,10-1039_d2sc06472c,96,[2H]C(Cl)(Cl)Cl,33.5
3l,CC1(C)OB(CC(c2ccc3c(c2)OCO3)c2c(F)c(F)c(C#N)c(F)c2F)OC1(C)C,10-1039_d2sc06472c,96,[2H]C(Cl)(Cl)Cl,33.2
3m,COc1ccccc1C(CB1OC(C)(C)C(C)(C)O1)c1c(F)c(F)c(C#N)c(F)c1F,10-1039_d2sc06472c,96,[2H]C(Cl)(Cl)Cl,33.2
3n,CC1(C)OB(CC(c2ccccc2OCc2ccccc2)c2c(F)c(F)c(C#N)c(F)c2F)OC1(C)C,10-1039_d2sc06472c,96,[2H]C(Cl)(Cl)Cl,33.1
3o,CC1(C)OB(CC(c2ccc(F)cc2)c2c(F)c(F)c(C#N)c(F)c2F)OC1(C)C,10-1039_d2sc06472c,96,[2H]C(Cl)(Cl)Cl,33.1
3p,CC1(C)OB(CC(c2ccc(OC(F)(F)F)cc2)c2c(F)c(F)c(C#N)c(F)c2F)OC1(C)C,10-1039_d2sc06472c,96,[2H]C(Cl)(Cl)Cl,33.3
2d,COC(=O)C[BH2-]N1C=C(C)C=C(C)C1,10-1039_d4cc02969k,128,[2H]C(Cl)(Cl)Cl,-6.09
2f,Cn1cc[n+](C)c1[BH2-]Cc1ccc(F)cc1,10-1039_d4cc02969k,128,[2H]C(Cl)(Cl)Cl,-25.7
2b,COC(=O)C[BH2-]c1n(C)cc[n+]1C,10-1039_d4cc02969k,128,[2H]C(Cl)(Cl)Cl,-28.3
2c,COC(=O)C[BH2-]c1n(C(C)C)cc[n+]1C(C)C,10-1039_d4cc02969k,128,[2H]C(Cl)(Cl)Cl,-28.18
2e,Cn1cc[n+](C)c1[BH2-]CC(=O)OCc1ccccc1,10-1039_d4cc02969k,128,[2H]C(Cl)(Cl)Cl,-28.3
2g,Cn1cc[n+](C)c1[BH2-]Cc1ccc2ccccc2c1,10-1039_d4cc02969k,128,[2H]C(Cl)(Cl)Cl,-25.7
4a,COC(=O)C[BH-](c1n(C)cc[n+]1C)C(C(=O)OC)c1ccc(F)cc1,10-1039_d4cc02969k,128,[2H]C(Cl)(Cl)Cl,16.41
4b,COC(=O)C[BH-](c1n(C)cc[n+]1C)C(C(=O)OC)c1ccccc1,10-1039_d4cc02969k,128,[2H]C(Cl)(Cl)Cl,-16.5
4c,CCOC(=O)C[BH-](c1n(C)cc[n+]1C)C(C(=O)OC)c1ccc(F)cc1,10-1039_d4cc02969k,128,[2H]C(Cl)(Cl)Cl,-16.5
4d,COC(=O)C[BH-](c1n(C)cc[n+]1C)C(C(=O)OC)c1ccc(Cl)cc1,10-1039_d4cc02969k,128,[2H]C(Cl)(Cl)Cl,-16.5
4e,COC(=O)C[BH-](c1n(C)cc[n+]1C)C(C)c1ccc(Br)cc1,10-1039_d4cc02969k,128,[2H]C(Cl)(Cl)Cl,-16.5
,COC(=O)C[BH-](c1n(C)cc[n+]1C)C(C(=O)OC)c1cc(F)cc(F)c1,10-1039_d4cc02969k,128,[2H]C(Cl)(Cl)Cl,-16.5
4f,COC(=O)C[BH-](c1n(C)cc[n+]1C)C(C(=O)OC)c1ccc(C(C)=O)cc1,10-1039_d4cc02969k,128,[2H]C(Cl)(Cl)Cl,-16.3
4g,COC(=O)C[BH-](c1n(C)cc[n+]1C)C(C(=O)OC)c1ccc(C)cc1,10-1039_d4cc02969k,128,[2H]C(Cl)(Cl)Cl,-16.7
4h,COC(=O)C[BH-](c1n(C)cc[n+]1C)C(C(=O)OC)c1ccc(-c2ccccc2)cc1,10-1039_d4cc02969k,128,[2H]C(Cl)(Cl)Cl,-16.5
4i,COC(=O)C[BH-](c1n(C)cc[n+]1C)C(C(=O)OC)c1ccc(OC)cc1,10-1039_d4cc02969k,128,[2H]C(Cl)(Cl)Cl,-16.5
4k,COC(=O)C[BH-](c1n(C(C)C)cc[n+]1C(C)C)C(C(=O)OC)c1ccccc1,10-1039_d4cc02969k,128,[2H]C(Cl)(Cl)Cl,-16.56
4l,COC(=O)C[BH-](C(C(=O)OC)c1ccccc1)[n+]1cc(C)cc(C)c1,10-1039_d4cc02969k,,[2H]C(Cl)(Cl)Cl,0
4m,COC(=O)C([BH-](CC(=O)OCc1ccccc1)c1n(C)cc[n+]1C)c1ccccc1,10-1039_d4cc02969k,,[2H]C(Cl)(Cl)Cl,-16.5
4n,COC(=O)C([BH-](Cc1ccc(F)cc1)c1n(C)cc[n+]1C)c1ccccc1,10-1039_d4cc02969k,,[2H]C(Cl)(Cl)Cl,-14.2
9,[BH3-][P+]1(C)C(c2ccccc2)=C/C1=C(/c1ccccc1)c1cc2ccccc2n1-c1ncccn1,10-1039_d4sc00649f,193,[2H]C(Cl)(Cl)Cl,-35.6
3aa,COP(=O)(OC)[C@@H]([BH2-][P+](C)(c1ccccc1)c1ccccc1)c1ccccc1,10-1039_d4sc01271b,160,[2H]C(Cl)(Cl)Cl,-26.4
3ja,COP(=O)(OC)[C@@H]([BH2-][P+](C)(c1ccccc1)c1ccccc1)c1ccc(Br)cc1,10-1039_d4sc01271b,160,[2H]C(Cl)(Cl)Cl,-26.68
3ka,COP(=O)(OC)[C@@H]([BH2-][P+](C)(c1ccccc1)c1ccccc1)c1ccc(C(F)(F)F)cc1,10-1039_d4sc01271b,128,[2H]C(Cl)(Cl)Cl,-26.03
3la,COP(=O)(OC)[C@@H]([BH2-][P+](C)(c1ccccc1)c1ccccc1)c1ccc(-c2ccccc2)cc1,10-1039_d4sc01271b,128,[2H]C(Cl)(Cl)Cl,-25.86
3ma,COP(=O)(OC)[C@@H]([BH2-][P+](C)(c1ccccc1)c1ccccc1)c1ccc(OCc2ccccc2)cc1,10-1039_d4sc01271b,128,[2H]C(Cl)(Cl)Cl,-25.98
3na,COP(=O)(OC)[C@@H]([BH2-][P+](C)(c1ccccc1)c1ccccc1)c1ccc(C#N)cc1,10-1039_d4sc01271b,128,[2H]C(Cl)(Cl)Cl,-26.18
3oa,COc1cccc([C@H]([BH2-][P+](C)(c2ccccc2)c2ccccc2)P(=O)(OC)OC)c1,10-1039_d4sc01271b,128,[2H]C(Cl)(Cl)Cl,-26.15
3pa,COC(=O)c1cccc([C@H]([BH2-][P+](C)(c2ccccc2)c2ccccc2)P(=O)(OC)OC)c1,10-1039_d4sc01271b,128,[2H]C(Cl)(Cl)Cl,-25.93
3qa,COP(=O)(OC)[C@@H]([BH2-][P+](C)(c1ccccc1)c1ccccc1)c1cccc(I)c1,10-1039_d4sc01271b,128,[2H]C(Cl)(Cl)Cl,-25.96
3ra,COP(=O)(OC)[C@@H]([BH2-][P+](C)(c1ccccc1)c1ccccc1)c1ccccc1F,10-1039_d4sc01271b,160,[2H]C(Cl)(Cl)Cl,-26.96
3sa,COP(=O)(OC)[C@@H]([BH2-][P+](C)(c1ccccc1)c1ccccc1)c1ccc(F)c(Cl)c1,10-1039_d4sc01271b,128,[2H]C(Cl)(Cl)Cl,-26.1
3ta,COP(=O)(OC)[C@@H]([BH2-][P+](C)(c1ccccc1)c1ccccc1)c1ccc(C)c([N+](=O)[O-])c1,10-1039_d4sc01271b,128,[2H]C(Cl)(Cl)Cl,-26.09
3ua,COc1cc(OC)cc([C@H]([BH2-][P+](C)(c2ccccc2)c2ccccc2)P(=O)(OC)OC)c1,10-1039_d4sc01271b,128,[2H]C(Cl)(Cl)Cl,-26.05
3va,COP(=O)(OC)[C@@H]([BH2-][P+](C)(c1ccccc1)c1ccccc1)c1ccc2c(c1)Cc1ccccc1-2,10-1039_d4sc01271b,128,[2H]C(Cl)(Cl)Cl,-25.8
3wa,COP(=O)(OC)[C@@H]([BH2-][P+](C)(c1ccccc1)c1ccccc1)c1ccc2[nH]ccc2c1,10-1039_d4sc01271b,128,[2H]C(Cl)(Cl)Cl,-25.15
3xa,COP(=O)(OC)[C@@H]([BH2-][P+](C)(c1ccccc1)c1ccccc1)c1ccc2c(c1)OCO2,10-1039_d4sc01271b,160,[2H]C(Cl)(Cl)Cl,-26.79
3ya,COP(=O)(OC)[C@@H]([BH2-][P+](C)(c1ccccc1)c1ccccc1)c1cccc2c1oc1ccccc12,10-1039_d4sc01271b,128,[2H]C(Cl)(Cl)Cl,-25.76
3za,COP(=O)(OC)[C@@H]([BH2-][P+](C)(c1ccccc1)c1ccccc1)c1cccc2c1sc1ccccc12,10-1039_d4sc01271b,160,[2H]C(Cl)(Cl)Cl,-26.64
3Aa,COP(=O)(OC)[C@@H]([BH2-][P+](C)(c1ccccc1)c1ccccc1)c1cc2ccccc2c2ccccc12,10-1039_d4sc01271b,128,[2H]C(Cl)(Cl)Cl,-25.37
3Ca,COP(=O)(OC)[C@@H]([BH2-][P+](C)(c1ccccc1)c1ccccc1)c1cccc2ccccc12,10-1039_d4sc01271b,128,[2H]C(Cl)(Cl)Cl,-25.28
3ab,CC[P+]([BH2-][C@@H](c1ccccc1)P(=O)(OC)OC)(c1ccccc1)c1ccccc1,10-1039_d4sc01271b,128,[2H]C(Cl)(Cl)Cl,-27.98
3ac,COP(=O)(OC)[C@@H]([BH2-][P+](c1ccccc1)(c1ccccc1)C(C)C)c1ccccc1,10-1039_d4sc01271b,128,[2H]C(Cl)(Cl)Cl,-26.75
3ad,COP(=O)(OC)[C@@H]([BH2-][P+](C)(C)c1ccccc1)c1ccccc1,10-1039_d4sc01271b,202,[2H]C(Cl)(Cl)Cl,-26.3
3ae,CC[P+]([BH2-][C@@H](c1ccccc1)P(=O)(OC)OC)(CC)c1ccccc1,10-1039_d4sc01271b,128,[2H]C(Cl)(Cl)Cl,-28.58
3af,COP(=O)(OC)[C@@H]([BH2-][P+](c1ccccc1)(C1CCCCC1)C1CCCCC1)c1ccccc1,10-1039_d4sc01271b,128,[2H]C(Cl)(Cl)Cl,-29.53
3lg,COP(=O)(OC)[C@@H]([BH2-][P+](C)(C)C)c1ccc(-c2ccccc2)cc1,10-1039_d4sc01271b,128,[2H]C(Cl)(Cl)Cl,-25.14
3lh,CCCC[P+]([BH2-][C@@H](c1ccc(-c2ccccc2)cc1)P(=O)(OC)OC)(CCCC)CCCC,10-1039_d4sc01271b,128,[2H]C(Cl)(Cl)Cl,-28.05
3li,COP(=O)(OC)[C@@H]([BH2-][P+](OC)(OC)OC)c1ccc(-c2ccccc2)cc1,10-1039_d4sc01271b,160,[2H]C(Cl)(Cl)Cl,-32.52
5aa,CCOP(=O)(OCC)[C@@H]([BH2-][P+](C)(c1ccccc1)c1ccccc1)c1ccccc1,10-1039_d4sc01271b,160,[2H]C(Cl)(Cl)Cl,-26.75
5ba,CC(C)OP(=O)(OC(C)C)[C@@H](B[PH](C)(c1ccccc1)c1ccccc1)c1ccccc1,10-1039_d4sc01271b,128,[2H]C(Cl)(Cl)Cl,-25.9
5ca,CCCCCCOP(=O)(OCCCCCC)[C@@H](B[PH](C)(c1ccccc1)c1ccccc1)c1ccccc1,10-1039_d4sc01271b,128,[2H]C(Cl)(Cl)Cl,-25.97
6a,C[P+]([BH2-][C@@H](c1ccc(Br)cc1)P(=O)(c1ccccc1)c1ccccc1)(c1ccccc1)c1ccccc1,10-1039_d4sc01271b,160,[2H]C(Cl)(Cl)Cl,-26.84
6b,[BH3-][P+](c1ccccc1)(c1ccccc1)[C@@H]([BH2-][P+](C)(c1ccccc1)c1ccccc1)c1ccc(Br)cc1,10-1039_d4sc01271b,160,[2H]C(Cl)(Cl)Cl,-26.72;-40.49
3ba,COP(=O)(OC)[C@@H]([BH2-][P+](C)(c1ccccc1)c1ccccc1)c1ccc(Cl)cc1,10-1039_d4sc01271b,160,[2H]C(Cl)(Cl)Cl,-26.85
3ca,COP(=O)(OC)[C@@H]([BH2-][P+](C)(c1ccccc1)c1ccccc1)c1ccc(CO)cc1,10-1039_d4sc01271b,128,[2H]C(Cl)(Cl)Cl,-26.06
3da,COc1ccc([C@H]([BH2-][P+](C)(c2ccccc2)c2ccccc2)P(=O)(OC)OC)cc1,10-1039_d4sc01271b,128,[2H]C(Cl)(Cl)Cl,-26.16
3ea,COP(=O)(OC)[C@@H]([BH2-][P+](C)(c1ccccc1)c1ccccc1)c1ccc(C)cc1,10-1039_d4sc01271b,128,[2H]C(Cl)(Cl)Cl,-26.02
3ga,COP(=O)(OC)[C@@H]([BH2-][P+](C)(c1ccccc1)c1ccccc1)c1ccc([N+](=O)[O-])cc1,10-1039_d4sc01271b,160,[2H]C(Cl)(Cl)Cl,-26.62
3ha,COC(=O)c1ccc([C@H]([BH2-][P+](C)(c2ccccc2)c2ccccc2)P(=O)(OC)OC)cc1,10-1039_d4sc01271b,160,[2H]C(Cl)(Cl)Cl,-26.79
3ia,COP(=O)(OC)[C@@H]([BH2-][P+](C)(c1ccccc1)c1ccccc1)c1ccc(F)cc1,10-1039_d4sc01271b,128,[2H]C(Cl)(Cl)Cl,-25.98
,C[N+]12CC(=O)O[B-]1(/C=C/COC(=O)c1ccccc1)OC(=O)C2,10-1039_d4sc07900k,160,[2H]C([2H])([2H])S(=O)C([2H])([2H])[2H],10.17
,C[N+]12CC(=O)O[B-]1(/C=C/CCCCl)OC(=O)C2,10-1039_d4sc07900k,160,[2H]C([2H])([2H])S(=O)C([2H])([2H])[2H],10.16
,CCCCCC/C=C/[B-]12OC(=O)C[N+]1(C)CC(=O)O2,10-1039_d4sc07900k,160,[2H]C([2H])([2H])S(=O)C([2H])([2H])[2H],10.16
,C[N+]12CC(=O)O[B-]1(/C=C/CCN1C(=O)c3ccccc3C1=O)OC(=O)C2,10-1039_d4sc07900k,160,[2H]C([2H])([2H])S(=O)C([2H])([2H])[2H],10.45
,CCOC(=O)C(F)(F)CC(Br)[B-]12OC(=O)C[N+]1(C)CC(=O)O2,10-1039_d4sc07900k,160,[2H]C([2H])([2H])S(=O)C([2H])([2H])[2H],10.14
,COC(=O)C(F)(F)CC(Br)[B-]12OC(=O)C[N+]1(C)CC(=O)O2,10-1039_d4sc07900k,160,[2H]C([2H])([2H])S(=O)C([2H])([2H])[2H],10.05
,CC(C)(C)NC(=O)C(F)(F)CC(Br)[B-]12OC(=O)C[N+]1(C)CC(=O)O2,10-1039_d4sc07900k,160,[2H]C([2H])([2H])S(=O)C([2H])([2H])[2H],9.78
,C[N+]12CC(=O)O[B-]1(C(Br)CC(F)(F)C(=O)NC1CCCCC1)OC(=O)C2,10-1039_d4sc07900k,160,[2H]C([2H])([2H])S(=O)C([2H])([2H])[2H],10.55
,C[N+]12CC(=O)O[B-]1(C(Br)CC(F)(F)C(=O)NCc1ccccc1)OC(=O)C2,10-1039_d4sc07900k,160,[2H]C([2H])([2H])S(=O)C([2H])([2H])[2H],10.07
,C[N+]12CC(=O)O[B-]1(C(Br)CC(F)(F)C(=O)NCc1ccc(F)cc1F)OC(=O)C2,10-1039_d4sc07900k,160,[2H]C([2H])([2H])S(=O)C([2H])([2H])[2H],10.37
,CC(C)c1ccc(CNC(=O)C(F)(F)CC(Br)[B-]23OC(=O)C[N+]2(C)CC(=O)O3)cc1,10-1039_d4sc07900k,160,[2H]C([2H])([2H])S(=O)C([2H])([2H])[2H],10.54
,C[N+]12CC(=O)O[B-]1(C(Br)CC(F)(F)C(=O)NCc1ccccc1Cl)OC(=O)C2,10-1039_d4sc07900k,160,[2H]C([2H])([2H])S(=O)C([2H])([2H])[2H],10.2
,C[N+]12CC(=O)O[B-]1(C(Br)CC(F)(F)C(=O)NCc1cccc3ccccc13)OC(=O)C2,10-1039_d4sc07900k,160,[2H]C([2H])([2H])S(=O)C([2H])([2H])[2H],10.36
,C[N+]12CC(=O)O[B-]1(C(Br)CC(F)(F)C(=O)NCCc1cccc(C(F)(F)F)c1)OC(=O)C2,10-1039_d4sc07900k,160,[2H]C([2H])([2H])S(=O)C([2H])([2H])[2H],10.59
,C[N+]12CC(=O)O[B-]1(C(Br)CC(F)(F)C(=O)NCCc1ccc3c(c1)OCO3)OC(=O)C2,10-1039_d4sc07900k,160,[2H]C([2H])([2H])S(=O)C([2H])([2H])[2H],10.41
,C[N+]12CC(=O)O[B-]1(C(Br)CC(F)(F)C(=O)NCCc1ccc3occc3c1)OC(=O)C2,10-1039_d4sc07900k,160,[2H]C([2H])([2H])S(=O)C([2H])([2H])[2H],10.47
,C[N+]12CC(=O)O[B-]1(C(Br)CC(F)(F)C(=O)NCCc1cccs1)OC(=O)C2,10-1039_d4sc07900k,160,[2H]C([2H])([2H])S(=O)C([2H])([2H])[2H],10.31
,C[N+]12CC(=O)O[B-]1(C(Br)CC(F)(F)S(=O)(=O)c1ccccc1)OC(=O)C2,10-1039_d4sc07900k,160,[2H]C([2H])([2H])S(=O)C([2H])([2H])[2H],10.02
,CCOP(=O)(OCC)C(F)(F)CC(Br)[B-]12OC(=O)C[N+]1(C)CC(=O)O2,10-1039_d4sc07900k,160,[2H]C([2H])([2H])S(=O)C([2H])([2H])[2H],10.3
,C[N+]12CC(=O)O[B-]1(C(Br)CC(F)(F)c1nc3ccccc3o1)OC(=O)C2,10-1039_d4sc07900k,160,[2H]C([2H])([2H])S(=O)C([2H])([2H])[2H],9.98
,C[N+]12CC(=O)O[B-]1(C(Br)CC(F)(F)c1ccccc1)OC(=O)C2,10-1039_d4sc07900k,160,[2H]C([2H])([2H])S(=O)C([2H])([2H])[2H],9.97
,C[N+]12CC(=O)O[B-]1(C(Br)CC(F)(F)c1ccc(Br)cc1)OC(=O)C2,10-1039_d4sc07900k,160,[2H]C([2H])([2H])S(=O)C([2H])([2H])[2H],9.97
,C[N+]12CC(=O)O[B-]1(C(Br)CC(F)(F)c1ccc(Cl)cc1)OC(=O)C2,10-1039_d4sc07900k,160,[2H]C([2H])([2H])S(=O)C([2H])([2H])[2H],9.92
,C[N+]12CC(=O)O[B-]1(C(Br)CC(F)(F)c1cccc(F)c1)OC(=O)C2,10-1039_d4sc07900k,160,[2H]C([2H])([2H])S(=O)C([2H])([2H])[2H],10.07
,C[N+]12CC(=O)O[B-]1(C(Br)CC(F)(F)c1ccc(C(F)F)cc1)OC(=O)C2,10-1039_d4sc07900k,160,[2H]C([2H])([2H])S(=O)C([2H])([2H])[2H],10.39
,CCOC(=O)C(F)(F)CC(I)[B-]12OC(=O)C[N+]1(C)CC(=O)O2,10-1039_d4sc07900k,160,[2H]C([2H])([2H])S(=O)C([2H])([2H])[2H],10.13
,CC(C)(C)NC(=O)C(F)(F)CC(I)[B-]12OC(=O)C[N+]1(C)CC(=O)O2,10-1039_d4sc07900k,160,[2H]C([2H])([2H])S(=O)C([2H])([2H])[2H],10.53
,C[N+]12CC(=O)O[B-]1(C(I)CC(F)(F)C(=O)NC1CCCCC1)OC(=O)C2,10-1039_d4sc07900k,160,[2H]C([2H])([2H])S(=O)C([2H])([2H])[2H],10.34
,C[N+]12CC(=O)O[B-]1(C(I)CC(F)(F)C(=O)Nc1ccc(F)cc1)OC(=O)C2,10-1039_d4sc07900k,160,[2H]C([2H])([2H])S(=O)C([2H])([2H])[2H],10.72
,C[N+]12CC(=O)O[B-]1(C(I)CC(F)(F)C(=O)Nc1ccc(OC(F)(F)F)cc1)OC(=O)C2,10-1039_d4sc07900k,160,[2H]C([2H])([2H])S(=O)C([2H])([2H])[2H],10.74
,C[N+]12CC(=O)O[B-]1(C(I)CC(F)(F)C(=O)NCc1ccccc1)OC(=O)C2,10-1039_d4sc07900k,160,[2H]C([2H])([2H])S(=O)C([2H])([2H])[2H],10.87
,C[N+]12CC(=O)O[B-]1(C(I)CC(F)(F)C(=O)NCc1ccc(F)cc1F)OC(=O)C2,10-1039_d4sc07900k,160,[2H]C([2H])([2H])S(=O)C([2H])([2H])[2H],10.76
,CC(C)c1ccc(CNC(=O)C(F)(F)CC(I)[B-]23OC(=O)C[N+]2(C)CC(=O)O3)cc1,10-1039_d4sc07900k,160,[2H]C([2H])([2H])S(=O)C([2H])([2H])[2H],10.82
,C[N+]12CC(=O)O[B-]1(C(I)CC(F)(F)C(=O)NCc1ccccc1Cl)OC(=O)C2,10-1039_d4sc07900k,160,[2H]C([2H])([2H])S(=O)C([2H])([2H])[2H],10.62
,C[N+]12CC(=O)O[B-]1(C(I)CC(F)(F)C(=O)NCCc1cccc(C(F)(F)F)c1)OC(=O)C2,10-1039_d4sc07900k,160,[2H]C([2H])([2H])S(=O)C([2H])([2H])[2H],10.75
,C[N+]12CC(=O)O[B-]1(C(I)CC(F)(F)C(=O)NCCc1cccs1)OC(=O)C2,10-1039_d4sc07900k,160,[2H]C([2H])([2H])S(=O)C([2H])([2H])[2H],10.51
,C[N+]12CC(=O)O[B-]1(C(I)CC(F)(F)S(=O)(=O)c1ccccc1)OC(=O)C2,10-1039_d4sc07900k,160,[2H]C([2H])([2H])S(=O)C([2H])([2H])[2H],10.53
,C[N+]12CC(=O)O[B-]1(C(I)CC(F)(F)C(F)(F)C(F)(F)C(F)(F)F)OC(=O)C2,10-1039_d4sc07900k,160,[2H]C([2H])([2H])S(=O)C([2H])([2H])[2H],10.19
,C[N+]12CC(=O)O[B-]1(C(Br)CC(F)(F)C(F)(F)C(F)(F)C(F)(F)C(F)(F)C(F)(F)F)OC(=O)C2,10-1039_d4sc07900k,160,[2H]C([2H])([2H])S(=O)C([2H])([2H])[2H],10.53
,CCCCCC[C@@H](C)NC(=O)C(F)(F)CC(Br)[B-]12OC(=O)C[N+]1(C)CC(=O)O2,10-1039_d4sc07900k,160,[2H]C([2H])([2H])S(=O)C([2H])([2H])[2H],10.39
,CC(NC(=O)C(F)(F)CC(Br)[B-]12OC(=O)C[N+]1(C)CC(=O)O2)C12C[C@H]3C[C@H](C1)C[C@@H](C2)C3,10-1039_d4sc07900k,160,[2H]C([2H])([2H])S(=O)C([2H])([2H])[2H],10.45
,Cc1cccc(C)c1OCC(C)NC(=O)C(F)(F)CC(Br)[B-]12OC(=O)C[N+]1(C)CC(=O)O2,10-1039_d4sc07900k,160,[2H]C([2H])([2H])S(=O)C([2H])([2H])[2H],10.31
,COC(=O)[C@H](C)NC(=O)C(F)(F)CC(Br)[B-]12OC(=O)C[N+]1(C)CC(=O)O2,10-1039_d4sc07900k,160,[2H]C([2H])([2H])S(=O)C([2H])([2H])[2H],10.51
,COC(=O)CC[C@H](NC(=O)C(F)(F)CC(Br)[B-]12OC(=O)C[N+]1(C)CC(=O)O2)C(=O)OC,10-1039_d4sc07900k,160,[2H]C([2H])([2H])S(=O)C([2H])([2H])[2H],10.44
,COC(=O)[C@@H](Cc1ccccc1)NC(=O)C(F)(F)CC(Br)[B-]12OC(=O)C[N+]1(C)CC(=O)O2,10-1039_d4sc07900k,160,[2H]C([2H])([2H])S(=O)C([2H])([2H])[2H],10.39
,CC(C)[C@@H]1CC[C@@H](C)C[C@H]1OC(=O)C(F)(F)CC(Br)[B-]12OC(=O)C[N+]1(C)CC(=O)O2,10-1039_d4sc07900k,160,[2H]C([2H])([2H])S(=O)C([2H])([2H])[2H],10.32
,CC1(C)O[C@H]2[C@@H](O1)[C@@H](COC(=O)C(F)(F)CC(Br)[B-]13OC(=O)C[N+]1(C)CC(=O)O3)O[C@@H]1OC(C)(C)O[C@@H]12,10-1039_d4sc07900k,160,[2H]C([2H])([2H])S(=O)C([2H])([2H])[2H],10.12
,C[C@]12CC[C@H](OC(=O)C(F)(F)CC(Br)[B-]34OC(=O)C[N+]3(C)CC(=O)O4)CC1=CC[C@@H]1[C@@H]2CC[C@]2(C)C(=O)CC[C@@H]12,10-1039_d4sc07900k,160,[2H]C([2H])([2H])S(=O)C([2H])([2H])[2H],10.31
,C[C@]12CC[C@H]3[C@@H](CCC4=CC(=O)CC[C@@]43C)[C@@H]1CC[C@@H]2OC(=O)C(F)(F)CC(Br)[B-]12OC(=O)C[N+]1(C)CC(=O)O2,10-1039_d4sc07900k,160,[2H]C([2H])([2H])S(=O)C([2H])([2H])[2H],10.16
,CC(C)CCC[C@@H](C)[C@H]1CC[C@H]2[C@@H]3CC=C4C[C@@H](OC(=O)C(F)(F)CC(Br)[B-]56OC(=O)C[N+]5(C)CC(=O)O6)CC[C@]4(C)[C@H]3CC[C@]12C,10-1039_d4sc07900k,160,[2H]C([2H])([2H])S(=O)C([2H])([2H])[2H],10.17
,CCCCCCCCCCCCCCCCCCOC(=O)[C@@]1(C)CC[C@]2(C)CC[C@]3(C)C(=CC(=O)[C@@H]4[C@@]5(C)CC[C@H](OC(=O)C(F)(F)CC(Br)[B-]67OC(=O)C[N+]6(C)CC(=O)O7)C(C)(C)[C@@H]5CC[C@]43C)[C@@H]2C1,10-1039_d4sc07900k,160,[2H]C([2H])([2H])S(=O)C([2H])([2H])[2H],9.53
,Cc1cccc(C)c1OCC(C)NC(=O)C(F)(F)CC(I)[B-]12OC(=O)C[N+]1(C)CC(=O)O2,10-1039_d4sc07900k,160,[2H]C([2H])([2H])S(=O)C([2H])([2H])[2H],10.79
,COC(=O)[C@H](C)NC(=O)C(F)(F)CC(I)[B-]12OC(=O)C[N+]1(C)CC(=O)O2,10-1039_d4sc07900k,160,[2H]C([2H])([2H])S(=O)C([2H])([2H])[2H],10.51
,COC(=O)CC[C@H](NC(=O)C(F)(F)CC(I)[B-]12OC(=O)C[N+]1(C)CC(=O)O2)C(=O)OC,10-1039_d4sc07900k,160,[2H]C([2H])([2H])S(=O)C([2H])([2H])[2H],10.69
,COC(=O)[C@@H](Cc1ccccc1)NC(=O)C(F)(F)CC(I)[B-]12OC(=O)C[N+]1(C)CC(=O)O2,10-1039_d4sc07900k,160,[2H]C([2H])([2H])S(=O)C([2H])([2H])[2H],10.72
,CCCCCC[C@H](C(Br)[B-]12OC(=O)C[N+]1(C)CC(=O)O2)C(F)(F)C(=O)OCC,10-1039_d4sc07900k,160,[2H]C([2H])([2H])S(=O)C([2H])([2H])[2H],10.22
,CCOC(=O)C(F)(F)[C@H](CCCCl)C(Br)[B-]12OC(=O)C[N+]1(C)CC(=O)O2,10-1039_d4sc07900k,160,[2H]C([2H])([2H])S(=O)C([2H])([2H])[2H],10.24
,CCOC(=O)C(F)(F)[C@H](/C=C/CCBr)[B-]12OC(=O)C[N+]1(C)CC(=O)O2,10-1039_d4sc07900k,160,[2H]C([2H])([2H])S(=O)C([2H])([2H])[2H],10.03
,CCOC(=O)C(F)(F)[C@H](COC(=O)c1ccccc1)C(Br)[B-]12OC(=O)C[N+]1(C)CC(=O)O2,10-1039_d4sc07900k,160,[2H]C([2H])([2H])S(=O)C([2H])([2H])[2H],10.11
,CCOC(=O)C(F)(F)[C@H](CCN1C(=O)c2ccccc2C1=O)C(Br)[B-]12OC(=O)C[N+]1(C)CC(=O)O2,10-1039_d4sc07900k,160,[2H]C([2H])([2H])S(=O)C([2H])([2H])[2H],10.5
,CCOC(=O)C(F)(F)[C@H](/C=C/CCI)[B-]12OC(=O)C[N+]1(C)CC(=O)O2,10-1039_d4sc07900k,160,[2H]C([2H])([2H])S(=O)C([2H])([2H])[2H],9.92
,CCOC(=O)C(F)(F)[C@H](COC(=O)c1ccccc1)C(I)[B-]12OC(=O)C[N+]1(C)CC(=O)O2,10-1039_d4sc07900k,160,[2H]C([2H])([2H])S(=O)C([2H])([2H])[2H],10.44
,CCOC(=O)C(F)(F)[C@H](CCN1C(=O)c2ccccc2C1=O)C(I)[B-]12OC(=O)C[N+]1(C)CC(=O)O2,10-1039_d4sc07900k,160,[2H]C([2H])([2H])S(=O)C([2H])([2H])[2H],10.23
,CCOC(=O)C(F)(F)CC(Sc1ccccc1)[B-]12OC(=O)C[N+]1(C)CC(=O)O2,10-1039_d4sc07900k,160,[2H]C([2H])([2H])S(=O)C([2H])([2H])[2H],11.48
,CCOC(=O)C(F)(F)CC(Sc1nc2ccccc2s1)[B-]12OC(=O)C[N+]1(C)CC(=O)O2,10-1039_d4sc07900k,160,[2H]C([2H])([2H])S(=O)C([2H])([2H])[2H],11.18
,CCOC(=O)C(F)(F)CC[B-]12OC(=O)C[N+]1(C)CC(=O)O2,10-1039_d4sc07900k,160,[2H]C([2H])([2H])S(=O)C([2H])([2H])[2H],12.46
,CCOC(=O)C(F)(F)/C=C/[B-]12OC(=O)C[N+]1(C)CC(=O)O2,10-1039_d4sc07900k,160,[2H]C([2H])([2H])S(=O)C([2H])([2H])[2H],10.42
,CC1(C)OB(C2CC(F)(F)C(=O)N2c2ccccc2)OC1(C)C,10-1039_d4sc07900k,160,[2H]C(Cl)(Cl)Cl,32.11
,C[N+]12CC(=O)O[B-]1(CCC(F)(F)C(=O)NCc1ccccc1)OC(=O)C2,10-1039_d4sc07900k,160,[2H]C([2H])([2H])S(=O)C([2H])([2H])[2H],12.84
,C[N+]12CC(=O)O[B-]1(C(CC(F)(F)C(=O)NCc1ccccc1)OC(=O)c1ccccc1)OC(=O)C2,10-1039_d4sc07900k,160,[2H]C([2H])([2H])S(=O)C([2H])([2H])[2H],10.34
,C[N+]12CC(=O)O[B-]1(C(CC(F)(F)C(=O)NCc1ccccc1)SCc1ccccc1)OC(=O)C2,10-1039_d4sc07900k,160,[2H]C([2H])([2H])S(=O)C([2H])([2H])[2H],11.8
,C[N+]12CC(=O)O[B-]1([C@H]1CC(F)(F)C3=[N+]1CCc1cc4c(cc13)OCO4)OC(=O)C2,10-1039_d4sc07900k,160,[2H]C([2H])([2H])S(=O)C([2H])([2H])[2H],19.99
45,C[Si@@H](CCC[C@@H](CB1OC(C)(C)C(C)(C)O1)c1cccc(Cl)c1)c1ccccc1,10-1039_d5cc00007f,128,[2H]C(Cl)(Cl)Cl,33.26
44,C[Si@@H](CCC[C@@H](B1OC(C)(C)C(C)(C)O1)c1cccc(Cl)c1)c1ccccc1,10-1039_d5cc00007f,128,[2H]C(Cl)(Cl)Cl,32.91
,CC1(C)OB(CC(B2OC(C)(C)C(C)(C)O2)c2ccccc2)OC1(C)C,10-1039_d5gc00743g,128,[2H]C(Cl)(Cl)Cl,33.9
,CC1(C)OB(C(B2OC(C)(C)C(C)(C)O2)C(B2OC(C)(C)C(C)(C)O2)c2ccc(Cl)cc2)OC1(C)C,10-1039_d5gc00743g,,[2H]C(Cl)(Cl)Cl,34.3
31b,CC1(C)OB(C(B2OC(C)(C)C(C)(C)O2)C(B2OC(C)(C)C(C)(C)O2)c2ccsc2)OC1(C)C,10-1039_d5gc00743g,160,[2H]C(Cl)(Cl)Cl,34.5
32b,CC1(C)OB(C(B2OC(C)(C)C(C)(C)O2)C(B2OC(C)(C)C(C)(C)O2)C2CC2)OC1(C)C,10-1039_d5gc00743g,160,[2H]C(Cl)(Cl)Cl,33.8
2b,Cc1ccc(C(CB2OC(C)(C)C(C)(C)O2)B2OC(C)(C)C(C)(C)O2)cc1,10-1039_d5gc00743g,160,[2H]C(Cl)(Cl)Cl,33.5
3b,Cc1cccc(C(CB2OC(C)(C)C(C)(C)O2)B2OC(C)(C)C(C)(C)O2)c1,10-1039_d5gc00743g,160,[2H]C(Cl)(Cl)Cl,32.8
4b,Cc1ccccc1C(CB1OC(C)(C)C(C)(C)O1)B1OC(C)(C)C(C)(C)O1,10-1039_d5gc00743g,128,[2H]C(Cl)(Cl)Cl,33.6
5b,CC1(C)OB(CC(B2OC(C)(C)C(C)(C)O2)c2ccc(N)cc2)OC1(C)C,10-1039_d5gc00743g,128,[2H]C(Cl)(Cl)Cl,33.7
7b,COc1ccc(C(CB2OC(C)(C)C(C)(C)O2)B2OC(C)(C)C(C)(C)O2)cc1,10-1039_d5gc00743g,126,[2H]C(Cl)(Cl)Cl,33.8
8b,CC1(C)OB(CC(B2OC(C)(C)C(C)(C)O2)c2ccc(O)cc2)OC1(C)C,10-1039_d5gc00743g,126,[2H]C(Cl)(Cl)Cl,33.6
9b,CC1(C)OB(CC(B2OC(C)(C)C(C)(C)O2)c2ccc(F)cc2)OC1(C)C,10-1039_d5gc00743g,128,[2H]C(Cl)(Cl)Cl,33.7
10b,CC1(C)OB(CC(B2OC(C)(C)C(C)(C)O2)c2cccc(F)c2)OC1(C)C,10-1039_d5gc00743g,128,[2H]C(Cl)(Cl)Cl,33.8
12b,CC1(C)OB(CC(B2OC(C)(C)C(C)(C)O2)c2ccccc2Cl)OC1(C)C,10-1039_d5gc00743g,128,[2H]C(Cl)(Cl)Cl,33.7
,CC1(C)OB(CC(B2OC(C)(C)C(C)(C)O2)c2cccc(Cl)c2)OC1(C)C,10-1039_d5gc00743g,,[2H]C(Cl)(Cl)Cl,33.4
,CC1(C)OB(CC(B2OC(C)(C)C(C)(C)O2)c2ccc3ccccc3c2)OC1(C)C,10-1039_d5gc00743g,,[2H]C(Cl)(Cl)Cl,34.2
,CC1(C)OB(CC(B2OC(C)(C)C(C)(C)O2)c2cccs2)OC1(C)C,10-1039_d5gc00743g,,[2H]C(Cl)(Cl)Cl,33.5
,CC1(C)OB(CC(Cc2ccccc2)B2OC(C)(C)C(C)(C)O2)OC1(C)C,10-1039_d5gc00743g,,[2H]C(Cl)(Cl)Cl,34.3
18b,CCCCC(CB1OC(C)(C)C(C)(C)O1)B1OC(C)(C)C(C)(C)O1,10-1039_d5gc00743g,,[2H]C(Cl)(Cl)Cl,30.5
19b,CCCCCCC(CB1OC(C)(C)C(C)(C)O1)B1OC(C)(C)C(C)(C)O1,10-1039_d5gc00743g,160,[2H]C(Cl)(Cl)Cl,34.3
20b,CC1(C)OB(CC(B2OC(C)(C)C(C)(C)O2)C2CCCC2)OC1(C)C,10-1039_d5gc00743g,,[2H]C(Cl)(Cl)Cl,33.1
,CC1(C)OB(CC(B2OC(C)(C)C(C)(C)O2)C2CCCCC2)OC1(C)C,10-1039_d5gc00743g,,[2H]C(Cl)(Cl)Cl,34.9
,CC1(C)COB(CC(B2OCC(C)(C)CO2)c2ccccc2)OC1,10-1039_d5gc00743g,,[2H]C(Cl)(Cl)Cl,30.3
24b,CC1(C)OB(C(B2OC(C)(C)C(C)(C)O2)C(B2OC(C)(C)C(C)(C)O2)c2ccccc2)OC1(C)C,10-1039_d5gc00743g,160,[2H]C(Cl)(Cl)Cl,33.2
,Cc1ccc(C(B2OC(C)(C)C(C)(C)O2)C(B2OC(C)(C)C(C)(C)O2)B2OC(C)(C)C(C)(C)O2)cc1,10-1039_d5gc00743g,,[2H]C(Cl)(Cl)Cl,33
,COc1ccc(C(B2OC(C)(C)C(C)(C)O2)C(B2OC(C)(C)C(C)(C)O2)B2OC(C)(C)C(C)(C)O2)cc1,10-1039_d5gc00743g,,[2H]C(Cl)(Cl)Cl,33.2
,CCc1ccc(C(B2OC(C)(C)C(C)(C)O2)C(B2OC(C)(C)C(C)(C)O2)B2OC(C)(C)C(C)(C)O2)cc1,10-1039_d5gc00743g,160,[2H]C(Cl)(Cl)Cl,33
,CC1(C)OB(C(B2OC(C)(C)C(C)(C)O2)C(B2OC(C)(C)C(C)(C)O2)c2ccc(N)cc2)OC1(C)C,10-1039_d5gc00743g,,[2H]C(Cl)(Cl)Cl,34.7
,CC1(C)OB(C(B2OC(C)(C)C(C)(C)O2)C(B2OC(C)(C)C(C)(C)O2)c2ccc(F)cc2)OC1(C)C,10-1039_d5gc00743g,,[2H]C(Cl)(Cl)Cl,34.2
,COc1ccc(CC[C@H](OC(=O)N(C(C)C)C(C)C)B2OC(C)(C)C(C)(C)O2)cc1,10-1055_a-2106-1461,128,[2H]C(Cl)(Cl)Cl,12.86
,CC(C)N(C(=O)O[C@@H](Cc1ccccc1)B1OC(C)(C)C(C)(C)O1)C(C)C,10-1055_a-2106-1461,128,[2H]C(Cl)(Cl)Cl,12.5
,COc1ccc(C[C@H](OC(=O)N(C(C)C)C(C)C)B2OC(C)(C)C(C)(C)O2)cc1,10-1055_a-2106-1461,128,[2H]C(Cl)(Cl)Cl,12.66
,CSc1ccc(C[C@H](OC(=O)N(C(C)C)C(C)C)B2OC(C)(C)C(C)(C)O2)cc1,10-1055_a-2106-1461,128,[2H]C(Cl)(Cl)Cl,12.54
,CC(C)N(C(=O)O[C@@H](Cc1ccc(C(F)(F)F)cc1)B1OC(C)(C)C(C)(C)O1)C(C)C,10-1055_a-2106-1461,128,[2H]C(Cl)(Cl)Cl,12.58
,COC(=O)c1ccc(C[C@H](OC(=O)N(C(C)C)C(C)C)B2OC(C)(C)C(C)(C)O2)cc1,10-1055_a-2106-1461,128,[2H]C(Cl)(Cl)Cl,12.59
,COc1cc(C[C@H](OC(=O)N(C(C)C)C(C)C)B2OC(C)(C)C(C)(C)O2)ccc1O[Si](C)(C)C(C)(C)C,10-1055_a-2106-1461,128,[2H]C(Cl)(Cl)Cl,12.73
,COc1cc(C[C@H](OC(=O)N(C(C)C)C(C)C)B2OC(C)(C)C(C)(C)O2)ccc1OC(=O)C(C)(C)C,10-1055_a-2106-1461,128,[2H]C(Cl)(Cl)Cl,12.68
,CC(C)N(C(=O)O[C@@H](Cc1ccc(N2CCN(c3ccccc3)CC2)cc1)B1OC(C)(C)C(C)(C)O1)C(C)C,10-1055_a-2106-1461,128,[2H]C(Cl)(Cl)Cl,12.88
,CC(C)N(C(=O)O[C@@H](Cc1ccc(C#C[Si](C(C)C)(C(C)C)C(C)C)cc1)B1OC(C)(C)C(C)(C)O1)C(C)C,10-1055_a-2106-1461,128,[2H]C(Cl)(Cl)Cl,12.33
,CC(C)N(C(=O)O[C@@H](Cc1ccc(CN2C(=O)c3ccccc3C2=O)cc1)B1OC(C)(C)C(C)(C)O1)C(C)C,10-1055_a-2106-1461,128,[2H]C(Cl)(Cl)Cl,12.43
,CC(C)N(C(=O)O[C@@H](Cc1ccccc1Br)B1OC(C)(C)C(C)(C)O1)C(C)C,10-1055_a-2106-1461,128,[2H]C(Cl)(Cl)Cl,12.59
(4m),CC(C)N(C(=O)O[C@@H](Cc1cccc(OCCCB2OC(C)(C)C(C)(C)O2)c1)B1OC(C)(C)C(C)(C)O1)C(C)C,10-1055_a-2106-1461,128,[2H]C(Cl)(Cl)Cl,33.95;12.48
(4n),CC/C=C/CCOc1cccc(C[C@H](OC(=O)N(C(C)C)C(C)C)B2OC(C)(C)C(C)(C)O2)c1,10-1055_a-2106-1461,128,[2H]C(Cl)(Cl)Cl,12.92
(4o),CC(C)N(C(=O)O[C@@H](C/C=C/c1ccccc1)B1OC(C)(C)C(C)(C)O1)C(C)C,10-1055_a-2106-1461,128,[2H]C(Cl)(Cl)Cl,12.98
(4p),CC(C)N(C(=O)O[C@@H](Cc1cn(Cc2ccccc2)c2ccccc12)B1OC(C)(C)C(C)(C)O1)C(C)C,10-1055_a-2106-1461,128,[2H]C(Cl)(Cl)Cl,12.64
(4q),CC(C)N(C(=O)O[C@@H](Cc1ccc2c(c1)Sc1ccccc1N2C)B1OC(C)(C)C(C)(C)O1)C(C)C,10-1055_a-2106-1461,128,[2H]C(Cl)(Cl)Cl,12.53
(4r),CC(C)N(C(=O)O[C@@H](Cc1csc2ccccc12)B1OC(C)(C)C(C)(C)O1)C(C)C,10-1055_a-2106-1461,128,[2H]C(Cl)(Cl)Cl,12.68
(4s),CC(C)N(C(=O)O[C@@H](Cc1ccco1)B1OC(C)(C)C(C)(C)O1)C(C)C,10-1055_a-2106-1461,128,[2H]C(Cl)(Cl)Cl,12.57
(4t),CC(C)N(C(=O)O[C@@H](CCCCO[Si](c1ccccc1)(c1ccccc1)C(C)(C)C)B1OC(C)(C)C(C)(C)O1)C(C)C,10-1055_a-2106-1461,128,[2H]C(Cl)(Cl)Cl,13
(4u),Cc1ccc(S(=O)(=O)N2CCC(CC[C@H](OC(=O)N(C(C)C)C(C)C)B3OC(C)(C)C(C)(C)O3)CC2)cc1,10-1055_a-2106-1461,128,[2H]C(Cl)(Cl)Cl,12.98
(4v),CC(C)=CCC[C@H](C)CC[C@H](OC(=O)N(C(C)C)C(C)C)B1OC(C)(C)C(C)(C)O1,10-1055_a-2106-1461,128,[2H]C(Cl)(Cl)Cl,12.59
(4v'),CC(C)=CCC[C@@H](C)CC[C@H](OC(=O)N(C(C)C)C(C)C)B1OC(C)(C)C(C)(C)O1,10-1055_a-2106-1461,128,[2H]C(Cl)(Cl)Cl,12.59
(4w),COc1ccc2c(c1)c(CC[C@H](OC(=O)N(C(C)C)C(C)C)B1OC(C)(C)C(C)(C)O1)c(C)n2C(=O)c1ccc(Cl)cc1,10-1055_a-2106-1461,128,[2H]C(Cl)(Cl)Cl,12.78
(4x),CC(C)N(C(=O)O[C@@H](CCC[C@@H](C)[C@H]1CC[C@@]2(C)C3=C(CC[C@]12C)[C@@]1(C)CC[C@H](OC(=O)c2ccccc2)C(C)(C)[C@@H]1CC3)B1OC(C)(C)C(C)(C)O1)C(C)C,10-1055_a-2106-1461,128,[2H]C(Cl)(Cl)Cl,13.25
1,[BH3-][P+](c1ccccc1)(c1ccccc1)C(CC)C(=O)OC,10-1055_s-0036-1588328,128,[2H]C(Cl)(Cl)Cl,-39
1a,[BH3-][P+](C1CCCCC1)(C1CCCCC1)C(CC)C(=O)OC,10-1055_s-0036-1588328,128,[2H]C(Cl)(Cl)Cl,-43.02
2,[BH3-][P+](c1ccccc1)(c1ccccc1)C(C(=O)OC)C(C)C,10-1055_s-0036-1588328,128,[2H]C(Cl)(Cl)Cl,-38.63
3,[BH3-][P+](c1ccccc1)(c1ccccc1)C(Cc1ccccc1)C(=O)OC,10-1055_s-0036-1588328,128,[2H]C(Cl)(Cl)Cl,-39.06
4,[BH3-][P+](c1ccccc1)(c1ccccc1)C(C(=O)OC)c1ccccc1,10-1055_s-0036-1588328,128,[2H]C(Cl)(Cl)Cl,-38.51
5,[BH3-][P+](c1ccccc1)(c1ccccc1)C(CC)C(=O)O,10-1055_s-0036-1588328,128,[2H]C(Cl)(Cl)Cl,-39.36
9,[BH3-][P+](c1ccccc1)(c1ccccc1)C(CC)C(=O)NOC,10-1055_s-0036-1588328,128,[2H]C(Cl)(Cl)Cl,-39.7
,CCCCCCB1OC(C)(C)CC(C)(C)O1,10-1055_s-0037-1610172,160,[2H]C(Cl)(Cl)Cl,30
,CC1(C)OB(CCCCCCCc2ccccn2)OC1(C)C,10-1055_s-0037-1610172,160,[2H]C(Cl)(Cl)Cl,33.9
,CC1(C)OB(CCCCO[Si](c2ccccc2)(c2ccccc2)C(C)(C)C)OC1(C)C,10-1055_s-0037-1610172,160,[2H]C(Cl)(Cl)Cl,33.9
,CC1(C)OB(CC[Si](C)(C)c2ccccc2)OC1(C)C,10-1055_s-0037-1610172,160,[2H]C(Cl)(Cl)Cl,34.06
,CC(C)(CCCCOCc1ccccc1)B1OC(C)(C)C(C)(C)O1,10-1055_s-0037-1610172,160,[2H]C(Cl)(Cl)Cl,34.7
11,CCCC[C@@H](Cc1ccccc1)B1OC(C)(C)C(C)(C)O1,10-1055_s-0037-1610172,160,[2H]C(Cl)(Cl)Cl,34.2
12,COc1ccc(C[C@@H](Cc2ccccc2)B2OC(C)(C)C(C)(C)O2)cc1,10-1055_s-0037-1610172,160,[2H]C(Cl)(Cl)Cl,33.6
16,CC1(C)OB([C@H](CCc2ccccc2)[Si](C)(C)c2ccccc2)OC1(C)C,10-1055_s-0037-1610172,160,[2H]C(Cl)(Cl)Cl,34.83
,CC(C)(CCCCO[Si](c1ccccc1)(c1ccccc1)C(C)(C)C)B1OC(C)(C)C(C)(C)O1,10-1055_s-0037-1610172,160,[2H]C(Cl)(Cl)Cl,34.5
,CCCC[C@@](C)(Cc1ccccc1)B1OC(C)(C)C(C)(C)O1,10-1055_s-0037-1610172,160,[2H]C(Cl)(Cl)Cl,34.5
,CCCC[C@@](C)(Cc1ccc2c(c1)OCO2)B1OC(C)(C)C(C)(C)O1,10-1055_s-0037-1610172,160,[2H]C(Cl)(Cl)Cl,34.5
,CCCC/C=C/[C@@](C)(Cc1ccccc1)B1OC(C)(C)C(C)(C)O1,10-1055_s-0037-1610172,160,[2H]C(Cl)(Cl)Cl,33.3
,CC(C)[C@@](C)(Cc1ccccc1)B1OC(C)(C)C(C)(C)O1,10-1055_s-0037-1610172,160,[2H]C(Cl)(Cl)Cl,34.3
1,C[N+]1=Cc2ccccc2B(O)O1.[Cl-],10-1055_s-0040-1720074,128,[2H]O[2H],4.5
2a,Cc1ccc(C(CC(=O)[Si](C)(C)C)B2OC(C)(C)C(C)(C)O2)cc1,10-1055_s-0043-1763621,160,[2H]C(Cl)(Cl)Cl,33.5
2b,CC1(C)OB(C(CC(=O)[Si](C)(C)C)c2ccc(Cl)cc2)OC1(C)C,10-1055_s-0043-1763621,160,[2H]C(Cl)(Cl)Cl,33.2
2c,CC1(C)OB(C(CC(=O)[Si](C)(C)C)c2ccc(F)cc2)OC1(C)C,10-1055_s-0043-1763621,160,[2H]C(Cl)(Cl)Cl,32.9
2e,CC1(C)OB(C(CC(=O)[Si](C)(C)C)c2ccccc2C(F)(F)F)OC1(C)C,10-1055_s-0043-1763621,160,[2H]C(Cl)(Cl)Cl,32.4
2f,CC1(C)OB(C(CC(=O)[Si](C)(C)C)c2ccccc2OC(F)(F)F)OC1(C)C,10-1055_s-0043-1763621,160,[2H]C(Cl)(Cl)Cl,32.5
2g,CC1(C)OB(C(CC(=O)[Si](C)(C)C)c2cccc(Br)c2)OC1(C)C,10-1055_s-0043-1763621,160,[2H]C(Cl)(Cl)Cl,32.6
2h,CC1(C)OB(C(CC(=O)[Si](C)(C)C)c2cccc(Br)c2F)OC1(C)C,10-1055_s-0043-1763621,128,[2H]C(Cl)(Cl)Cl,30.8
2i,Cc1ccc(C(CC(=O)[Si](C)(C)c2ccccc2)B2OC(C)(C)C(C)(C)O2)cc1,10-1055_s-0043-1763621,160,[2H]C(Cl)(Cl)Cl,32.4
2j,CC[Si](CC)(CC)C(=O)CC(B1OC(C)(C)C(C)(C)O1)c1ccc(C)cc1,10-1055_s-0043-1763621,160,[2H]C(Cl)(Cl)Cl,33.3
2k,Cc1ccc(C(CC(=O)[Si](C)(C)C(C)(C)C)B2OC(C)(C)C(C)(C)O2)cc1,10-1055_s-0043-1763621,160,[2H]C(Cl)(Cl)Cl,33.3
2l,CC1(C)OB(CCC(=O)[Si](C)(C)C(C)(C)C)OC1(C)C,10-1055_s-0043-1763621,160,[2H]C(Cl)(Cl)Cl,34
2m,CCCCC(CC(=O)[Si](C)(C)C(C)(C)C)B1OC(C)(C)C(C)(C)O1,10-1055_s-0043-1763621,160,[2H]C(Cl)(Cl)Cl,34.4
2n,CC1(C)OB(C(CC(=O)[Si](C)(C)C(C)(C)C)Cc2ccccc2)OC1(C)C,10-1055_s-0043-1763621,160,[2H]C(Cl)(Cl)Cl,35.6
1m,Cc1ccc(S(=O)(=O)N2B(c3cccc(C)c3)OC(C3CCCCC3)(C3CCCCC3)[C@@H]2C(C)C)cc1,44160_2025_836_MOESM1_ESM,160,[2H]C(Cl)(Cl)Cl,32.5
1n,Cc1ccc(S(=O)(=O)N2B(c3ccccc3C)OC(c3ccccc3)(c3ccccc3)[C@@H]2c2ccccc2)cc1,44160_2025_836_MOESM1_ESM,160,[2H]C(Cl)(Cl)Cl,37.2
1o,Cc1ccc(S(=O)(=O)N2B(c3ccoc3)OC(C3CCCCC3)(C3CCCCC3)[C@@H]2C(C)C)cc1,44160_2025_836_MOESM1_ESM,160,[2H]C(Cl)(Cl)Cl,30.2
1p,Cc1ccc(S(=O)(=O)N2B(c3ccc4c5ccccc5n(-c5ccccc5)c4c3)OC(C3CCCCC3)(C3CCCCC3)[C@@H]2C(C)C)cc1,44160_2025_836_MOESM1_ESM,160,[2H]C(Cl)(Cl)Cl,30.1
1r,CCCCB1OC(c2ccccc2)(c2ccccc2)[C@H](c2ccccc2)N1S(=O)(=O)c1ccc(C)cc1,44160_2025_836_MOESM1_ESM,160,[2H]C(Cl)(Cl)Cl,37.5
1s,Cc1ccc(S(=O)(=O)N2B(CCCc3ccccc3)OC(c3ccccc3)(c3ccccc3)[C@@H]2c2ccccc2)cc1,44160_2025_836_MOESM1_ESM,160,[2H]C(Cl)(Cl)Cl,34.8
1t,Cc1ccc(S(=O)(=O)N2B(Cc3ccccc3)OC(c3ccccc3)(c3ccccc3)[C@@H]2c2ccccc2)cc1,44160_2025_836_MOESM1_ESM,160,[2H]C(Cl)(Cl)Cl,36.7
1u,Cc1ccc(S(=O)(=O)N2B(CCCBr)OC(c3ccccc3)(c3ccccc3)[C@@H]2c2ccccc2)cc1,44160_2025_836_MOESM1_ESM,160,[2H]C(Cl)(Cl)Cl,34.3
1v,Cc1ccc(S(=O)(=O)N2B(C3CC3)OC(c3ccccc3)(c3ccccc3)[C@@H]2c2ccccc2)cc1,44160_2025_836_MOESM1_ESM,160,[2H]C(Cl)(Cl)Cl,36
1w,Cc1ccc(S(=O)(=O)N2B(C3CCC3)OC(c3ccccc3)(c3ccccc3)[C@@H]2c2ccccc2)cc1,44160_2025_836_MOESM1_ESM,160,[2H]C(Cl)(Cl)Cl,38
1x,Cc1ccc(S(=O)(=O)N2B(C3CCCC3)OC(c3ccccc3)(c3ccccc3)[C@@H]2c2ccccc2)cc1,44160_2025_836_MOESM1_ESM,160,[2H]C(Cl)(Cl)Cl,36.8
1y,Cc1ccc(S(=O)(=O)N2B(C3CCCCC3)OC(c3ccccc3)(c3ccccc3)[C@@H]2c2ccccc2)cc1,44160_2025_836_MOESM1_ESM,160,[2H]C(Cl)(Cl)Cl,36.2
1z,Cc1ccc(S(=O)(=O)N2B(C3CCCCCC3)OC(c3ccccc3)(c3ccccc3)[C@@H]2c2ccccc2)cc1,44160_2025_836_MOESM1_ESM,160,[2H]C(Cl)(Cl)Cl,34.8
1ab,Cc1ccc(S(=O)(=O)N2B(C(C)C)OC(c3ccccc3)(c3ccccc3)[C@@H]2c2ccccc2)cc1,44160_2025_836_MOESM1_ESM,160,[2H]C(Cl)(Cl)Cl,37.5
1ac,CCC(CC)B1OC(c2ccccc2)(c2ccccc2)[C@H](c2ccccc2)N1S(=O)(=O)c1ccc(C)cc1,44160_2025_836_MOESM1_ESM,160,[2H]C(Cl)(Cl)Cl,37.2
1ad,CCC1(CC)OB(C(C)(C)C)N(S(=O)(=O)c2ccc(C)cc2)[C@H]1c1ccccc1,44160_2025_836_MOESM1_ESM,160,[2H]C(Cl)(Cl)Cl,36.8
1ae,Cc1ccc(S(=O)(=O)N2B(CCc3ccccc3)OC(c3ccccc3)(c3ccccc3)[C@@H]2c2ccccc2)cc1,44160_2025_836_MOESM1_ESM,160,[2H]C(Cl)(Cl)Cl,37.5
S-111,CN(C(=O)OC(C)(C)C)[C@@H](CCc1ccccc1)B1OC(C)(C)C(C)(C)O1,44160_2025_836_MOESM1_ESM,160,[2H]C(Cl)(Cl)Cl,16
S-112,CCCCN(C(=O)OC(C)(C)C)[C@@H](CCc1ccccc1)B1OC(C)(C)C(C)(C)O1,44160_2025_836_MOESM1_ESM,160,[2H]C(Cl)(Cl)Cl,14.6
S-115,CC(C)(C)OC(=O)N(C1CCCCC1)[C@@H](CCc1ccccc1)B1OC(C)(C)C(C)(C)O1,44160_2025_836_MOESM1_ESM,160,[2H]C(Cl)(Cl)Cl,14.2
18,CCCC[C@@H](C)B1OC(C2CCCCC2)(C2CCCCC2)[C@H](CC)N1S(=O)(=O)c1ccc(C)cc1,44160_2025_836_MOESM1_ESM,160,[2H]C(Cl)(Cl)Cl,36.9
5a,CC[C@@H]1N(S(=O)(=O)c2ccc(C)cc2)B(CCc2ccccc2)OC1(C1CCCCC1)C1CCCCC1,44160_2025_836_MOESM1_ESM,160,[2H]C(Cl)(Cl)Cl,36.3
5b,CC[C@@H]1N(S(=O)(=O)c2ccc(C)cc2)B(C2CCCCC2)OC1(C1CCCCC1)C1CCCCC1,44160_2025_836_MOESM1_ESM,160,[2H]C(Cl)(Cl)Cl,36
5c,CC[C@@H]1N(S(=O)(=O)c2ccc(C)cc2)B(C(C)C)OC1(C1CCCCC1)C1CCCCC1,44160_2025_836_MOESM1_ESM,160,[2H]C(Cl)(Cl)Cl,36.6
5d,Cc1ccc(S(=O)(=O)N2B(CCc3ccccc3)OC(C3CCCCC3)(C3CCCCC3)[C@@H]2C(C)C)cc1,44160_2025_836_MOESM1_ESM,160,[2H]C(Cl)(Cl)Cl,36.6
S13,CC1(C)[C@@H]2C[C@H]3OB(c4ccc5ccccc5c4)O[C@@]3(C)[C@H]1C2,44160_2025_836_MOESM1_ESM,160,[2H]C(Cl)(Cl)Cl,30.4
S14,c1ccc2cc(B3O[C@H](C4CCCCC4)[C@@H](C4CCCCC4)O3)ccc2c1,44160_2025_836_MOESM1_ESM,160,[2H]C(Cl)(Cl)Cl,31.5
S15,CCCCB1OC(C2CCCCC2)(C2CCCCC2)[C@H](C(C)C)N1S(=O)(=O)c1ccc(C)cc1,44160_2025_836_MOESM1_ESM,160,[2H]C(Cl)(Cl)Cl,36.3
S16,CCCCB1OC(C2CCCCC2)(C2CCCCC2)[C@H](c2ccccc2)N1S(=O)(=O)c1ccc(C)cc1,44160_2025_836_MOESM1_ESM,160,[2H]C(Cl)(Cl)Cl,35.4
S17,Cc1ccc(S(=O)(=O)N2B(C(C)(C)C)OC(c3ccccc3)(c3ccccc3)[C@@H]2c2ccccc2)cc1,44160_2025_836_MOESM1_ESM,160,[2H]C(Cl)(Cl)Cl,38.7
ent-14,CCCCB1OC(C2CCCCC2)(C2CCCCC2)[C@H](CC)N1S(=O)(=O)c1ccc(C)cc1,44160_2025_836_MOESM1_ESM,160,[2H]C(Cl)(Cl)Cl,34.8
1b,Cc1ccc(S(=O)(=O)N2B(c3ccccc3)OC(C3CCCCC3)(C3CCCCC3)[C@@H]2C(C)C)cc1,44160_2025_836_MOESM1_ESM,160,[2H]C(Cl)(Cl)Cl,33.2
1d,Cc1ccc(B2OC(C3CCCCC3)(C3CCCCC3)[C@H](C(C)C)N2S(=O)(=O)c2ccc(C)cc2)cc1,44160_2025_836_MOESM1_ESM,160,[2H]C(Cl)(Cl)Cl,34.2
1l,Cc1ccc(S(=O)(=O)N2B(c3ccc(C#N)cc3)OC(C3CCCCC3)(C3CCCCC3)[C@@H]2C(C)C)cc1,44160_2025_836_MOESM1_ESM,160,[2H]C(Cl)(Cl)Cl,32.1
2,COC(=O)C[C@@H](B1Nc2cccc3cccc(c23)N1)B1OC(C)(C)C(C)(C)O1,nchem.1150,160,[2H]C(Cl)(Cl)Cl,33.8;31.0
11k,COC(=O)[C@@H](C)C(C=C(C)C)B1OC(C)(C)C(C)(C)O1,nchem.1150,128,[2H]C(Cl)(Cl)Cl,32.6
1b,O=C(/C=C/B1Nc2cccc3cccc(c23)N1)OCc1ccccc1Br,nchem.1150,160,[2H]C(Cl)(Cl)Cl,27.6
,CC1(C)OB([C@H](CC(=O)OCc2ccccc2Br)B2Nc3cccc4cccc(c34)N2)OC1(C)C,nchem.1150,160,[2H]C(Cl)(Cl)Cl,30.1
,COC(=O)C[C@H](B1OC(C)(C)C(C)(C)O1)c1ccccc1,nchem.1150,160,[2H]C(Cl)(Cl)Cl,33.2
S2,CC1(C)OB([C@@H](CC(=O)N2CCCC2)c2ccccc2)OC1(C)C,nchem.1150,128,[2H]C(Cl)(Cl)Cl,28
17a,CO[Si](C)(C)[C@@H](CCc1ccccc1)[C@H](C)B1OC(C)(C)C(C)(C)O1,nchem.2757,96,[2H]C(Cl)(Cl)Cl,33.58
13,COC[C@H]1CCCN1C[Si](C)(C)[C@@H](CCc1ccccc1)[C@H](C)B1OC(C)(C)C(C)(C)O1,nchem.2757,96,[2H]C(Cl)(Cl)Cl,33.34
14,CO[Si](C)(C)[C@@H](CCc1ccccc1)B1OC(C)(C)C(C)(C)O1,nchem.2757,96,[2H]C(Cl)(Cl)Cl,35.26
1a,Clc1cccc2c1[BH2-][n+]1ccccc1-2,s41467-022-30287-7,160,[2H]C([2H])([2H])C(=O)C([2H])([2H])[2H],-9.23
3a,Clc1cccc2c1[BH2-][n+]1cccc(C(c3ccccc3)c3ccccc3)c1-2,s41467-022-30287-7,128,[2H]C(Cl)(Cl)Cl,-0.48
3b,Fc1ccc(C(c2ccc(F)cc2)c2ccc[n+]3c2-c2cccc(Cl)c2[BH2-]3)cc1,s41467-022-30287-7,128,[2H]C(Cl)(Cl)Cl,-0.64
3c,Clc1ccc(C(c2ccc(Cl)cc2)c2ccc[n+]3c2-c2cccc(Cl)c2[BH2-]3)cc1,s41467-022-30287-7,128,[2H]C(Cl)(Cl)Cl,-0.24
3d,Clc1cccc(C(c2cccc(Cl)c2)c2ccc[n+]3c2-c2cccc(Cl)c2[BH2-]3)c1,s41467-022-30287-7,128,[2H]C(Cl)(Cl)Cl,-0.8
3e,COc1ccc(C(c2ccc(OC)cc2)c2ccc[n+]3c2-c2cccc(Cl)c2[BH2-]3)cc1,s41467-022-30287-7,128,[2H]C(Cl)(Cl)Cl,-0.51
3f,COc1cccc(C(c2cccc(OC)c2)c2ccc[n+]3c2-c2cccc(Cl)c2[BH2-]3)c1,s41467-022-30287-7,128,[2H]C(Cl)(Cl)Cl,0
3g,Cc1cccc(C([BH-]2c3c(Cl)cccc3-c3cccc[n+]32)c2cccc(C)c2)c1,s41467-022-30287-7,128,[2H]C(Cl)(Cl)Cl,-0.55
3h,Clc1cccc2c1[BH-](C1c3cc(Br)ccc3-c3ccc(Br)cc31)[n+]1ccccc1-2,s41467-022-30287-7,128,[2H]C(Cl)(Cl)Cl,-1.48
3i,Clc1cccc2c1[BH-](C1c3ccccc3-c3ccccc31)[n+]1ccccc1-2,s41467-022-30287-7,128,[2H]C(Cl)(Cl)Cl,-1.09
3j,Clc1cccc2c1[BH-](C1c3ccccc3Sc3ccccc31)[n+]1ccccc1-2,s41467-022-30287-7,128,[2H]C(Cl)(Cl)Cl,0.49
3l,Fc1cccc2c1[BH2-][n+]1cccc(C(c3ccccc3)c3ccccc3)c1-2,s41467-022-30287-7,128,[2H]C(Cl)(Cl)Cl,-0.97
3m,Brc1cccc2c1[BH2-][n+]1cccc(C(c3ccccc3)c3ccccc3)c1-2,s41467-022-30287-7,128,[2H]C(Cl)(Cl)Cl,-0.01
3o,Fc1ccc2c(c1Cl)[BH2-][n+]1cccc(C(c3ccccc3)c3ccccc3)c1-2,s41467-022-30287-7,128,[2H]C(Cl)(Cl)Cl,-0.49
3n,Fc1ccc(Cl)c2c1-c1c(C(c3ccccc3)c3ccccc3)ccc[n+]1[BH2-]2,s41467-022-30287-7,128,[2H]C(Cl)(Cl)Cl,-0.29
3p,Clc1ccc2c(c1Cl)[BH2-][n+]1cccc(C(c3ccccc3)c3ccccc3)c1-2,s41467-022-30287-7,128,[2H]C(Cl)(Cl)Cl,-0.46
3q,Clc1cc(Cl)c2c(c1)-c1c(C(c3ccccc3)c3ccccc3)ccc[n+]1[BH2-]2,s41467-022-30287-7,128,[2H]C(Cl)(Cl)Cl,-0.49
3r,Cc1ccc(Cl)c2c1-c1c(C(c3ccccc3)c3ccccc3)ccc[n+]1[BH2-]2,s41467-022-30287-7,128,[2H]C(Cl)(Cl)Cl,-0.95
3s,c1ccc(C([BH-]2c3c(ccc4ccccc34)-c3cccc[n+]32)c2ccccc2)cc1,s41467-022-30287-7,128,[2H]C(Cl)(Cl)Cl,0.3
5k,CCOC(=O)[C@@H]([B@H-]1c2c(OC(F)(F)F)cccc2-c2cccc[n+]21)c1ccccc1,s41467-022-30287-7,128,[2H]C(Cl)(Cl)Cl,-2.45
1b,[BH2-]1c2ccccc2-c2cccc[n+]21,s41467-022-30287-7,160,[2H]C([2H])([2H])C(=O)C([2H])([2H])[2H],-9.05
1d,Clc1ccc2c(c1)-c1cccc[n+]1[BH2-]2,s41467-022-30287-7,160,[2H]C([2H])([2H])C(=O)C([2H])([2H])[2H],-9.14
1e,Fc1cccc2c1-c1cccc[n+]1[BH2-]2,s41467-022-30287-7,160,[2H]C(Cl)(Cl)Cl,-8.82
1f,Cc1cccc2[n+]1[BH2-]c1ccccc1-2,s41467-022-30287-7,160,[2H]C(Cl)(Cl)Cl,-9.64
1g,Cc1ccc2[n+](c1)[BH2-]c1ccccc1-2,s41467-022-30287-7,160,[2H]C(Cl)(Cl)Cl,-9.14
1h,Cc1cc[n+]2c(c1)-c1ccccc1[BH2-]2,s41467-022-30287-7,160,[2H]C(Cl)(Cl)Cl,-8.46
1i,Fc1cccc2c1[BH2-][n+]1ccccc1-2,s41467-022-30287-7,128,[2H]C(Cl)(Cl)Cl,-9.16
1j,Brc1cccc2c1[BH2-][n+]1ccccc1-2,s41467-022-30287-7,128,[2H]C(Cl)(Cl)Cl,-7.6
1k,Fc1ccc(Cl)c2c1-c1cccc[n+]1[BH2-]2,s41467-022-30287-7,128,[2H]C(Cl)(Cl)Cl,-8.08
1p,[BH2-]1c2c(ccc3ccccc23)-c2cccc[n+]21,s41467-022-30287-7,160,[2H]C(Cl)(Cl)Cl,-9.1
1l,Fc1ccc2c(c1Cl)[BH2-][n+]1ccccc1-2,s41467-022-30287-7,128,[2H]C(Cl)(Cl)Cl,-8.43
1m,Clc1ccc2c(c1Cl)[BH2-][n+]1ccccc1-2,s41467-022-30287-7,128,[2H]C(Cl)(Cl)Cl,-8.25
1n,Clc1cc(Cl)c2c(c1)-c1cccc[n+]1[BH2-]2,s41467-022-30287-7,160,[2H]C(Cl)(Cl)Cl,-8.39
1o,Cc1ccc(Cl)c2c1-c1cccc[n+]1[BH2-]2,s41467-022-30287-7,128,[2H]C(Cl)(Cl)Cl,-8.69
1q,Fc1ccc2c(c1)[BH2-][n+]1ccccc1-2,s41467-022-30287-7,160,[2H]C(Cl)(Cl)Cl,-8.3
1r,Cc1ccc2c(c1Cl)[BH2-][n+]1ccccc1-2,s41467-022-30287-7,128,[2H]C(Cl)(Cl)Cl,-8.34
1s,Clc1ccc(Cl)c2c1[BH2-][n+]1ccccc1-2,s41467-022-30287-7,128,[2H]C(Cl)(Cl)Cl,-8.51
1t,FC(F)(F)Oc1cccc2c1[BH2-][n+]1ccccc1-2,s41467-022-30287-7,128,[2H]C(Cl)(Cl)Cl,-8.77
1u,Cc1cc(C)c2c(c1)-c1cccc[n+]1[BH2-]2,s41467-022-30287-7,160,[2H]C(Cl)(Cl)Cl,-8.58
1w,[BH2-]1c2sc3ccccc3c2-c2cccc[n+]21,s41467-022-30287-7,160,[2H]C(Cl)(Cl)Cl,-10.21
1x,Fc1ccc[n+]2c1-c1ccccc1[BH2-]2,s41467-022-30287-7,128,[2H]C(Cl)(Cl)Cl,-7.31
87a,CC1(C)OB([C@@H](Cc2ccccc2)B2Nc3cccc4cccc(c34)N2)OC1(C)C,s41467-022-31234-2,160,[2H]C(Cl)(Cl)Cl,34.27;33.68
87b,CC1(C)OB([C@H](Cc2ccccc2)B2Nc3cccc4cccc(c34)N2)OC1(C)C,s41467-022-31234-2,160,[2H]C(Cl)(Cl)Cl,34.27;33.68
88,Cc1ccc(C[C@@H](B2Nc3cccc4cccc(c34)N2)B2OC(C)(C)C(C)(C)O2)cc1,s41467-022-31234-2,160,[2H]C(Cl)(Cl)Cl,34.27;34.09
99,Cc1cccc(C[C@@H](B2Nc3cccc4cccc(c34)N2)B2OC(C)(C)C(C)(C)O2)c1,s41467-022-31234-2,160,[2H]C(Cl)(Cl)Cl,34.32;34.09
90,CCc1ccc(C[C@@H](B2Nc3cccc4cccc(c34)N2)B2OC(C)(C)C(C)(C)O2)cc1,s41467-022-31234-2,160,[2H]C(Cl)(Cl)Cl,34.45;34.09
91,CCCc1ccc(C[C@H](B2Nc3cccc4cccc(c34)N2)B2OC(C)(C)C(C)(C)O2)cc1,s41467-022-31234-2,160,[2H]C(Cl)(Cl)Cl,33.68;32.10
97,[2H]C(CCCc1ccccc1)B1Nc2cccc3cccc(c23)N1,s41467-022-31234-2,160,[2H]C(Cl)(Cl)Cl,32.35
57,CC1(C)OB(C(Cc2ccc(-n3c4ccccc4c4ccccc43)cc2)B2Nc3cccc4cccc(c34)N2)OC1(C)C,s41467-022-31234-2,160,[2H]C(Cl)(Cl)Cl,34.62;34.09
58,CC1(C)OB(C(Cc2ccc3ccccc3c2)B2Nc3cccc4cccc(c34)N2)OC1(C)C,s41467-022-31234-2,160,[2H]C(Cl)(Cl)Cl,33.15;32.27
59,CC1(C)OB([C@H](CCCc2ccccc2)B2Nc3cccc4cccc(c34)N2)OC1(C)C,s41467-022-31234-2,160,[2H]C(Cl)(Cl)Cl,34.18;33.79
60,CC1(C)OB([C@H](CCc2ccccc2)B2Nc3cccc4cccc(c34)N2)OC1(C)C,s41467-022-31234-2,160,[2H]C(Cl)(Cl)Cl,34.23;34.02
61,CC1(C)OB([C@H](CC2CCCCC2)B2Nc3cccc4cccc(c34)N2)OC1(C)C,s41467-022-31234-2,160,[2H]C(Cl)(Cl)Cl,34.26;34.14
62,CC1(C)OB([C@H](CC2CCCC2)B2Nc3cccc4cccc(c34)N2)OC1(C)C,s41467-022-31234-2,160,[2H]C(Cl)(Cl)Cl,34.38;33.90
63,CC1(C)OB([C@H](CC2CC2)B2Nc3cccc4cccc(c34)N2)OC1(C)C,s41467-022-31234-2,160,[2H]C(Cl)(Cl)Cl,34.58;34.03
64,CC(C)(C)C[C@H](B1Nc2cccc3cccc(c23)N1)B1OC(C)(C)C(C)(C)O1,s41467-022-31234-2,160,[2H]C(Cl)(Cl)Cl,34.35;34.06
65,CCCC[C@H](B1Nc2cccc3cccc(c23)N1)B1OC(C)(C)C(C)(C)O1,s41467-022-31234-2,160,[2H]C(Cl)(Cl)Cl,34.66;34.34
66,CCCCC[C@H](B1Nc2cccc3cccc(c23)N1)B1OC(C)(C)C(C)(C)O1,s41467-022-31234-2,160,[2H]C(Cl)(Cl)Cl,34.80;33.92
67,CCCCCC[C@H](B1Nc2cccc3cccc(c23)N1)B1OC(C)(C)C(C)(C)O1,s41467-022-31234-2,160,[2H]C(Cl)(Cl)Cl,34.88;34.11
68,CCCCCCC[C@H](B1Nc2cccc3cccc(c23)N1)B1OC(C)(C)C(C)(C)O1,s41467-022-31234-2,160,[2H]C(Cl)(Cl)Cl,34.23;33.23
69,CCCCCCCC[C@H](B1Nc2cccc3cccc(c23)N1)B1OC(C)(C)C(C)(C)O1,s41467-022-31234-2,160,[2H]C(Cl)(Cl)Cl,34.45;34.19
70,CC(C)CCC[C@H](B1Nc2cccc3cccc(c23)N1)B1OC(C)(C)C(C)(C)O1,s41467-022-31234-2,160,[2H]C(Cl)(Cl)Cl,34.33;33.33
71,CC(C)(C)OC(=O)N1CCC(C[C@H](B2Nc3cccc4cccc(c34)N2)B2OC(C)(C)C(C)(C)O2)CC1,s41467-022-31234-2,160,[2H]C(Cl)(Cl)Cl,33.92;33.33
72,CC1(C)OB([C@H](CCCO[Si](C)(C)C(C)(C)C)B2Nc3cccc4cccc(c34)N2)OC1(C)C,s41467-022-31234-2,160,[2H]C(Cl)(Cl)Cl,34.08;33.91
73,CC1(C)OB([C@H](CCCCCO[Si](C)(C)C(C)(C)C)B2Nc3cccc4cccc(c34)N2)OC1(C)C,s41467-022-31234-2,160,[2H]C(Cl)(Cl)Cl,33.92;33.51
74,CC1(C)OB([C@H](CCCCO[Si](c2ccccc2)(c2ccccc2)C(C)(C)C)B2Nc3cccc4cccc(c34)N2)OC1(C)C,s41467-022-31234-2,160,[2H]C(Cl)(Cl)Cl,34.42;34.10
75,CC(C)[Si](OCCCC[C@H](B1Nc2cccc3cccc(c23)N1)B1OC(C)(C)C(C)(C)O1)(C(C)C)C(C)C,s41467-022-31234-2,160,[2H]C(Cl)(Cl)Cl,34.32;33.75
76,CCC(=O)OCCCC[C@H](B1Nc2cccc3cccc(c23)N1)B1OC(C)(C)C(C)(C)O1,s41467-022-31234-2,160,[2H]C(Cl)(Cl)Cl,34.34;34.09
77,C/C=C/C=C/C(=O)OCCCC[C@H](B1Nc2cccc3cccc(c23)N1)B1OC(C)(C)C(C)(C)O1,s41467-022-31234-2,160,[2H]C(Cl)(Cl)Cl,34.45;33.68
78,CCCC(CCC)C(=O)OCCCC[C@H](B1Nc2cccc3cccc(c23)N1)B1OC(C)(C)C(C)(C)O1,s41467-022-31234-2,160,[2H]C(Cl)(Cl)Cl,34.80;34.45
79,CC1(C)OB([C@H](CCCCOC(=O)c2ccccc2)B2Nc3cccc4cccc(c34)N2)OC1(C)C,s41467-022-31234-2,160,[2H]C(Cl)(Cl)Cl,33.92;32.98
,CC1(C)OB([C@H](CCCCOC(=O)c2ccc(C3CCCCC3)cc2)B2Nc3cccc4cccc(c34)N2)OC1(C)C,s41467-022-31234-2,160,[2H]C(Cl)(Cl)Cl,34.71;33.02
,C/C(=C\c1ccccc1)C(=O)OCCCC[C@H](B1Nc2cccc3cccc(c23)N1)B1OC(C)(C)C(C)(C)O1,s41467-022-31234-2,160,[2H]C(Cl)(Cl)Cl,33.24;33.15
,C[C@@H](C(=O)OCCCC[C@H](B1Nc2cccc3cccc(c23)N1)B1OC(C)(C)C(C)(C)O1)c1ccccc1,s41467-022-31234-2,160,[2H]C(Cl)(Cl)Cl,34.44;33.92
,CC(C)Cc1ccc([C@@H](C)C(=O)OCCCCC(B2Nc3cccc4cccc(c34)N2)B2OC(C)(C)C(C)(C)O2)cc1,s41467-022-31234-2,160,[2H]C(Cl)(Cl)Cl,34.62;34.09
,COc1ccc2cc([C@@H](C)C(=O)OCCCCC(B3Nc4cccc5cccc(c45)N3)B3OC(C)(C)C(C)(C)O3)ccc2c1,s41467-022-31234-2,160,[2H]C(Cl)(Cl)Cl,34.62;33.51
,CC1(C)OB([C@H](CCCCOC(=O)[C@H]2C[C@@H]3C=C[C@H]2C3)B2Nc3cccc4cccc(c34)N2)OC1(C)C,s41467-022-31234-2,160,[2H]C(Cl)(Cl)Cl,35.22;34.45
(R)-3l,Cc1ccc(C)c(OCCCC(C)(C)C(=O)OCCCC[C@H](NC(=O)c2ccccc2)B2OC(C)(C)C(C)(C)O2)c1,10-1038_s41467-022-33411-9,160,[2H]C(Cl)(Cl)Cl,17.9
(R)-3m,CCCN(CCC)S(=O)(=O)c1ccc(C(=O)OCCCC[C@H](NC(=O)c2ccccc2)B2OC(C)(C)C(C)(C)O2)cc1,10-1038_s41467-022-33411-9,160,[2H]C(Cl)(Cl)Cl,18
(R)-3n,CC(C)[C@@H]1CC[C@@H](C)C[C@H]1OC(=O)CCCC[C@H](NC(=O)c1ccccc1)B1OC(C)(C)C(C)(C)O1,10-1038_s41467-022-33411-9,160,[2H]C(Cl)(Cl)Cl,17.2
(R)-3o,CC1(C)O[C@H]2O[C@H]([C@H]3COC(C)(C)O3)[C@H](OC(=O)CCCC[C@H](NC(=O)c3ccccc3)B3OC(C)(C)C(C)(C)O3)[C@H]2O1,10-1038_s41467-022-33411-9,160,[2H]C(Cl)(Cl)Cl,17.7
(R)-3p,Cc1c(C)c2c(c(C)c1OC(=O)CCCC[C@H](NC(=O)c1ccccc1)B1OC(C)(C)C(C)(C)O1)CC[C@@](C)(CCC[C@H](C)CCC[C@H](C)CCCC(C)C)O2,10-1038_s41467-022-33411-9,160,[2H]C(Cl)(Cl)Cl,17.2
,CCCCC[C@H](NC(=O)c1ccc(SC)cc1)B1OC(C)(C)C(C)(C)O1,10-1038_s41467-022-33411-9,160,[2H]C(Cl)(Cl)Cl,16.6
,CCCCC[C@H](NC(=O)c1ccc(NC(=O)OC(C)(C)C)cc1)B1OC(C)(C)C(C)(C)O1,10-1038_s41467-022-33411-9,160,[2H]C(Cl)(Cl)Cl,15.5
,CCCCC[C@H](NC(=O)c1cccc2ccccc12)B1OC(C)(C)C(C)(C)O1,10-1038_s41467-022-33411-9,160,[2H]C(Cl)(Cl)Cl,23.9
,CCCCC[C@H](NC(=O)c1ccc(Cl)cc1)B1OC(C)(C)C(C)(C)O1,10-1038_s41467-022-33411-9,160,[2H]C(Cl)(Cl)Cl,19.1
,CCCCC[C@H](NC(=O)c1ccc(C(=O)OC)cc1)B1OC(C)(C)C(C)(C)O1,10-1038_s41467-022-33411-9,160,[2H]C(Cl)(Cl)Cl,21.8
,CCCCC[C@H](NC(=O)c1ccsc1)B1OC(C)(C)C(C)(C)O1,10-1038_s41467-022-33411-9,160,[2H]C(Cl)(Cl)Cl,17.3
,CCCCC[C@H](NC(=O)C=C(C)C)B1OC(C)(C)C(C)(C)O1,10-1038_s41467-022-33411-9,160,[2H]C(Cl)(Cl)Cl,14.1
,CC(=O)N[C@@H](CCCCOCc1ccc2ccccc2c1)B1OC(C)(C)C(C)(C)O1,10-1038_s41467-022-33411-9,160,[2H]C(Cl)(Cl)Cl,16.6
,CCCCCCCC(=O)N[C@@H](CCCCOCc1ccccc1)B1OC(C)(C)C(C)(C)O1,10-1038_s41467-022-33411-9,160,[2H]C(Cl)(Cl)Cl,16.6
,CCCCC[C@H](NC(=O)CCc1ccccc1)B1OC(C)(C)C(C)(C)O1,10-1038_s41467-022-33411-9,160,[2H]C(Cl)(Cl)Cl,19.2
,CCCCC[C@H](NC(=O)CCc1ccc(C#N)cc1)B1OC(C)(C)C(C)(C)O1,10-1038_s41467-022-33411-9,160,[2H]C(Cl)(Cl)Cl,23.7
,CCCCC[C@H](NC(=O)CCc1ccco1)B1OC(C)(C)C(C)(C)O1,10-1038_s41467-022-33411-9,160,[2H]C(Cl)(Cl)Cl,19.9
,CC1(C)OB([C@H](CCCCc2ccccc2)NC(=O)C2CC2)OC1(C)C,10-1038_s41467-022-33411-9,160,[2H]C(Cl)(Cl)Cl,16.2
,CCCCC[C@H](NC(=O)C1CN(C(=O)OCc2ccccc2)C1)B1OC(C)(C)C(C)(C)O1,10-1038_s41467-022-33411-9,160,[2H]C(Cl)(Cl)Cl,27.9
,CC1(C)OB([C@H](CCCCOCc2ccccc2)NC(=O)C2CCCCC2)OC1(C)C,10-1038_s41467-022-33411-9,160,[2H]C(Cl)(Cl)Cl,16
,CC(C)(C)C(=O)N[C@@H](CCCCOCc1ccccc1)B1OC(C)(C)C(C)(C)O1,10-1038_s41467-022-33411-9,160,[2H]C(Cl)(Cl)Cl,15.8
,COC(=O)C12CC(C(=O)N[C@@H](CCCCc3ccccc3)B3OC(C)(C)C(C)(C)O3)(C1)C2,10-1038_s41467-022-33411-9,160,[2H]C(Cl)(Cl)Cl,24.5
,CCCCC[C@H](NC(=O)Cc1ccc2c(c1)C(=O)c1ccccc1CO2)B1OC(C)(C)C(C)(C)O1,10-1038_s41467-022-33411-9,160,[2H]C(Cl)(Cl)Cl,22.4
,CCCCC[C@H](NC(=O)CCc1nc(-c2ccccc2)c(-c2ccccc2)o1)B1OC(C)(C)C(C)(C)O1,10-1038_s41467-022-33411-9,160,[2H]C(Cl)(Cl)Cl,20.8
,CCCCC[C@H](NC(=O)Cc1c(C)n(C(=O)c2ccc(Cl)cc2)c2ccc(OC)cc12)B1OC(C)(C)C(C)(C)O1,10-1038_s41467-022-33411-9,160,[2H]C(Cl)(Cl)Cl,21.9
3a,CCCCC[C@H](NC(=O)c1ccccc1)B1OC(C)(C)C(C)(C)O1,10-1038_s41467-022-33411-9,160,[2H]C(Cl)(Cl)Cl,17.8
3b,CCCCCCC[C@H](NC(=O)c1ccccc1)B1OC(C)(C)C(C)(C)O1,10-1038_s41467-022-33411-9,160,[2H]C(Cl)(Cl)Cl,18.3
3c,CC1(C)OB([C@H](CCCCc2ccccc2)NC(=O)c2ccccc2)OC1(C)C,10-1038_s41467-022-33411-9,160,[2H]C(Cl)(Cl)Cl,18.2
3d,CC(C)C[C@H](NC(=O)c1ccccc1)B1OC(C)(C)C(C)(C)O1,10-1038_s41467-022-33411-9,160,[2H]C(Cl)(Cl)Cl,18.6
3e,CC1(C)OB([C@H](CC2CCCCC2)NC(=O)c2ccccc2)OC1(C)C,10-1038_s41467-022-33411-9,160,[2H]C(Cl)(Cl)Cl,18.6
3f,CC1(C)OB([C@H](CCCCl)NC(=O)c2ccccc2)OC1(C)C,10-1038_s41467-022-33411-9,160,[2H]C(Cl)(Cl)Cl,16.7
3g,CC1(C)OB([C@H](CCCCCl)NC(=O)c2ccccc2)OC1(C)C,10-1038_s41467-022-33411-9,160,[2H]C(Cl)(Cl)Cl,17.6
3h,CC1(C)OB([C@H](CCCCO[Si](C)(C)C(C)(C)C)NC(=O)c2ccccc2)OC1(C)C,10-1038_s41467-022-33411-9,160,[2H]C(Cl)(Cl)Cl,18.9
3i,CC1(C)OB([C@H](CCCCOCc2ccccc2)NC(=O)c2ccccc2)OC1(C)C,10-1038_s41467-022-33411-9,160,[2H]C(Cl)(Cl)Cl,18.3
3j,CC1(C)OB([C@H](CCCCCOC(=O)c2ccccc2)NC(=O)c2ccccc2)OC1(C)C,10-1038_s41467-022-33411-9,160,[2H]C(Cl)(Cl)Cl,18.2
,CC1(C)OB([C@H](CC[C@@H](CC(=O)[O-])O[Si](C)(C)C(C)(C)C)NC(=O)Cc2cccs2)OC1(C)C,10-1038_s41467-022-33411-9,,[2H]C(Cl)(Cl)Cl,21.8
,O=C(O)C[C@@H]1CC[C@H](NC(=O)Cc2cccs2)B(O)O1,10-1038_s41467-022-33411-9,,[2H]OC([2H])([2H])[2H],11.7
1f,CC1(C)OB(/C=C/CCCl)OC1(C)C,10-1038_s41467-022-33411-9,160,[2H]C(Cl)(Cl)Cl,29.7
1l,Cc1ccc(C)c(OCCCC(C)(C)C(=O)OCCC/C=C/B2OC(C)(C)C(C)(C)O2)c1,10-1038_s41467-022-33411-9,160,[2H]C(Cl)(Cl)Cl,29.9
,CCCN(CCC)S(=O)(=O)c1ccc(C(=O)OCCC/C=C/B2OC(C)(C)C(C)(C)O2)cc1,10-1038_s41467-022-33411-9,160,[2H]C(Cl)(Cl)Cl,30.3
,CC(C)[C@@H]1CC[C@@H](C)C[C@H]1OC(=O)CCC/C=C/B1OC(C)(C)C(C)(C)O1,10-1038_s41467-022-33411-9,160,[2H]C(Cl)(Cl)Cl,29.9
,CC1(C)O[C@H]2O[C@H]([C@H]3COC(C)(C)O3)[C@H](OC(=O)CCC/C=C/B3OC(C)(C)C(C)(C)O3)[C@H]2O1,10-1038_s41467-022-33411-9,160,[2H]C(Cl)(Cl)Cl,30
,Cc1c(C)c2c(c(C)c1OC(=O)CCC/C=C/B1OC(C)(C)C(C)(C)O1)CC[C@@](C)(CCC[C@H](C)CCC[C@H](C)CCCC(C)C)O2,10-1038_s41467-022-33411-9,160,[2H]C(Cl)(Cl)Cl,29.9
,CC1(C)OB(/C=C/CCCOCc2ccc3ccccc3c2)OC1(C)C,10-1038_s41467-022-33411-9,160,[2H]C(Cl)(Cl)Cl,30
3a,COc1cccc(C2=Cc3ccccc3N(Cc3ccccc3)B2c2c(OC)ccc3ccccc23)c1,s41467-023-40164-6,128,[2H]C(Cl)(Cl)Cl,39.8
3ab,COc1cccc(C2=Cc3ccccc3N(Cc3ccc(C)cc3)B2c2c(OC)ccc3ccccc23)c1,s41467-023-40164-6,128,[2H]C(Cl)(Cl)Cl,40.5
3ac,COc1cccc(C2=Cc3ccccc3N(Cc3ccc(F)cc3)B2c2c(OC)ccc3ccccc23)c1,s41467-023-40164-6,128,[2H]C(Cl)(Cl)Cl,41
3ad,COc1cccc(C2=Cc3ccccc3N(Cc3ccc(Cl)cc3)B2c2c(OC)ccc3ccccc23)c1,s41467-023-40164-6,128,[2H]C(Cl)(Cl)Cl,41.7
3af,COc1cccc(C2=Cc3ccccc3N(Cc3cccs3)B2c2c(OC)ccc3ccccc23)c1,s41467-023-40164-6,128,[2H]C(Cl)(Cl)Cl,40.3
3ag,COc1cccc(C2=Cc3ccccc3N(C(C)C)B2c2c(OC)ccc3ccccc23)c1,s41467-023-40164-6,128,[2H]C(Cl)(Cl)Cl,39.1
3ah,COc1cccc(C2=Cc3ccccc3N(Cc3ccccc3)B2c2c(OC)ccc3cc(C)ccc23)c1,s41467-023-40164-6,128,[2H]C(Cl)(Cl)Cl,40.9
1j-s,COc1ccc2ccccc2c1B1C=Cc2ccccc2N1Cc1cccs1,s41467-023-40164-6,160,[2H]C(Cl)(Cl)Cl,38.58
1k,COc1ccc2ccccc2c1B1C(Br)=Cc2ccccc2N1C(C)C,s41467-023-40164-6,128,[2H]C(Cl)(Cl)Cl,37.9
1l,COc1ccc2cc(C)ccc2c1B1C(Br)=Cc2ccccc2N1Cc1ccccc1,s41467-023-40164-6,128,[2H]C(Cl)(Cl)Cl,37.4
1k-s,COc1ccc2ccccc2c1B1C=Cc2ccccc2N1C(C)C,s41467-023-40164-6,160,[2H]C(Cl)(Cl)Cl,37.03
1l-s,COc1ccc2cc(C)ccc2c1B1C=Cc2ccccc2N1Cc1ccccc1,s41467-023-40164-6,160,[2H]C(Cl)(Cl)Cl,38
1m-s,CCOc1ccc2ccccc2c1B1C=Cc2ccccc2N1Cc1ccccc1,s41467-023-40164-6,160,[2H]C(Cl)(Cl)Cl,37.84
1m,CCOc1ccc2ccccc2c1B1C(Br)=Cc2ccccc2N1Cc1ccccc1,s41467-023-40164-6,160,[2H]C(Cl)(Cl)Cl,38.22
1n-s,CCSc1ccc2ccccc2c1B1C=Cc2ccccc2N1Cc1ccccc1,s41467-023-40164-6,160,[2H]C(Cl)(Cl)Cl,37.04
1n,CCSc1ccc2ccccc2c1B1C(Br)=Cc2ccccc2N1Cc1ccccc1,s41467-023-40164-6,160,[2H]C(Cl)(Cl)Cl,36.9
3b,COc1ccc(C2=Cc3ccccc3N(Cc3ccccc3)B2c2c(OC)ccc3ccccc23)cc1,s41467-023-40164-6,128,[2H]C(Cl)(Cl)Cl,39.8
3c,COc1ccc2ccccc2c1B1C(c2ccc(SC)cc2)=Cc2ccccc2N1Cc1ccccc1,s41467-023-40164-6,128,[2H]C(Cl)(Cl)Cl,40.9
3d,COc1ccc2ccccc2c1B1C(c2ccc(N(c3ccccc3)c3ccccc3)cc2)=Cc2ccccc2N1Cc1ccccc1,s41467-023-40164-6,128,[2H]C(Cl)(Cl)Cl,41.4
3e,COc1ccc(C2=Cc3ccccc3N(Cc3ccccc3)B2c2c(OC)ccc3ccccc23)cc1Cl,s41467-023-40164-6,128,[2H]C(Cl)(Cl)Cl,40.8
3f,COc1ccc(C2=Cc3ccccc3N(Cc3ccccc3)B2c2c(OC)ccc3ccccc23)cc1F,s41467-023-40164-6,128,[2H]C(Cl)(Cl)Cl,40
3g,COc1ccc(C2=Cc3ccccc3N(Cc3ccccc3)B2c2c(OC)ccc3ccccc23)cc1C,s41467-023-40164-6,128,[2H]C(Cl)(Cl)Cl,41
3h,COc1ccc2ccccc2c1B1C(c2ccc3c(c2)OCCO3)=Cc2ccccc2N1Cc1ccccc1,s41467-023-40164-6,128,[2H]C(Cl)(Cl)Cl,41.2
3i,COc1ccc2ccccc2c1B1C(c2ccc3c(c2)OCO3)=Cc2ccccc2N1Cc1ccccc1,s41467-023-40164-6,128,[2H]C(Cl)(Cl)Cl,40.53
3j,COc1ccc2ccccc2c1B1C(c2ccc3c(c2)CCO3)=Cc2ccccc2N1Cc1ccccc1,s41467-023-40164-6,128,[2H]C(Cl)(Cl)Cl,40.8
3k,COC(=O)c1cccc(C2=Cc3ccccc3N(Cc3ccccc3)B2c2c(OC)ccc3ccccc23)c1,s41467-023-40164-6,128,[2H]C(Cl)(Cl)Cl,40.5
3l,COc1ccc2ccccc2c1B1C(c2ccc(C(=C(c3ccccc3)c3ccccc3)c3ccccc3)cc2)=Cc2ccccc2N1Cc1ccccc1,s41467-023-40164-6,128,[2H]C(Cl)(Cl)Cl,42.5
3p,COc1ccc2ccccc2c1B1C(c2ccc(-n3c4ccccc4c4ccccc43)cc2)=Cc2ccccc2N1Cc1ccccc1,s41467-023-40164-6,128,[2H]C(Cl)(Cl)Cl,41.7
3q,COc1ccc2ccccc2c1B1C(c2ccccc2)=Cc2ccccc2N1Cc1ccccc1,s41467-023-40164-6,128,[2H]C(Cl)(Cl)Cl,40.5
3r,COc1ccc2ccccc2c1B1C(c2ccoc2)=Cc2ccccc2N1Cc1ccccc1,s41467-023-40164-6,128,[2H]C(Cl)(Cl)Cl,40.7
3s,COc1ccc2ccccc2c1B1C(c2ccsc2)=Cc2ccccc2N1Cc1ccccc1,s41467-023-40164-6,128,[2H]C(Cl)(Cl)Cl,40.3
3ai,CCOc1ccc2ccccc2c1B1C(c2cccc(OC)c2)=Cc2ccccc2N1Cc1ccccc1,s41467-023-40164-6,160,[2H]C(Cl)(Cl)Cl,36.7
3t,COc1ccc2ccccc2c1B1C(c2coc3ccccc23)=Cc2ccccc2N1Cc1ccccc1,s41467-023-40164-6,128,[2H]C(Cl)(Cl)Cl,40.8
3ae,CCCCN1B(c2c(OC)ccc3ccccc23)C(c2cccc(OC)c2)=Cc2ccccc21,s41467-023-40164-6,128,[2H]C(Cl)(Cl)Cl,38.6
3aj,CCSc1ccc2ccccc2c1B1C(c2cccc(OC)c2)=Cc2ccccc2N1Cc1ccccc1,s41467-023-40164-6,160,[2H]C(Cl)(Cl)Cl,36.8
4a,CCOC(=O)C(C)(C)Oc1ccc(C2=Cc3ccccc3N(Cc3ccccc3)B2c2c(OC)ccc3ccccc23)cc1,s41467-023-40164-6,128,[2H]C(Cl)(Cl)Cl,41.2
4b,COc1ccc2ccccc2c1B1C(c2ccc3c(c2)CC[C@@H]2[C@@H]3CC[C@]3(C)C(=O)CC[C@@H]23)=Cc2ccccc2N1Cc1ccccc1,s41467-023-40164-6,128,[2H]C(Cl)(Cl)Cl,42
4c,COC(=O)[C@H](Cc1ccc(C2=Cc3ccccc3N(Cc3ccccc3)B2c2c(OC)ccc3ccccc23)cc1)NC(=O)OC(C)(C)C,s41467-023-40164-6,128,[2H]C(Cl)(Cl)Cl,41.8
3al,COc1ccc2ccccc2c1B1C(c2c(OC)ccc3ccccc23)=Cc2cc(C)ccc2N1Cc1ccccc1,s41467-023-40164-6,128,[2H]C([2H])([2H])C(=O)C([2H])([2H])[2H],38.8
3am,COc1ccc2ccccc2c1B1C(c2c(OC)ccc3ccccc23)=Cc2ccccc2N1Cc1ccc(Cl)cc1,s41467-023-40164-6,128,[2H]C(Cl)(Cl)Cl,41.2
3an,COc1ccc2cc(C)ccc2c1B1C(c2c(OC)ccc3ccccc23)=Cc2ccccc2N1Cc1ccccc1,s41467-023-40164-6,128,[2H]C(Cl)(Cl)Cl,41.8
3ak,COc1ccc2ccccc2c1B1C(c2c(OC)ccc3ccccc23)=Cc2ccccc2N1Cc1ccccc1,s41467-023-40164-6,128,[2H]C(Cl)(Cl)Cl,40.8
1a-s,COc1ccc2ccccc2c1B1C=Cc2ccccc2N1Cc1ccccc1,s41467-023-40164-6,160,[2H]C(Cl)(Cl)Cl,37.08
1a,COc1ccc2ccccc2c1B1C(Br)=Cc2ccccc2N1Cc1ccccc1,s41467-023-40164-6,128,[2H]C(Cl)(Cl)Cl,38.5
1b-s,COc1ccc2c(c1)C=CB(c1c(OC)ccc3ccccc13)N2Cc1ccccc1,s41467-023-40164-6,160,[2H]C(Cl)(Cl)Cl,36.92
1b,COc1ccc2ccccc2c1B1C(Br)=Cc2cc(C)ccc2N1Cc1ccccc1,s41467-023-40164-6,128,[2H]C(Cl)(Cl)Cl,38.5
1c-s,COc1ccc2ccccc2c1B1C=Cc2cc(C)ccc2N1Cc1ccccc1,s41467-023-40164-6,160,[2H]C(Cl)(Cl)Cl,37.26
1c,COc1ccc2c(c1)C=C(Br)B(c1c(OC)ccc3ccccc13)N2Cc1ccccc1,s41467-023-40164-6,128,[2H]C(Cl)(Cl)Cl,39.2
1d-s,COc1ccc2ccccc2c1B1C=Cc2ccc(F)cc2N1Cc1ccccc1,s41467-023-40164-6,160,[2H]C(Cl)(Cl)Cl,37.77
1d,COc1ccc2ccccc2c1B1C(Br)=Cc2ccc(F)cc2N1Cc1ccccc1,s41467-023-40164-6,128,[2H]C(Cl)(Cl)Cl,40.2
1e-s,COc1ccc2ccccc2c1B1C=Cc2c(ccc3ccccc23)N1Cc1ccccc1,s41467-023-40164-6,160,[2H]C(Cl)(Cl)Cl,37.05
1e,COc1ccc2ccccc2c1B1C(Br)=Cc2c(ccc3ccccc23)N1Cc1ccccc1,s41467-023-40164-6,128,[2H]C(Cl)(Cl)Cl,38.5
1f,COc1ccc2ccccc2c1B1C(Br)=Cc2ccccc2N1Cc1ccc(C)cc1,s41467-023-40164-6,128,[2H]C(Cl)(Cl)Cl,39.8
1g,COc1ccc2ccccc2c1B1C(Br)=Cc2ccccc2N1Cc1ccc(F)cc1,s41467-023-40164-6,128,[2H]C(Cl)(Cl)Cl,40.8
1h,COc1ccc2ccccc2c1B1C(Br)=Cc2ccccc2N1Cc1ccc(Cl)cc1,s41467-023-40164-6,128,[2H]C(Cl)(Cl)Cl,39.9
1i,CCCCN1B(c2c(OC)ccc3ccccc23)C(Br)=Cc2ccccc21,s41467-023-40164-6,128,[2H]C(Cl)(Cl)Cl,37.8
1f-s,COc1ccc2ccccc2c1B1C=Cc2ccccc2N1Cc1ccc(C)cc1,s41467-023-40164-6,160,[2H]C(Cl)(Cl)Cl,37.66
1g-s,COc1ccc2ccccc2c1B1C=Cc2ccccc2N1Cc1ccc(F)cc1,s41467-023-40164-6,160,[2H]C(Cl)(Cl)Cl,37.49
1h-s,COc1ccc2ccccc2c1B1C=Cc2ccccc2N1Cc1ccc(Cl)cc1,s41467-023-40164-6,160,[2H]C(Cl)(Cl)Cl,37.75
1i-s,CCCCN1B(c2c(OC)ccc3ccccc23)C=Cc2ccccc21,s41467-023-40164-6,160,[2H]C(Cl)(Cl)Cl,36.85
2b,CC1(C)OB([Si@](C)(c2ccc(-c3ccccc3)cc2)C2CCCCC2)OC1(C)C,s41467-023-41113-z,125.7,[2H]C(Cl)(Cl)Cl,34.9
2c,CC1(C)OB([Si@@](C)(c2ccccc2)c2cccc3ccccc23)OC1(C)C,s41467-023-41113-z,125.7,[2H]C1([2H])OC([2H])([2H])C([2H])([2H])C1([2H])[2H],35.1
,CC1(C)OB([Si](C)(CCCOCc2ccccc2)C2CCCCC2)OC1(C)C,s41467-023-41113-z,125.7,[2H]C(Cl)(Cl)Cl,34.9
,CC1(C)OB([Si](C)(Cc2ccccc2)C2CCCCC2)OC1(C)C,s41467-023-41113-z,125.7,[2H]C(Cl)(Cl)Cl,34.5
,CC1(C)OB([Si@](C)(c2ccc(-c3ccc(Br)cc3)cc2)C2CCCCC2)OC1(C)C,s41467-023-41113-z,125.7,[2H]C(Cl)(Cl)Cl,34.3
,CC1(C)OB([Si@](OCc2ccccc2)(c2ccccc2)C(C)(C)C)OC1(C)C,s41467-023-41113-z,125.7,[2H]C(Cl)(Cl)Cl,33.2
,C[C@@H]1C[Si@@](B2OC(C)(C)C(C)(C)O2)(C2CCCC2)c2ccccc21,s41467-023-41113-z,125.7,[2H]C(Cl)(Cl)Cl,34.1
2g',CC1(C)OB(CC[C@@H](CB2OC(C)(C)C(C)(C)O2)c2ccc(OC(=O)c3ccccc3)cc2)OC1(C)C,s41467-024-51774-z,128,[2H]C(Cl)(Cl)Cl,34.7
2ae',COc1ccc([C@@H](CCB2OC(C)(C)C(C)(C)O2)CB2OC(C)(C)C(C)(C)O2)cn1,s41467-024-51774-z,128,[2H]C(Cl)(Cl)Cl,33.5
3a,CC1(C)OB(C(C=C=Cc2ccccc2)B2OC(C)(C)C(C)(C)O2)OC1(C)C,s41467-024-53606-6,161,[2H]C(Cl)(Cl)Cl,33
3n,CC1(C)OB(C(C=C=Cc2ccsc2)B2OC(C)(C)C(C)(C)O2)OC1(C)C,s41467-024-53606-6,161,[2H]C(Cl)(Cl)Cl,33
8,CC1(C)OB(CCC=C=Cc2ccccc2)OC1(C)C,s41467-024-53606-6,161,[2H]C(Cl)(Cl)Cl,33.9
3d,CC1(C)OB(C(C=C=Cc2ccc(Cl)cc2)B2OC(C)(C)C(C)(C)O2)OC1(C)C,s41467-024-53606-6,161,[2H]C(Cl)(Cl)Cl,33
3j,COc1cccc(C=C=CC(B2OC(C)(C)C(C)(C)O2)B2OC(C)(C)C(C)(C)O2)c1,s41467-024-53606-6,161,[2H]C(Cl)(Cl)Cl,33.1
3b,Cc1ccc(C=C=CC(B2OC(C)(C)C(C)(C)O2)B2OC(C)(C)C(C)(C)O2)cc1,s41467-024-53606-6,161,[2H]C(Cl)(Cl)Cl,33
3c,CC(C)(C)c1ccc(C=C=CC(B2OC(C)(C)C(C)(C)O2)B2OC(C)(C)C(C)(C)O2)cc1,s41467-024-53606-6,161,[2H]C(Cl)(Cl)Cl,33.1
3e,CC1(C)OB(C(C=C=Cc2ccc(F)cc2)B2OC(C)(C)C(C)(C)O2)OC1(C)C,s41467-024-53606-6,161,[2H]C(Cl)(Cl)Cl,33
3f,CC1(C)OB(C(C=C=Cc2ccc(C(F)(F)F)cc2)B2OC(C)(C)C(C)(C)O2)OC1(C)C,s41467-024-53606-6,161,[2H]C(Cl)(Cl)Cl,33
3g,CC1(C)OB(C(C=C=Cc2ccc(OC(F)(F)F)cc2)B2OC(C)(C)C(C)(C)O2)OC1(C)C,s41467-024-53606-6,161,[2H]C(Cl)(Cl)Cl,33.1
3i,Cc1cccc(C=C=CC(B2OC(C)(C)C(C)(C)O2)B2OC(C)(C)C(C)(C)O2)c1,s41467-024-53606-6,161,[2H]C(Cl)(Cl)Cl,33.1
3k,Cc1ccccc1C=C=CC(B1OC(C)(C)C(C)(C)O1)B1OC(C)(C)C(C)(C)O1,s41467-024-53606-6,161,[2H]C(Cl)(Cl)Cl,33
(S)-3l,CC1(C)OB(C(C=C=Cc2ccccc2Cl)B2OC(C)(C)C(C)(C)O2)OC1(C)C,s41467-024-53606-6,161,[2H]C(Cl)(Cl)Cl,33
(S)-3m,CC1(C)OB(C(C=C=Cc2ccc3ccccc3c2)B2OC(C)(C)C(C)(C)O2)OC1(C)C,s41467-024-53606-6,161,[2H]C(Cl)(Cl)Cl,32.9
3o,CC1(C)OB(C(C=C=CCCc2ccccc2)B2OC(C)(C)C(C)(C)O2)OC1(C)C,s41467-024-53606-6,161,[2H]C(Cl)(Cl)Cl,33.1
3p,CCCCC=C=CC(B1OC(C)(C)C(C)(C)O1)B1OC(C)(C)C(C)(C)O1,s41467-024-53606-6,161,[2H]C(Cl)(Cl)Cl,33.1
3q,CC1(C)OB(C(C=C=CC2CCCCC2)B2OC(C)(C)C(C)(C)O2)OC1(C)C,s41467-024-53606-6,161,[2H]C(Cl)(Cl)Cl,33.3
3s,CC1(C)OB(C(C=C=Cc2ccccc2)(Cc2ccccc2)B2OC(C)(C)C(C)(C)O2)OC1(C)C,s41467-024-53606-6,161,[2H]C(Cl)(Cl)Cl,33.5
4a,OB1C=C/C(=C\c2ccccc2)[C@H](c2ccccc2)O1,s41467-024-53606-6,161,[2H]C(Cl)(Cl)Cl,27.4
5a,Cc1ccc([C@H](NC(=O)c2ccccc2)C(/C=C\B2OC(C)(C)C(C)(C)O2)=C/c2ccccc2)cc1,s41467-024-53606-6,161,[2H]C(Cl)(Cl)Cl,29.7
4b,Cc1ccc([C@@H]2OB(O)C=C/C2=C\c2ccccc2)cc1,s41467-024-53606-6,161,[2H]C(Cl)(Cl)Cl,27.5
4c,COc1ccc([C@@H]2OB(O)C=C/C2=C\c2ccccc2)cc1,s41467-024-53606-6,161,[2H]C(Cl)(Cl)Cl,27.3
4d,OB1C=C/C(=C\c2ccccc2)[C@H](c2ccc(F)cc2)O1,s41467-024-53606-6,161,[2H]C(Cl)(Cl)Cl,27.3
4e,OB1C=C/C(=C\c2ccccc2)[C@H](c2ccc(Br)cc2)O1,s41467-024-53606-6,161,[2H]C(Cl)(Cl)Cl,27.4
4f,Cc1cccc([C@@H]2OB(O)C=C/C2=C\c2ccccc2)c1,s41467-024-53606-6,161,[2H]C(Cl)(Cl)Cl,27.3
4g,Cc1ccccc1[C@@H]1OB(O)C=C/C1=C\c1ccccc1,s41467-024-53606-6,161,[2H]C(Cl)(Cl)Cl,27.5
4h,OB1C=C/C(=C\c2ccccc2)[C@H](c2ccc3ccccc3c2)O1,s41467-024-53606-6,161,[2H]C(Cl)(Cl)Cl,27.7
4i,OB1C=C/C(=C\c2ccccc2)[C@H](CCc2ccccc2)O1,s41467-024-53606-6,161,[2H]C(Cl)(Cl)Cl,27.1
4j,OB1C=C/C(=C\c2ccc(F)cc2)[C@H](c2ccccc2)O1,s41467-024-53606-6,161,[2H]C(Cl)(Cl)Cl,27.3
4k,COc1cccc(/C=C2\C=CB(O)O[C@H]2c2ccccc2)c1,s41467-024-53606-6,161,[2H]C(Cl)(Cl)Cl,27.3
4l,OB1C=C/C(=C\c2ccc3ccccc3c2)[C@H](c2ccccc2)O1,s41467-024-53606-6,161,[2H]C(Cl)(Cl)Cl,27.4
5c,COc1ccc([C@H](NC(=O)c2ccccc2)C(/C=C\B2OC(C)(C)C(C)(C)O2)=C/c2ccccc2)cc1,s41467-024-53606-6,193,[2H]C(Cl)(Cl)Cl,30.2
5d,CC1(C)OB(/C=C\C(=C/c2ccccc2)[C@@H](NC(=O)c2ccccc2)c2ccc(Cl)cc2)OC1(C)C,s41467-024-53606-6,193,[2H]C(Cl)(Cl)Cl,30.1
5e,CC1(C)OB(/C=C\C(=C/c2ccccc2)[C@@H](NC(=O)c2ccccc2)c2cccc(F)c2)OC1(C)C,s41467-024-53606-6,193,[2H]C(Cl)(Cl)Cl,30.2
5f,CC1(C)OB(/C=C\C(=C/c2ccccc2)[C@@H](NC(=O)c2ccccc2)c2ccccc2Br)OC1(C)C,s41467-024-53606-6,193,[2H]C(Cl)(Cl)Cl,29.8
5g,CC1(C)OB(/C=C\C(=C/c2ccccc2)[C@@H](NC(=O)c2ccccc2)c2ccc3ccccc3c2)OC1(C)C,s41467-024-53606-6,193,[2H]C(Cl)(Cl)Cl,30.2
4a,COc1cccc(/C(=C/C(C)(C)C)B2C(Br)=Cc3ccccc3N2C2CCCC2)c1,s41467-024-54597-0,160,[2H]C(Cl)(Cl)Cl,35.4
4a g,COc1ccc(/C(=C/C(C)(C)C)B2C(Br)=Cc3ccccc3N2C2CCCC2)cc1,s41467-024-54597-0,128,[2H]C(Cl)(Cl)Cl,38.69
6,COc1cccc(C2=Cc3ccccc3N(C3CCCC3)B2/C(=C\C(C)(C)C)c2cccc(OC)c2)c1,s41467-024-54597-0,160,[2H]C(Cl)(Cl)Cl,38.2
7,COc1cccc(C#CC2=Cc3ccccc3N(C3CCCC3)B2/C(=C\C(C)(C)C)c2cccc(OC)c2)c1,s41467-024-54597-0,160,[2H]C(Cl)(Cl)Cl,38.68
8,COc1cccc(/C(=C/C(C)(C)C)B2C(P(c3ccccc3)c3ccccc3)=Cc3ccccc3N2C2CCCC2)c1,s41467-024-54597-0,160,[2H]C(Cl)(Cl)Cl,39.93
4b,COc1cc(/C(=C/C(C)(C)C)B2C(Br)=Cc3ccccc3N2C2CCCC2)ccc1Br,s41467-024-54597-0,160,[2H]C(Cl)(Cl)Cl,36.6
4d,CC(C)(C)/C=C(\B1C(Br)=Cc2ccccc2N1C1CCCC1)c1ccc(Oc2ccccc2)cc1,s41467-024-54597-0,160,[2H]C(Cl)(Cl)Cl,37
4l,CC(C)(C)/C=C(\B1C(Br)=Cc2ccccc2N1C1CCCC1)c1ccc(F)c(C#N)c1,s41467-024-54597-0,128,[2H]C(Cl)(Cl)Cl,39
4m,CC(C)(C)/C=C(\B1C(Br)=Cc2ccccc2N1C1CCCC1)c1cccc(C#N)c1,s41467-024-54597-0,160,[2H]C(Cl)(Cl)Cl,35.74
4n,Cc1c(C=O)cccc1/C(=C/C(C)(C)C)B1C(Br)=Cc2ccccc2N1C1CCCC1,s41467-024-54597-0,128,[2H]C(Cl)(Cl)Cl,37.9
4o,COC(=O)c1cc(Cl)cc(/C(=C/C(C)(C)C)B2C(Br)=Cc3ccccc3N2C2CCCC2)c1,s41467-024-54597-0,160,[2H]C(Cl)(Cl)Cl,36.47
4q,CC(C)=CCC/C(C)=C/COC(=O)c1cccc(/C(=C/C(C)(C)C)B2C(Br)=Cc3ccccc3N2C2CCCC2)c1,s41467-024-54597-0,160,[2H]C(Cl)(Cl)Cl,37.2
4s,CC(C)(C)/C=C(\B1C(Br)=Cc2ccccc2N1C1CCCC1)c1cccc(C(=O)[O-])c1,s41467-024-54597-0,160,[2H]C(Cl)(Cl)Cl,37.57
4x,CC(C)(C)/C=C(\B1C(Br)=Cc2ccccc2N1C1CCCC1)c1ccsc1,s41467-024-54597-0,160,[2H]C(Cl)(Cl)Cl,36.08
4x,CC(C)(C)/C=C(\B1C(Br)=Cc2ccccc2N1C1CCCC1)c1ccc2ccccc2c1,s41467-024-54597-0,128,[2H]C(Cl)(Cl)Cl,39.75
4z,COc1cccc(/C(=C/C(C)(C)C)B2C(Br)=Cc3cc(C(C)(C)C)ccc3N2C2CCCC2)c1,s41467-024-54597-0,128,[2H]C(Cl)(Cl)Cl,39.42
4aa,COc1cccc(/C(=C/C(C)(C)C)B2C(Br)=Cc3cc(F)ccc3N2C2CCCC2)c1,s41467-024-54597-0,128,[2H]C(Cl)(Cl)Cl,38.35
4ab,COc1cccc(/C(=C/C(C)(C)C)B2C(Br)=Cc3cc(Cl)ccc3N2C2CCCC2)c1,s41467-024-54597-0,128,[2H]C(Cl)(Cl)Cl,39.56
4ac,COc1cccc(/C(=C/C(C)(C)C)B2C(Br)=Cc3ccc(C)cc3N2C2CCCC2)c1,s41467-024-54597-0,128,[2H]C(Cl)(Cl)Cl,39.75
4ad,COc1cccc(/C(=C/C(C)(C)C)B2C(Br)=C(c3ccccc3)c3ccccc3N2C2CCCC2)c1,s41467-024-54597-0,160,[2H]C(Cl)(Cl)Cl,37.88
4ae,COc1cccc(/C(=C/C(C)(C)C)B2C(Br)=C(C)c3ccccc3N2C2CCCC2)c1,s41467-024-54597-0,128,[2H]C(Cl)(Cl)Cl,39.57
4af,COc1cccc(/C(=C/C(C)(C)C)B2C(c3ccccc3)=Cc3ccccc3N2C2CCCC2)c1,s41467-024-54597-0,160,[2H]C(Cl)(Cl)Cl,38.38
4ah,CCCN1B(/C(=C\C(C)(C)C)c2cccc(OC)c2)C(Br)=Cc2ccccc21,s41467-024-54597-0,160,[2H]C(Cl)(Cl)Cl,37.07
4ai,COc1cccc(/C(=C/C(C)(C)C)B2C(Br)=Cc3ccccc3N2c2ccccc2)c1,s41467-024-54597-0,160,[2H]C(Cl)(Cl)Cl,34.57
4aj,COc1cccc(/C(=C/C(C)(C)CCc2ccccc2)B2C(Br)=Cc3ccccc3N2C2CCCC2)c1,s41467-024-54597-0,160,[2H]C(Cl)(Cl)Cl,36.98
4ak,COc1cccc(/C(=C/C(C)(C)Cc2ccccc2)B2C(Br)=Cc3ccccc3N2C2CCCC2)c1,s41467-024-54597-0,160,[2H]C(Cl)(Cl)Cl,37.27
4al,COc1cccc(/C(=C/C2(C)CCCCC2)B2C(Br)=Cc3ccccc3N2C2CCCC2)c1,s41467-024-54597-0,128,[2H]C(Cl)(Cl)Cl,39.06
17,COC(=O)c1cccc(/C(=C/C(C)(C)C)B2C=Cc3ccccc3N2C2CCCC2)c1,s41467-024-54597-0,160,[2H]C(Cl)(Cl)Cl,37.34
15c,CCN1B(C(=CC(C)(C)C)/C(=C/C(C)(C)C)B2C=Cc3ccccc3N2CC)C=Cc2ccccc21,s41467-024-54597-0,160,[2H]C(Cl)(Cl)Cl,38.53
1a,C#CB1C(Br)=Cc2ccccc2N1C1CCCC1,s41467-024-54597-0,128,[2H]C(Cl)(Cl)Cl,27.49
1b,C#CB1C(Br)=Cc2cc(C(C)(C)C)ccc2N1C1CCCC1,s41467-024-54597-0,128,[2H]C(Cl)(Cl)Cl,27.37
1c,C#CB1C(Br)=Cc2cc(F)ccc2N1C1CCCC1,s41467-024-54597-0,160,[2H]C(Cl)(Cl)Cl,26.91
1d,C#CB1C(Br)=Cc2cc(Cl)ccc2N1C1CCCC1,s41467-024-54597-0,128,[2H]C(Cl)(Cl)Cl,27.72
1e,C#CB1C(Br)=Cc2ccc(C)cc2N1C1CCCC1,s41467-024-54597-0,128,[2H]C(Cl)(Cl)Cl,27.54
1f,C#CB1C(Br)=C(c2ccccc2)c2ccccc2N1C1CCCC1,s41467-024-54597-0,160,[2H]C(Cl)(Cl)Cl,26.67
1g,C#CB1C=C(C)c2ccccc2N1C1CCCC1,s41467-024-54597-0,160,[2H]C(Cl)(Cl)Cl,27.56
10,COc1cccc(/C(=C/C(C)(C)C)B2C=Cc3ccccc3N2C2CCCC2)c1,s41467-024-54597-0,160,[2H]C(Cl)(Cl)Cl,36.58
1j,C#CB1C(Br)=Cc2ccccc2N1CCC,s41467-024-54597-0,160,[2H]C(Cl)(Cl)Cl,25.32
1k,C#CB1C(Br)=Cc2ccccc2N1c1ccccc1,s41467-024-54597-0,160,[2H]C(Cl)(Cl)Cl,26.06
1h,C#CB1C(c2ccccc2)=Cc2ccccc2N1C1CCCC1,s41467-024-54597-0,160,[2H]C(Cl)(Cl)Cl,25.81
9,C#CB1C=Cc2ccccc2N1C1CCCC1,s41467-024-54597-0,160,[2H]C(Cl)(Cl)Cl,26.92
12,C#CB1C=Cc2ccccc2N1CC,s41467-024-54597-0,160,[2H]C(Cl)(Cl)Cl,26.46
2zzb,CN(C(=O)CCCCB1OC(C)(C)C(C)(C)O1)c1ccccc1,s41467-024-55161-6,128,[2H]C(Cl)(Cl)Cl,34.6
(2zq),C[C@H](CCB1OC(C)(C)C(C)(C)O1)[C@H]1CC[C@H]2[C@@H]3CC[C@@H]4C[C@H](O[Si](C)(C)C(C)(C)C)CC[C@]4(C)[C@H]3CC[C@]12C,s41467-024-55161-6,128,[2H]C(Cl)(Cl)Cl,35.4
(2zx),CC1(C)OB(CCCCCBr)OC1(C)C,s41467-024-55161-6,128,[2H]C(Cl)(Cl)Cl,33.8
(2zy),COCCCCB1OC(C)(C)C(C)(C)O1,s41467-024-55161-6,128,[2H]C(Cl)(Cl)Cl,33.8
(4a),CC1(C)OB([C@]2(c3ccccc3)C[C@H](c3ccc4ccccc4c3-c3nccc4ccccc34)C2)OC1(C)C,s41467-024-55161-6,160,[2H]C(Cl)(Cl)Cl,33.9
(4b),Cc1cccnc1-c1c2ccccc2ccc1[C@H]1C[C@](B2OC(C)(C)C(C)(C)O2)(c2ccccc2)C1,s41467-024-55161-6,160,[2H]C(Cl)(Cl)Cl,33.6
(4c),Cc1cnc(-c2c3ccccc3ccc2[C@H]2C[C@](B3OC(C)(C)C(C)(C)O3)(c3ccccc3)C2)c(C)c1,s41467-024-55161-6,160,[2H]C(Cl)(Cl)Cl,34.1
(4d),Cc1cc(F)cnc1-c1c2ccccc2ccc1[C@H]1C[C@](B2OC(C)(C)C(C)(C)O2)(c2ccccc2)C1,s41467-024-55161-6,128,[2H]C(Cl)(Cl)Cl,35.3
4e,CC1(C)OB([C@]2(c3ccccc3)C[C@H](c3ccc4ccccc4c3-c3ncccc3C(F)(F)F)C2)OC1(C)C,s41467-024-55161-6,128,[2H]C(Cl)(Cl)Cl,33.6
4f,COc1ccc2ccc([C@H]3C[C@](B4OC(C)(C)C(C)(C)O4)(c4ccccc4)C3)c(-c3nccc4ccccc34)c2c1,s41467-024-55161-6,128,[2H]C(Cl)(Cl)Cl,35.3
4g,Cc1cccc([C@H]2C[C@](B3OC(C)(C)C(C)(C)O3)(c3ccccc3)C2)c1-c1nccc2ccccc12,s41467-024-55161-6,128,[2H]C(Cl)(Cl)Cl,35.7
4h,CC1(C)OB([C@]2(c3ccccc3)C[C@H](c3ccc4cc(C#N)ccc4c3-c3nccc4ccccc34)C2)OC1(C)C,s41467-024-55161-6,160,[2H]C(Cl)(Cl)Cl,34.4
4i,COC(=O)c1ccc2c(-c3nccc4ccccc34)c([C@H]3C[C@](B4OC(C)(C)C(C)(C)O4)(c4ccccc4)C3)ccc2c1,s41467-024-55161-6,128,[2H]C(Cl)(Cl)Cl,35.3
4j,CC1(C)OB([C@]2(c3ccccc3)C[C@H](c3ccc4ccccc4c3-c3ncnc4ccccc34)C2)OC1(C)C,s41467-024-55161-6,160,[2H]C(Cl)(Cl)Cl,34.3
4k,Cc1nccnc1-c1c2ccccc2ccc1[C@H]1C[C@](B2OC(C)(C)C(C)(C)O2)(c2ccccc2)C1,s41467-024-55161-6,128,[2H]C(Cl)(Cl)Cl,35.8
4l,CC1(C)OB(C2(c3ccccc3)CC(c3ccc4cc([C@H]5C[C@](B6OC(C)(C)C(C)(C)O6)(c6ccccc6)C5)ccc4c3-c3nccc4ccccc34)C2)OC1(C)C,s41467-024-55161-6,160,[2H]C(Cl)(Cl)Cl,33.4
4m,CC1(C)OB(C2(c3ccccc3)CC(c3ccc4ccc([C@H]5C[C@](B6OC(C)(C)C(C)(C)O6)(c6ccccc6)C5)cc4c3-c3nccc4ccccc34)C2)OC1(C)C,s41467-024-55161-6,128,[2H]C(Cl)(Cl)Cl,36.2
4n,Cc1ccc([C@]2(B3OC(C)(C)C(C)(C)O3)C[C@H](c3ccc4ccccc4c3-c3nccc4ccccc34)C2)cc1,s41467-024-55161-6,128,[2H]C(Cl)(Cl)Cl,33.4
4o,Cc1cccc([C@]2(B3OC(C)(C)C(C)(C)O3)C[C@H](c3ccc4ccccc4c3-c3nccc4ccccc34)C2)c1,s41467-024-55161-6,160,[2H]C(Cl)(Cl)Cl,34.4
4p,Cc1ccccc1[C@]1(B2OC(C)(C)C(C)(C)O2)C[C@H](c2ccc3ccccc3c2-c2nccc3ccccc23)C1,s41467-024-55161-6,128,[2H]C(Cl)(Cl)Cl,35.9
4q,Cc1cc(C)cc([C@]2(B3OC(C)(C)C(C)(C)O3)C[C@@H](c3ccc4ccccc4c3-c3nccc4ccccc34)C2)c1,s41467-024-55161-6,128,[2H]C(Cl)(Cl)Cl,36.2
,CC1(C)OB([C@]2(c3ccc4c(c3)OCO4)C[C@H](c3ccc4ccccc4c3-c3nccc4ccccc34)C2)OC1(C)C,s41467-024-55161-6,160,[2H]C(Cl)(Cl)Cl,33.9
,CC1(C)OB([C@]2(c3ccc(F)cc3)C[C@H](c3ccc4ccccc4c3-c3nccc4ccccc34)C2)OC1(C)C,s41467-024-55161-6,128,[2H]C(Cl)(Cl)Cl,34.4
,CC1(C)OB([C@]2(c3ccc(Cl)cc3)C[C@H](c3ccc4ccccc4c3-c3nccc4ccccc34)C2)OC1(C)C,s41467-024-55161-6,128,[2H]C(Cl)(Cl)Cl,34.6
,CC1(C)OB([C@]2(c3ccc(C(F)(F)F)cc3)C[C@@H](c3ccc4ccccc4c3-c3nccc4ccccc34)C2)OC1(C)C,s41467-024-55161-6,128,[2H]C(Cl)(Cl)Cl,34.4
,CC1(C)OB(c2ccc([C@]3(B4OC(C)(C)C(C)(C)O4)C[C@H](c4ccc5ccccc5c4-c4nccc5ccccc45)C3)cc2)OC1(C)C,s41467-024-55161-6,128,[2H]C(Cl)(Cl)Cl,34.9
,CC1(C)OB([C@]2(c3ccc(C#Cc4ccccc4)cc3)C[C@H](c3ccc4ccccc4c3-c3nccc4ccccc34)C2)OC1(C)C,s41467-024-55161-6,128,[2H]C(Cl)(Cl)Cl,36.5
,CC1(C)OB([C@]2(c3ccc(-c4ccccc4)cc3)C[C@H](c3ccc4ccccc4c3-c3nccc4ccccc34)C2)OC1(C)C,s41467-024-55161-6,160,[2H]C(Cl)(Cl)Cl,33.6
,CC1(C)OB([C@]2(c3ccc4ccccc4c3)C[C@H](c3ccc4ccccc4c3-c3nccc4ccccc34)C2)OC1(C)C,s41467-024-55161-6,160,[2H]C(Cl)(Cl)Cl,32.6
,CC1(C)OB([C@]2(c3cccc4ccccc43)C[C@H](c3ccc4ccccc4c3-c3nccc4ccccc34)C2)OC1(C)C,s41467-024-55161-6,128,[2H]C(Cl)(Cl)Cl,34.2
,CC1(C)OB([C@]2(c3cccs3)C[C@@H](c3ccc4ccccc4c3-c3nccc4ccccc34)C2)OC1(C)C,s41467-024-55161-6,128,[2H]C(Cl)(Cl)Cl,33.5
,CC1(C)OB([C@]2(c3ccsc3)C[C@@H](c3ccc4ccccc4c3-c3nccc4ccccc34)C2)OC1(C)C,s41467-024-55161-6,128,[2H]C(Cl)(Cl)Cl,35.4
,Cc1ccc([C@]2(B3OC(C)(C)C(C)(C)O3)C[C@@H](c3ccc4ccccc4c3-c3nccc4ccccc34)C2)s1,s41467-024-55161-6,128,[2H]C(Cl)(Cl)Cl,34.6
(4zf),CC1(C)OB([C@]2(c3csc4ccccc43)C[C@H](c3ccc4ccccc4c3-c3nccc4ccccc34)C2)OC1(C)C,s41467-024-55161-6,160,[2H]C(Cl)(Cl)Cl,33.4
(4zg),CC1(C)OB([C@]2(c3ccc4sccc4c3)C[C@H](c3ccc4ccccc4c3-c3nccc4ccccc34)C2)OC1(C)C,s41467-024-55161-6,128,[2H]C(Cl)(Cl)Cl,34.1
(4zh),CC(C)(C)OC(=O)n1ccc2cc([C@]3(B4OC(C)(C)C(C)(C)O4)C[C@@H](c4ccc5ccccc5c4-c4nccc5ccccc45)C3)ccc21,s41467-024-55161-6,128,[2H]C(Cl)(Cl)Cl,37.1
(4zi),CC1(C)OB([C@]2(/C=C/c3ccccc3)C[C@H](c3ccc4ccccc4c3-c3nccc4ccccc34)C2)OC1(C)C,s41467-024-55161-6,160,[2H]C(Cl)(Cl)Cl,33.2
(4zj),C=C(c1ccccc1)[C@]1(B2OC(C)(C)C(C)(C)O2)C[C@@H](c2ccc3ccccc3c2-c2nccc3ccccc23)C1,s41467-024-55161-6,128,[2H]C(Cl)(Cl)Cl,33.5
(4zk),CC1(C)OB([C@]2(/C=C/C3CC3)C[C@H](c3ccc4ccccc4c3-c3nccc4ccccc34)C2)OC1(C)C,s41467-024-55161-6,128,[2H]C(Cl)(Cl)Cl,33.2
(4zl),C=C(C)[C@]1(B2OC(C)(C)C(C)(C)O2)C[C@@H](c2ccc3ccccc3c2-c2nccc3ccccc23)C1,s41467-024-55161-6,160,[2H]C(Cl)(Cl)Cl,34.3
(4zm),COc1ccc2cc([C@H](C)C[C@]3(B4OC(C)(C)C(C)(C)O4)C[C@@H](c4ccc5ccccc5c4-c4nccc5ccccc45)C3)ccc2c1,s41467-024-55161-6,128,[2H]C(Cl)(Cl)Cl,38.1
(4zn),CC1CC[C@@H](C(C)C)C(OC(=O)CCC[C@]2(B3O[C@@H](C)[C@@H](C)O3)C[C@@H](c3ccc4ccccc4c3-c3nccc4ccccc34)C2)C1,s41467-024-55161-6,128,[2H]C(Cl)(Cl)Cl,36.7
(4zn),CC1CC[C@@H](C(C)C)C(OC(=O)CCC[C@]2(B3O[C@H](C)[C@@H](C)O3)C[C@@H](c3ccc4ccccc4c3-c3nccc4ccccc34)C2)C1,s41467-024-55161-6,128,[2H]C(Cl)(Cl)Cl,33.7
(4zo),C/C(=C\COC(=O)CCC[C@]1(B2O[C@@H](C)C(C)(C)O2)C[C@@H](c2ccc3ccccc3c2-c2nccc3ccccc23)C1)CCC[C@H](C)CCC[C@H](C)CCCC(C)C,s41467-024-55161-6,128,[2H]C(Cl)(Cl)Cl,36.7
(Z)-3c,CC(C)CCC[C@@H](C)[C@H]1CC[C@H]2[C@@H]3CC=C4C[C@@H](OC(=O)CCC[C@]5(B6OC(C)(C)C(C)(C)O6)C[C@@H](c6ccc7ccccc7c6-c6nccc7ccccc67)C5)CC[C@]4(C)[C@H]3CC[C@]12C,s41467-024-55161-6,128,[2H]C(Cl)(Cl)Cl,38.8
(Z)-3c,C[C@H](CCC1(B2OC(C)(C)C(C)(C)O2)CC(c2ccc3ccccc3c2-c2nccc3ccccc23)C1)[C@H]1CC[C@H]2[C@@H]3CC[C@@H]4C[C@H](O[Si](C)(C)C(C)(C)C)CC[C@]4(C)[C@H]3CC[C@]12C,s41467-024-55161-6,128,[2H]C(Cl)(Cl)Cl,34.9
(Z)-3c,CCCC[C@]1(B2OC(C)(C)C(C)(C)O2)C[C@@H](c2ccc3ccccc3c2-c2nccc3ccccc23)C1,s41467-024-55161-6,128,[2H]C(Cl)(Cl)Cl,34.1
(Z)-3c,CC1(C)OB([C@]2(C)C[C@H](c3ccc4ccccc4c3-c3nccc4ccccc34)C2)OC1(C)C,s41467-024-55161-6,128,[2H]C(Cl)(Cl)Cl,35.5
(Z)-3c,CC[C@]1(B2OC(C)(C)C(C)(C)O2)C[C@@H](c2ccc3ccccc3c2-c2nccc3ccccc23)C1,s41467-024-55161-6,128,[2H]C(Cl)(Cl)Cl,36
(Z)-3c,CC(C)C[C@]1(B2OC(C)(C)C(C)(C)O2)C[C@@H](c2ccc3ccccc3c2-c2nccc3ccccc23)C1,s41467-024-55161-6,128,[2H]C(Cl)(Cl)Cl,36.5
(Z)-3c,CC(C)[C@]1(B2OC(C)(C)C(C)(C)O2)C[C@@H](c2ccc3ccccc3c2-c2nccc3ccccc23)C1,s41467-024-55161-6,128,[2H]C(Cl)(Cl)Cl,36.3
(Z)-3c,CC1(C)OB([C@]2(Cc3ccccc3)C[C@H](c3ccc4ccccc4c3-c3nccc4ccccc34)C2)OC1(C)C,s41467-024-55161-6,128,[2H]C(Cl)(Cl)Cl,36.1
(Z)-3c,COCCCC[C@]1(B2OC(C)(C)C(C)(C)O2)C[C@@H](c2ccc3ccccc3c2-c2nccc3ccccc23)C1,s41467-024-55161-6,160,[2H]C(Cl)(Cl)Cl,35.3
(4zz),C=CCC[C@]1(B2OC(C)(C)C(C)(C)O2)C[C@@H](c2ccc3ccccc3c2-c2nccc3ccccc23)C1,s41467-024-55161-6,128,[2H]C(Cl)(Cl)Cl,36.4
(4zza),COC(=O)CC[C@]1(B2OC(C)(C)C(C)(C)O2)C[C@@H](c2ccc3ccccc3c2-c2nccc3ccccc23)C1,s41467-024-55161-6,128,[2H]C(Cl)(Cl)Cl,35.6
(4zzb),CN(C(=O)CCC[C@]1(B2OC(C)(C)C(C)(C)O2)C[C@@H](c2ccc3ccccc3c2-c2nccc3ccccc23)C1)c1ccccc1,s41467-024-55161-6,160,[2H]C(Cl)(Cl)Cl,36
(4zzc),CC1(C)OB([C@]2(C3CC3)C[C@H](c3ccc4ccccc4c3-c3nccc4ccccc34)C2)OC1(C)C,s41467-024-55161-6,128,[2H]C(Cl)(Cl)Cl,34.4
(4zzd),CC1(C)OB([C@]2(C3CCC3)C[C@@H](c3ccc4ccccc4c3-c3nccc4ccccc34)C2)OC1(C)C,s41467-024-55161-6,128,[2H]C(Cl)(Cl)Cl,35.2
(4zze),CC1(C)OB([C@]2(C3CCCC3)C[C@H](c3ccc4ccccc4c3-c3nccc4ccccc34)C2)OC1(C)C,s41467-024-55161-6,128,[2H]C(Cl)(Cl)Cl,35.5
(4zzf),CC(C)(C)OC(=O)N1CCC([C@]2(B3OC(C)(C)C(C)(C)O3)C[C@@H](c3ccc4ccccc4c3-c3nccc4ccccc34)C2)CC1,s41467-024-55161-6,128,[2H]C(Cl)(Cl)Cl,37.8
(4zzg),CC1(C)OB(C2(B3OC(C)(C)C(C)(C)O3)CC(c3ccc4ccccc4c3-c3nccc4ccccc34)C2)OC1(C)C,s41467-024-55161-6,128,[2H]C(Cl)(Cl)Cl,33.1
(4zzj),CC1(C)OB([C@]2(c3ccco3)C[C@H](c3ccc4ccccc4c3-c3nccc4ccccc34)C2)OC1(C)C,s41467-024-55161-6,128,[2H]C(Cl)(Cl)Cl,33.8
(4zzk),CC1(C)OB([C@]2(c3ccoc3)C[C@H](c3ccc4ccccc4c3-c3nccc4ccccc34)C2)OC1(C)C,s41467-024-55161-6,160,[2H]C(Cl)(Cl)Cl,34.4
9,CC1(C)OB(C[C@]2(c3ccccc3)C[C@H](c3ccc4ccccc4c3-c3nccc4ccccc34)C2)OC1(C)C,s41467-024-55161-6,128,[2H]C(Cl)(Cl)Cl,34.2
6,CC1(C)OB([Si@@](CCCc2ccc3ccc4cccc5ccc2c3c45)(c2ccccc2)C(C)(C)C)OC1(C)C,s41467-024-55592-1,128,[2H]C(Cl)(Cl)Cl,34.34
10r,COc1ccc(CN2CCc3ccccc3[C@@H]2CB2Nc3cccc4cccc(c34)N2)cc1,s41467-025-61736-8,193,[2H]C(Cl)(Cl)Cl,31.6
3e,CCCCC[C@@H](CCCc1ccc(Br)cc1)B1OC(C)(C)C(C)(C)O1,s41557-020-00576-z,128,[2H]C(Cl)(Cl)Cl,33.59
,CCCCC[C@@H](CCCc1ccccc1)B1OC(C)(C)C(C)(C)O1,s41557-020-00576-z,128,[2H]C(Cl)(Cl)Cl,34.23
11,CC(C)C[C@@H](CCO[Si](c1ccccc1)(c1ccccc1)C(C)(C)C)CB1OC(C)(C)C(C)(C)O1,s41557-020-00576-z,128,[2H]C(Cl)(Cl)Cl,35.12
3c,CCCCC[C@@H](CCCOc1ccccc1)B1OC(C)(C)C(C)(C)O1,s41557-020-00576-z,128,[2H]C(Cl)(Cl)Cl,34.21
3d,CCCCC[C@@H](CCCC(=O)c1ccccc1)B1OC(C)(C)C(C)(C)O1,s41557-020-00576-z,128,[2H]C(Cl)(Cl)Cl,34.08
3f,CCCCC[C@@H](CCCOC(=O)c1ccc(Cl)cc1)B1OC(C)(C)C(C)(C)O1,s41557-020-00576-z,128,[2H]C(Cl)(Cl)Cl,35.76
3g,CCCCC[C@@H](CCCOC(=O)c1ccc(I)cc1)B1OC(C)(C)C(C)(C)O1,s41557-020-00576-z,128,[2H]C(Cl)(Cl)Cl,36.03
3h,CCCCCC(CCCN(Cc1ccccc1)C(=O)[O-])B1OC(C)(C)C(C)(C)O1,s41557-020-00576-z,128,[2H]C(Cl)(Cl)Cl,34.46
3i,CCCCC[C@@H](CCCN1C(=O)c2ccccc2C1=O)B1OC(C)(C)C(C)(C)O1,s41557-020-00576-z,128,[2H]C(Cl)(Cl)Cl,35.88
3j,CCCCC[C@@H](CCCc1ccc(O)cc1)B1OC(C)(C)C(C)(C)O1,s41557-020-00576-z,128,[2H]C(Cl)(Cl)Cl,36.02
3k,CCCCC[C@@H](CCCOC(=O)c1ccco1)B1OC(C)(C)C(C)(C)O1,s41557-020-00576-z,128,[2H]C(Cl)(Cl)Cl,35.39
3l,CCCCC[C@@H](CCCOC(=O)c1cccs1)B1OC(C)(C)C(C)(C)O1,s41557-020-00576-z,128,[2H]C(Cl)(Cl)Cl,35.35
3m,CCCCCC(CCCn1cc(C(=O)OC)c2ccccc21)B1OC(C)(C)C(C)(C)O1,s41557-020-00576-z,128,[2H]C(Cl)(Cl)Cl,35.39
3n,CCCCCC(CC1CCN(C(=O)OCc2ccccc2)CC1)B1OC(C)(C)C(C)(C)O1,s41557-020-00576-z,128,[2H]C(Cl)(Cl)Cl,35.84
3o,COC(=O)CCCCC(CCCCc1ccccc1)B1OC(C)(C)C(C)(C)O1,s41557-020-00576-z,128,[2H]C(Cl)(Cl)Cl,33.7
3p,CC1(C)OB([C@H](CCCCOc2ccccc2)CCCCc2ccccc2)OC1(C)C,s41557-020-00576-z,128,[2H]C(Cl)(Cl)Cl,33.72
4c,CC1(C)OB([C@@H](CCCCc2ccccc2)C2CCCCCCC2)OC1(C)C,s41557-020-00576-z,128,[2H]C(Cl)(Cl)Cl,33.82
4d,CC1(C)OB([C@@H](CCCCc2ccccc2)C2Cc3ccccc3C2)OC1(C)C,s41557-020-00576-z,128,[2H]C(Cl)(Cl)Cl,33.68
4e,CC1(C)OB([C@@H](CCCCc2ccccc2)C2CCOCC2)OC1(C)C,s41557-020-00576-z,128,[2H]C(Cl)(Cl)Cl,33.62
4g,CC1(C)OB([C@@H](CCCCc2ccccc2)C2CCC3(CC2)OCCO3)OC1(C)C,s41557-020-00576-z,128,[2H]C(Cl)(Cl)Cl,35.38
4h,CC1(C)OB([C@@H](CCCCc2ccccc2)C2COC2)OC1(C)C,s41557-020-00576-z,128,[2H]C(Cl)(Cl)Cl,33.49
4i,CC(C)(C)OC(=O)N1CC(C(CCCCc2ccccc2)B2OC(C)(C)C(C)(C)O2)C1,s41557-020-00576-z,128,[2H]C(Cl)(Cl)Cl,35.28
4j,CCC(C)[C@H](CCCCc1ccccc1)B1OC(C)(C)C(C)(C)O1,s41557-020-00576-z,128,[2H]C(Cl)(Cl)Cl,33.67
4k,CC(CCc1ccccc1)[C@H](CCCCc1ccccc1)B1OC(C)(C)C(C)(C)O1,s41557-020-00576-z,128,[2H]C(Cl)(Cl)Cl,34.61
4l,CC1(C)OB([C@@H](CCCCc2ccccc2)C2CCOC2)OC1(C)C,s41557-020-00576-z,128,[2H]C(Cl)(Cl)Cl,32.74
(+)5b,COC(=O)CCCC[C@@H](CCCc1ccc(OC)cc1)B1OC(C)(C)C(C)(C)O1,s41557-020-00576-z,128,[2H]C(Cl)(Cl)Cl,36.32
(+) 5f,COc1ccc(CCC[C@H](CCCO[Si](C)(C)C(C)(C)C)B2OC(C)(C)C(C)(C)O2)cc1,s41557-020-00576-z,128,[2H]C(Cl)(Cl)Cl,33.63
(+) 5g,COc1ccc(CCC[C@H](CC2CCCCC2)B2OC(C)(C)C(C)(C)O2)cc1,s41557-020-00576-z,128,[2H]C(Cl)(Cl)Cl,34.31
5h,COc1ccc(CCC[C@H](C)B2OC(C)(C)C(C)(C)O2)cc1,s41557-020-00576-z,128,[2H]C(Cl)(Cl)Cl,34.31
5i,COc1ccc(CCC[C@H](B2OC(C)(C)C(C)(C)O2)C(C)C)cc1,s41557-020-00576-z,128,[2H]C(Cl)(Cl)Cl,34.85
6a,CC1(C)[C@H]2CC=C(CC[C@H](CCCCc3ccccc3)B3OC(C)(C)C(C)(C)O3)[C@@H]1C2,s41557-020-00576-z,128,[2H]C(Cl)(Cl)Cl,35.26
6b,COc1ccc2cc([C@H](C)C(=O)OCCCC(CCCCc3ccccc3)B3OC(C)(C)C(C)(C)O3)ccc2c1,s41557-020-00576-z,128,[2H]C(Cl)(Cl)Cl,36.03
6c,Cc1ccc(C)c(OCCCC(C)(C)C(=O)OCCC[C@H](CCCCc2ccccc2)B2OC(C)(C)C(C)(C)O2)c1,s41557-020-00576-z,128,[2H]C(Cl)(Cl)Cl,34.07
6d,C[C@H](CCC[C@H](CCCCCOc1ccccc1)B1OC(C)(C)C(C)(C)O1)[C@H]1CC[C@H]2[C@@H]3CC[C@@H]4C[C@H](O[Si](C)(C)C(C)(C)C)CC[C@]4(C)[C@H]3CC[C@]12C,s41557-020-00576-z,128,[2H]C(Cl)(Cl)Cl,37.9
6e,CC1(C)OB([C@@H](CCCCc2ccccc2)CCCOC(=O)COc2ccc(Cl)cc2Cl)OC1(C)C,s41557-020-00576-z,128,[2H]C(Cl)(Cl)Cl,34.13
6f,CC1(C)OB([C@@H](CCCCc2ccccc2)CCCOC(=O)Cc2ccc3c(c2)C(=O)c2ccccc2CO3)OC1(C)C,s41557-020-00576-z,128,[2H]C(Cl)(Cl)Cl,35.7
6g,COc1ccc2c(c1)c(CC(=O)OCCC[C@H](CCCCCOc1ccccc1)B1OC(C)(C)C(C)(C)O1)c(C)n2C(=O)c1ccc(Cl)cc1,s41557-020-00576-z,128,[2H]C(Cl)(Cl)Cl,36.5
(-) 6h,CCCN(CCC)S(=O)(=O)c1ccc(C(=O)OCCC[C@H](CCCCc2ccccc2)B2OC(C)(C)C(C)(C)O2)cc1,s41557-020-00576-z,128,[2H]C(Cl)(Cl)Cl,35.11
(+) 6i,COc1ccc(-c2ccc3cc(C(=O)OCCC[C@H](CCCCc4ccccc4)B4OC(C)(C)C(C)(C)O4)ccc3c2)cc1C12C[C@H]3C[C@@H](C1)C[C@@H](C2)C3,s41557-020-00576-z,128,[2H]C(Cl)(Cl)Cl,34.12
3s,CC[C@@H](CCCc1ccc(OC)cc1)B1OC(C)(C)C(C)(C)O1,s41557-020-00576-z,128,[2H]C(Cl)(Cl)Cl,35.15
3t,CCC[C@@H](CCCc1ccc(OC)cc1)B1OC(C)(C)C(C)(C)O1,s41557-020-00576-z,128,[2H]C(Cl)(Cl)Cl,35.15
3b,CCCCC[C@@H](CCCc1ccc(OC)cc1)B1OC(C)(C)C(C)(C)O1,s41557-020-00576-z,128,[2H]C(Cl)(Cl)Cl,34
4b,CC1(C)OB([C@@H](CCCCc2ccccc2)C2CCCCC2)OC1(C)C,s41557-020-00576-z,128,[2H]C(Cl)(Cl)Cl,34.18
5c,COc1ccc(CCC[C@H](CCCCOC(C)=O)B2OC(C)(C)C(C)(C)O2)cc1,s41557-020-00576-z,128,[2H]C(Cl)(Cl)Cl,33.78
1a,CCCC#C[B-](c1ccccc1)(c1ccccc1)c1ccccc1.C[N+](C)(C)C,s41557-023-01396-7,160,[2H]C([2H])([2H])S(=O)C([2H])([2H])[2H],-13.4
1b,CCCCC#C[B-](c1ccccc1)(c1ccccc1)c1ccccc1.C[N+](C)(C)C,s41557-023-01396-7,128,[2H]C([2H])([2H])S(=O)C([2H])([2H])[2H],-12.4
1c,CCCCCCC#C[B-](c1ccccc1)(c1ccccc1)c1ccccc1.C[N+](C)(C)C,s41557-023-01396-7,128,[2H]C([2H])([2H])S(=O)C([2H])([2H])[2H],-12.4
1d,C(#C[B-](c1ccccc1)(c1ccccc1)c1ccccc1)CC1CCCCC1.C[N+](C)(C)C,s41557-023-01396-7,128,[2H]C([2H])([2H])S(=O)C([2H])([2H])[2H],-12.4
1e,C(#C[B-](c1ccccc1)(c1ccccc1)c1ccccc1)C1CC1.C[N+](C)(C)C,s41557-023-01396-7,128,[2H]C([2H])([2H])S(=O)C([2H])([2H])[2H],-12.6
1f,C(#C[B-](c1ccccc1)(c1ccccc1)c1ccccc1)CCc1ccccc1.C[N+](C)(C)C,s41557-023-01396-7,128,[2H]C([2H])([2H])S(=O)C([2H])([2H])[2H],-12.5
1g,C(#C[B-](c1ccccc1)(c1ccccc1)c1ccccc1)CCCOc1ccccc1.C[N+](C)(C)C,s41557-023-01396-7,160,[2H]C([2H])([2H])S(=O)C([2H])([2H])[2H],-13.4
1h,C[N+](C)(C)C.Cc1ccc(OCCCC#C[B-](c2ccccc2)(c2ccccc2)c2ccccc2)cc1,s41557-023-01396-7,128,[2H]C([2H])([2H])S(=O)C([2H])([2H])[2H],-12.4
1i,CCc1ccc(OCCCC#C[B-](c2ccccc2)(c2ccccc2)c2ccccc2)cc1.C[N+](C)(C)C,s41557-023-01396-7,128,[2H]C([2H])([2H])S(=O)C([2H])([2H])[2H],-12.4
1j,CC(C)(C)c1ccc(OCCCC#C[B-](c2ccccc2)(c2ccccc2)c2ccccc2)cc1.C[N+](C)(C)C,s41557-023-01396-7,128,[2H]C([2H])([2H])S(=O)C([2H])([2H])[2H],-12.4
1k,COc1ccc(OCCCC#C[B-](c2ccccc2)(c2ccccc2)c2ccccc2)cc1.C[N+](C)(C)C,s41557-023-01396-7,128,[2H]C([2H])([2H])S(=O)C([2H])([2H])[2H],-12.5
1l,C[N+](C)(C)C.Fc1ccc(OCCCC#C[B-](c2ccccc2)(c2ccccc2)c2ccccc2)cc1,s41557-023-01396-7,128,[2H]C([2H])([2H])S(=O)C([2H])([2H])[2H],-12.4
1m,C[N+](C)(C)C.Clc1ccc(OCCCC#C[B-](c2ccccc2)(c2ccccc2)c2ccccc2)cc1,s41557-023-01396-7,160,[2H]C([2H])([2H])S(=O)C([2H])([2H])[2H],-13.3
1n,COc1ccccc1OCCCC#C[B-](c1ccccc1)(c1ccccc1)c1ccccc1.C[N+](C)(C)C,s41557-023-01396-7,128,[2H]C([2H])([2H])S(=O)C([2H])([2H])[2H],-12.4
1o,CCOc1ccc(OCCCC#C[B-](c2ccccc2)(c2ccccc2)c2ccccc2)cc1.C[N+](C)(C)C,s41557-023-01396-7,128,[2H]C([2H])([2H])S(=O)C([2H])([2H])[2H],-12.4
1p,C[N+](C)(C)C.Cc1cc(C)cc(OCCCC#C[B-](c2ccccc2)(c2ccccc2)c2ccccc2)c1,s41557-023-01396-7,128,[2H]C([2H])([2H])S(=O)C([2H])([2H])[2H],-12.4
1q,C[N+](C)(C)C.Cc1ccc(OCCCC#C[B-](c2ccccc2)(c2ccccc2)c2ccccc2)c(C)c1,s41557-023-01396-7,128,[2H]C([2H])([2H])S(=O)C([2H])([2H])[2H],-12.5
1r,C[N+](C)(C)C.Cc1cc(OCCCC#C[B-](c2ccccc2)(c2ccccc2)c2ccccc2)cc(C)c1Cl,s41557-023-01396-7,128,[2H]C([2H])([2H])S(=O)C([2H])([2H])[2H],-12.4
1s,C(#C[B-](c1ccccc1)(c1ccccc1)c1ccccc1)CCCOc1ccc2ccccc2c1.C[N+](C)(C)C,s41557-023-01396-7,128,[2H]C([2H])([2H])S(=O)C([2H])([2H])[2H],-12.4
1t,C(#C[B-](c1ccccc1)(c1ccccc1)c1ccccc1)CCCOCc1ccccc1.C[N+](C)(C)C,s41557-023-01396-7,160,[2H]C([2H])([2H])S(=O)C([2H])([2H])[2H],-13.4
1u,C[N+](C)(C)C.Cc1cn(CCCC#C[B-](c2ccccc2)(c2ccccc2)c2ccccc2)c2ccccc12,s41557-023-01396-7,160,[2H]C([2H])([2H])S(=O)C([2H])([2H])[2H],-8.5
1v,C[N+](C)(C)C.Cc1ccc(SCCCC#C[B-](c2ccccc2)(c2ccccc2)c2ccccc2)cc1,s41557-023-01396-7,128,[2H]C([2H])([2H])S(=O)C([2H])([2H])[2H],-12.4
1w,C[N+](C)(C)C.Fc1ccc(SCCC#C[B-](c2ccccc2)(c2ccccc2)c2ccccc2)cc1,s41557-023-01396-7,160,[2H]C([2H])([2H])S(=O)C([2H])([2H])[2H],-13.4
1x,C[N+](C)(C)C.Clc1cccc(SCCCC#C[B-](c2ccccc2)(c2ccccc2)c2ccccc2)c1,s41557-023-01396-7,160,[2H]C([2H])([2H])S(=O)C([2H])([2H])[2H],-13.4
1y,C(#C[B-](c1ccccc1)(c1ccccc1)c1ccccc1)CCCSc1ccc2ccccc2c1.C[N+](C)(C)C,s41557-023-01396-7,128,[2H]C([2H])([2H])S(=O)C([2H])([2H])[2H],-12.4
1z,C[N+](C)(C)C.Cc1cc(OCCCC#C[B-](c2ccccc2)(c2ccccc2)c2ccccc2)cc(C)c1Br,s41557-023-01396-7,128,[2H]C([2H])([2H])S(=O)C([2H])([2H])[2H],-12.5
S-20a,CCN(CC)C1=NC=CC(B2OC(C)(C)C(C)(C)O2)=CC1,s41557-023-01429-1,192,[2H]C(Cl)(Cl)Cl,30.5
20b,CC1(C)OB(C2CCCN(C(=O)C(F)(F)F)CC2)OC1(C)C,s41557-023-01429-1,192,[2H]C(Cl)(Cl)Cl,34
2h,CC1(C)OB(c2ccc3c(c2)C2CCCCC2C(=O)N3)OC1(C)C,s41557-025-01857-1,160,[2H]C(Cl)(Cl)Cl,30.25
1h,CC1(C)OB(c2ccc(NC(=O)C3=CCCCC3)cc2)OC1(C)C,s41557-025-01857-1,160,[2H]C(Cl)(Cl)Cl,30.42
1m,Cc1ccccc1-n1ccnc1C(=O)CCc1ccc(B2OC(C)(C)C(C)(C)O2)cc1,s41929-023-01050-y,160,[2H]C(Cl)(Cl)Cl,30.7
15,C=C(C)[C@@]1(C)C[C@@H](C(=O)c2nccn2-c2ccccc2C)[C@@H]1c1ccc(B2OC(C)(C)C(C)(C)O2)cc1,s41929-023-01050-y,160,[2H]C(Cl)(Cl)Cl,30.8
1l,CC#CCC1(CC#CC)c2ccccc2-c2ccc(B3OC(C)(C)C(C)(C)O3)cc21,s41929-025-01352-3,128,[2H]C(Cl)(Cl)Cl,30.4
3f,CC#CC[B-]1(CC#CC)c2cc(C(C)(C)C)ccc2-c2cccc[n+]21,s41929-025-01352-3,128,[2H]C(Cl)(Cl)Cl,-0.7
3g,CC#CC[B-]1(CC#CC)c2cc(C(C)(C)C)ccc2-c2c3ccccc3cc[n+]21,s41929-025-01352-3,128,[2H]C(Cl)(Cl)Cl,-0.7
8g,Cc1nc(-c2ccc(B3OC(C)(C)C(C)(C)O3)cc2)c(C)c2c1C[C@]1(C2)c2ccccc2-c2ccc(N(c3ccccc3)c3ccccc3)cc21,s41929-025-01352-3,128,[2H]C(Cl)(Cl)Cl,-6.9
,CC1(C)OB(/C(=C(/B2OC(C)(C)C(C)(C)O2)c2ccccc2)c2ccccc2)OC1(C)C,s44160-022-00189-z,,[2H]C(Cl)(Cl)Cl,30.4;22.4
S97,CSc1cccc(/C(B2OC(C)(C)C(C)(C)O2)=C(\B2OC(C)(C)C(C)(C)O2)c2ccccc2)c1,s44160-022-00189-z,,[2H]C(Cl)(Cl)Cl,30.4;22.3
,COc1ccccc1/C(B1OC(C)(C)C(C)(C)O1)=C(\B1OC(C)(C)C(C)(C)O1)c1ccccc1,s44160-022-00189-z,,[2H]C(Cl)(Cl)Cl,30.3;22.4
S96,Cc1ccc(/C(B2OC(C)(C)C(C)(C)O2)=C(\B2OC(C)(C)C(C)(C)O2)c2ccc(C)cc2)cc1,s44160-022-00189-z,,[2H]C(Cl)(Cl)Cl,30.5
,CC1(C)OB(/C(=C(/B2OC(C)(C)C(C)(C)O2)c2cccc(F)c2)c2ccccc2)OC1(C)C,s44160-022-00189-z,,[2H]C(Cl)(Cl)Cl,30.4;22.4
,CC1(C)OB(/C(=C(/B2OC(C)(C)C(C)(C)O2)c2ccc3ccccc3c2)c2ccccc2)OC1(C)C,s44160-022-00189-z,,[2H]C(Cl)(Cl)Cl,30.6;22.4
,COc1ccccc1/C(B1OC(C)(C)C(C)(C)O1)=C(\B1OC(C)(C)C(C)(C)O1)c1ccccc1OC,s44160-022-00189-z,,[2H]C(Cl)(Cl)Cl,30.3;22.4
15,CC1(C)OB([C@H]2[C@H]3C[C@@H]4[C@H]([C@@H]3c3ccc(N5CCOCC5)cc3)[C@@H]42)OC1(C)C,s41929-025-01352-3,160,[2H]C(Cl)(Cl)Cl,33.3
16,CC1(C)OB([C@H]2[C@H]3C[C@@H]4[C@H]([C@@H]3c3ccc([N+](=O)[O-])cc3)[C@@H]42)OC1(C)C,s41929-025-01352-3,160,[2H]C(Cl)(Cl)Cl,33.3
17,CC1(C)OB([C@H]2[C@H]3C[C@@H]4[C@H]([C@@H]3c3ccc(OC(F)(F)F)cc3)[C@@H]42)OC1(C)C,s41929-025-01352-3,160,[2H]C(Cl)(Cl)Cl,33.3
18,Cc1cc(F)ccc1[C@@H]1[C@@H]2C[C@@H]3[C@H]1[C@@H]3[C@H]2B1OC(C)(C)C(C)(C)O1,s41929-025-01352-3,160,[2H]C(Cl)(Cl)Cl,33.4
19,CC1(C)OB([C@H]2[C@H]3C[C@@H]4[C@H]([C@@H]3c3ccc(O)cc3)[C@@H]42)OC1(C)C,s41929-025-01352-3,160,[2H]C(Cl)(Cl)Cl,33.4
20,CC1(C)OB([C@H]2[C@H]3C[C@@H]4[C@H]([C@@H]3c3ccsc3)[C@@H]42)OC1(C)C,s41929-025-01352-3,160,[2H]C(Cl)(Cl)Cl,33.5
21,CC1(C)OB([C@H]2[C@H]3C[C@@H]4[C@H]([C@@H]3c3cnc(N5CCCCC5)nc3)[C@@H]42)OC1(C)C,s41929-025-01352-3,160,[2H]C(Cl)(Cl)Cl,33.4
22,CC1(C)OB([C@H]2[C@H]3C[C@@H]4[C@H]([C@@H]3c3ccc5occc5c3)[C@@H]42)OC1(C)C,s41929-025-01352-3,160,[2H]C(Cl)(Cl)Cl,33.5
23,Cn1ccc2cc([C@@H]3[C@@H]4C[C@@H]5[C@H]3[C@@H]5[C@H]4B3OC(C)(C)C(C)(C)O3)ccc21,s41929-025-01352-3,160,[2H]C(Cl)(Cl)Cl,33.6
24,CC(C)=C[C@@H]1[C@@H]2C[C@@H]3[C@H]1[C@@H]3[C@H]2B1OC(C)(C)C(C)(C)O1,s41929-025-01352-3,160,[2H]C(Cl)(Cl)Cl,33.5
Compound 25,CC1(C)OB([C@H]2[C@H]3C[C@@H]4[C@H]([C@@H]3CC=Cc3ccccc3)[C@@H]42)OC1(C)C,s41929-025-01352-3,160,[2H]C(Cl)(Cl)Cl,33.7
SI-4,CC1(C)OB([C@@H]2[C@@H]3C[C@H]([C@@H]2B2OC(C)(C)C(C)(C)O2)[C@H]2c4ccccc4[C@@H]32)OC1(C)C,s41929-025-01352-3,160,[2H]C(Cl)(Cl)Cl,33.9
"(1R,4S,5S,6R)-5,6-bis(4,4,5,5-tetramethyl-1,3,2-dioxaborolan-2-yl)bicyclo[2.2.1]hept-2-ene",CC1(C)OB([C@@H]2[C@H](B3OC(C)(C)C(C)(C)O3)[C@H]3C=C[C@@H]2C3)OC1(C)C,s41929-025-01352-3,160,[2H]C(Cl)(Cl)Cl,34.4
Compound 7,COc1ccc([C@@H]2[C@@H]3C[C@@H]4[C@H]2[C@@H]4[C@H]3B2OC(C)(C)C(C)(C)O2)cc1,s41929-025-01352-3,160,[2H]C(Cl)(Cl)Cl,33.5
Compound 8,CC1(C)OB([C@H]2[C@H]3C[C@@H]4[C@H]([C@@H]3c3ccc(C#N)cc3)[C@@H]42)OC1(C)C,s41929-025-01352-3,160,[2H]C(Cl)(Cl)Cl,33.3
Compound 9,CC1(C)OB([C@H]2[C@H]3C[C@@H]4[C@H]([C@@H]3c3ccccc3)[C@@H]42)OC1(C)C,s41929-025-01352-3,160,[2H]C(Cl)(Cl)Cl,33.6
Compound 10,CC1(C)OB([C@H]2[C@H]3C[C@@H]4[C@H]([C@@H]3c3cccc(OCc5ccccc5)c3)[C@@H]42)OC1(C)C,s41929-025-01352-3,160,[2H]C(Cl)(Cl)Cl,33.4
Compound 11,COC(=O)c1ccc([C@@H]2[C@@H]3C[C@@H]4[C@H]2[C@@H]4[C@H]3B2OC(C)(C)C(C)(C)O2)cc1,s41929-025-01352-3,160,[2H]C(Cl)(Cl)Cl,33.6
Compound 12,CC1(C)OB([C@H]2[C@H]3C[C@@H]4[C@H]([C@@H]3c3ccc(C(F)(F)F)cc3)[C@@H]42)OC1(C)C,s41929-025-01352-3,160,[2H]C(Cl)(Cl)Cl,33.3
Compound 13,CC1(C)OB([C@H]2[C@H]3C[C@@H]4[C@H]([C@@H]3c3ccc(N)cc3)[C@@H]42)OC1(C)C,s41929-025-01352-3,160,[2H]C(Cl)(Cl)Cl,33.4
Compound 14,COC(=O)c1cc([C@@H]2[C@@H]3C[C@@H]4[C@H]2[C@@H]4[C@H]3B2OC(C)(C)C(C)(C)O2)co1,s41929-025-01352-3,160,[2H]C(Cl)(Cl)Cl,33.4
(Z)-3c,COCCc1nc(C)c2c(c1C)C[B@-]1(C2)c2cc(N(c3ccccc3)c3ccccc3)ccc2-c2cccc[n+]21,s41929-025-01352-3,128,[2H]C([2H])(Cl)Cl,5.3
(Z)-3c,CCCCc1nc(C)c2c(c1C)C[B-]1(C2)c2cc(C(C)(C)C)ccc2C2c3ccccc3C=C[N@@H+]21,s41929-025-01352-3,128,[2H]C(Cl)(Cl)Cl,3.3
(Z)-3c,C=CC1=C2C[B-]3(CC2=C(C=C)[C@@H](c2ccc(C(F)(F)F)cc2)N1)n1cccc1-c1ccc(-c2ccccc2)c[n+]13,s41929-025-01352-3,128,[2H]C([2H])(Cl)Cl,7.4
(Z)-3c,CC(C)(C)c1cc(C(C)(C)C)n2c1-c1cccc[n+]1[B-]21Cc2cnc(-c3ccccc3)cc2C1,s41929-025-01352-3,128,[2H]C([2H])(Cl)Cl,5.9
,C#CC[B-]1(CC#C)c2ccccc2-c2ccc(N3CCCCCC3)c[n+]21,s41929-025-01352-3,128,[2H]C(Cl)(Cl)Cl,-1
,C#CC[B-]1(CC#C)c2ccccc2-c2ccc(N(CCCC)CCCC)c[n+]21,s41929-025-01352-3,128,[2H]C(Cl)(Cl)Cl,-0.85
,C#CC[B-]1(CC#C)c2cc(C(C)(C)C)ccc2-c2cccc[n+]21,s41929-025-01352-3,128,[2H]C(Cl)(Cl)Cl,-1
,C#CC[B-]1(CC#C)n2cccc2-c2ccc(-c3ccccc3)c[n+]21,s41929-025-01352-3,128,[2H]C(Cl)(Cl)Cl,1.65
,C#CC[B-]1(CC#C)n2c(C(C)(C)C)cc(C(C)(C)C)c2-c2cccc[n+]21,s41929-025-01352-3,128,[2H]C(Cl)(Cl)Cl,1.33
(S)-19b,CC1(C)OB(C[C@@](C)(CCC2CCCCC2)/C(=N/N2CCCCC2)C(F)(F)F)OC1(C)C,10-1007_s11426-024-2106-3,128,[2H]C(Cl)(Cl)Cl,33.6
(R)-27b,COc1cccc(CCC[C@@](C)(CB2OC(C)(C)C(C)(C)O2)/C(=N/N2CCCCC2)C(F)(F)F)c1,10-1007_s11426-024-2106-3,128,[2H]C(Cl)(Cl)Cl,33.8
7a,CCCCCCN(CCCCCC)C(=O)c1ccccc1B1OC(C)(C)C(C)(C)O1,10-1038_NCHEM-2322,130,[2H]C(Cl)(Cl)Cl,32.9
6k,CN(C)C(=O)c1cc(B2OC(C)(C)C(C)(C)O2)cc(B2OC(C)(C)C(C)(C)O2)c1,10-1038_NCHEM-2322,130,[2H]C(Cl)(Cl)Cl,30.6
6hh,CCN(CC)P(=O)(c1cc(B2OC(C)(C)C(C)(C)O2)cc(B2OC(C)(C)C(C)(C)O2)c1)N(CC)CC,10-1038_NCHEM-2322,130,[2H]C(Cl)(Cl)Cl,31.5
7l,CC1(C)OB(c2cc(B3OC(C)(C)C(C)(C)O3)cc(C(=O)N3CCCCC3)c2)OC1(C)C,10-1038_NCHEM-2322,130,[2H]C(Cl)(Cl)Cl,30.8
7n,CCCCCCN(CCCCCC)C(=O)c1sc(B2OC(C)(C)C(C)(C)O2)cc1B1OC(C)(C)C(C)(C)O1,10-1038_NCHEM-2322,130,[2H]C(Cl)(Cl)Cl,31.3
6o,CCCCCCN(CCCCCC)C(=O)c1cccc(B2OC(C)CC(C)(C)O2)c1C(F)(F)F,10-1038_NCHEM-2322,130,[2H]C(Cl)(Cl)Cl,26.2
6p,CCCCCCN(CCCCCC)C(=O)c1cccc(F)c1B1OC(C)(C)C(C)(C)O1,10-1038_NCHEM-2322,130,[2H]C(Cl)(Cl)Cl,30
7v,CCCCCCN(CCCCCC)C(=O)c1ccc(B2OC(C)(C)C(C)(C)O2)s1,10-1038_NCHEM-2322,130,[2H]C(Cl)(Cl)Cl,28.6
7cc,CCOP(=O)(OCC)c1cc(B2OC(C)(C)C(C)(C)O2)cc(B2OC(C)(C)C(C)(C)O2)c1,10-1038_NCHEM-2322,130,[2H]C(Cl)(Cl)Cl,31
7hh,CC1(C)OB(c2cc(B3OC(C)(C)C(C)(C)O3)cc(P(N)(N)=O)c2)OC1(C)C,10-1038_NCHEM-2322,130,[2H]C(Cl)(Cl)Cl,31.3
6b,CCCCCCN(CCCCCC)C(=O)c1cccc(B2OC(C)(C)C(C)(C)O2)c1OC,10-1038_NCHEM-2322,130,[2H]C(Cl)(Cl)Cl,31.9
6c,CCCCCCN(CCCCCC)C(=O)c1cccc(B2OC(C)(C)C(C)(C)O2)c1C,10-1038_NCHEM-2322,130,[2H]C(Cl)(Cl)Cl,30.5
6d,CCCCCCN(CCCCCC)C(=O)c1cccc(B2OC(C)(C)C(C)(C)O2)c1Br,10-1038_NCHEM-2322,130,[2H]C(Cl)(Cl)Cl,30
6e,CCCCCCN(CCCCCC)C(=O)c1cccc(B2OC(C)(C)C(C)(C)O2)c1Cl,10-1038_NCHEM-2322,130,[2H]C(Cl)(Cl)Cl,32.1
6f,CCCCCCN(CCCCCC)C(=O)c1cccc(B2OC(C)(C)C(C)(C)O2)c1C(F)(F)F,10-1038_NCHEM-2322,130,[2H]C(Cl)(Cl)Cl,30.5
6g,CCCCCCN(CCCCCC)C(=O)c1cccc(B2OC(C)(C)C(C)(C)O2)c1OC(F)(F)F,10-1038_NCHEM-2322,130,[2H]C(Cl)(Cl)Cl,30.2
6h,CCCCCCN(CCCCCC)C(=O)c1cc(B2OC(C)(C)C(C)(C)O2)ccc1C(=O)OC,10-1038_NCHEM-2322,130,[2H]C(Cl)(Cl)Cl,29.6
6l,CC1(C)OB(c2cccc(C(=O)N3CCCCC3)c2)OC1(C)C,10-1038_NCHEM-2322,130,[2H]C(Cl)(Cl)Cl,30.8
6m,CC1(C)OB(c2cc(B3OC(C)(C)C(C)(C)O3)cc(C(=O)N3CCOCC3)c2)OC1(C)C,10-1038_NCHEM-2322,130,[2H]C(Cl)(Cl)Cl,30.8
6q,CCCCCCN(CCCCCC)C(=O)c1cc(Br)cc(B2OC(C)(C)C(C)(C)O2)c1,10-1038_NCHEM-2322,130,[2H]C(Cl)(Cl)Cl,30.7
6r,CCCCCCN(CCCCCC)C(=O)c1cc(B2OC(C)(C)C(C)(C)O2)cc(-c2ccccc2)c1,10-1038_NCHEM-2322,130,[2H]C(Cl)(Cl)Cl,32.5
6s,CCCCCCN(CCCCCC)C(=O)c1cc(C#N)cc(B2OC(C)(C)C(C)(C)O2)c1,10-1038_NCHEM-2322,130,[2H]C(Cl)(Cl)Cl,30.3
6t,CCCCCCN(CCCCCC)C(=O)c1cc(B2OC(C)(C)C(C)(C)O2)cc(Cl)c1Cl,10-1038_NCHEM-2322,130,[2H]C(Cl)(Cl)Cl,30.4
6u,CCCCCCN(CCCCCC)C(=O)c1cc(B2OC(C)(C)C(C)(C)O2)cc(C(F)(F)F)c1F,10-1038_NCHEM-2322,130,[2H]C(Cl)(Cl)Cl,30.1
6w,CCCCCCN(CCCCCC)C(=O)c1ccc(B2OC(C)(C)C(C)(C)O2)[nH]1,10-1038_NCHEM-2322,130,[2H]C(Cl)(Cl)Cl,28.3
6y,CCCCCCN(CCCCCC)C(=O)c1cc2cccc(B3OC(C)(C)C(C)(C)O3)c2[nH]1,10-1038_NCHEM-2322,130,[2H]C(Cl)(Cl)Cl,31.2
6z,CN(C)C(=O)c1ncccc1B1OC(C)(C)C(C)(C)O1,10-1038_NCHEM-2322,130,[2H]C(Cl)(Cl)Cl,30.6
6aa,CCOC(=O)c1ncccc1B1OC(C)(C)C(C)(C)O1,10-1038_NCHEM-2322,130,[2H]C(Cl)(Cl)Cl,30.5
6bb,CCOC(=O)Cc1ncccc1B1OC(C)(C)C(C)(C)O1,10-1038_NCHEM-2322,130,[2H]C(Cl)(Cl)Cl,30.9
6cc,CCOP(=O)(OCC)c1ccccc1B1OC(C)(C)C(C)(C)O1,10-1038_NCHEM-2322,130,[2H]C(Cl)(Cl)Cl,30.7
6dd,CCOP(=O)(OCC)c1cc(B2OC(C)(C)C(C)(C)O2)ccc1OC,10-1038_NCHEM-2322,130,[2H]C(Cl)(Cl)Cl,30.7
6ee,CCOP(=O)(OCC)c1cc(B2OC(C)(C)C(C)(C)O2)ccc1C,10-1038_NCHEM-2322,130,[2H]C(Cl)(Cl)Cl,30.9
6ff,CCOP(=O)(OCC)c1cc(B2OC(C)(C)C(C)(C)O2)ccc1Br,10-1038_NCHEM-2322,130,[2H]C(Cl)(Cl)Cl,30.9
6ii,CC1(C)OB(c2cccc(P(=O)(C3CCCCC3)C3CCCCC3)c2)OC1(C)C,10-1038_NCHEM-2322,130,[2H]C(Cl)(Cl)Cl,30.9
7ii,CC1(C)OB(c2cc(B3OC(C)(C)C(C)(C)O3)cc(P(=O)(C3CCCCC3)C3CCCCC3)c2)OC1(C)C,10-1038_NCHEM-2322,130,[2H]C(Cl)(Cl)Cl,31.2
6jj,COc1c(P=O)cc(B2OC(C)(C)C(C)(C)O2)c(C2CCCCC2)c1C1CCCCC1,10-1038_NCHEM-2322,130,[2H]C(Cl)(Cl)Cl,29.8
6kk,CC1(C)OB(c2ccc(Cl)c(P(=O)(C3CCCCC3)C3CCCCC3)c2)OC1(C)C,10-1038_NCHEM-2322,130,[2H]C(Cl)(Cl)Cl,30.5
6a,CCCCCCN(CCCCCC)C(=O)c1cccc(B2OC(C)(C)C(C)(C)O2)c1,10-1038_NCHEM-2322,130,[2H]C(Cl)(Cl)Cl,30.2
6a_para,CCCCCCN(CCCCCC)C(=O)c1ccc(B2OC(C)(C)C(C)(C)O2)cc1,10-1038_NCHEM-2322,130,[2H]C(Cl)(Cl)Cl,29.9
(3u),COc1ccc2ccccc2c1B1C(/C=C/c2ccccc2)=Cc2ccccc2N1Cc1ccccc1,10-1038_s41467-023-40164-6,128,[2H]C(Cl)(Cl)Cl,41.4
(3v),C=C(C1=Cc2ccccc2N(Cc2ccccc2)B1c1c(OC)ccc2ccccc12)c1ccccc1,10-1038_s41467-023-40164-6,128,[2H]C(Cl)(Cl)Cl,40.6
(3w),C=C(C)C1=Cc2ccccc2N(Cc2ccccc2)B1c1c(OC)ccc2ccccc12,10-1038_s41467-023-40164-6,128,[2H]C(Cl)(Cl)Cl,39.8
(3x),COc1cccc(C2=Cc3cc(OC)ccc3N(Cc3ccccc3)B2c2c(OC)ccc3ccccc23)c1,10-1038_s41467-023-40164-6,128,[2H]C(Cl)(Cl)Cl,40.1
(Z)-3z,COc1cccc(C2=Cc3ccc(F)cc3N(Cc3ccccc3)B2c2c(OC)ccc3ccccc23)c1,10-1038_s41467-023-40164-6,128,[2H]C(Cl)(Cl)Cl,40.7
(Z)-3aa,COc1cccc(C2=Cc3c(ccc4ccccc34)N(Cc3ccccc3)B2c2c(OC)ccc3ccccc23)c1,10-1038_s41467-023-40164-6,128,[2H]C(Cl)(Cl)Cl,40.2
1j,COc1ccc2ccccc2c1B1C(Br)=Cc2ccccc2N1Cc1cccs1,10-1038_s41467-023-40164-6,128,[2H]C(Cl)(Cl)Cl,40
2c,CC1(C)OB([Si@@](C)(c2ccccc2)C(C)(C)C)OC1(C)C,10-1038_s41467-023-41113-z,125.7,[2H]C(Cl)(Cl)Cl,34.7
2a,CC1(C)OB([Si@@](C)(c2ccccc2)c2cccc3ccccc23)OC1(C)C,10-1038_s41467-023-41113-z,125.7,[2H]C(Cl)(Cl)Cl,34.9
37,COC(=O)c1ccc(B2OC(C)(C)CC(C)(C)O2)cc1,10-1038_s41467-024-45015-6,128,[2H]C(Cl)(Cl)Cl,26.13
38,COC(=O)c1ccc(B2O[C@H]3C[C@H]4C[C@H](C4(C)C)[C@@]3(C)O2)cc1,10-1038_s41467-024-45015-6,128,[2H]C(Cl)(Cl)Cl,30.11
52,CC1(C)OB(c2ccc(C(=O)NCCN3CCOCC3)cc2)OC1(C)C,10-1038_s41467-024-45015-6,128,[2H]C(Cl)(Cl)Cl,30.59
3aA135:H171,C[SiH](C)Cc1ccccc1B1OC(C)(C)C(C)(C)O1,10-1038_s41467-024-51997-0,128,[2H]C(Cl)(Cl)Cl,31.11
3a',C[SiH](C)Cc1c(B2OC(C)(C)C(C)(C)O2)cccc1B1OC(C)(C)C(C)(C)O1,10-1038_s41467-024-51997-0,128,[2H]C(Cl)(Cl)Cl,31.35
3a-[D],[2H][Si](C)(C)Cc1ccccc1B1OC(C)(C)C(C)(C)O1,10-1038_s41467-024-51997-0,128,[2H]C(Cl)(Cl)Cl,31.15
3a'-[D],[2H][Si](C)(C)Cc1c(B2OC(C)(C)C(C)(C)O2)cccc1B1OC(C)(C)C(C)(C)O1,10-1038_s41467-024-51997-0,128,[2H]C(Cl)(Cl)Cl,31.26
"2-methoxy-4,4,5,5-tetramethyl-1,3,2-dioxaborolane",COB1OC(C)(C)C(C)(C)O1,10-1038_s41467-024-51997-0,160,[2H]C1([2H])OC([2H])([2H])C([2H])([2H])C1([2H])[2H],22.33
"2-(tert-butoxy)-4,4,5,5-tetramethyl-1,3,2-dioxaborolane",CC(C)(C)OB1OC(C)(C)C(C)(C)O1,10-1038_s41467-024-51997-0,128,[2H]C1([2H])OC([2H])([2H])C([2H])([2H])C1([2H])[2H],21.24
3b,Cc1ccc(C[SiH](C)C)c(B2OC(C)(C)C(C)(C)O2)c1,10-1038_s41467-024-51997-0,128,[2H]C(Cl)(Cl)Cl,31.19
3b',Cc1cc(B2OC(C)(C)C(C)(C)O2)c(C[SiH](C)C)c(B2OC(C)(C)C(C)(C)O2)c1,10-1038_s41467-024-51997-0,128,[2H]C(Cl)(Cl)Cl,32.05
3c,COc1ccc(C[SiH](C)C)c(B2OC(C)(C)C(C)(C)O2)c1,10-1038_s41467-024-51997-0,128,[2H]C(Cl)(Cl)Cl,30.97
3c',COc1cc(B2OC(C)(C)C(C)(C)O2)c(C[SiH](C)C)c(B2OC(C)(C)C(C)(C)O2)c1,10-1038_s41467-024-51997-0,128,[2H]C(Cl)(Cl)Cl,30.83
3d,C[SiH](C)Cc1ccc(C(C)(C)C)cc1B1OC(C)(C)C(C)(C)O1,10-1038_s41467-024-51997-0,128,[2H]C(Cl)(Cl)Cl,31.7
3d',C[SiH](C)Cc1c(B2OC(C)(C)C(C)(C)O2)cc(C(C)(C)C)cc1B1OC(C)(C)C(C)(C)O1,10-1038_s41467-024-51997-0,128,[2H]C(Cl)(Cl)Cl,32.02
3e,C[SiH](C)Cc1ccc(-c2ccccc2)cc1B1OC(C)(C)C(C)(C)O1,10-1038_s41467-024-51997-0,128,[2H]C(Cl)(Cl)Cl,31.37
3e',C[SiH](C)Cc1c(B2OC(C)(C)C(C)(C)O2)cc(-c2ccccc2)cc1B1OC(C)(C)C(C)(C)O1,10-1038_s41467-024-51997-0,128,[2H]C(Cl)(Cl)Cl,32.25
3f,C[SiH](C)Cc1ccc(C(F)(F)F)cc1B1OC(C)(C)C(C)(C)O1,10-1038_s41467-024-51997-0,128,[2H]C(Cl)(Cl)Cl,31.08
3f',C[SiH](C)Cc1c(B2OC(C)(C)C(C)(C)O2)cc(C(F)(F)F)cc1B1OC(C)(C)C(C)(C)O1,10-1038_s41467-024-51997-0,128,[2H]C(Cl)(Cl)Cl,31.67
3g,C[SiH](C)Cc1ccc(B2OC(C)(C)C(C)(C)O2)cc1B1OC(C)(C)C(C)(C)O1,10-1038_s41467-024-51997-0,128,[2H]C(Cl)(Cl)Cl,30.87
3g',C[SiH](C)Cc1c(B2OC(C)(C)C(C)(C)O2)cc(B2OC(C)(C)C(C)(C)O2)cc1B1OC(C)(C)C(C)(C)O1,10-1038_s41467-024-51997-0,128,[2H]C(Cl)(Cl)Cl,32.58
3h,Cc1ccc(B2OC(C)(C)C(C)(C)O2)c(C[SiH](C)C)c1,10-1038_s41467-024-51997-0,128,[2H]C(Cl)(Cl)Cl,31.12
3i,COc1ccc(B2OC(C)(C)C(C)(C)O2)c(C[SiH](C)C)c1,10-1038_s41467-024-51997-0,128,[2H]C(Cl)(Cl)Cl,31.14
3j,C[SiH](C)Cc1cc(C(F)(F)F)ccc1B1OC(C)(C)C(C)(C)O1,10-1038_s41467-024-51997-0,128,[2H]C(Cl)(Cl)Cl,31.08
3k,Cc1cccc(B2OC(C)(C)C(C)(C)O2)c1C[SiH](C)C,10-1038_s41467-024-51997-0,128,[2H]C(Cl)(Cl)Cl,31.61
3l,C[SiH](C)Cc1c(F)cccc1B1OC(C)(C)C(C)(C)O1,10-1038_s41467-024-51997-0,128,[2H]C(Cl)(Cl)Cl,31.13
3m,C[SiH](C)Cc1c(B2OC(C)(C)C(C)(C)O2)cccc1-c1ccccc1,10-1038_s41467-024-51997-0,128,[2H]C(Cl)(Cl)Cl,31.95
3n,C[SiH](C)Cc1c(F)cc(F)cc1B1OC(C)(C)C(C)(C)O1,10-1038_s41467-024-51997-0,128,[2H]C(Cl)(Cl)Cl,30.34
3o,Cc1cc(C)c(B2OC(C)(C)C(C)(C)O2)c(C[SiH](C)C)c1,10-1038_s41467-024-51997-0,128,[2H]C(Cl)(Cl)Cl,31.7
3p,Cc1cc(C[SiH](C)C)c(B2OC(C)(C)C(C)(C)O2)cc1C,10-1038_s41467-024-51997-0,128,[2H]C(Cl)(Cl)Cl,31.21
3q,C[SiH](C)Cc1cc2c(cc1B1OC(C)(C)C(C)(C)O1)OCO2,10-1038_s41467-024-51997-0,128,[2H]C(Cl)(Cl)Cl,30.65
3q',C[SiH](C)Cc1c(B2OC(C)(C)C(C)(C)O2)cc2c(c1B1OC(C)(C)C(C)(C)O1)OCO2,10-1038_s41467-024-51997-0,128,[2H]C(Cl)(Cl)Cl,31.32
3r,C[SiH](C)Cc1cc2ccccc2cc1B1OC(C)(C)C(C)(C)O1,10-1038_s41467-024-51997-0,128,[2H]C(Cl)(Cl)Cl,31.17
3s,C[SiH](C)Cc1c(B2OC(C)(C)C(C)(C)O2)ccc2ccccc12,10-1038_s41467-024-51997-0,128,[2H]C(Cl)(Cl)Cl,31.89
3t,C[SiH](C)Cc1cc2c3ccccc3c3ccccc3c2cc1B1OC(C)(C)C(C)(C)O1,10-1038_s41467-024-51997-0,128,[2H]C(Cl)(Cl)Cl,31.51
3u,C[SiH](C)Cc1c(B2OC(C)(C)C(C)(C)O2)cc2ccc3cccc4ccc1c2c34,10-1038_s41467-024-51997-0,128,[2H]C(Cl)(Cl)Cl,32.1
3v,COc1ccc(C[SiH](C(C)C)C(C)C)c(B2OC(C)(C)C(C)(C)O2)c1,10-1038_s41467-024-51997-0,128,[2H]C(Cl)(Cl)Cl,31.65
3v',COc1cc(B2OC(C)(C)C(C)(C)O2)c(C[SiH](C(C)C)C(C)C)c(B2OC(C)(C)C(C)(C)O2)c1,10-1038_s41467-024-51997-0,128,[2H]C(Cl)(Cl)Cl,31.78
3w,CC(C)[SiH](Cc1ccccc1B1OC(C)(C)C(C)(C)O1)C(C)C,10-1038_s41467-024-51997-0,128,[2H]C(Cl)(Cl)Cl,31.69
3w',CC(C)[SiH](Cc1c(B2OC(C)(C)C(C)(C)O2)cccc1B1OC(C)(C)C(C)(C)O1)C(C)C,10-1038_s41467-024-51997-0,128,[2H]C(Cl)(Cl)Cl,31.91
4a,CC(c1ccccc1B1OC(C)(C)C(C)(C)O1)[SiH](C)C,10-1038_s41467-024-51997-0,128,[2H]C(Cl)(Cl)Cl,31.14
4a',CC(c1c(B2OC(C)(C)C(C)(C)O2)cccc1B1OC(C)(C)C(C)(C)O1)[SiH](C)C,10-1038_s41467-024-51997-0,128,[2H]C(Cl)(Cl)Cl,31.95
4b,COc1ccc(C(C)[SiH](C)C)c(B2OC(C)(C)C(C)(C)O2)c1,10-1038_s41467-024-51997-0,128,[2H]C(Cl)(Cl)Cl,31.31
4b',COc1cc(B2OC(C)(C)C(C)(C)O2)c(C(C)[SiH](C)C)c(B2OC(C)(C)C(C)(C)O2)c1,10-1038_s41467-024-51997-0,128,[2H]C(Cl)(Cl)Cl,32.22
4c,CC(c1ccc([Si](C)(C)C)cc1B1OC(C)(C)C(C)(C)O1)[SiH](C)C,10-1038_s41467-024-51997-0,128,[2H]C(Cl)(Cl)Cl,31.93
4c',CC(c1c(B2OC(C)(C)C(C)(C)O2)cc([Si](C)(C)C)cc1B1OC(C)(C)C(C)(C)O1)[SiH](C)C,10-1038_s41467-024-51997-0,128,[2H]C(Cl)(Cl)Cl,32.37
4d,CC(c1ccc(N(C)C)cc1B1OC(C)(C)C(C)(C)O1)[SiH](C)C,10-1038_s41467-024-51997-0,128,[2H]C(Cl)(Cl)Cl,31.71
4e,COc1cccc(B2OC(C)(C)C(C)(C)O2)c1C(C)[SiH](C)C,10-1038_s41467-024-51997-0,128,[2H]C(Cl)(Cl)Cl,31.37
4f,C[SiH](C)C(c1ccccc1)c1ccccc1B1OC(C)(C)C(C)(C)O1,10-1038_s41467-024-51997-0,128,[2H]C(Cl)(Cl)Cl,31.58
4g,CC[SiH](CC)C(C)c1ccccc1B1OC(C)(C)C(C)(C)O1,10-1038_s41467-024-51997-0,128,[2H]C(Cl)(Cl)Cl,31.28
4g',CC[SiH](CC)C(C)c1c(B2OC(C)(C)C(C)(C)O2)cccc1B1OC(C)(C)C(C)(C)O1,10-1038_s41467-024-51997-0,128,[2H]C(Cl)(Cl)Cl,31.86
4h,CC[SiH](CC)C(C)c1cc2ccccc2cc1B1OC(C)(C)C(C)(C)O1,10-1038_s41467-024-51997-0,128,[2H]C(Cl)(Cl)Cl,31.34
4i,C[SiH](C)C(C)(C)c1ccccc1B1OC(C)(C)C(C)(C)O1,10-1038_s41467-024-51997-0,128,[2H]C(Cl)(Cl)Cl,32.67
4j,CC(C)[C@@H]1CC[C@@H](C)C[C@H]1Oc1ccc(C[SiH](C)C)c(B2OC(C)(C)C(C)(C)O2)c1,10-1038_s41467-024-51997-0,128,[2H]C(Cl)(Cl)Cl,31.92
4j',CC(C)[C@@H]1CC[C@@H](C)C[C@H]1Oc1cc(B2OC(C)(C)C(C)(C)O2)c(C[SiH](C)C)c(B2OC(C)(C)C(C)(C)O2)c1,10-1038_s41467-024-51997-0,128,[2H]C(Cl)(Cl)Cl,32.03
4k,C[SiH](C)Cc1c(B2OC(C)(C)C(C)(C)O2)cc(OC[C@H]2O[C@@H]3OC(C)(C)O[C@@H]3[C@H]3OC(C)(C)O[C@H]32)cc1B1OC(C)(C)C(C)(C)O1,10-1038_s41467-024-51997-0,128,[2H]C(Cl)(Cl)Cl,31.67
4l,CC[SiH](CC)C(C)c1ccc(C[C@@H]2COC(C)(C)N2C(=O)OC(C)(C)C)cc1B1OC(C)(C)C(C)(C)O1,10-1038_s41467-024-51997-0,128,[2H]C(Cl)(Cl)Cl,31.77
4l',CC[SiH](CC)C(C)c1c(B2OC(C)(C)C(C)(C)O2)cc(C[C@@H]2COC(C)(C)N2C(=O)OC(C)(C)C)cc1B1OC(C)(C)C(C)(C)O1,10-1038_s41467-024-51997-0,128,[2H]C(Cl)(Cl)Cl,32.27
4m,CC(C)CCC[C@@H](C)[C@H]1CC[C@H]2[C@@H]3CC[C@H]4C[C@H](Oc5ccc(C[SiH](C)C)c(B6OC(C)(C)C(C)(C)O6)c5)CC[C@]4(C)[C@H]3CC[C@]12C,10-1038_s41467-024-51997-0,128,[2H]C(Cl)(Cl)Cl,31.32
4m',CC(C)CCC[C@@H](C)[C@H]1CC[C@H]2[C@@H]3CC[C@H]4C[C@H](Oc5cc(B6OC(C)(C)C(C)(C)O6)c(C[SiH](C)C)c(B6OC(C)(C)C(C)(C)O6)c5)CC[C@]4(C)[C@H]3CC[C@]12C,10-1038_s41467-024-51997-0,128,[2H]C(Cl)(Cl)Cl,32.69
8a',CC1(C)OB(c2cccc3c2C[Si](C)(C)OB3O)OC1(C)C,10-1038_s41467-024-51997-0,128,[2H]C(Cl)(Cl)Cl,30.96;28.38
8c,COc1ccc2c(c1)B(O)O[Si](C)(C)C2,10-1038_s41467-024-51997-0,128,[2H]C(Cl)(Cl)Cl,27.91
8d,CC(C)(C)c1ccc2c(c1)B(O)O[Si](C)(C)C2,10-1038_s41467-024-51997-0,128,[2H]C(Cl)(Cl)Cl,28.47
8f,C[Si]1(C)Cc2ccc(C(F)(F)F)cc2B(O)O1,10-1038_s41467-024-51997-0,128,[2H]C(Cl)(Cl)Cl,27.87
8p,C[Si]1(C)Cc2cc3ccccc3cc2B(O)O1,10-1038_s41467-024-51997-0,128,[2H]C(Cl)(Cl)Cl,28.56
8q,C[Si]1(C)Cc2c(ccc3ccccc23)B(O)O1,10-1038_s41467-024-51997-0,128,[2H]C(Cl)(Cl)Cl,28.72
1g,C[SiH](C)Cc1ccc(B2OC(C)(C)C(C)(C)O2)cc1,10-1038_s41467-024-51997-0,128,[2H]C(Cl)(Cl)Cl,30.68
94,CC(C)CC(CC(C)C)O[Si](Cc1ccc(B2OC(C)(C)CC(C)(C)O2)cc1Br)(OC(CC(C)C)CC(C)C)OC(CC(C)C)CC(C)C,10-1038_s41467-024-47205-8,128,[2H]C(Cl)(Cl)Cl,25.8
95,CC(C)CC(CC(C)C)O[Si](Cc1ccc(B2OC(C)(C)CC(C)(C)O2)cc1C#N)(OC(CC(C)C)CC(C)C)OC(CC(C)C)CC(C)C,10-1038_s41467-024-47205-8,128,[2H]C(Cl)(Cl)Cl,25.9
96,CC(C)CC(CC(C)C)O[Si](Cc1ccc(B2OC(C)(C)CC(C)(C)O2)cc1C(F)(F)F)(OC(CC(C)C)CC(C)C)OC(CC(C)C)CC(C)C,10-1038_s41467-024-47205-8,128,[2H]C(Cl)(Cl)Cl,25.8
97,CC(C)CC(CC(C)C)O[Si](Cc1ccc(B2OC(C)(C)CC(C)(C)O2)cc1OC(F)(F)F)(OC(CC(C)C)CC(C)C)OC(CC(C)C)CC(C)C,10-1038_s41467-024-47205-8,128,[2H]C(Cl)(Cl)Cl,25.9
98,CC(C)CC(CC(C)C)O[Si](Cc1ccc(B2OC(C)(C)CC(C)(C)O2)c(F)c1F)(OC(CC(C)C)CC(C)C)OC(CC(C)C)CC(C)C,10-1038_s41467-024-47205-8,128,[2H]C(Cl)(Cl)Cl,25.8
99,CC(C)CC(CC(C)C)O[Si](Cc1c(F)cc(B2OC(C)(C)CC(C)(C)O2)cc1Cl)(OC(CC(C)C)CC(C)C)OC(CC(C)C)CC(C)C,10-1038_s41467-024-47205-8,128,[2H]C(Cl)(Cl)Cl,25.6
102,CC(C)CC(CC(C)C)c1c(O[Si](=O)[O-])c(C2(C)OCCO2)c(C(CC(C)C)CC(C)C)c(B2OC(C)(C)CC(C)(C)O2)c1C(CC(C)C)CC(C)C,10-1038_s41467-024-47205-8,128,[2H]C(Cl)(Cl)Cl,20.9
104,COc1cc(B2OC(C)(C)CC(C)(C)O2)ccc1C(C)=NO[Si](OC(CC(C)C)CC(C)C)(OC(CC(C)C)CC(C)C)OC(CC(C)C)CC(C)C,10-1038_s41467-024-47205-8,128,[2H]C(Cl)(Cl)Cl,26
109,CC(C)CC(CC(C)C)O[Si](ON=Cc1ccc(B2OC(C)(C)CC(C)(C)O2)cc1O[Si](C(C)C)(C(C)C)C(C)C)(OC(CC(C)C)CC(C)C)OC(CC(C)C)CC(C)C,10-1038_s41467-024-47205-8,128,[2H]C(Cl)(Cl)Cl,26.6
119,COC(=O)c1cc(B2OC(C)(C)CC(C)(C)O2)ccc1C=NO[Si](OC(CC(C)C)CC(C)C)(OC(CC(C)C)CC(C)C)OC(CC(C)C)CC(C)C,10-1038_s41467-024-47205-8,128,[2H]C(Cl)(Cl)Cl,26.8
120,CC(=O)Oc1cc(B2OC(C)(C)CC(C)(C)O2)ccc1C(=O)O,10-1038_s41467-024-47205-8,128,[2H]C(Cl)(Cl)Cl,25.6
121,COC(=O)C(C)c1ccc2c(c1)C/C(=N\O)c1ccc(B3OC(C)(C)CC(C)(C)O3)cc1S2,10-1038_s41467-024-47205-8,128,[2H]C(Cl)(Cl)Cl,25.7
122,CC(C)CC(CC(C)C)O[Si](OC(CC(C)C)CC(C)C)(OC(CC(C)C)CC(C)C)OC(C(=O)[O-])c1ccc(B2OC(C)(C)CC(C)(C)O2)cc1Cl,10-1038_s41467-024-47205-8,128,[2H]C(Cl)(Cl)Cl,26
126,COC(=O)[C@H](O[Si](OC(CC(C)C)CC(C)C)(OC(CC(C)C)CC(C)C)OC(CC(C)C)CC(C)C)c1ccc(B2OC(C)(C)CC(C)(C)O2)cc1Cl,10-1038_s41467-024-47205-8,128,[2H]C(Cl)(Cl)Cl,26.1
127,COC(=O)C(O)c1ccc(B2OC(C)(C)CC(C)(C)O2)cc1Cl,10-1038_s41467-024-47205-8,128,[2H]C(Cl)(Cl)Cl,25.9
129,COC(=O)C(OS(=O)(=O)c1ccc([N+](=O)[O-])cc1)c1ccc(B2OC(C)(C)CC(C)(C)O2)cc1Cl,10-1038_s41467-024-47205-8,128,[2H]C(Cl)(Cl)Cl,25.3
130,COC(=O)C(c1ccc(B2OC(C)(C)CC(C)(C)O2)cc1Cl)N1CCc2sccc2C1,10-1038_s41467-024-47205-8,128,[2H]C(Cl)(Cl)Cl,25.9
143,Cc1cc(B2OC(C)(C)CC(C)(C)O2)cc(C)c1Br,10-1038_s41467-024-47205-8,128,[2H]C(Cl)(Cl)Cl,26.4
145,CC1(C)CC(C)(C)OB(c2ccc(Br)cc2)O1,10-1038_s41467-024-47205-8,128,[2H]C(Cl)(Cl)Cl,26.3
3,COc1cc(B2OC(C)(C)CC(C)(C)O2)ccc1C=O,10-1038_s41467-024-47205-8,128,[2H]C(Cl)(Cl)Cl,26.2
4,CCOc1cc(B2OC(C)(C)CC(C)(C)O2)ccc1C=O,10-1038_s41467-024-47205-8,128,[2H]C(Cl)(Cl)Cl,26.3
5,COCCOc1cc(B2OC(C)(C)CC(C)(C)O2)ccc1C=O,10-1038_s41467-024-47205-8,128,[2H]C(Cl)(Cl)Cl,25.9
6,CC1(C)CC(C)(C)OB(c2ccc(C=O)c(OC(F)F)c2)O1,10-1038_s41467-024-47205-8,128,[2H]C(Cl)(Cl)Cl,26.4
7,CC1(C)CC(C)(C)OB(c2ccc(C=O)c(OC(F)(F)F)c2)O1,10-1038_s41467-024-47205-8,128,[2H]C(Cl)(Cl)Cl,25.5
8,CC1(C)CC(C)(C)OB(c2ccc(C=O)c(C(F)(F)F)c2)O1,10-1038_s41467-024-47205-8,128,[2H]C(Cl)(Cl)Cl,25.5
9,CC1(C)CC(C)(C)OB(c2ccc(C=O)c(Cl)c2)O1,10-1038_s41467-024-47205-8,128,[2H]C(Cl)(Cl)Cl,26.6
10,CC1(C)CC(C)(C)OB(c2ccc(C=O)c(Br)c2)O1,10-1038_s41467-024-47205-8,128,[2H]C(Cl)(Cl)Cl,25.8
11,CC1(C)CC(C)(C)OB(c2ccc(C=O)c(N3CCCCC3)c2)O1,10-1038_s41467-024-47205-8,128,[2H]C(Cl)(Cl)Cl,26
12,CC1(C)CC(C)(C)OB(c2ccc(C=O)c(N3CCOCC3)c2)O1,10-1038_s41467-024-47205-8,128,[2H]C(Cl)(Cl)Cl,26
13,CCOC(=O)c1cc(B2OC(C)(C)CC(C)(C)O2)ccc1C=NO[Si](OC(CC(C)C)CC(C)C)(OC(CC(C)C)CC(C)C)OC(CC(C)C)CC(C)C,10-1038_s41467-024-47205-8,128,[2H]C(Cl)(Cl)Cl,26.2
14,CC1(C)CC(C)(C)OB(c2cc(Br)c(C=O)cc2F)O1,10-1038_s41467-024-47205-8,128,[2H]C(Cl)(Cl)Cl,25
15,Cc1cc(B2OC(C)(C)CC(C)(C)O2)c(F)cc1C=O,10-1038_s41467-024-47205-8,128,[2H]C(Cl)(Cl)Cl,26
16,CC1(C)CC(C)(C)OB(c2ccc(C=O)c(F)c2F)O1,10-1038_s41467-024-47205-8,128,[2H]C(Cl)(Cl)Cl,25.7
18,CC(C)CC(CC(C)C)O[Si](ON=Cc1c(F)cc(B2OC(C)(C)CC(C)(C)O2)cc1O[Si](C(C)C)(C(C)C)C(C)C)(OC(CC(C)C)CC(C)C)OC(CC(C)C)CC(C)C,10-1038_s41467-024-47205-8,128,[2H]C(Cl)(Cl)Cl,25.7
19,CC(C)CC(CC(C)C)O[Si](ON=Cc1c(F)cc(B2OC(C)(C)CC(C)(C)O2)cc1C(F)(F)F)(OC(CC(C)C)CC(C)C)OC(CC(C)C)CC(C)C,10-1038_s41467-024-47205-8,128,[2H]C(Cl)(Cl)Cl,25.4
20,CC(C)CC(CC(C)C)O[Si](ON=Cc1c(F)cc(B2OC(C)(C)CC(C)(C)O2)cc1Br)(OC(CC(C)C)CC(C)C)OC(CC(C)C)CC(C)C,10-1038_s41467-024-47205-8,128,[2H]C(Cl)(Cl)Cl,25.2
21,CC(C)CC(CC(C)C)O[Si](ON=Cc1c(F)cc(B2OC(C)(C)CC(C)(C)O2)cc1Cl)(OC(CC(C)C)CC(C)C)OC(CC(C)C)CC(C)C,10-1038_s41467-024-47205-8,128,[2H]C(Cl)(Cl)Cl,25.2
22,CC(C)CC(CC(C)C)O[Si](ON=Cc1c(Cl)cc(B2OC(C)(C)CC(C)(C)O2)cc1Br)(OC(CC(C)C)CC(C)C)OC(CC(C)C)CC(C)C,10-1038_s41467-024-47205-8,128,[2H]C(Cl)(Cl)Cl,25.7
23,CC(C)CC(CC(C)C)O[Si](ON=Cc1c(Br)cc(B2OC(C)(C)CC(C)(C)O2)cc1Br)(OC(CC(C)C)CC(C)C)OC(CC(C)C)CC(C)C,10-1038_s41467-024-47205-8,128,[2H]C(Cl)(Cl)Cl,25
24,CC(C)CC(CC(C)C)O[Si](ON=Cc1c(Cl)cc(B2OC(C)(C)CC(C)(C)O2)cc1Cl)(OC(CC(C)C)CC(C)C)OC(CC(C)C)CC(C)C,10-1038_s41467-024-47205-8,128,[2H]C(Cl)(Cl)Cl,25.2
25,CCOc1cc(B2OC(C)(C)CC(C)(C)O2)ccc1C(C)=NO[Si](OC(CC(C)C)CC(C)C)(OC(CC(C)C)CC(C)C)OC(CC(C)C)CC(C)C,10-1038_s41467-024-47205-8,128,[2H]C(Cl)(Cl)Cl,26.1
26,CC(=NO[Si](OC(CC(C)C)CC(C)C)(OC(CC(C)C)CC(C)C)OC(CC(C)C)CC(C)C)c1ccc(B2OC(C)(C)CC(C)(C)O2)cc1Cl,10-1038_s41467-024-47205-8,128,[2H]C(Cl)(Cl)Cl,25.6
27,CC(=NO[Si](OC(CC(C)C)CC(C)C)(OC(CC(C)C)CC(C)C)OC(CC(C)C)CC(C)C)c1ccc(B2OC(C)(C)CC(C)(C)O2)cc1Br,10-1038_s41467-024-47205-8,128,[2H]C(Cl)(Cl)Cl,26.7
28,CC(=NO[Si](OC(CC(C)C)CC(C)C)(OC(CC(C)C)CC(C)C)OC(CC(C)C)CC(C)C)c1ccc(B2OC(C)(C)CC(C)(C)O2)cc1OC(F)(F)F,10-1038_s41467-024-47205-8,128,[2H]C(Cl)(Cl)Cl,25.6
29,CC(C)CC(CC(C)C)O[Si](ON=C1CCc2cc(B3OC(C)(C)CC(C)(C)O3)ccc21)(OC(CC(C)C)CC(C)C)OC(CC(C)C)CC(C)C,10-1038_s41467-024-47205-8,128,[2H]C(Cl)(Cl)Cl,26
30,CC(C)CC(CC(C)C)O[Si](ON=C1CCCc2cc(B3OC(C)(C)CC(C)(C)O3)ccc21)(OC(CC(C)C)CC(C)C)OC(CC(C)C)CC(C)C,10-1038_s41467-024-47205-8,128,[2H]C(Cl)(Cl)Cl,26.1
31,CC(C)CC(CC(C)C)O[Si](ON=C1CCC(C)c2cc(B3OC(C)(C)CC(C)(C)O3)ccc21)(OC(CC(C)C)CC(C)C)OC(CC(C)C)CC(C)C,10-1038_s41467-024-47205-8,128,[2H]C(Cl)(Cl)Cl,26
32,CC(C)CC(CC(C)C)O[Si](ON=C1CCOc2cc(B3OC(C)(C)CC(C)(C)O3)ccc21)(OC(CC(C)C)CC(C)C)OC(CC(C)C)CC(C)C,10-1038_s41467-024-47205-8,128,[2H]C(Cl)(Cl)Cl,27.1
33,CC(C)CC(CC(C)C)O[Si](ON=C1CCCCc2cc(B3OC(C)(C)CC(C)(C)O3)ccc21)(OC(CC(C)C)CC(C)C)OC(CC(C)C)CC(C)C,10-1038_s41467-024-47205-8,128,[2H]C(Cl)(Cl)Cl,27.7
35,COc1cc(B2OC(C)(C)CC(C)(C)O2)cc(F)c1C(C)=NO[Si](OC(CC(C)C)CC(C)C)(OC(CC(C)C)CC(C)C)OC(CC(C)C)CC(C)C,10-1038_s41467-024-47205-8,128,[2H]C(Cl)(Cl)Cl,25.9
36,CC(=NO[Si](OC(CC(C)C)CC(C)C)(OC(CC(C)C)CC(C)C)OC(CC(C)C)CC(C)C)c1cc(F)c(B2OC(C)(C)CC(C)(C)O2)cc1Br,10-1038_s41467-024-47205-8,128,[2H]C(Cl)(Cl)Cl,25.2
37,CC(=NO[Si](OC(CC(C)C)CC(C)C)(OC(CC(C)C)CC(C)C)OC(CC(C)C)CC(C)C)c1cc(F)c(B2OC(C)(C)CC(C)(C)O2)cc1Cl,10-1038_s41467-024-47205-8,128,[2H]C(Cl)(Cl)Cl,25.4
50,COC(=O)C(O[Si](OC(CC(C)C)CC(C)C)(OC(CC(C)C)CC(C)C)OC(CC(C)C)CC(C)C)c1ccc(B2OC(C)(C)CC(C)(C)O2)cc1Br,10-1038_s41467-024-47205-8,128,[2H]C(Cl)(Cl)Cl,25.6
57,CC(C)[Si](Oc1cc(=O)oc2cc(B3OC(C)(C)CC(C)(C)O3)ccc12)(C(C)C)C(C)C,10-1038_s41467-024-47205-8,128,[2H]C(Cl)(Cl)Cl,20.7
58,CC(C)CC(CC(C)C)O[Si](Oc1ccc(B2OC(C)(C)CC(C)(C)O2)cc1CNC(=O)OC(C)(C)C)(OC(CC(C)C)CC(C)C)OC(CC(C)C)CC(C)C,10-1038_s41467-024-47205-8,128,[2H]C(Cl)(Cl)Cl,26.7
59,CC(C)CC(CC(C)C)O[Si](OC(CC(C)C)CC(C)C)(OC(CC(C)C)CC(C)C)c1ccc(B2OC(C)(C)CC(C)(C)O2)cc1,10-1038_s41467-024-47205-8,128,[2H]C(Cl)(Cl)Cl,26.7
60,Cc1cc(B2OC(C)(C)CC(C)(C)O2)ccc1[Si](OC(CC(C)C)CC(C)C)(OC(CC(C)C)CC(C)C)OC(CC(C)C)CC(C)C,10-1038_s41467-024-47205-8,128,[2H]C(Cl)(Cl)Cl,26.8
61,CCc1cc(B2OC(C)(C)CC(C)(C)O2)ccc1[Si](OC(CC(C)C)CC(C)C)(OC(CC(C)C)CC(C)C)OC(CC(C)C)CC(C)C,10-1038_s41467-024-47205-8,128,[2H]C(Cl)(Cl)Cl,27
62,CC(C)CC(CC(C)C)O[Si](OC(CC(C)C)CC(C)C)(OC(CC(C)C)CC(C)C)c1ccc(B2OC(C)(C)CC(C)(C)O2)cc1C(C)C,10-1038_s41467-024-47205-8,128,[2H]C(Cl)(Cl)Cl,26.8
63,CC(C)CC(CC(C)C)O[Si](OC(CC(C)C)CC(C)C)(OC(CC(C)C)CC(C)C)c1ccc(B2OC(C)(C)CC(C)(C)O2)cc1C1CC1,10-1038_s41467-024-47205-8,128,[2H]C(Cl)(Cl)Cl,26.3
64,COc1cc(B2OC(C)(C)CC(C)(C)O2)ccc1[Si](OC(CC(C)C)CC(C)C)(OC(CC(C)C)CC(C)C)OC(CC(C)C)CC(C)C,10-1038_s41467-024-47205-8,128,[2H]C(Cl)(Cl)Cl,26.2
65,CCOc1cc(B2OC(C)(C)CC(C)(C)O2)ccc1[Si](OC(CC(C)C)CC(C)C)(OC(CC(C)C)CC(C)C)OC(CC(C)C)CC(C)C,10-1038_s41467-024-47205-8,128,[2H]C(Cl)(Cl)Cl,25.9
66,CC(C)CC(CC(C)C)O[Si](OC(CC(C)C)CC(C)C)(OC(CC(C)C)CC(C)C)c1ccc(B2OC(C)(C)CC(C)(C)O2)cc1C(F)(F)F,10-1038_s41467-024-47205-8,128,[2H]C(Cl)(Cl)Cl,25.4
67,CC(C)CC(CC(C)C)O[Si](OC(CC(C)C)CC(C)C)(OC(CC(C)C)CC(C)C)c1ccc(B2OC(C)(C)CC(C)(C)O2)cc1OC(F)(F)F,10-1038_s41467-024-47205-8,128,[2H]C(Cl)(Cl)Cl,25.9
70,CCO[Si](OC(CC(C)C)CC(C)C)(OC(CC(C)C)CC(C)C)c1ccc(B2OC(C)(C)CC(C)(C)O2)cc1OC(C)C,10-1038_s41467-024-47205-8,128,[2H]C(Cl)(Cl)Cl,25.9
71,CCO[Si](OC(CC(C)C)CC(C)C)(OC(CC(C)C)CC(C)C)c1ccc(B2OC(C)(C)CC(C)(C)O2)cc1CC,10-1038_s41467-024-47205-8,128,[2H]C(Cl)(Cl)Cl,27.3
72,CCO[Si](OC(CC(C)C)CC(C)C)(OC(CC(C)C)CC(C)C)c1ccc(B2OC(C)(C)CC(C)(C)O2)cc1C(C)C,10-1038_s41467-024-47205-8,128,[2H]C(Cl)(Cl)Cl,26.7
73a,CCO[Si](OC(CC(C)C)CC(C)C)(OC(CC(C)C)CC(C)C)c1ccc(B2OC(C)(C)CC(C)(C)O2)cc1C1CC1,10-1038_s41467-024-47205-8,128,[2H]C(Cl)(Cl)Cl,26.1
74a,CCO[Si](OCC)(OCC)c1ccc(B2OC(C)(C)CC(C)(C)O2)cc1OCc1cc(OC)cc(OC)c1,10-1038_s41467-024-47205-8,128,[2H]C(Cl)(Cl)Cl,25.1
75a,CC(C)CC(CC(C)C)O[Si](OC(CC(C)C)CC(C)C)(OC(CC(C)C)CC(C)C)c1ccc(B2OC(C)(C)CC(C)(C)O2)s1,10-1038_s41467-024-47205-8,128,[2H]C(Cl)(Cl)Cl,25
76a,CCO[Si](OCC)(OCC)c1sc(B2OC(C)(C)CC(C)(C)O2)cc1C,10-1038_s41467-024-47205-8,128,[2H]C(Cl)(Cl)Cl,24.8
77a,CCO[Si](OCC)(OCC)c1cc(B2OC(C)(C)CC(C)(C)O2)c(Cl)s1,10-1038_s41467-024-47205-8,128,[2H]C(Cl)(Cl)Cl,24.8
78a,CCO[Si](OCC)(OCC)c1cc(F)c(B2OC(C)(C)CC(C)(C)O2)c(F)c1,10-1038_s41467-024-47205-8,128,[2H]C(Cl)(Cl)Cl,25.6
79a,CCO[Si](OCC)(OCC)c1cc(F)c(B2OC(C)(C)CC(C)(C)O2)c(Cl)c1,10-1038_s41467-024-47205-8,128,[2H]C(Cl)(Cl)Cl,24.5
80a,CCO[Si](OCC)(OCC)c1cc(Cl)c(B2OC(C)(C)CC(C)(C)O2)cc1OC(C)C,10-1038_s41467-024-47205-8,128,[2H]C(Cl)(Cl)Cl,26.4
81a,CCO[Si](OCC)(OCC)c1cc(Cl)c(B2OC(C)(C)CC(C)(C)O2)cc1OC,10-1038_s41467-024-47205-8,128,[2H]C(Cl)(Cl)Cl,26.7
82a,CCO[Si](OCC)(OCC)c1cc(F)c(B2OC(C)(C)CC(C)(C)O2)cc1OCOC,10-1038_s41467-024-47205-8,128,[2H]C(Cl)(Cl)Cl,25.5
83a,CCO[Si](OCC)(OCC)c1cc(F)c(B2OC(C)(C)CC(C)(C)O2)cc1OCc1cc(OC)cc(OC)c1,10-1038_s41467-024-47205-8,128,[2H]C(Cl)(Cl)Cl,26
84a,CCO[Si](OCC)(OCC)c1cc(F)c(B2OC(C)(C)CC(C)(C)O2)cc1COc1cc(C)cc(C)c1,10-1038_s41467-024-47205-8,128,[2H]C(Cl)(Cl)Cl,26.1
85a,CCO[Si](OCC)(OCC)c1cc(F)c(B2OC(C)(C)CC(C)(C)O2)cc1COC,10-1038_s41467-024-47205-8,128,[2H]C(Cl)(Cl)Cl,26.31
86a,CCO[Si](OCC)(OCC)c1cc(F)c(B2OC(C)(C)CC(C)(C)O2)cc1C1OCCO1,10-1038_s41467-024-47205-8,128,[2H]C(Cl)(Cl)Cl,25.8
87a,CCO[Si](OCC)(OCC)c1cc(F)c(B2OC(C)(C)CC(C)(C)O2)cc1C,10-1038_s41467-024-47205-8,128,[2H]C(Cl)(Cl)Cl,25.8
88a,CCO[Si](OCC)(OCC)c1cc(F)c(B2OC(C)(C)CC(C)(C)O2)cc1OC,10-1038_s41467-024-47205-8,128,[2H]C(Cl)(Cl)Cl,25.9
89a,COc1cc(B2OC(C)(C)CC(C)(C)O2)cc(OC)c1[Si](OC)(OC)OC,10-1038_s41467-024-47205-8,128,[2H]C(Cl)(Cl)Cl,25.7
90a,COc1cc(B2OC(C)(C)CC(C)(C)O2)cc(C)c1[Si](OC)(OC)OC,10-1038_s41467-024-47205-8,128,[2H]C(Cl)(Cl)Cl,25.9
91a,CCc1cc(B2OC(C)(C)CC(C)(C)O2)cc(CC)c1[Si](OC)(OC)OC,10-1038_s41467-024-47205-8,128,[2H]C(Cl)(Cl)Cl,26.2
92a,CCO[Si](OCC)(OCC)c1c(C)cc(B2OC(C)(C)CC(C)(C)O2)cc1C,10-1038_s41467-024-47205-8,128,[2H]C(Cl)(Cl)Cl,26.3
(1a),CC(C)(C)c1ccc(C23CC(B4OC(C)(C)C(C)(C)O4)(C2)C3)cc1,10-1038_s41557-023-01159-4,160,[2H]C(Cl)(Cl)Cl,30.8
(2a),CC(C)(C)c1cc(C(C)(C)C)cc(C23CC(B4OC(C)(C)C(C)(C)O4)(C2)C3)c1,10-1038_s41557-023-01159-4,193,[2H]C(Cl)(Cl)Cl,30.8
(3a),CC(C)(C)SC12CC(B3OC(C)(C)C(C)(C)O3)(C1)C2,10-1038_s41557-023-01159-4,160,[2H]C(Cl)(Cl)Cl,29.7
(4a),CCCC[Sn](CCCC)(CCCC)C12CC(B3OC(C)(C)C(C)(C)O3)(C1)C2,10-1038_s41557-023-01159-4,160,[2H]C(Cl)(Cl)Cl,27.57
(5a),CC1(C)OB(C23CC(CBr)(C2)C3)OC1(C)C,10-1038_s41557-023-01159-4,160,[2H]C(Cl)(Cl)Cl,30.4
(6a),CC1(C)OB(C23CC(CO)(C2)C3)OC1(C)C,10-1038_s41557-023-01159-4,160,[2H]C(Cl)(Cl)Cl,30.4
(7a),CC1(C)OB(C23CC(CCO)(C2)C3)OC1(C)C,10-1038_s41557-023-01159-4,193,[2H]C(Cl)(Cl)Cl,30.4
(8a),CC(C)(C)OC(=O)C12CC(B3OC(C)(C)C(C)(C)O3)(C1)C2,10-1038_s41557-023-01159-4,193,[2H]C(Cl)(Cl)Cl,30.6
(9a),CC(C)(C)OC(=O)CC12CC(B3OC(C)(C)C(C)(C)O3)(C1)C2,10-1038_s41557-023-01159-4,160,[2H]C(Cl)(Cl)Cl,30.2
(10a),CC(C)(C)OC(=O)C(F)(F)C12CC(B3OC(C)(C)C(C)(C)O3)(C1)C2,10-1038_s41557-023-01159-4,160,[2H]C(Cl)(Cl)Cl,30.3
(11a),CC1(C)OB(C23CC(S(C)(=O)=O)(C2)C3)OC1(C)C,10-1038_s41557-023-01159-4,160,[2H]C(Cl)(Cl)Cl,29.9
(12a),CC1(C)OB(C23CC(S(N)(=O)=O)(C2)C3)OC1(C)C,10-1038_s41557-023-01159-4,160,[2H]C([2H])([2H])S(=O)C([2H])([2H])[2H],29.5
(13a),CC1(C)OB(C23CC(S(=O)(=O)N4CCCCC4)(C2)C3)OC1(C)C,10-1038_s41557-023-01159-4,160,[2H]C(Cl)(Cl)Cl,30
(14a),CC1(C)OB(C23CC(S(=O)(=O)N4CCOCC4)(C2)C3)OC1(C)C,10-1038_s41557-023-01159-4,160,[2H]C(Cl)(Cl)Cl,29.8
(15a),CC1(C)OB(C23CC(N4C(=O)C5C6CCC(C6)C5C4=O)(C2)C3)OC1(C)C,10-1038_s41557-023-01159-4,160,[2H]C(Cl)(Cl)Cl,30.7
(16a),CC1(C)OB(C23CC(NC(=O)C(F)(F)F)(C2)C3)OC1(C)C,10-1038_s41557-023-01159-4,160,[2H]C(Cl)(Cl)Cl,30.7
(17a),CC(C)(C)OC(=O)N1CC(CC23CC(B4OC(C)(C)C(C)(C)O4)(C2)C3)C1,10-1038_s41557-023-01159-4,160,[2H]C(Cl)(Cl)Cl,30.4
(18a),CC(C)(C)OC(=O)N1CCC(C23CC(B4OC(C)(C)C(C)(C)O4)(C2)C3)C1,10-1038_s41557-023-01159-4,160,[2H]C(Cl)(Cl)Cl,30.8
(19a),COc1cc(B2OC(C)(C)C(C)(C)O2)cc(C23CC(B4OC(C)(C)C(C)(C)O4)(C2)C3)c1,10-1038_s41557-023-01159-4,193,[2H]C(Cl)(Cl)Cl,31.5
,CC(C)(C)OC(=O)C12CCC(B3OC(C)(C)C(C)(C)O3)(C1)C2,10-1038_s41557-023-01159-4,160,[2H]C(Cl)(Cl)Cl,32.3
,CC(C)(C)OC(=O)N1CCN(CC23CC([B-](F)(F)F)(CO2)C3)CC1.[K+],10-1038_s41557-023-01159-4,193,[2H]C([2H])([2H])C(=O)C([2H])([2H])[2H],2.6
,CC1(C)OB(C23COC(CBr)(C2)C3)OC1(C)C,10-1038_s41557-023-01159-4,193,[2H]C(Cl)(Cl)Cl,31.9
,CC1(C)OB(C23COC(CO)(C2)C3)OC1(C)C,10-1038_s41557-023-01159-4,160,[2H]C(Cl)(Cl)Cl,31.6
,CC(C)(C)OC(=O)C12CC(B3OC(C)(C)C(C)(C)O3)(CO1)C2,10-1038_s41557-023-01159-4,193,[2H]C(Cl)(Cl)Cl,31.8
,CC(C)(C)OC(=O)N1CC2(B3OC(C)(C)C(C)(C)O3)CC1C2,10-1038_s41557-023-01159-4,160,[2H]C(Cl)(Cl)Cl,31.5
,CC(C)(C)OC(=O)N1CC2(B3OC(C)(C)C(C)(C)O3)CC1(C)C2,10-1038_s41557-023-01159-4,193,[2H]C(Cl)(Cl)Cl,32
,CC(C)(C)OC(=O)N1CC2(B3OC(C)(C)C(C)(C)O3)CC1(C(F)(F)F)C2,10-1038_s41557-023-01159-4,193,[2H]C(Cl)(Cl)Cl,31.4
,CC(C)(C)OC(=O)N1CC2(B3OC(C)(C)C(C)(C)O3)CC1(C(F)F)C2,10-1038_s41557-023-01159-4,193,[2H]C(Cl)(Cl)Cl,31.8
(Z)-3c,CC(C)(C)OC(=O)N1CC2(B3OC(C)(C)C(C)(C)O3)CC1(CF)C2,10-1038_s41557-023-01159-4,193,[2H]C(Cl)(Cl)Cl,31.8
(32a),CN(C)CC12CC(B3OC(C)(C)C(C)(C)O3)(CN1C(=O)OC(C)(C)C)C2,10-1038_s41557-023-01159-4,193,[2H]C(Cl)(Cl)Cl,32.1
(33a),CC(C)(C)OC(=O)NCC12CC([B-](F)(F)F)(CN1C(=O)OC(C)(C)C)C2.[K+],10-1038_s41557-023-01159-4,160,[2H]C([2H])([2H])C(=O)C([2H])([2H])[2H],3.6
(34a),CC(C)(C)OC(=O)N1CC2(B3OC(C)(C)C(C)(C)O3)CC1(C(N)=O)C2,10-1038_s41557-023-01159-4,193,[2H]C(Cl)(Cl)Cl,31.7
(35a),CC(C)[Si](C#CC12CC(B3OC(C)(C)C(C)(C)O3)(CN1C(=O)OC(C)(C)C)C2)(C(C)C)C(C)C,10-1038_s41557-023-01159-4,193,[2H]C(Cl)(Cl)Cl,32.1
(36a),CC(C)(C)OC(=O)N1CC2(B3OC(C)(C)C(C)(C)O3)CC1(CO)C2,10-1038_s41557-023-01159-4,193,[2H]C(Cl)(Cl)Cl,32
(37a),CC1(C)OB(C23CN4CC(CO)OCC4(C2)C3)OC1(C)C,10-1038_s41557-023-01159-4,160,[2H]C(Cl)(Cl)Cl,32
(38a),CC(C)(C)OC(=O)N1CC2(B3OC(C)(C)C(C)(C)O3)CC1(C(=O)OC(C)(C)C)C2,10-1038_s41557-023-01159-4,193,[2H]C(Cl)(Cl)Cl,31.9
(1c),CC(C)(C)c1ccc(C23CC([B-](F)(F)F)(C2)C3)cc1.[K+],10-1038_s41557-023-01159-4,193,[2H]C([2H])([2H])C(=O)C([2H])([2H])[2H],1.6
(11c),CCCC[N+](CCCC)(CCCC)CCCC.CS(=O)(=O)C12CC([B-](F)(F)F)(C1)C2,10-1038_s41557-023-01159-4,160,[2H]C(Cl)(Cl)Cl,2.3
16c,O=C(NC12CC([B-](F)(F)F)(C1)C2)C(F)(F)F.[K+],10-1038_s41557-023-01159-4,160,[2H]C([2H])([2H])C(=O)C([2H])([2H])[2H],1.9
1d,CC(C)(C)c1ccc(C23CC(B(O)O)(C2)C3)cc1,10-1038_s41557-023-01159-4,193,[2H]C([2H])([2H])C(=O)C([2H])([2H])[2H],28.4
11d,CS(=O)(=O)C12CC(B(O)O)(C1)C2,10-1038_s41557-023-01159-4,193,[2H]C([2H])([2H])C(=O)C([2H])([2H])[2H],28.7
1e,COc1ccc(CCC(C)(B2OC(C)(C)C(C)(C)O2)C23CC(c4ccc(C(C)(C)C)cc4)(C2)C3)cc1,10-1038_s41557-023-01159-4,193,[2H]C(Cl)(Cl)Cl,34.6
42,CC(CB1OC(C)(C)C(C)(C)O1)c1ccc(C#N)cc1,10-1038_s41586-020-2831-6,128,[2H]C(Cl)(Cl)Cl,33.5
44,CC1(C)CCC(C)(CB2OC(C)(C)C(C)(C)O2)c2ccccc21,10-1038_s41586-020-2831-6,128,[2H]C(Cl)(Cl)Cl,33.1
45,CC(C)(CB1OC(C)(C)C(C)(C)O1)Cc1ccccc1,10-1038_s41586-020-2831-6,128,[2H]C(Cl)(Cl)Cl,33.5
31,CC(C)(C)CC(C)(C)CB1OC(C)(C)C(C)(C)O1,10-1038_s41586-020-2831-6,128,[2H]C(Cl)(Cl)Cl,33.5
32,CC(C)(CCl)CB1OC(C)(C)C(C)(C)O1,10-1038_s41586-020-2831-6,128,[2H]C(Cl)(Cl)Cl,33.2
33,CC(CCCl)CB1OC(C)(C)C(C)(C)O1,10-1038_s41586-020-2831-6,128,[2H]C(Cl)(Cl)Cl,33.7
34,CC(C)(CBr)CB1OC(C)(C)C(C)(C)O1,10-1038_s41586-020-2831-6,128,[2H]C(Cl)(Cl)Cl,33.2
35,CC(CBr)CB1OC(C)(C)C(C)(C)O1,10-1038_s41586-020-2831-6,128,[2H]C(Cl)(Cl)Cl,33.5
36,CC(CCCBr)CB1OC(C)(C)C(C)(C)O1,10-1038_s41586-020-2831-6,128,[2H]C(Cl)(Cl)Cl,33.8
37,CC(CCCN1C(=O)c2ccccc2C1=O)CB1OC(C)(C)C(C)(C)O1,10-1038_s41586-020-2831-6,128,[2H]C(Cl)(Cl)Cl,34
38,CC(CCNC(=O)C(F)(F)F)CB1OC(C)(C)C(C)(C)O1,10-1038_s41586-020-2831-6,128,[2H]C(Cl)(Cl)Cl,33.7
-47,CC(CCCOC(=O)c1ccco1)CB1OC(C)(C)C(C)(C)O1,10-1038_s41586-020-2831-6,128,[2H]C(Cl)(Cl)Cl,34
-48,CC(CCCOC(=O)c1ccsc1)CB1OC(C)(C)C(C)(C)O1,10-1038_s41586-020-2831-6,128,[2H]C(Cl)(Cl)Cl,33.9
-49,C=CCC(C)(C)CB1OC(C)(C)C(C)(C)O1,10-1038_s41586-020-2831-6,128,[2H]C(Cl)(Cl)Cl,33.5
-50,COC(=O)C(C)c1ccc(CC(C)CB2OC(C)(C)C(C)(C)O2)cc1,10-1038_s41586-020-2831-6,128,[2H]C(Cl)(Cl)Cl,33.9
-51,CC(CCC(=O)OC[C@H]1O[C@@H]2OC(C)(C)O[C@@H]2[C@H]2OC(C)(C)O[C@H]21)CB1OC(C)(C)C(C)(C)O1,10-1038_s41586-020-2831-6,128,[2H]C(Cl)(Cl)Cl,34.3
-52,COC(=O)C(CC(C)CB1OC(C)(C)C(C)(C)O1)N1C(=O)c2ccccc2C1=O,10-1038_s41586-020-2831-6,128,[2H]C(Cl)(Cl)Cl,33.9
-53,COC(=O)[C@H](N1C(=O)c2ccccc2C1=O)C(C)(C)CB1OC(C)(C)C(C)(C)O1,10-1038_s41586-020-2831-6,128,[2H]C(Cl)(Cl)Cl,33.4
-56,CC1(C)OB(C[Si](C)(CCl)c2ccccc2)OC1(C)C,10-1038_s41586-020-2831-6,128,[2H]C(Cl)(Cl)Cl,33.5
-57,CC1(C)OB(C[Si](C)(C)CCCCl)OC1(C)C,10-1038_s41586-020-2831-6,128,[2H]C(Cl)(Cl)Cl,33.7
-58,CC1(C)OB(C[Si](C)(C)CBr)OC1(C)C,10-1038_s41586-020-2831-6,128,[2H]C(Cl)(Cl)Cl,33.6
(Z)-3c,CCOC(=O)C[Si](C)(C)CB1OC(C)(C)C(C)(C)O1,10-1038_s41586-020-2831-6,128,[2H]C(Cl)(Cl)Cl,33.5
(Z)-3d,CC(=O)OC[Si](C)(C)CB1OC(C)(C)C(C)(C)O1,10-1038_s41586-020-2831-6,128,[2H]C(Cl)(Cl)Cl,33.5
(Z)-3e,CC1(C)OB(C[Si](C)(C)CCOC(=O)C(Cl)Cl)OC1(C)C,10-1038_s41586-020-2831-6,128,[2H]C(Cl)(Cl)Cl,33.5
(Z)-3f,CC1(C)OB(C[Si](C)(C)CCOC(=O)c2ccccc2)OC1(C)C,10-1038_s41586-020-2831-6,128,[2H]C(Cl)(Cl)Cl,33.6
(Z)-3h,CC1(C)OB(C[Si](C)(C)CCOC(=O)C=Cc2ccccc2)OC1(C)C,10-1038_s41586-020-2831-6,128,[2H]C(Cl)(Cl)Cl,33.8
(Z)-3i,CC1(C)OB(C[Si](C)(C)CCOC(=O)CCC(=O)c2ccc(-c3ccccc3)cc2)OC1(C)C,10-1038_s41586-020-2831-6,128,[2H]C(Cl)(Cl)Cl,33.5
(Z)-3j,COc1c(C)c(C)c2c(c1C)CCC(C)(C(=O)OCC[Si](C)(C)CB1OC(C)(C)C(C)(C)O1)O2,10-1038_s41586-020-2831-6,128,[2H]C(Cl)(Cl)Cl,33.8
(Z)-3k,CC1(C)OB(CC[Si](C)(C)CB2OC(C)(C)C(C)(C)O2)OC1(C)C,10-1038_s41586-020-2831-6,128,[2H]C(Cl)(Cl)Cl,34
(Z)-3l,CC1(C)OB(C[Si](C)(C)[Si](C)(C)C)OC1(C)C,10-1038_s41586-020-2831-6,128,[2H]C(Cl)(Cl)Cl,34
(Z)-3m,CC1(C)OB(C[Si](C)(C)C[Si](C)(C)C)OC1(C)C,10-1038_s41586-020-2831-6,128,[2H]C(Cl)(Cl)Cl,34
(Z)-3n,CC[Si](CC)(CC)C(C)B1OC(C)(C)C(C)(C)O1,10-1038_s41586-020-2831-6,128,[2H]C(Cl)(Cl)Cl,34.7
(Z)-3o,CC[Si](CC)(CC)CCB1OC(C)(C)C(C)(C)O1,10-1038_s41586-020-2831-6,128,[2H]C(Cl)(Cl)Cl,34.7
72,CC1(C)OB(C[C@@H]2CCC[C@H]2CCl)OC1(C)C,10-1038_s41586-020-2831-6,,[2H]C(Cl)(Cl)Cl,33.7
3ba,CC1=CB(O)Oc2cc3c(cc21)[C@H]1CC[C@]2(C)C(=O)CC[C@H]2[C@@H]1CC3,10-1038_s42004-023-00976-5,193,[2H]OC([2H])([2H])[2H],26.6
3bh,CC1=CB(O)N(C)c2ccccc21,10-1038_s42004-023-00976-5,193,[2H]OC([2H])([2H])[2H],27.95
3bj,CC1=CB(O)N(CC2CCCCC2)c2ccccc21,10-1038_s42004-023-00976-5,193,[2H]OC([2H])([2H])[2H],26.65
3aa,CC1=CB(O)Oc2ccccc21,10-1038_s42004-023-00976-5,193,[2H]OC([2H])([2H])[2H],27.02
6,CC1CB(O)Oc2ccccc21,10-1038_s42004-023-00976-5,193,[2H]OC([2H])([2H])[2H],32.21
3ab,CCC1=CB(O)Oc2ccccc21,10-1038_s42004-023-00976-5,193,[2H]OC([2H])([2H])[2H],27.22
3ac,CS(=O)(=O)OCC1=CB(O)Oc2ccccc21,10-1038_s42004-023-00976-5,193,[2H]OC([2H])([2H])[2H],26.75
3ad,OB1C=C(c2ccccc2)c2ccccc2O1,10-1038_s42004-023-00976-5,193,[2H]OC([2H])([2H])[2H],26.88
3ae,OB1C=Cc2ccccc2O1,10-1038_s42004-023-00976-5,193,[2H]OC([2H])([2H])[2H],27.02
3af,CC1=CB(O)Oc2cccc(C)c21,10-1038_s42004-023-00976-5,193,[2H]OC([2H])([2H])[2H],26.63
3ag,CC1=CB(O)Oc2cccc(F)c21,10-1038_s42004-023-00976-5,193,[2H]OC([2H])([2H])[2H],26.74
3ah,CC1=CB(O)Oc2ccc(F)cc21,10-1038_s42004-023-00976-5,193,[2H]OC([2H])([2H])[2H],26.79
3ai,CC1=CB(O)Oc2ccc(Cl)cc21,10-1038_s42004-023-00976-5,193,[2H]OC([2H])([2H])[2H],26.84
3aj,CC1=CB(O)Oc2ccc(C(F)(F)F)cc21,10-1038_s42004-023-00976-5,193,[2H]OC([2H])([2H])[2H],26.74
3ak,CC1=CB(O)Oc2ccc(C(C)(C)C)cc21,10-1038_s42004-023-00976-5,193,[2H]OC([2H])([2H])[2H],27.16
3al,COc1ccc2c(c1)C(C)=CB(O)O2,10-1038_s42004-023-00976-5,193,[2H]OC([2H])([2H])[2H],26.93
3am,COc1cc2c(cc1-c1ccccc1)OB(O)C=C2C,10-1038_s42004-023-00976-5,193,[2H]OC([2H])([2H])[2H],27.13
3an,CC1=CB(O)Oc2ccc(Oc3ccc(C#N)cc3)cc21,10-1038_s42004-023-00976-5,193,[2H]OC([2H])([2H])[2H],27.05
3ao,CC1=CB(O)Oc2ccc(O)cc21,10-1038_s42004-023-00976-5,193,[2H]OC([2H])([2H])[2H],26.98
3ap,CC1=CB(O)Oc2ccc(NC(=O)C(C)(C)C)cc21,10-1038_s42004-023-00976-5,193,[2H]OC([2H])([2H])[2H],27.02
3aq,CC1=CB(O)Oc2cc(C)ccc21,10-1038_s42004-023-00976-5,193,[2H]OC([2H])([2H])[2H],26.93
3ar,CCOC(=O)Cc1ccc2c(c1)OB(O)C=C2C,10-1038_s42004-023-00976-5,193,[2H]OC([2H])([2H])[2H],27.5
3as,CCCCCCCCC(=O)NCc1ccc2c(c1)OB(O)C=C2C,10-1038_s42004-023-00976-5,193,[2H]OC([2H])([2H])[2H],27.08
3at,CC1=CB(O)Oc2cc(C(F)(F)F)ccc21,10-1038_s42004-023-00976-5,193,[2H]OC([2H])([2H])[2H],26.77
3au,CC1=CB(O)Oc2cc(F)ccc21,10-1038_s42004-023-00976-5,193,[2H]OC([2H])([2H])[2H],27.17
3av,CC1=CB(O)Oc2c1ccc(F)c2Br,10-1038_s42004-023-00976-5,193,[2H]OC([2H])([2H])[2H],27.06
3aw,CC1=CB(O)Oc2c(F)cccc21,10-1038_s42004-023-00976-5,193,[2H]OC([2H])([2H])[2H],26.75
3ax,CC1=CB(O)Oc2c(F)cc(F)cc21,10-1038_s42004-023-00976-5,193,[2H]OC([2H])([2H])[2H],26.6
3ay,CC1=CB(O)Oc2c1ccc1ccccc21,10-1038_s42004-023-00976-5,193,[2H]OC([2H])([2H])[2H],27.39
3az,COc1ccc2ccccc2c1-c1c2c(cc3ccccc13)C(C)=CB(O)O2,10-1038_s42004-023-00976-5,193,[2H]C([2H])([2H])C(=O)C([2H])([2H])[2H],26.96
3bh,CC1=CB(O)N(C)c2ccccc21,10-1038_s42004-023-00976-5,193,[2H]C([2H])([2H])S(=O)C([2H])([2H])[2H],27.95
3bi,CC1=CB(O)N(CC(C)C)c2ccccc21,10-1038_s42004-023-00976-5,193,[2H]OC([2H])([2H])[2H],26.66
3bk,CC1=CB(O)N2CCc3cccc1c32,10-1038_s42004-023-00976-5,193,[2H]C([2H])([2H])S(=O)C([2H])([2H])[2H],27.48
3bl,CC1=CB(O)n2ccc3cccc1c32,10-1038_s42004-023-00976-5,193,[2H]OC([2H])([2H])[2H],28.36
3bm,CC1=CB(O)n2c3ccccc3c3cccc1c32,10-1038_s42004-023-00976-5,193,[2H]OC([2H])([2H])[2H],29.12
3bn,C/C(=C/B(O)O)c1ccccc1N(C)C,10-1038_s42004-023-00976-5,193,[2H]OC([2H])([2H])[2H],28.3
3bo,C/C(=C/B(O)O)c1ccccc1[S](C)C,10-1038_s42004-023-00976-5,193,[2H]OC([2H])([2H])[2H],26.76
3bp,CC1=Cc2ccccc2OB1O,10-1038_s42004-023-00976-5,193,[2H]OC([2H])([2H])[2H],26.69
3bq,CCCCCCC1=Cc2ccccc2OB1O,10-1038_s42004-023-00976-5,193,[2H]OC([2H])([2H])[2H],27.59
3br,OB1Oc2ccccc2C=C1c1ccccc1,10-1038_s42004-023-00976-5,193,[2H]OC([2H])([2H])[2H],26.74
3bs,OB1Oc2ccccc2C2=C1c1ccccc1C2,10-1038_s42004-023-00976-5,193,[2H]C(Cl)(Cl)Cl,26.89
3bt,OB1Oc2ccccc2C2=C1CCC2,10-1038_s42004-023-00976-5,193,[2H]OC([2H])([2H])[2H],26.2
3bu,OB1Oc2ccccc2C2=C1COCC2,10-1038_s42004-023-00976-5,193,[2H]OC([2H])([2H])[2H],26.67
3bv,CC1=C(c2ccc(C)cc2)c2ccccc2OB1O,10-1038_s42004-023-00976-5,193,[2H]OC([2H])([2H])[2H],26.83
3bw,Cc1ccc(C2=C(Br)B(O)Oc3ccccc32)cc1,10-1038_s42004-023-00976-5,193,[2H]OC([2H])([2H])[2H],24.64
3bx,CCCCC1=C(CCCC)c2ccccc2OB1O,10-1038_s42004-023-00976-5,193,[2H]OC([2H])([2H])[2H],26.92
3by,CC1=C(C)c2ccccc2OB1O,10-1038_s42004-023-00976-5,193,[2H]OC([2H])([2H])[2H],26.55
3bz,OB1Oc2c(cc3ccccc3c2-c2c(O)ccc3ccccc23)C2=C1CCCC2,10-1038_s42004-023-00976-5,193,[2H]OC([2H])([2H])[2H],27.39
11,OB1Oc2c(cc3ccccc3c2-c2c(OC(c3ccccc3)(c3ccccc3)c3ccccc3)ccc3ccccc23)C2=C1CCCC2,10-1038_s42004-023-00976-5,193,[2H]C([2H])([2H])S(=O)C([2H])([2H])[2H],27.01
17,O=C([O-])c1c(F)ccc2c1OB([O-])C1CC21.[Li+].[Li+],10-1038_s42004-023-00976-5,193,[2H]O[2H],3.2
1ba,CC1=CB(O)Oc2c1cc1ccccc1c2-c1c2c(cc3ccccc13)C(C)=CB(O)O2,10-1038_s42004-023-00976-5,193,[2H]OC([2H])([2H])[2H],26.63
-4,CC1(C)OB(C2CCCC2)OC1(C)C,10-1038_s44160-023-00480-7,128,[2H]C(Cl)(Cl)Cl,33.71
-6,CC1(C)OB([C@@H]2C[C@H]3CC[C@@H]2C3)OC1(C)C,10-1038_s44160-023-00480-7,128,[2H]C(Cl)(Cl)Cl,33.04
-7,CC1(C)OB(C2[C@H]3C[C@H]4C[C@H](C3)C[C@@H]2C4)OC1(C)C,10-1038_s44160-023-00480-7,128,[2H]C(Cl)(Cl)Cl,33.2
-8,CC1(C)OB(C2CCOCC2)OC1(C)C,10-1038_s44160-023-00480-7,128,[2H]C(Cl)(Cl)Cl,32.12
-9,COC(=O)C(C)CB1OC(C)(C)C(C)(C)O1,10-1038_s44160-023-00480-7,128,[2H]C(Cl)(Cl)Cl,32.35
-10,CC(C)(C#N)CB1OC(C)(C)C(C)(C)O1,10-1038_s44160-023-00480-7,193,[2H]C(Cl)(Cl)Cl,32.4
-11,C=COC(=O)C(C)(C)CB1OC(C)(C)C(C)(C)O1,10-1038_s44160-023-00480-7,128,[2H]C(Cl)(Cl)Cl,32.06
-12,CC1(C)OB(C2CC=CCC2)OC1(C)C,10-1038_s44160-023-00480-7,128,[2H]C(Cl)(Cl)Cl,33.33
-13,CC(C)C(C)CB1OC(C)(C)C(C)(C)O1,10-1038_s44160-023-00480-7,128,[2H]C(Cl)(Cl)Cl,33.22
-14,CCCCCB1OC(C)(C)C(C)(C)O1,10-1038_s44160-023-00480-7,193,[2H]C(Cl)(Cl)Cl,34.21
-15,CCCC(C)CB1OC(C)(C)C(C)(C)O1,10-1038_s44160-023-00480-7,128,[2H]C(Cl)(Cl)Cl,33.36
-16,CC(CCc1ccccc1)CB1OC(C)(C)C(C)(C)O1,10-1038_s44160-023-00480-7,193,[2H]C(Cl)(Cl)Cl,33.67
-17,CCCC(=O)CC(C)B1OC(C)(C)C(C)(C)O1,10-1038_s44160-023-00480-7,193,[2H]C(Cl)(Cl)Cl,33.69
-18,CC(=O)CCCCB1OC(C)(C)C(C)(C)O1,10-1038_s44160-023-00480-7,128,[2H]C(Cl)(Cl)Cl,33.06
(Z)-3d,COc1ccc(CCB2OC(C)(C)C(C)(C)O2)cc1,10-1038_s44160-023-00480-7,193,[2H]C(Cl)(Cl)Cl,33.82
(Z)-3f,Cc1ccc(C(C)CB2OC(C)(C)C(C)(C)O2)cc1,10-1038_s44160-023-00480-7,193,[2H]C(Cl)(Cl)Cl,33.43
(Z)-3g,CC(C)c1ccc(C(C)CB2OC(C)(C)C(C)(C)O2)cc1,10-1038_s44160-023-00480-7,193,[2H]C(Cl)(Cl)Cl,33.45
(Z)-3h,CC(C)c1cc(C(C)C)cc(C(C)CB2OC(C)(C)C(C)(C)O2)c1,10-1038_s44160-023-00480-7,193,[2H]C(Cl)(Cl)Cl,33.87
(Z)-3i,CC(C)(CB1OC(C)(C)C(C)(C)O1)c1ccc(Cl)cc1,10-1038_s44160-023-00480-7,193,[2H]C(Cl)(Cl)Cl,32.87
(Z)-3j,CC(C)(CB1OC(C)(C)C(C)(C)O1)c1csc2ccccc12,10-1038_s44160-023-00480-7,128,[2H]C(Cl)(Cl)Cl,32.29
(Z)-3k,CC1(C)OB(C[Si](C)(C)CCl)OC1(C)C,10-1038_s44160-023-00480-7,128,[2H]C(Cl)(Cl)Cl,32.47
(Z)-3l,C#C[Si](C)(C)CB1OC(C)(C)C(C)(C)O1,10-1038_s44160-023-00480-7,128,[2H]C(Cl)(Cl)Cl,32.48
(Z)-3m,CC#C[Si](C)(C)CB1OC(C)(C)C(C)(C)O1,10-1038_s44160-023-00480-7,193,[2H]C(Cl)(Cl)Cl,33.31
(Z)-3n,C=C[Si](C)(C)CB1OC(C)(C)C(C)(C)O1,10-1038_s44160-023-00480-7,128,[2H]C(Cl)(Cl)Cl,32.82
(Z)-3o,C=CC[Si](C)(C)CB1OC(C)(C)C(C)(C)O1,10-1038_s44160-023-00480-7,193,[2H]C(Cl)(Cl)Cl,33.63
(Z)-3p,C=C[Si](C)(CB1OC(C)(C)C(C)(C)O1)c1ccccc1,10-1038_s44160-023-00480-7,193,[2H]C(Cl)(Cl)Cl,33.57
(Z)-3q,CC1(C)OB(C[Si](C)(C)c2ccccc2)OC1(C)C,10-1038_s44160-023-00480-7,193,[2H]C(Cl)(Cl)Cl,33.62
(Z)-3r,CC1(C)OB(C[Si](C)(C)c2cccc(Br)c2F)OC1(C)C,10-1038_s44160-023-00480-7,193,[2H]C(Cl)(Cl)Cl,33.33
(Z)-3s,CC1(C)OB(C[Si](C)(C)c2ccc(F)cc2)OC1(C)C,10-1038_s44160-023-00480-7,193,[2H]C(Cl)(Cl)Cl,33.77
(Z)-3t,CC1(C)OB(C[Si](C)(C)c2ccc(Br)cc2)OC1(C)C,10-1038_s44160-023-00480-7,193,[2H]C(Cl)(Cl)Cl,33.45
(Z)-3u,CC1(C)OB(C[Si](C)(C)c2ccccc2OS(=O)(=O)C(F)(F)F)OC1(C)C,10-1038_s44160-023-00480-7,128,[2H]C(Cl)(Cl)Cl,32.36
(Z)-3v,CC1(C)OB(C[Si](C)(C)c2cccs2)OC1(C)C,10-1038_s44160-023-00480-7,193,[2H]C(Cl)(Cl)Cl,33.66
,CC1(C)OB(c2cccc3c2OCO3)OC1(C)C,10-1039_c0cc02041a,96,[2H]C(Cl)(Cl)Cl,30.3
9a,CC1(C)OB(c2cnc3cc(C(F)(F)F)ccc3c2Cl)OC1(C)C,10-1039_c2sc20776a,128,[2H]C(Cl)(Cl)Cl,30.78
9c,CC1(C)OB(c2cnc3cc(Cl)ccc3c2Cl)OC1(C)C,10-1039_c2sc20776a,128,[2H]C(Cl)(Cl)Cl,30.32
11a,Cc1ccc2nc(C)cc(B3OC(C)(C)C(C)(C)O3)c2c1,10-1039_c2sc20776a,128,[2H]C(Cl)(Cl)Cl,31.32
11b,COc1ccc2nc(C)cc(B3OC(C)(C)C(C)(C)O3)c2c1,10-1039_c2sc20776a,128,[2H]C(Cl)(Cl)Cl,31.09
11c,Cc1cc(B2OC(C)(C)C(C)(C)O2)c2cc(Cl)ccc2n1,10-1039_c2sc20776a,128,[2H]C(Cl)(Cl)Cl,30.6
11d,Cc1cc(B2OC(C)(C)C(C)(C)O2)c2cc(Br)ccc2n1,10-1039_c2sc20776a,128,[2H]C(Cl)(Cl)Cl,31.19
11e,COc1ccc2nc(C#N)cc(B3OC(C)(C)C(C)(C)O3)c2c1,10-1039_c2sc20776a,128,[2H]C(Cl)(Cl)Cl,30.64
14a,Cc1cc(B2OC(C)(C)C(C)(C)O2)c2ccc(Br)cc2n1,10-1039_c2sc20776a,128,[2H]C(Cl)(Cl)Cl,30.88
14a_minor,Cc1ccc2c(B3OC(C)(C)C(C)(C)O3)cc(Br)cc2n1,10-1039_c2sc20776a,128,[2H]C(Cl)(Cl)Cl,30.73
13b,Cc1cc(B2OC(C)(C)C(C)(C)O2)c2ccc(C(F)(F)F)cc2n1,10-1039_c2sc20776a,128,[2H]C(Cl)(Cl)Cl,31.02
14b,Cc1ccc2c(B3OC(C)(C)C(C)(C)O3)cc(C(F)(F)F)cc2n1,10-1039_c2sc20776a,128,[2H]C(Cl)(Cl)Cl,30.45
13c,Cc1cc(B2OC(C)(C)C(C)(C)O2)c2ccc([Si](C)(C)C)cc2n1,10-1039_c2sc20776a,128,[2H]C(Cl)(Cl)Cl,31.82
13d,Cc1cc(B2OC(C)(C)C(C)(C)O2)c2ccc(C#N)cc2n1,10-1039_c2sc20776a,128,[2H]C(Cl)(Cl)Cl,30.6
13e,COc1ccc2c(B3OC(C)(C)C(C)(C)O3)cc(C)nc2c1,10-1039_c2sc20776a,128,[2H]C(Cl)(Cl)Cl,30.95
13f,Cc1ccc2c(B3OC(C)(C)C(C)(C)O3)cc(C)nc2c1,10-1039_c2sc20776a,128,[2H]C(Cl)(Cl)Cl,31.34
14g,Cc1ccc2c(B3OC(C)(C)C(C)(C)O3)cc(Cl)cc2n1,10-1039_c2sc20776a,128,[2H]C(Cl)(Cl)Cl,30.64
14g_second_occurrence,Cc1cc(B2OC(C)(C)C(C)(C)O2)c2ccc(Cl)cc2n1,10-1039_c2sc20776a,128,[2H]C(Cl)(Cl)Cl,30.9
9c,CC(C)(C)[Si](C)(C)Oc1ccc(B(O)O)cc1,10-1039_c3nj40943k,87,[2H]C(Cl)(Cl)Cl,28
9e,CC(C)[Si](Oc1cccc(B(O)O)c1)(C(C)C)C(C)C,10-1039_c3nj40943k,87,[2H]C(Cl)(Cl)Cl,28.1
2b,CCCCCCN(CB1C2CCCC1CCC2)c1ccccn1,10-1039_c4cc09508a,130,[2H]C(Cl)(Cl)Cl,-1.64
2d,CN(CB1C2CCCC1CCC2)c1ccc(F)cn1,10-1039_c4cc09508a,130,[2H]C(Cl)(Cl)Cl,-0.94
2f,CNC1c2ccccc2C=CN1CB1C2CCCC1CCC2,10-1039_c4cc09508a,130,[2H]C(Cl)(Cl)Cl,-2.97
2g,c1ccc(N2CCCC2B2C3CCCC2CCC3)nc1,10-1039_c4cc09508a,130,[2H]C(Cl)(Cl)Cl,-0.35
2i,c1ccc(N2CCc3ccccc3C2B2C3CCCC2CCC3)nc1,10-1039_c4cc09508a,130,[2H]C(Cl)(Cl)Cl,0.2
4,c1ccc(C2Cc3cccc(B4C5CCCC4CCC5)c3N2)nc1,10-1039_c4cc09508a,130,[2H]C(Cl)(Cl)Cl,-2.48
2,CC(C)(C)N1C=CN(C(C)(C)C)[C]1B(c1c(F)c(F)c(F)c(F)c1F)c1c(F)c(F)c(F)c(F)c1F,10-1039_c4sc03675a,128,[2H]C([2H])(Cl)Cl,-22.9
,Cc1cc(C)c(N2C=CN(c3c(C)cc(C)cc3C)C2=C2CCC3BC2CCC3)c(C)c1,10-1039_c4sc03675a,128,[2H]C([2H])(Cl)Cl,-15.84
6a,CN1C=CN(C(C)(C)C)C1=C1CCC2BC1CCC2,10-1039_c4sc03675a,128,[2H]C([2H])(Cl)Cl,-15.93
7a,CN1C=CN(c2ccccc2)C1=C1CCC2BC1CCC2,10-1039_c4sc03675a,128,[2H]C([2H])(Cl)Cl,-16.69
8a,CN1C=CN(C)C1=C1CCC2BC1CCC2,10-1039_c4sc03675a,128,[2H]C([2H])(Cl)Cl,-16.88
10a,CN1C(Cl)=C(Cl)N(C)C1=C1CCC2BC1CCC2,10-1039_c4sc03675a,128,[2H]C([2H])(Cl)Cl,-16.28
,CC1=C(C)N(C)C(=C2CCC3BC2CCC3)N1C,10-1039_c4sc03675a,128,[2H]C([2H])(Cl)Cl,-16.84
6b,CN1C=CN(C(C)(C)C)C1=C1CCC2BC1CCC2.Fc1c(F)c(F)c([B-](c2c(F)c(F)c(F)c(F)c2F)(c2c(F)c(F)c(F)c(F)c2F)c2c(F)c(F)c(F)c(F)c2F)c(F)c1F,10-1039_c4sc03675a,128,[2H]C([2H])(Cl)Cl,85.85;-16.64
7b,CN1C=CN(c2ccccc2)C1=C1CCC2BC1CCC2.Fc1c(F)c(F)c([B-](c2c(F)c(F)c(F)c(F)c2F)(c2c(F)c(F)c(F)c(F)c2F)c2c(F)c(F)c(F)c(F)c2F)c(F)c1F,10-1039_c4sc03675a,128,[2H]C([2H])(Cl)Cl,82.47;-16.66
8b,CN1C=CN(C)C1=C1CCC2BC1CCC2.Fc1c(F)c(F)c([B-](c2c(F)c(F)c(F)c(F)c2F)(c2c(F)c(F)c(F)c(F)c2F)c2c(F)c(F)c(F)c(F)c2F)c(F)c1F,10-1039_c4sc03675a,128,[2H]C([2H])(Cl)Cl,82.70;-16.67
9b,CC1=C(C)N(C)C(=C2CCC3BC2CCC3)N1C.Fc1c(F)c(F)c([B-](c2c(F)c(F)c(F)c(F)c2F)(c2c(F)c(F)c(F)c(F)c2F)c2c(F)c(F)c(F)c(F)c2F)c(F)c1F,10-1039_c4sc03675a,128,[2H]C([2H])(Cl)Cl,81.5;-16.84
2b,COc1ccc(B2Nc3cccc4cccc(c34)N2)cc1,10-1039_c5cc00231a,128,[2H]C(Cl)(Cl)Cl,29.1
2d,N#Cc1ccc(B2Nc3cccc4cccc(c34)N2)cc1,10-1039_c5cc00231a,128,[2H]C(Cl)(Cl)Cl,28.8
2f,O=Cc1ccc(B2Nc3cccc4cccc(c34)N2)cc1,10-1039_c5cc00231a,128,[2H]C(Cl)(Cl)Cl,29.7
2h,Nc1ccc(B2Nc3cccc4cccc(c34)N2)cc1,10-1039_c5cc00231a,128,[2H]C(Cl)(Cl)Cl,30
2i,COc1cccc(B2Nc3cccc4cccc(c34)N2)c1,10-1039_c5cc00231a,128,[2H]C(Cl)(Cl)Cl,30.1
2k,Cc1cccc(B2Nc3cccc4cccc(c34)N2)c1,10-1039_c5cc00231a,128,[2H]C(Cl)(Cl)Cl,30.4
2l,C=Cc1cccc(B2Nc3cccc4cccc(c34)N2)c1,10-1039_c5cc00231a,128,[2H]C(Cl)(Cl)Cl,29.9
4,c1ccc(Nc2ccc(B3Nc4cccc5cccc(c45)N3)cc2)cc1,10-1039_c5cc00231a,128,[2H]C(Cl)(Cl)Cl,30.9
2m,COC(=O)c1ccccc1B1Nc2cccc3cccc(c23)N1,10-1039_c5cc00231a,128,[2H]C(Cl)(Cl)Cl,31
2n,Cc1ccccc1B1Nc2cccc3cccc(c23)N1,10-1039_c5cc00231a,128,[2H]C(Cl)(Cl)Cl,30
2o,c1ccc(-c2ccccc2B2Nc3cccc4cccc(c34)N2)cc1,10-1039_c5cc00231a,128,[2H]C(Cl)(Cl)Cl,29.9
2p,c1ccc2c(B3Nc4cccc5cccc(c45)N3)cccc2c1,10-1039_c5cc00231a,128,[2H]C(Cl)(Cl)Cl,30.7
2q,c1cc2c3c(cccc3c1)NB(c1ccc3c(c1)OCO3)N2,10-1039_c5cc00231a,128,[2H]C(Cl)(Cl)Cl,29.7
2r,COc1cccc(B2Nc3cccc4cccc(c34)N2)n1,10-1039_c5cc00231a,128,[2H]C(Cl)(Cl)Cl,27.6
2t,c1cc2c3c(cccc3c1)NB(c1ccc3[nH]ccc3c1)N2,10-1039_c5cc00231a,128,[2H]C(Cl)(Cl)Cl,30.4
3a,CC1(C)OB(/C=C/c2ccc(B3Nc4cccc5cccc(c45)N3)cc2)OC1(C)C,10-1039_c5cc00231a,128,[2H]C(Cl)(Cl)Cl,29.6
3d,CC1(C)COB(c2ccc(B3Nc4cccc5cccc(c45)N3)cc2)OC1,10-1039_c5cc00231a,128,[2H]C(Cl)(Cl)Cl,32.3
24a,CC(C)c1cc(C(C)C)c(B2OC(C)(C)C(C)(C)O2)c(C(C)C)c1,10-1039_c5cc04944j,128,[2H]C(Cl)(Cl)Cl,32.1
3e,c1ccc(B2Nc3cccc4cccc(c34)N2)cc1,10-1039_c5cc04944j,128,[2H]C(Cl)(Cl)Cl,29.5
4a,CC1(C)OB(c2ccc(Cl)cc2)OC1(C)C,10-1039_c5cc04944j,128,[2H]C(Cl)(Cl)Cl,30.8
5a,CC1(C)OB(c2ccc(Br)cc2)OC1(C)C,10-1039_c5cc04944j,128,[2H]C(Cl)(Cl)Cl,31.3
19e,Cc1ccc(B2Nc3cccc4cccc(c34)N2)cc1,10-1039_c5cc04944j,128,[2H]C(Cl)(Cl)Cl,29.7
11a,CC1(C)OB(c2ccccc2C(F)(F)F)OC1(C)C,10-1039_c5cc04944j,128,[2H]C(Cl)(Cl)Cl,30.8
12a,COC(=O)c1cccc(B2OC(C)(C)C(C)(C)O2)c1,10-1039_c5cc04944j,128,[2H]C(Cl)(Cl)Cl,31.3
13a,CC1(C)OB(c2cccc([N+](=O)[O-])c2)OC1(C)C,10-1039_c5cc04944j,128,[2H]C(Cl)(Cl)Cl,30.4
14a,Cc1cccc(B2OC(C)(C)C(C)(C)O2)c1,10-1039_c5cc04944j,128,[2H]C(Cl)(Cl)Cl,31
16a,Cc1ccc(B2OC(C)(C)C(C)(C)O2)c(C)c1,10-1039_c5cc04944j,128,[2H]C(Cl)(Cl)Cl,32
17a,Cc1cccc(C)c1B1OC(C)(C)C(C)(C)O1,10-1039_c5cc04944j,128,[2H]C(Cl)(Cl)Cl,32.2
7e,FC(F)(F)c1ccc(B2Nc3cccc4cccc(c34)N2)cc1,10-1039_c5cc04944j,128,[2H]C(Cl)(Cl)Cl,29.9
2a,CC(=Nc1c(C(C)C)cccc1C(C)C)Nc1ccc(C#N)cc1.OB(Oc1c(F)c(F)c(F)c(F)c1F)Oc1c(F)c(F)c(F)c(F)c1F,10-1039_c5dt01966d,192,[2H]c1c([2H])c([2H])c(C([2H])([2H])[2H])c([2H])c1[2H],-13.3
S15,CC1(C)OB(c2ccccc2Oc2ccccc2)OC1(C)C,10-1038_s44160-023-00480-7,96,[2H]C(Cl)(Cl)Cl,30.44
S18,Cc1sccc1B1OC(C)(C)C(C)(C)O1,10-1038_s44160-023-00480-7,96,[2H]C(Cl)(Cl)Cl,28.98
2b,CC1(C)OB(c2ccccc2F)OC1(C)C,10-1038_s44160-023-00480-7,96,[2H]C(Cl)(Cl)Cl,31.12
6b,Cc1ccc(B2OC(C)(C)C(C)(C)O2)cc1C,10-1038_s44160-023-00480-7,96,[2H]C(Cl)(Cl)Cl,30.6
9b,CC(C)c1ccccc1B1OC(C)(C)C(C)(C)O1,10-1038_s44160-023-00480-7,96,[2H]C(Cl)(Cl)Cl,31.06
11b,CC1(C)OB(C2(c3ccccc3)CCCCC2)OC1(C)C,10-1038_s44160-023-00480-7,96,[2H]C(Cl)(Cl)Cl,31.06
8a,COc1ccc([B-](F)(F)F)cc1.[K+],10-1039_c5sc04521e,128,[2H]C([2H])([2H])S(=O)C([2H])([2H])[2H],2.76
8b,Cc1ccccc1[B-](F)(F)F.[K+],10-1039_c5sc04521e,128,[2H]C([2H])([2H])C(=O)C([2H])([2H])[2H],3.44
8c,N#Cc1ccc([B-](F)(F)F)cc1.[K+],10-1039_c5sc04521e,128,[2H]C([2H])([2H])S(=O)C([2H])([2H])[2H],2.34
8d,Fc1ccc([B-](F)(F)F)cc1.[K+],10-1039_c5sc04521e,128,[2H]C([2H])([2H])S(=O)C([2H])([2H])[2H],2.59
8e,F[B-](F)(F)c1cccnc1.[K+],10-1039_c5sc04521e,128,[2H]C([2H])([2H])S(=O)C([2H])([2H])[2H],2.62
2a,Brc1ccccc1B1C=Cc2ccccc2N1,10-1039_c6cc00161k,128,[2H]C(Cl)(Cl)Cl,34.1
2b,Cc1ccc(B2C=Cc3ccccc3N2)c(Br)c1,10-1039_c6cc00161k,128,[2H]C(Cl)(Cl)Cl,34.2
2c,Fc1ccc(B2C=Cc3ccccc3N2)c(Br)c1,10-1039_c6cc00161k,128,[2H]C(Cl)(Cl)Cl,34.2
2d,Brc1ccccc1B1C=Cc2ccccc2N1Cc1ccccc1,10-1039_c6cc00161k,128,[2H]C(Cl)(Cl)Cl,36.7
2e,CCCCN1B(c2ccccc2Br)C=Cc2ccccc21,10-1039_c6cc00161k,128,[2H]C(Cl)(Cl)Cl,36.2
2f,Cc1ccc2c(c1)N(Cc1ccccc1)B(c1ccccc1Br)C=C2,10-1039_c6cc00161k,128,[2H]C(Cl)(Cl)Cl,36.7
2g,Fc1cccc2c1C=CB(c1ccccc1Br)N2Cc1ccccc1,10-1039_c6cc00161k,128,[2H]C(Cl)(Cl)Cl,36.8
(2h),Brc1ccsc1B1C=Cc2ccccc2N1,10-1039_c6cc00161k,128,[2H]C(Cl)(Cl)Cl,36.68
-3,C1=C2B(Nc3ccccc31)c1ccccc1C(c1ccccc1)=C2c1ccccc1,10-1039_c6cc00161k,128,[2H]C(Cl)(Cl)Cl,29.13
-4,Cc1ccc(C2=C(c3ccc(C)cc3)c3ccccc3B3Nc4ccccc4C=C32)cc1,10-1039_c6cc00161k,128,[2H]C(Cl)(Cl)Cl,30.7
-5,Fc1ccc(C2=C(c3ccc(F)cc3)c3ccccc3B3Nc4ccccc4C=C32)cc1,10-1039_c6cc00161k,128,[2H]C(Cl)(Cl)Cl,29.6
-6,FC(F)(F)c1ccc(C2=C(c3ccc(C(F)(F)F)cc3)c3ccccc3B3Nc4ccccc4C=C32)cc1,10-1039_c6cc00161k,128,[2H]C(Cl)(Cl)Cl,31
-7,CCCC1=C(CCC)c2ccccc2B2Nc3ccccc3C=C21,10-1039_c6cc00161k,128,[2H]C(Cl)(Cl)Cl,22.4
-8,Cc1ccc2c(c1)C(c1ccccc1)=C(c1ccccc1)C1=Cc3ccccc3NB12,10-1039_c6cc00161k,128,[2H]C(Cl)(Cl)Cl,29.2
-9,Fc1ccc2c(c1)C(c1ccccc1)=C(c1ccccc1)C1=Cc3ccccc3NB12,10-1039_c6cc00161k,128,[2H]C(Cl)(Cl)Cl,29.4
-10,C1=C2B(c3ccccc3C(c3ccccc3)=C2c2ccccc2)N(Cc2ccccc2)c2ccccc21,10-1039_c6cc00161k,128,[2H]C(Cl)(Cl)Cl,33.4
-11,CCCCN1B2C(=Cc3ccccc31)C(c1ccccc1)=C(c1ccccc1)c1ccccc12,10-1039_c6cc00161k,128,[2H]C(Cl)(Cl)Cl,30.1
-12,Cc1ccc2c(c1)N(Cc1ccccc1)B1C(=C2)C(c2ccccc2)=C(c2ccccc2)c2ccccc21,10-1039_c6cc00161k,128,[2H]C(Cl)(Cl)Cl,31.4
-13,COc1ccc(C2=C(c3ccc(OC)cc3)c3ccccc3B3C2=Cc2ccc(C)cc2N3Cc2ccccc2)cc1,10-1039_c6cc00161k,128,[2H]C(Cl)(Cl)Cl,34
-14,Fc1cccc2c1C=C1B(c3ccccc3C(c3ccccc3)=C1c1ccccc1)N2Cc1ccccc1,10-1039_c6cc00161k,128,[2H]C(Cl)(Cl)Cl,31.4
-15,C1=C2B(Nc3ccccc31)c1sccc1C(c1ccccc1)=C2c1ccccc1,10-1039_c6cc00161k,128,[2H]C(Cl)(Cl)Cl,27.7
-16,Brc1ccc2c(c1)B1Nc3ccccc3C=C1C(c1ccccc1)=C2c1ccccc1,10-1039_c6cc00161k,128,[2H]C(Cl)(Cl)Cl,29
-17,C(#Cc1ccc2c(c1)B1Nc3ccccc3C=C1C(c1ccccc1)=C2c1ccccc1)c1ccccc1,10-1039_c6cc00161k,128,[2H]C(Cl)(Cl)Cl,31.1
3b,CO[B-](F)(F)c1ccccc1[NH+]1C(C)(C)CCCC1(C)C,10-1039_c6cc01267a,160,[2H]C(Cl)(Cl)Cl,3.4
3c,CC1(C)CCCC(C)(C)[NH+]1c1ccccc1[B-](O)(F)F,10-1039_c6cc01267a,160,[2H]C(Cl)(Cl)Cl,3.5
,Cn1cc(B2OC(C)(C)C(C)(C)O2)c2ccccc21,10-1039_c6cc01267a,160,[2H]C(Cl)(Cl)Cl,29.7
,CC(C)(C)c1ccc(B2OC(C)(C)C(C)(C)O2)o1,10-1039_c6cc01267a,160,[2H]C(Cl)(Cl)Cl,27.4
,CC1(C)OB(c2ccc(O[Si](C)(C)C)o2)OC1(C)C,10-1039_c6cc01267a,160,[2H]C(Cl)(Cl)Cl,26.7
3a,CN1CC(=O)OB(CC=C(C#N)C#N)OC(=O)C1,10-1039_c7sc00831g,128,[2H]C([2H])([2H])S(=O)C([2H])([2H])[2H],11.1
3b,CN1CC(=O)OB(C/C=C(\C#N)C(=O)[O-])OC(=O)C1,10-1039_c7sc00831g,128,[2H]C([2H])([2H])S(=O)C([2H])([2H])[2H],10.9
3c,CN1CC(=O)OB(C/C=C(\C#N)C(=O)NCc2ccccc2)OC(=O)C1,10-1039_c7sc00831g,128,[2H]C([2H])([2H])S(=O)C([2H])([2H])[2H],11.7
3d,CN1CC(=O)OB(C/C=C(\C#N)C(N)=O)OC(=O)C1,10-1039_c7sc00831g,128,[2H]C([2H])([2H])C#N,11.3
4a,CN1CC(=O)OB(c2cc(C#N)c(N)s2)OC(=O)C1,10-1039_c7sc00831g,128,[2H]C([2H])([2H])S(=O)C([2H])([2H])[2H],10.8
4b,CCOC(=O)c1cc(B2OC(=O)CN(C)CC(=O)O2)sc1N,10-1039_c7sc00831g,128,[2H]C([2H])([2H])S(=O)C([2H])([2H])[2H],11.1
,CN1CC(=O)OB(c2cc(C(=O)c3ccccc3)c(N)s2)OC(=O)C1,10-1039_c7sc00831g,96,[2H]C([2H])([2H])C#N,10.4
4d,CN1CC(=O)OB(c2cc(C(N)=O)c(N)s2)OC(=O)C1,10-1039_c7sc00831g,128,[2H]C([2H])([2H])C#N,10.4
4e,CN1CC(=O)OB(c2cc(C(=O)c3ccc(F)cc3)c(N)s2)OC(=O)C1,10-1039_c7sc00831g,192,[2H]C([2H])([2H])C#N,10.3
4f,CN1CC(=O)OB(c2cc(C(=O)c3ccc([N+](=O)[O-])cc3)c(N)s2)OC(=O)C1,10-1039_c7sc00831g,128,[2H]C([2H])([2H])S(=O)C([2H])([2H])[2H],11
4h,CN1CC(=O)OB(c2cc(C(N)=S)c(N)s2)OC(=O)C1,10-1039_c7sc00831g,128,[2H]C([2H])([2H])C#N,9.8
4i,CN1CC(=O)OB(c2cc(C(=O)c3cc4ccccc4o3)c(N)s2)OC(=O)C1,10-1039_c7sc00831g,128,[2H]C([2H])([2H])C#N,10.1
,CN1CC(=O)OB(c2cc(C(=O)c3ccc[nH]3)c(N)[nH]2)OC(=O)C1,10-1039_c7sc00831g,128,[2H]C([2H])([2H])C#N,10.3
,COc1cccc(C(=O)c2cc(B3OC(=O)CN(C)CC(=O)O3)sc2N)c1,10-1039_c7sc00831g,128,[2H]C([2H])([2H])C#N,10.1
8a,CN1CC(=O)OB(c2cc3c(-c4ccccc4)c4c(nc3s2)CCCC4)OC(=O)C1,10-1039_c7sc00831g,128,[2H]C([2H])([2H])C#N,10.9
8c,CN1CC(=O)OB(c2cc3c(-c4ccccc4)cc(-c4ccccc4)nc3s2)OC(=O)C1,10-1039_c7sc00831g,128,[2H]C([2H])([2H])C#N,11.2
8d,Cc1nc2sc(B3OC(=O)CN(C)CC(=O)O3)cc2c(-c2ccccc2)c1C(=O)[O-],10-1039_c7sc00831g,128,[2H]C([2H])([2H])C#N,10.1
2,Cc1cc(C)c(B2c3cc(Br)c4ccccc4c3-c3cccc4cccc2c34)c(C)c1,10-1039_c8cc04701d,128,[2H]C([2H])(Cl)Cl,58.4
S6,CC1(C)OB(B2NC(=O)c3ccccc3N2)OC1(C)C,10-1039_c8cc05645e,160,[2H]C(Cl)(Cl)Cl,32.38
1a,Cc1ccc(B2NC(=O)c3ccccc3N2)cc1,10-1039_c8cc05645e,160,[2H]C([2H])([2H])S(=O)C([2H])([2H])[2H],30.6
1b,Cc1cccc(B2NC(=O)c3ccccc3N2)c1,10-1039_c8cc05645e,160,[2H]C([2H])([2H])S(=O)C([2H])([2H])[2H],29.22
1c,Cc1ccccc1B1NC(=O)c2ccccc2N1,10-1039_c8cc05645e,160,[2H]C([2H])([2H])S(=O)C([2H])([2H])[2H],30.48
1d,COc1ccc(B2NC(=O)c3ccccc3N2)cc1,10-1039_c8cc05645e,160,[2H]C([2H])([2H])S(=O)C([2H])([2H])[2H],29
1e,COc1cccc(B2NC(=O)c3ccccc3N2)c1,10-1039_c8cc05645e,160,[2H]C([2H])([2H])S(=O)C([2H])([2H])[2H],29.17
1f,COc1ccccc1B1NC(=O)c2ccccc2N1,10-1039_c8cc05645e,160,[2H]C([2H])([2H])S(=O)C([2H])([2H])[2H],30.09
1g,Nc1ccc(B2NC(=O)c3ccccc3N2)cc1,10-1039_c8cc05645e,160,[2H]C([2H])([2H])S(=O)C([2H])([2H])[2H],29.86
1h,O=C1NB(c2ccc(O)cc2)Nc2ccccc21,10-1039_c8cc05645e,160,[2H]C([2H])([2H])S(=O)C([2H])([2H])[2H],31.3
1i,C[Si](C)(C)c1ccc(B2NC(=O)c3ccccc3N2)cc1,10-1039_c8cc05645e,160,[2H]C([2H])([2H])S(=O)C([2H])([2H])[2H],30.35
1j,CSc1cccc(B2NC(=O)c3ccccc3N2)c1,10-1039_c8cc05645e,160,[2H]C([2H])([2H])S(=O)C([2H])([2H])[2H],29.87
1k,CC(=O)c1ccc(B2NC(=O)c3ccccc3N2)cc1,10-1039_c8cc05645e,160,[2H]C([2H])([2H])S(=O)C([2H])([2H])[2H],30.77
1l,O=C1NB(c2ccc3c(c2)OCO3)Nc2ccccc21,10-1039_c8cc05645e,160,[2H]C([2H])([2H])S(=O)C([2H])([2H])[2H],30.77
1m,O=C1NB(c2ccc3[nH]ccc3c2)Nc2ccccc21,10-1039_c8cc05645e,160,[2H]C([2H])([2H])S(=O)C([2H])([2H])[2H],30.53
1n,O=C1NB(c2cccc3ccccc23)Nc2ccccc21,10-1039_c8cc05645e,160,[2H]C([2H])([2H])S(=O)C([2H])([2H])[2H],32.03
1o,O=C1NB(c2c3ccccc3cc3ccccc23)Nc2ccccc21,10-1039_c8cc05645e,160,[2H]C([2H])([2H])S(=O)C([2H])([2H])[2H],33.8
1p,O=C1NB(c2cc3ccccc3c3ccccc23)Nc2ccccc21,10-1039_c8cc05645e,160,[2H]C([2H])([2H])S(=O)C([2H])([2H])[2H],33.16
1q,O=C1NB(c2ccsc2)Nc2ccccc21,10-1039_c8cc05645e,160,[2H]C([2H])([2H])S(=O)C([2H])([2H])[2H],28.02
1r,COc1cccc(B2NC(=O)c3ccccc3N2)n1,10-1039_c8cc05645e,160,[2H]C([2H])([2H])S(=O)C([2H])([2H])[2H],29.03
1s,O=C1NB(c2cccc(C(F)(F)F)n2)Nc2ccccc21,10-1039_c8cc05645e,160,[2H]C([2H])([2H])S(=O)C([2H])([2H])[2H],29.17
1t,O=C1NB(c2cccc(F)n2)Nc2ccccc21,10-1039_c8cc05645e,160,[2H]C([2H])([2H])S(=O)C([2H])([2H])[2H],28.47
1u,CC(=O)c1cccc(B2NC(=O)c3ccccc3N2)n1,10-1039_c8cc05645e,160,[2H]C([2H])([2H])S(=O)C([2H])([2H])[2H],28.94
1v,COC(=O)c1cccc(B2NC(=O)c3ccccc3N2)n1,10-1039_c8cc05645e,160,[2H]C([2H])([2H])S(=O)C([2H])([2H])[2H],29.3
1w,O=C1NB(c2cccc(Cl)n2)Nc2ccccc21,10-1039_c8cc05645e,160,[2H]C([2H])([2H])S(=O)C([2H])([2H])[2H],29.17
S18,COc1cc(Cl)nc(B2NC(=O)c3ccccc3N2)c1,10-1039_c8cc05645e,160,[2H]C([2H])([2H])S(=O)C([2H])([2H])[2H],29.03
1y,CC1(C)OB(c2ccc(B3NC(=O)c4ccccc4N3)cc2)OC1(C)C,10-1039_c8cc05645e,160,[2H]C([2H])([2H])S(=O)C([2H])([2H])[2H],31.49
4c,CC1(C)COB(c2ccccc2)OC1,10-1039_c8cc08504h,192,[2H]C(Cl)(Cl)Cl,26.84
3c,CCCCc1ccc(B2OC(C)(C)C(C)(C)O2)cc1,10-1039_c8cc08504h,192,[2H]C(Cl)(Cl)Cl,30.97
3e,CCCCOc1ccc(B2OC(C)(C)C(C)(C)O2)cc1,10-1039_c8cc08504h,192,[2H]C(Cl)(Cl)Cl,30.83
3f,CC1(C)OB(c2ccc(OCc3ccccc3)cc2)OC1(C)C,10-1039_c8cc08504h,192,[2H]C(Cl)(Cl)Cl,30.8
3g,CC1(C)OB(c2ccc(-c3ccccc3)cc2)OC1(C)C,10-1039_c8cc08504h,192,[2H]C(Cl)(Cl)Cl,30.99
3j,CC1(C)OB(c2ccc(C(=O)c3ccccc3)cc2)OC1(C)C,10-1039_c8cc08504h,192,[2H]C(Cl)(Cl)Cl,30.66
3m,CC1(C)OB(c2cccc(-c3ccccc3)c2)OC1(C)C,10-1039_c8cc08504h,192,[2H]C(Cl)(Cl)Cl,31
3n,Cc1ccccc1B1OC(C)(C)C(C)(C)O1,10-1039_c8cc08504h,192,[2H]C(Cl)(Cl)Cl,31.33
3o,CC1(C)OB(c2ccccc2-c2ccccc2)OC1(C)C,10-1039_c8cc08504h,192,[2H]C(Cl)(Cl)Cl,31.73
3q,CC1(C)OB(c2cccc3ccccc23)OC1(C)C,10-1039_c8cc08504h,192,[2H]C(Cl)(Cl)Cl,31.52
3r,CC1(C)OB(c2ccc3ccccc3c2)OC1(C)C,10-1039_c8cc08504h,192,[2H]C(Cl)(Cl)Cl,31.14
3s,CC1(C)OB(c2c3ccccc3cc3ccccc23)OC1(C)C,10-1039_c8cc08504h,192,[2H]C(Cl)(Cl)Cl,32.96
3t,CC1(C)OB(c2ccc(-c3ccc(F)cc3)cc2)OC1(C)C,10-1039_c8cc08504h,192,[2H]C(Cl)(Cl)Cl,30.85
3u,COc1cc(B2OC(C)(C)C(C)(C)O2)cc(OC)c1OC,10-1039_c8cc08504h,192,[2H]C(Cl)(Cl)Cl,30.64
3w,CCCN(CCC)S(=O)(=O)c1ccc(B2OC(C)(C)C(C)(C)O2)cc1,10-1039_c8cc08504h,192,[2H]C(Cl)(Cl)Cl,30.43
4b,CC1CC(C)(C)OB(c2ccccc2)O1,10-1039_c8cc08504h,192,[2H]C(Cl)(Cl)Cl,26.8
2b,CC1(C)OB(C2CC2c2ccc(F)cc2)OC1(C)C,10-1039_c8qo01163j,128,[2H]C(Cl)(Cl)Cl,33.06
2c,CC1(C)OB(C2CC2c2ccc(Cl)cc2)OC1(C)C,10-1039_c8qo01163j,128,[2H]C(Cl)(Cl)Cl,33.06
2d,CC1(C)OB(C2CC2c2ccc(Br)cc2)OC1(C)C,10-1039_c8qo01163j,128,[2H]C(Cl)(Cl)Cl,32.73
2e,Cc1ccc(C2CC2B2OC(C)(C)C(C)(C)O2)cc1,10-1039_c8qo01163j,128,[2H]C(Cl)(Cl)Cl,33.22
2f,COc1ccc(C2CC2B2OC(C)(C)C(C)(C)O2)cc1,10-1039_c8qo01163j,128,[2H]C(Cl)(Cl)Cl,33.02
2g,CC1(C)OB(C2CC2c2ccc(OC(F)(F)F)cc2)OC1(C)C,10-1039_c8qo01163j,128,[2H]C(Cl)(Cl)Cl,33.01
2h,CC1(C)OB(C2CC2c2ccc(Oc3ccccc3)cc2)OC1(C)C,10-1039_c8qo01163j,128,[2H]C(Cl)(Cl)Cl,33.14
2i,CC(C)c1ccc(C2CC2B2OC(C)(C)C(C)(C)O2)cc1,10-1039_c8qo01163j,128,[2H]C(Cl)(Cl)Cl,33.23
2j,CC1(C)OB(C2CC2c2ccc(-c3ccccc3)cc2)OC1(C)C,10-1039_c8qo01163j,128,[2H]C(Cl)(Cl)Cl,33.12
2k,CC(=O)c1ccc(C2CC2B2OC(C)(C)C(C)(C)O2)cc1,10-1039_c8qo01163j,128,[2H]C(Cl)(Cl)Cl,32.58
2l,Cc1ccccc1C1CC1B1OC(C)(C)C(C)(C)O1,10-1039_c8qo01163j,128,[2H]C(Cl)(Cl)Cl,33.55
2m,Cc1cccc(C2CC2B2OC(C)(C)C(C)(C)O2)c1,10-1039_c8qo01163j,128,[2H]C(Cl)(Cl)Cl,33.11
2n,Cc1cc(C)cc(C2CC2B2OC(C)(C)C(C)(C)O2)c1,10-1039_c8qo01163j,128,[2H]C(Cl)(Cl)Cl,32.83
2o,CC1(C)OB(C2CC2c2cc(F)ccc2F)OC1(C)C,10-1039_c8qo01163j,128,[2H]C(Cl)(Cl)Cl,32.83
2p,Cc1cc(C2CC2B2OC(C)(C)C(C)(C)O2)ccc1F,10-1039_c8qo01163j,128,[2H]C(Cl)(Cl)Cl,33.16
2q,COc1cc(C2CC2B2OC(C)(C)C(C)(C)O2)cc(OC)c1OC,10-1039_c8qo01163j,128,[2H]C(Cl)(Cl)Cl,33.59
2r,CC1(C)OB(C2CC2c2cccc3ccccc23)OC1(C)C,10-1039_c8qo01163j,128,[2H]C(Cl)(Cl)Cl,33.49
2s,CC1(C)COB(C2CC2c2ccccc2)OC1,10-1039_c8qo01163j,128,[2H]C(Cl)(Cl)Cl,33.18
,CC1(C)OB(C2CN(S(=O)(=O)c3ccccc3)c3ccc(F)cc32)OC1(C)C,10-1039_c8sc01093e,160,[2H]C(Cl)(Cl)Cl,32.05
,CC1C(B2OC(C)(C)C(C)(C)O2)c2cc(F)ccc2N1S(=O)(=O)c1ccccc1,10-1039_c8sc01093e,160,[2H]C(Cl)(Cl)Cl,31.8
2a,CC[Si](CC)(CC)B1OC(C)(C)C(C)(C)O1,10-1039_c9cc05325e,192,[2H]C(Cl)(Cl)Cl,35.1
,Cn1c(B2OC(C)(C)C(C)(C)O2)cc2ccccc21,10-1039_c9dt00484j,160,[2H]C(Cl)(Cl)Cl,29.7
,CC(C)[Si](C(C)C)(C(C)C)n1cccc1B1OC(C)(C)C(C)(C)O1,10-1039_c9dt00484j,160,[2H]C(Cl)(Cl)Cl,30
,Cn1c(B2OC(C)(C)C(C)(C)O2)cc2ccc(Cl)cc21,10-1039_c9dt00484j,160,[2H]C(Cl)(Cl)Cl,29.88
,Cn1c(B2OC(C)(C)C(C)(C)O2)cc2ccc(F)cc21,10-1039_c9dt00484j,160,[2H]C(Cl)(Cl)Cl,30.21
2a,CCNB1OCCO1,10-1039_c9nj04076e,128,[2H]C(Cl)(Cl)Cl,25.7
2b,COCCNB1OCCO1,10-1039_c9nj04076e,128,[2H]C(Cl)(Cl)Cl,25.8
2c,ClCCNB1OCCO1,10-1039_c9nj04076e,128,[2H]C(Cl)(Cl)Cl,25.6
2d,c1ccc(CNB2OCCO2)cc1,10-1039_c9nj04076e,128,[2H]C(Cl)(Cl)Cl,25.7
2e,COc1ccc(CNB2OCCO2)cc1,10-1039_c9nj04076e,128,[2H]C(Cl)(Cl)Cl,25.7
2f,Cc1ccc(CNB2OCCO2)cc1,10-1039_c9nj04076e,128,[2H]C(Cl)(Cl)Cl,26.4
2g,Cc1ccccc1CNB1OCCO1,10-1039_c9nj04076e,128,[2H]C(Cl)(Cl)Cl,25.68
2h,CC(C)(C)c1ccc(CNB2OCCO2)cc1,10-1039_c9nj04076e,128,[2H]C(Cl)(Cl)Cl,25.9
2i,CSc1ccc(CNB2OCCO2)cc1,10-1039_c9nj04076e,128,[2H]C(Cl)(Cl)Cl,25.3
2j,Fc1ccc(CNB2OCCO2)cc1,10-1039_c9nj04076e,128,[2H]C(Cl)(Cl)Cl,25.6
2k,FC(F)(F)c1ccc(CNB2OCCO2)cc1,10-1039_c9nj04076e,128,[2H]C(Cl)(Cl)Cl,25.8
2l,Clc1ccc(CNB2OCCO2)cc1,10-1039_c9nj04076e,128,[2H]C(Cl)(Cl)Cl,25.6
2m,Brc1ccc(CNB2OCCO2)cc1,10-1039_c9nj04076e,128,[2H]C(Cl)(Cl)Cl,25.9
2n,Brc1ccccc1CNB1OCCO1,10-1039_c9nj04076e,128,[2H]C(Cl)(Cl)Cl,25.9
2o,Ic1ccc(CNB2OCCO2)cc1,10-1039_c9nj04076e,128,[2H]C(Cl)(Cl)Cl,25.9
2p,c1ccc(CNB2OCCO2)nc1,10-1039_c9nj04076e,128,[2H]C(Cl)(Cl)Cl,24.01
2q,c1cc(CNB2OCCO2)ccn1,10-1039_c9nj04076e,128,[2H]C(Cl)(Cl)Cl,24.01
2r,c1csc(CNB2OCCO2)c1,10-1039_c9nj04076e,128,[2H]C(Cl)(Cl)Cl,25.8
2s,COc1ccc(CCN(B2OC(C)(C)C(C)(C)O2)B2OC(C)(C)C(C)(C)O2)cc1,10-1039_c9nj04076e,128,[2H]C(Cl)(Cl)Cl,25.2
2t,Fc1ccc(CCNB2OCCO2)cc1,10-1039_c9nj04076e,128,[2H]C(Cl)(Cl)Cl,25.2
2v,c1ccc2cc(CNB3OCCO3)ccc2c1,10-1039_c9nj04076e,128,[2H]C(Cl)(Cl)Cl,21.1
2w,CC1(C)OB(N(Cc2ccc(CN(B3OC(C)(C)C(C)(C)O3)B3OC(C)(C)C(C)(C)O3)cc2)B2OC(C)(C)C(C)(C)O2)OC1(C)C,10-1039_c9nj04076e,128,[2H]C(Cl)(Cl)Cl,21.1
3a,O=[N+]([O-])c1ccc(CNB2OCCO2)cc1,10-1039_c9nj04076e,128,[2H]C(Cl)(Cl)Cl,25.6
3b,COC(=O)c1ccc(CN(B2OC(C)(C)C(C)(C)O2)B2OC(C)(C)C(C)(C)O2)cc1,10-1039_c9nj04076e,128,[2H]C(Cl)(Cl)Cl,25.6
3e,CC1(C)OB(Oc2ccc(CN(B3OC(C)(C)C(C)(C)O3)B3OC(C)(C)C(C)(C)O3)cc2)OC1(C)C,10-1039_c9nj04076e,128,[2H]C(Cl)(Cl)Cl,25.8;21.0
9,CC1(C)OB(N2c3ccccc3CC3C=CC=CC32)OC1(C)C,10-1039_c9qo00497a,160,[2H]c1c([2H])c([2H])c([2H])c([2H])c1[2H],25
4d,CC1=CCN(B2OC(C)(C)C(C)(C)O2)c2ccccc21,10-1039_c9qo00497a,160,[2H]c1c([2H])c([2H])c([2H])c([2H])c1[2H],23.9
4c,CC1=Cc2ccccc2N(B2OC(C)(C)C(C)(C)O2)C1,10-1039_c9qo00497a,160,[2H]c1c([2H])c([2H])c([2H])c([2H])c1[2H],24.1
4e,Cc1cccc2c1C=CCN2B1OC(C)(C)C(C)(C)O1,10-1039_c9qo00497a,160,[2H]c1c([2H])c([2H])c([2H])c([2H])c1[2H],23.9
4f,Cc1ccc2c(c1)C=CCN2B1OC(C)(C)C(C)(C)O1,10-1039_c9qo00497a,160,[2H]c1c([2H])c([2H])c([2H])c([2H])c1[2H],23.9
4g,Cc1ccc2c(c1)N(B1OC(C)(C)C(C)(C)O1)CC=C2,10-1039_c9qo00497a,160,[2H]c1c([2H])c([2H])c([2H])c([2H])c1[2H],24
4k,CC1(C)OB(N2CC=Cc3cc(F)ccc32)OC1(C)C,10-1039_c9qo00497a,160,[2H]c1c([2H])c([2H])c([2H])c([2H])c1[2H],23.9
4l,CC1(C)OB(N2CC=Cc3cc(Cl)ccc32)OC1(C)C,10-1039_c9qo00497a,160,[2H]c1c([2H])c([2H])c([2H])c([2H])c1[2H],23.8
6,CC1(C)OB(N2C=Cc3ccccc3C2)OC1(C)C,10-1039_c9qo00497a,160,[2H]c1c([2H])c([2H])c([2H])c([2H])c1[2H],23.8
7,CC1(C)OB(N2CCN(C3OC(C)(C)C(C)(C)O3)c3ccccc32)OC1(C)C,10-1039_c9qo00497a,160,[2H]c1c([2H])c([2H])c([2H])c([2H])c1[2H],24.1
8,CC1(C)OB(N2C=CCN(B3OC(C)(C)C(C)(C)O3)C2)OC1(C)C,10-1039_c9qo00497a,160,[2H]c1c([2H])c([2H])c([2H])c([2H])c1[2H],23.9
10t,CCC1=CN(B2OC(C)(C)C(C)(C)O2)C=CC1,10-1039_c9qo00497a,160,[2H]c1c([2H])c([2H])c([2H])c([2H])c1[2H],24.1
3ia,COC(=O)[C@@]1(c2cccc(Br)c2)C[C@]1(B1OC(C)(C)C(C)(C)O1)c1ccccc1,10-1039_d0cc02549f,128,[2H]C(Cl)(Cl)Cl,30.36
1b,CC1(C)OB(CCc2ccccc2)OC1(C)C,10-1039_d0gc00677g,128,[2H]C(Cl)(Cl)Cl,34.1
5b,COC(=O)CCB1OC(C)(C)C(C)(C)O1,10-1039_d0gc00677g,128,[2H]C(Cl)(Cl)Cl,33.7
7b,CC1(C)OB(CCC2OCCCO2)OC1(C)C,10-1039_d0gc00677g,128,[2H]C(Cl)(Cl)Cl,33.7
15b,CC1(C)OB(C2CCN(C(=O)OCc3ccccc3)CC2)OC1(C)C,10-1039_d0gc00677g,128,[2H]C(Cl)(Cl)Cl,33.8
16b,CC1(C)OB(C2C=CCCC2)OC1(C)C,10-1039_d0gc00677g,128,[2H]C(Cl)(Cl)Cl,33.8
20b,CC1(C)OB(CCCCCCn2c3ccccc3c3ccccc32)OC1(C)C,10-1039_d0gc00677g,128,[2H]C(Cl)(Cl)Cl,34.2
22b,CC1(C)OB(CB2OC(C)(C)C(C)(C)O2)OC1(C)C,10-1039_d0gc00677g,128,[2H]C(Cl)(Cl)Cl,33.5
24b,Cc1ccc(CB2OC(C)(C)C(C)(C)O2)cc1,10-1039_d0gc00677g,128,[2H]C(Cl)(Cl)Cl,32.7
25b,Cc1ccccc1CB1OC(C)(C)C(C)(C)O1,10-1039_d0gc00677g,128,[2H]C(Cl)(Cl)Cl,33.8
2i,COC(=O)c1ccc(C)cc1B1OC(C)(C)C(C)(C)O1,10-1039_d0ob02335c,128.4,[2H]C(Cl)(Cl)Cl,31.2
2j,COC(=O)c1cc(Br)c(C)cc1B1OC(C)(C)C(C)(C)O1,10-1039_d0ob02335c,128.4,[2H]C(Cl)(Cl)Cl,31.3
2l,CCOC(=O)c1c(Br)cccc1B1OC(C)(C)C(C)(C)O1,10-1039_d0ob02335c,128.4,[2H]C(Cl)(Cl)Cl,30
4b,COC(=O)c1nccc(C(F)(F)F)c1B1OC(C)(C)C(C)(C)O1,10-1039_d0ob02335c,128.4,[2H]C(Cl)(Cl)Cl,31.6
4c,CCOC(=O)c1nc2ccccc2cc1B1OC(C)(C)C(C)(C)O1,10-1039_d0ob02335c,128.4,[2H]C(Cl)(Cl)Cl,30.6
4j,CC1(C)OB(c2ccc3ccc(B4OC(C)(C)C(C)(C)O4)c4c3c2C(=O)NC4=O)OC1(C)C,10-1039_d0ob02335c,128.4,[2H]C(Cl)(Cl)Cl,31.2
12a-pin,CCOC(=O)/C=C/c1cc(B2OC(C)(C)C(C)(C)O2)ccc1OC,10-1039_d0sc00230e,128,[2H]C(Cl)(Cl)Cl,31
16a-pin,CCOC(=O)/C=C/c1cc(B2OC(C)(C)C(C)(C)O2)cc(C(=O)OC)c1,10-1039_d0sc00230e,160,[2H]C(Cl)(Cl)Cl,31.4
18a-pin,CCOC(=O)/C=C/c1cc(B2OC(C)(C)C(C)(C)O2)ccc1C(=O)OC,10-1039_d0sc00230e,128,[2H]C(Cl)(Cl)Cl,30.9
22a-pin,CCOC(=O)/C=C/c1cc(B2OC(C)(C)C(C)(C)O2)cc2ccccc12,10-1039_d0sc00230e,128,[2H]C(Cl)(Cl)Cl,31.2
23a-pin,CCOC(=O)/C=C/c1c(C)cc(B2OC(C)(C)C(C)(C)O2)cc1C,10-1039_d0sc00230e,128,[2H]C(Cl)(Cl)Cl,31.1
20a-pin,CCOC(=O)/C=C/c1cc(B2OC(C)(C)C(C)(C)O2)ccc1Br,10-1039_d0sc00230e,128,[2H]C(Cl)(Cl)Cl,30.9
21a-pin,CCOC(=O)/C=C/c1cc(B2OC(C)(C)C(C)(C)O2)ccc1F,10-1039_d0sc00230e,128,[2H]C(Cl)(Cl)Cl,30.6
7b-pin,CC(=O)/C=C/c1cccc(B2OC(C)(C)C(C)(C)O2)c1,10-1039_d0sc00230e,128,[2H]C(Cl)(Cl)Cl,30.6
7c-pin,CC(C)(C)OC(=O)/C=C/c1cccc(B2OC(C)(C)C(C)(C)O2)c1,10-1039_d0sc00230e,128,[2H]C(Cl)(Cl)Cl,31
7d-pin,COC(=O)/C=C(\C)c1cccc(B2OC(C)(C)C(C)(C)O2)c1,10-1039_d0sc00230e,128,[2H]C(Cl)(Cl)Cl,30.9
7i-pin,CC1(C)OB(c2cccc(/C=C/C=O)c2)OC1(C)C,10-1039_d0sc00230e,128,[2H]C(Cl)(Cl)Cl,30.8
7h-pin,CC1(C)OB(c2cccc(/C=C/S(=O)(=O)c3ccccc3)c2)OC1(C)C,10-1039_d0sc00230e,128,[2H]C(Cl)(Cl)Cl,30.6
7e-pin,COC(=O)C1=CCCC1c1cccc(B2OC(C)(C)C(C)(C)O2)c1,10-1039_d0sc00230e,128,[2H]C(Cl)(Cl)Cl,30.9
9,CCOC(=O)/C=C/c1cccc(B2OC(C)(C)C(C)(C)O2)c1,10-1039_d0sc00230e,128,[2H]C(Cl)(Cl)Cl,30.9
7g-pin,CC1(C)OB(c2cccc(/C=C/C#N)c2)OC1(C)C,10-1039_d0sc00230e,128,[2H]C(Cl)(Cl)Cl,30.8
7f-pin,COC(=O)C(=Cc1cccc(B2OC(C)(C)C(C)(C)O2)c1)C(=O)N(c1ccccc1)c1ccccc1,10-1039_d0sc00230e,128,[2H]C(Cl)(Cl)Cl,30.9
24,Cc1ccc(-c2cc(C)cc(B3OC(C)(C)C(C)(C)O3)c2)cc1,10-1039_d0sc00230e,128,[2H]C(Cl)(Cl)Cl,31
13a-pin,CCOC(=O)/C=C/c1ccc(C)c(B2OC(C)(C)C(C)(C)O2)c1,10-1039_d0sc00230e,128,[2H]C(Cl)(Cl)Cl,31.3
14a-pin,CCOC(=O)/C=C/c1cc(C)cc(B2OC(C)(C)C(C)(C)O2)c1,10-1039_d0sc00230e,128,[2H]C(Cl)(Cl)Cl,31.1
15a-pin,CCOC(=O)/C=C/c1cc(B2OC(C)(C)C(C)(C)O2)ccc1C,10-1039_d0sc00230e,128,[2H]C(Cl)(Cl)Cl,30.8
10a-pin,CCOC(=O)/C=C/c1ccc(OC)c(B2OC(C)(C)C(C)(C)O2)c1,10-1039_d0sc00230e,128,[2H]C(Cl)(Cl)Cl,31.6
S6,CC1(C)OB(N2C=CCC=C2)OC1(C)C,10-1039_d0sc03458d,160,[2H]c1c([2H])c([2H])c([2H])c([2H])c1[2H],23.6
6d,CC1(C)OB(C2c3ccccc3Cc3ccccc32)OC1(C)C,10-1039_d0sc03458d,160,[2H]c1c([2H])c([2H])c([2H])c([2H])c1[2H],24.9
6e_1,CC1=CN(B2OC(C)(C)C(C)(C)O2)C=CC1,10-1039_d0sc03458d,160,[2H]c1c([2H])c([2H])c([2H])c([2H])c1[2H],23.7
6f_1,CC1(C)OB(N2C=CCC(c3ccccc3)=C2)OC1(C)C,10-1039_d0sc03458d,160,[2H]c1c([2H])c([2H])c([2H])c([2H])c1[2H],24
6g,CC1=CN(B2OC(C)(C)C(C)(C)O2)C=C(C)C1,10-1039_d0sc03458d,160,[2H]c1c([2H])c([2H])c([2H])c([2H])c1[2H],23.95
7,CN1CN(B2OC(C)(C)C(C)(C)O2)c2ccccc21,10-1039_d0sc03458d,160,[2H]c1c([2H])c([2H])c([2H])c([2H])c1[2H],23
8,CC(=O)OC1=CN(B2OC(C)(C)C(C)(C)O2)C=CC1,10-1039_d0sc03458d,160,[2H]c1c([2H])c([2H])c([2H])c([2H])c1[2H],23.9
7,CC(=O)OC1=CC=CN(B2OC(C)(C)C(C)(C)O2)C1,10-1039_d0sc03458d,160,[2H]c1c([2H])c([2H])c([2H])c([2H])c1[2H],23.9
7,CC(=O)OC1=CN(B2OC(C)(C)C(C)(C)O2)CC=C1,10-1039_d0sc03458d,160,[2H]c1c([2H])c([2H])c([2H])c([2H])c1[2H],23.9
7,COC1=CC=CN(B2OC(C)(C)C(C)(C)O2)C1,10-1039_d0sc03458d,160,[2H]c1c([2H])c([2H])c([2H])c([2H])c1[2H],24
(5a),Cn1cccc1B1OC(C)(C)C(C)(C)O1,10-1039_d0sc05620k,128,[2H]C(Cl)(Cl)Cl,28.12
(5b),Cc1cc(B2OC(C)(C)C(C)(C)O2)c(C)n1C,10-1039_d0sc05620k,128,[2H]C(Cl)(Cl)Cl,30.19
(5d),Cc1c(B2OC(C)(C)C(C)(C)O2)c2ccccc2n1C,10-1039_d0sc05620k,128,[2H]C(Cl)(Cl)Cl,30.71
(5e),Cc1cccc2c1c(B1OC(C)(C)C(C)(C)O1)cn2C,10-1039_d0sc05620k,128,[2H]C(Cl)(Cl)Cl,30.47
(5f),COc1ccc2c(c1)c(B1OC(C)(C)C(C)(C)O1)cn2C,10-1039_d0sc05620k,128,[2H]C(Cl)(Cl)Cl,30.14
(5g),COc1ccc2c(B3OC(C)(C)C(C)(C)O3)cn(C)c2c1,10-1039_d0sc05620k,128,[2H]C(Cl)(Cl)Cl,29.97
(5h),COc1cccc2c(B3OC(C)(C)C(C)(C)O3)cn(C)c12,10-1039_d0sc05620k,128,[2H]C(Cl)(Cl)Cl,30.25
(5i),CC1(C)OB(c2cn(Cc3ccccc3)c3ccccc23)OC1(C)C,10-1039_d0sc05620k,128,[2H]C(Cl)(Cl)Cl,30.22
(5j),CC1(C)OB(c2cn3c4c(cccc24)CCC3)OC1(C)C,10-1039_d0sc05620k,128,[2H]C(Cl)(Cl)Cl,30.23
(5k),COc1ccc(B2OC(C)(C)C(C)(C)O2)s1,10-1039_d0sc05620k,128,[2H]C(Cl)(Cl)Cl,28.59
(5m),Cn1cc(B2OC(C)(C)C(C)(C)O2)c2cc(F)ccc21,10-1039_d0sc05620k,128,[2H]C(Cl)(Cl)Cl,30.03
35b,CC1(C)OB(OC2CN3CCC2CC3)OC1(C)C,10-1039_d1nj00065a,128,[2H]C(Cl)(Cl)Cl,22
36b,CC1(C)OB(OC2C3CC4CC(C3)CC2C4)OC1(C)C,10-1039_d1nj00065a,128,[2H]C(Cl)(Cl)Cl,21.9
38b,CC1(C)OB(Oc2cccs2)OC1(C)C,10-1039_d1nj00065a,128,[2H]C(Cl)(Cl)Cl,22.1
3b,COc1ccc(COB2OC(C)(C)C(C)(C)O2)cc1,10-1039_d1nj00065a,128,[2H]C(Cl)(Cl)Cl,22.3
33b,CC1(C)OB(OC(CBr)c2ccccc2)OC1(C)C,10-1039_d1nj00065a,128,[2H]C(Cl)(Cl)Cl,22.4
6b,CN(C)c1ccc(COB2OC(C)(C)C(C)(C)O2)cc1,10-1039_d1nj00065a,128,[2H]C(Cl)(Cl)Cl,22.3
14b,CC1(C)OB(OCc2ccccc2Cl)OC1(C)C,10-1039_d1nj00065a,128,[2H]C(Cl)(Cl)Cl,22.3
15b,CC1(C)OB(OCc2ccccc2Br)OC1(C)C,10-1039_d1nj00065a,128,[2H]C(Cl)(Cl)Cl,22.4
16b,CC1(C)OB(OCc2ccc(Cl)cc2Cl)OC1(C)C,10-1039_d1nj00065a,128,[2H]C(Cl)(Cl)Cl,22.3
21b,CC1(C)OB(OC2CCCCC2)OC1(C)C,10-1039_d1nj00065a,128,[2H]C(Cl)(Cl)Cl,22.3
20b,CC1(C)OB(c2cc(Cl)ccc2Nc2ncccn2)OC1(C)C,10-1039_d1sc02937a,128,[2H]C(Cl)(Cl)Cl,5.66
2b,Cc1ccc(B2OC(C)(C)C(C)(C)O2)c(Nc2ncccn2)c1,10-1039_d1sc02937a,128,[2H]C(Cl)(Cl)Cl,6.05
17b,CC1(C)OB(c2cccc(Cl)c2Nc2ncccn2)OC1(C)C,10-1039_d1sc02937a,128,[2H]C(Cl)(Cl)Cl,5.52
19b,CC1(C)OB(CCc2cccs2)OC1(C)C,10-1039_d2cy01741e,128,[2H]C(Cl)(Cl)Cl,33.85
20b,CC1(C)OB(CCCCCCn2ccc3ccccc32)OC1(C)C,10-1039_d2cy01741e,128,[2H]C(Cl)(Cl)Cl,34.38
21b,CC(C)(B1OC(C)(C)C(C)(C)O1)B1OC(C)(C)C(C)(C)O1,10-1039_d2cy01741e,128,[2H]C(Cl)(Cl)Cl,33.6
22b,CC1(C)OB(Cc2ccccc2)OC1(C)C,10-1039_d2cy01741e,128,[2H]C(Cl)(Cl)Cl,34.07
23b,CC1(C)COB(CCCc2ccccc2)OC1,10-1039_d2cy01741e,128,[2H]C(Cl)(Cl)Cl,30.38
24a,CC1(C)OB(CC2CC2)OC1(C)C,10-1039_d2cy01741e,128,[2H]C(Cl)(Cl)Cl,33.89
24c,C=CCCB1OC(C)(C)C(C)(C)O1,10-1039_d2cy01741e,128,[2H]C(Cl)(Cl)Cl,33.89
25c,CC1(C)OB(CC2CCCC2)OC1(C)C,10-1039_d2cy01741e,128,[2H]C(Cl)(Cl)Cl,33.94
26b,CC1(C)OB(CCc2ccc3ccccc3c2)OC1(C)C,10-1039_d2cy01741e,160,[2H]C(Cl)(Cl)Cl,34.49
27b,CC1(C)OB(CCc2ccc(-c3ccccc3)cc2)OC1(C)C,10-1039_d2cy01741e,128,[2H]C(Cl)(Cl)Cl,34.58
28a,Cc1ccc(CCB2OC(C)(C)C(C)(C)O2)cc1,10-1039_d2cy01741e,128,[2H]C(Cl)(Cl)Cl,34.11
30b,COc1cccc(CCB2OC(C)(C)C(C)(C)O2)c1,10-1039_d2cy01741e,128,[2H]C(Cl)(Cl)Cl,33.81
31b,CC1(C)OB(CCc2ccc(Cl)cc2)OC1(C)C,10-1039_d2cy01741e,128,[2H]C(Cl)(Cl)Cl,33.9
32b,CC1(C)OB(CCc2ccccc2Cl)OC1(C)C,10-1039_d2cy01741e,160,[2H]C(Cl)(Cl)Cl,33.67
33b,CC1(C)OB(CCc2cccc(Cl)c2)OC1(C)C,10-1039_d2cy01741e,160,[2H]C(Cl)(Cl)Cl,33.83
1b,CC1(C)OB(CCCc2ccccc2)OC1(C)C,10-1039_d2cy01741e,128,[2H]C(Cl)(Cl)Cl,33.91
3b,CCCCB1OC(C)(C)C(C)(C)O1,10-1039_d2cy01741e,128,[2H]C(Cl)(Cl)Cl,33.94
4b,CCCCCCCCB1OC(C)(C)C(C)(C)O1,10-1039_d2cy01741e,128,[2H]C(Cl)(Cl)Cl,34.34
5b,COc1ccc(CCCB2OC(C)(C)C(C)(C)O2)cc1,10-1039_d2cy01741e,128,[2H]C(Cl)(Cl)Cl,34.88
6b,CC1(C)OB(CCOc2ccccc2)OC1(C)C,10-1039_d2cy01741e,128,[2H]C(Cl)(Cl)Cl,33.51
8b,CCOC(=O)CCCCB1OC(C)(C)C(C)(C)O1,10-1039_d2cy01741e,128,[2H]C(Cl)(Cl)Cl,34.08
10b,CC1(C)OB(CCCCB2OC(C)(C)C(C)(C)O2)OC1(C)C,10-1039_d2cy01741e,128,[2H]C(Cl)(Cl)Cl,34.58
11b,CC1(C)OB(CCCCCCCl)OC1(C)C,10-1039_d2cy01741e,128,[2H]C(Cl)(Cl)Cl,34.08
12b,CCC(C)B1OC(C)(C)C(C)(C)O1,10-1039_d2cy01741e,128,[2H]C(Cl)(Cl)Cl,35.17
15b,CC1(C)OB(C2CC3CCC2C3)OC1(C)C,10-1039_d2cy01741e,128,[2H]C(Cl)(Cl)Cl,34.13
16b,CC1(C)OB(C2CCN(C(=O)OCc3ccccc3)C2)OC1(C)C,10-1039_d2cy01741e,128,[2H]C(Cl)(Cl)Cl,34.15
18b,CCCCC(CC)CB1OC(C)(C)C(C)(C)O1,10-1039_d2cy01741e,128,[2H]C(Cl)(Cl)Cl,34.57
4k,CC1(C)OB(C2C(B3OC(C)(C)C(C)(C)O3)C2c2ccc(CO[C@@H]3C[C@@H]4CC[C@@]3(C)C4(C)C)cc2)OC1(C)C,10-1039_d2qo00976e,96,[2H]C(Cl)(Cl)Cl,32.7
3ab,CC1(B2OC(C)(C)C(C)(C)O2)C(c2ccccc2)C1c1ccccc1,10-1039_d2qo00976e,96,[2H]C(Cl)(Cl)Cl,33.3
3a,CC1(B2OC(C)(C)C(C)(C)O2)C(B2OC(C)(C)C(C)(C)O2)C1c1ccccc1,10-1039_d2qo00976e,96,[2H]C(Cl)(Cl)Cl,32.6
4a,CC1(C)OB(C2C(B3OC(C)(C)C(C)(C)O3)C2c2ccccc2)OC1(C)C,10-1039_d2qo00976e,96,[2H]C(Cl)(Cl)Cl,31.98
3b,Cc1ccc(C2C(B3OC(C)(C)C(C)(C)O3)C2(C)B2OC(C)(C)C(C)(C)O2)cc1,10-1039_d2qo00976e,96,[2H]C(Cl)(Cl)Cl,32.5
3c,CCc1ccc(C2C(B3OC(C)(C)C(C)(C)O3)C2(C)B2OC(C)(C)C(C)(C)O2)cc1,10-1039_d2qo00976e,128,[2H]C(Cl)(Cl)Cl,32.4
3d,CC(C)(C)c1ccc(C2C(B3OC(C)(C)C(C)(C)O3)C2(C)B2OC(C)(C)C(C)(C)O2)cc1,10-1039_d2qo00976e,96,[2H]C(Cl)(Cl)Cl,32.4
3e,CC1(B2OC(C)(C)C(C)(C)O2)C(B2OC(C)(C)C(C)(C)O2)C1c1ccc(-c2ccccc2)cc1,10-1039_d2qo00976e,96,[2H]C(Cl)(Cl)Cl,32.9
3f,COc1ccc(C2C(B3OC(C)(C)C(C)(C)O3)C2(C)B2OC(C)(C)C(C)(C)O2)cc1,10-1039_d2qo00976e,96,[2H]C(Cl)(Cl)Cl,32.5
3g,CSc1ccc(C2C(B3OC(C)(C)C(C)(C)O3)C2(C)B2OC(C)(C)C(C)(C)O2)cc1,10-1039_d2qo00976e,96,[2H]C(Cl)(Cl)Cl,31.26
3h,CC1(B2OC(C)(C)C(C)(C)O2)C(B2OC(C)(C)C(C)(C)O2)C1c1ccc(F)cc1,10-1039_d2qo00976e,96,[2H]C(Cl)(Cl)Cl,33.4
3i,Cc1cccc(C2C(B3OC(C)(C)C(C)(C)O3)C2(C)B2OC(C)(C)C(C)(C)O2)c1,10-1039_d2qo00976e,96,[2H]C(Cl)(Cl)Cl,32.2
3j,COc1ccccc1C1C(B2OC(C)(C)C(C)(C)O2)C1(C)B1OC(C)(C)C(C)(C)O1,10-1039_d2qo00976e,96,[2H]C(Cl)(Cl)Cl,30.4
3k,CC1(B2OC(C)(C)C(C)(C)O2)C(B2OC(C)(C)C(C)(C)O2)C1c1cccc(Cl)c1,10-1039_d2qo00976e,96,[2H]C(Cl)(Cl)Cl,32.8
3l,Cc1ccccc1C1C(B2OC(C)(C)C(C)(C)O2)C1(C)B1OC(C)(C)C(C)(C)O1,10-1039_d2qo00976e,96,[2H]C(Cl)(Cl)Cl,32.8
3m,CC1(B2OC(C)(C)C(C)(C)O2)C(B2OC(C)(C)C(C)(C)O2)C1c1ccc2c(c1)OCO2,10-1039_d2qo00976e,96,[2H]C(Cl)(Cl)Cl,32.4
3o,CCC1(B2OC(C)(C)C(C)(C)O2)C(B2OC(C)(C)C(C)(C)O2)C1c1ccccc1,10-1039_d2qo00976e,96,[2H]C(Cl)(Cl)Cl,32.5
3p,CCCCC1(B2OC(C)(C)C(C)(C)O2)C(B2OC(C)(C)C(C)(C)O2)C1c1ccccc1,10-1039_d2qo00976e,96,[2H]C(Cl)(Cl)Cl,33
3q,CCCCCC1(B2OC(C)(C)C(C)(C)O2)C(B2OC(C)(C)C(C)(C)O2)C1c1ccccc1,10-1039_d2qo00976e,96,[2H]C(Cl)(Cl)Cl,33.1
4b,Cc1ccc(C2C(B3OC(C)(C)C(C)(C)O3)C2B2OC(C)(C)C(C)(C)O2)cc1,10-1039_d2qo00976e,128,[2H]C(Cl)(Cl)Cl,32.3
4c,CC(C)(C)c1ccc(C2C(B3OC(C)(C)C(C)(C)O3)C2B2OC(C)(C)C(C)(C)O2)cc1,10-1039_d2qo00976e,128,[2H]C(Cl)(Cl)Cl,31.9
4d,COc1ccc(C2C(B3OC(C)(C)C(C)(C)O3)C2B2OC(C)(C)C(C)(C)O2)cc1,10-1039_d2qo00976e,128,[2H]C(Cl)(Cl)Cl,30.3
4e,CC1(C)OB(C2C(B3OC(C)(C)C(C)(C)O3)C2c2ccc(COc3ccccc3)cc2)OC1(C)C,10-1039_d2qo00976e,128,[2H]C(Cl)(Cl)Cl,30.5
4f,CC1(C)OB(C2C(B3OC(C)(C)C(C)(C)O3)C2c2ccc(F)cc2)OC1(C)C,10-1039_d2qo00976e,96,[2H]C(Cl)(Cl)Cl,32.1
4g,Cc1cccc(C2C(B3OC(C)(C)C(C)(C)O3)C2B2OC(C)(C)C(C)(C)O2)c1,10-1039_d2qo00976e,96,[2H]C(Cl)(Cl)Cl,32.1
4h,CC1(C)OB(C2C(B3OC(C)(C)C(C)(C)O3)C2c2cccc(F)c2)OC1(C)C,10-1039_d2qo00976e,96,[2H]C(Cl)(Cl)Cl,31.9
4i,CC1(C)OB(C2C(B3OC(C)(C)C(C)(C)O3)C2c2ccc(COCCSc3ccccc3)cc2)OC1(C)C,10-1039_d2qo00976e,96,[2H]C(Cl)(Cl)Cl,32.6
4j,CC1(C)OB(C2C(B3OC(C)(C)C(C)(C)O3)C2c2ccc(COCc3ccco3)cc2)OC1(C)C,10-1039_d2qo00976e,96,[2H]C(Cl)(Cl)Cl,32.9
3z,CC1(C)OB(c2ccc3c(c2)OCO3)OC1(C)C,10-1039_d2sc00552b,193,[2H]C(Cl)(Cl)Cl,30.66
3ac,COc1ccc(B2OC(C)(C)C(C)(C)O2)cc1F,10-1039_d2sc00552b,128,[2H]C(Cl)(Cl)Cl,30.69
3ad,Cc1cc(C)cc(B2OC(C)(C)C(C)(C)O2)c1,10-1039_d2sc00552b,128,[2H]C(Cl)(Cl)Cl,31.52
3ae,COc1cc(OC)cc(B2OC(C)(C)C(C)(C)O2)c1,10-1039_d2sc00552b,128,[2H]C(Cl)(Cl)Cl,30.82
6a,COc1ccc(B2OCC(C)(C)CO2)cc1,10-1039_d2sc00552b,193,[2H]C(Cl)(Cl)Cl,26.79
13c,CC(C)[Si](Oc1ccc(B2OC(C)(C)C(C)(C)O2)cc1)(C(C)C)C(C)C,10-1039_d2sc00552b,128,[2H]C(Cl)(Cl)Cl,32.12
13d,CC1(C)OB(c2ccc(O[Si](c3ccccc3)(c3ccccc3)C(C)(C)C)cc2)OC1(C)C,10-1039_d2sc00552b,128,[2H]C(Cl)(Cl)Cl,32.76
3b,Cc1ccc(B2OC(C)(C)C(C)(C)O2)cc1,10-1039_d2sc00552b,193,[2H]C(Cl)(Cl)Cl,30.97
3c,CC(C)(C)c1ccc(B2OC(C)(C)C(C)(C)O2)cc1,10-1039_d2sc00552b,128,[2H]C(Cl)(Cl)Cl,30.89
3d,CN(C)c1ccc(B2OC(C)(C)C(C)(C)O2)cc1,10-1039_d2sc00552b,128,[2H]C(Cl)(Cl)Cl,31.39
3e,CSc1ccc(B2OC(C)(C)C(C)(C)O2)cc1,10-1039_d2sc00552b,128,[2H]C(Cl)(Cl)Cl,30.81
3f,CC1(C)OB(c2ccc(Oc3ccccc3)cc2)OC1(C)C,10-1039_d2sc00552b,128,[2H]C(Cl)(Cl)Cl,32.2
3g,CC1(C)OB(c2ccccc2)OC1(C)C,10-1039_d2sc00552b,193,[2H]C(Cl)(Cl)Cl,31.03
3i,CC1(C)OB(c2ccc(N)cc2)OC1(C)C,10-1039_d2sc00552b,128,[2H]C(Cl)(Cl)Cl,30.86
3j,CC1(C)OB(c2ccc(F)cc2)OC1(C)C,10-1039_d2sc00552b,128,[2H]C(Cl)(Cl)Cl,30.66
3k,CC1(C)OB(c2ccc(C(F)(F)F)cc2)OC1(C)C,10-1039_d2sc00552b,128,[2H]C(Cl)(Cl)Cl,30.61
3l,CC1(C)OB(c2ccc(OC(F)F)cc2)OC1(C)C,10-1039_d2sc00552b,128,[2H]C(Cl)(Cl)Cl,30.91
3o,COC(=O)c1ccc(B2OC(C)(C)C(C)(C)O2)cc1,10-1039_d2sc00552b,128,[2H]C(Cl)(Cl)Cl,30.94
3t,CC1(C)OB(c2cccc(F)c2)OC1(C)C,10-1039_d2sc00552b,128,[2H]C(Cl)(Cl)Cl,30.56
3v,CC1(C)OB(c2ccccc2N)OC1(C)C,10-1039_d2sc00552b,193,[2H]C(Cl)(Cl)Cl,31.12
3w,C=CCc1ccccc1B1OC(C)(C)C(C)(C)O1,10-1039_d2sc00552b,193,[2H]C(Cl)(Cl)Cl,31.35
3x,Cc1ccc(C)c(B2OC(C)(C)C(C)(C)O2)c1,10-1039_d2sc00552b,128,[2H]C(Cl)(Cl)Cl,31.4
3y,COc1ccc(B2OC(C)(C)C(C)(C)O2)cc1OC,10-1039_d2sc00552b,128,[2H]C(Cl)(Cl)Cl,30.69
3c,c1ccc(CNc2ccccc2B2Nc3cccc4cccc(c34)N2)cc1,10-1039_d2sc06483a,160,[2H]C([2H])(Cl)Cl,30.1
18,CCCCCCCC(=O)n1c2ccccc2c2cccc(B3OC(C)(C)C(C)(C)O3)c21,10-1039_d2sc06483a,160,[2H]C([2H])(Cl)Cl,21.8
19,CCCCCCCCn1c2ccccc2c2cccc(B3OC(C)(C)C(C)(C)O3)c21,10-1039_d2sc06483a,160,[2H]C([2H])(Cl)Cl,31.8
23,CC(C)(C)C(=O)Nc1ccc(B2OC(C)(C)C(C)(C)O2)c2c(NC(=O)C(C)(C)C)ccc(B3OC(C)(C)C(C)(C)O3)c12,10-1039_d2sc06483a,160,[2H]C([2H])(Cl)Cl,17.3
22,CC(C)(C)C(=O)Nc1cc(B2OC(C)(C)C(C)(C)O2)c(NC(=O)C(C)(C)C)cc1B1OC(C)(C)C(C)(C)O1,10-1039_d2sc06483a,160,[2H]C([2H])(Cl)Cl,30.4
24,CC(C)(C)CNc1cc(B2Nc3cccc4cccc(c34)N2)c(NCC(C)(C)C)cc1B1Nc2cccc3cccc(c23)N1,10-1039_d2sc06483a,160,[2H]C([2H])(Cl)Cl,30.4
2a,COC(=O)c1ccc(N)c(B2OC(C)(C)C(C)(C)O2)c1,10-1039_d3ra07558c,128,[2H]C(Cl)(Cl)Cl,30.94
2b,CC1(C)OB(c2ccc(N)c(F)c2)OC1(C)C,10-1039_d3ra07558c,128,[2H]C(Cl)(Cl)Cl,30.18
2c,CC1(C)OB(c2ccc(O)c(F)c2)OC1(C)C,10-1039_d3ra07558c,128,[2H]C(Cl)(Cl)Cl,30
2d,CNc1ccc(B2OC(C)(C)C(C)(C)O2)cc1F,10-1039_d3ra07558c,193,[2H]C(Cl)(Cl)Cl,30.84
2e,CC1(C)OB(c2ccc(N)c(OC(F)F)c2)OC1(C)C,10-1039_d3ra07558c,128,[2H]C(Cl)(Cl)Cl,35.04
2f,COc1cc(B2OC(C)(C)C(C)(C)O2)ccc1N,10-1039_d3ra07558c,193,[2H]C(Cl)(Cl)Cl,31.16
2g,CCOC(=O)c1ccc(N)c(B2OC(C)(C)C(C)(C)O2)c1,10-1039_d3ra07558c,128,[2H]C(Cl)(Cl)Cl,32.31
2h,CCOC(=O)c1cc(OC)c(N)c(B2OC(C)(C)C(C)(C)O2)c1,10-1039_d3ra07558c,193,[2H]C(Cl)(Cl)Cl,31.05
2i,COc1cc(C(=O)[O-])c(B2OC(C)(C)C(C)(C)O2)cc1C(F)(F)F,10-1039_d3ra07558c,128,[2H]C(Cl)(Cl)Cl,31.02
2j,COc1cc(N)c(B2OC(C)(C)C(C)(C)O2)cc1C(F)(F)F,10-1039_d3ra07558c,128,[2H]C(Cl)(Cl)Cl,30.65
2k,Cc1cc(C(F)(F)F)cc(B2OC(C)(C)C(C)(C)O2)c1N,10-1039_d3ra07558c,128,[2H]C(Cl)(Cl)Cl,31.47
2l,Cc1cc(B2OC(C)(C)C(C)(C)O2)cc(C)c1N,10-1039_d3ra07558c,193,[2H]C(Cl)(Cl)Cl,32.63
2m,COc1ccc(B2OC(C)(C)C(C)(C)O2)c(C)c1C,10-1039_d3ra07558c,193,[2H]C(Cl)(Cl)Cl,32.24
2n,COc1cc(C)c(B2OC(C)(C)C(C)(C)O2)c(C)c1C,10-1039_d3ra07558c,193,[2H]C(Cl)(Cl)Cl,32.35
2o,CC1(C)OB(c2ccc(N3CCOCC3)cc2)OC1(C)C,10-1039_d3ra07558c,193,[2H]C(Cl)(Cl)Cl,30.84
2p,CC1(C)OB(c2ccc(N3CCCC3)cc2)OC1(C)C,10-1039_d3ra07558c,193,[2H]C(Cl)(Cl)Cl,31.68
2r,CC1(C)OB(c2ccc3c(c2)OCCN3)OC1(C)C,10-1039_d3ra07558c,193,[2H]C(Cl)(Cl)Cl,30.57
2s,CC1(C)OB(c2ccc3occc3c2)OC1(C)C,10-1039_d3ra07558c,128,[2H]C(Cl)(Cl)Cl,31.5
2t,CC1(C)OB(c2ccc3c(c2)CCCO3)OC1(C)C,10-1039_d3ra07558c,193,[2H]C(Cl)(Cl)Cl,33.26
2u,CC1(C)OB(c2ccc(O)cc2)OC1(C)C,10-1039_d3ra07558c,128,[2H]C(Cl)(Cl)Cl,31.6
2v,CC1(C)OB(c2ccc(N)c(C#N)c2)OC1(C)C,10-1039_d3ra07558c,193,[2H]C(Cl)(Cl)Cl,30.82
,CC1(C)OB(/C=C/c2ccccc2)OC1(C)C,10-1039_d3ra08747f,128,[2H]C(Cl)(Cl)Cl,30.1
,CC1(C)OB(/C=C/c2ccc(F)cc2)OC1(C)C,10-1039_d3ra08747f,128,[2H]C(Cl)(Cl)Cl,30.3
,CC1(C)OB(/C=C/c2cccc(F)c2)OC1(C)C,10-1039_d3ra08747f,128,[2H]C(Cl)(Cl)Cl,30.1
,Cc1ccc(/C=C/B2OC(C)(C)C(C)(C)O2)cc1,10-1039_d3ra08747f,128,[2H]C(Cl)(Cl)Cl,30.3
,Cc1cccc(/C=C/B2OC(C)(C)C(C)(C)O2)c1,10-1039_d3ra08747f,128,[2H]C(Cl)(Cl)Cl,30.3
,Cc1ccccc1/C=C/B1OC(C)(C)C(C)(C)O1,10-1039_d3ra08747f,128,[2H]C(Cl)(Cl)Cl,30.5
,CC(C)(C)c1ccc(/C=C/B2OC(C)(C)C(C)(C)O2)cc1,10-1039_d3ra08747f,128,[2H]C(Cl)(Cl)Cl,30.3
,CCCCCC/C=C/B1OC(C)(C)C(C)(C)O1,10-1039_d3ra08747f,128,[2H]C(Cl)(Cl)Cl,29.6
,CC(C)/C=C/B1OC(C)(C)C(C)(C)O1,10-1039_d3ra08747f,128,[2H]C(Cl)(Cl)Cl,30.2
3c,CC1(C)OB(C2C=CN(B3OC(C)(C)C(C)(C)O3)CC2)OC1(C)C,10-1039_d3sc05418g,128.4,[2H]c1c([2H])c([2H])c([2H])c([2H])c1[2H],33.2;23.8
3c',CC1(C)OB(C2C=CCN(B3OC(C)(C)C(C)(C)O3)C2)OC1(C)C,10-1039_d3sc05418g,192.6,[2H]c1c([2H])c([2H])c([2H])c([2H])c1[2H],32.5;24.0
3d,CCC1=CCN(B2OC(C)(C)C(C)(C)O2)CC1B1OC(C)(C)C(C)(C)O1,10-1039_d3sc05418g,128.4,[2H]c1c([2H])c([2H])c([2H])c([2H])c1[2H],33.4;23.8
3r,CC(C)C1=CCN(B2OC(C)(C)C(C)(C)O2)CC1B1OC(C)(C)C(C)(C)O1,10-1039_d3sc05418g,128.4,[2H]c1c([2H])c([2H])c(C([2H])([2H])[2H])c([2H])c1[2H],38.4;28.9
3e,CC1(C)OB(C2CN(B3OC(C)(C)C(C)(C)O3)CC=C2Cc2ccccc2)OC1(C)C,10-1039_d3sc05418g,128,[2H]c1c([2H])c([2H])c([2H])c([2H])c1[2H],33.3;23.5.
3g,CC1(C)OB(C2=CCN(B3OC(C)(C)C(C)(C)O3)CC2B2OC(C)(C)C(C)(C)O2)OC1(C)C,10-1039_d3sc05418g,128.4,[2H]c1c([2H])c([2H])c([2H])c([2H])c1[2H],30.7;24.0
3h,CC(OB1OC(C)(C)C(C)(C)O1)C1=CCN(B2OC(C)(C)C(C)(C)O2)CC1B1OC(C)(C)C(C)(C)O1,10-1039_d3sc05418g,128.4,[2H]c1c([2H])c([2H])c(C([2H])([2H])[2H])c([2H])c1[2H],32.7;21.7
3i,CC1(C)OB(C2CCN(B3OC(C)(C)C(C)(C)O3)C=C2c2ccccc2)OC1(C)C,10-1039_d3sc05418g,128.4,[2H]c1c([2H])c([2H])c([2H])c([2H])c1[2H],33.7;24.0
3j,CC1(C)OB(C2C=CN(B3OC(C)(C)C(C)(C)O3)CC2F)OC1(C)C,10-1039_d3sc05418g,193,[2H]c1c([2H])c([2H])c([2H])c([2H])c1[2H],32.5;24.0
3j',CC1(C)OB(C2C=C(F)CN(B3OC(C)(C)C(C)(C)O3)C2)OC1(C)C,10-1039_d3sc05418g,193,[2H]c1c([2H])c([2H])c([2H])c([2H])c1[2H],32.5;24.0
3k,CC1CN(B2OC(C)(C)C(C)(C)O2)C=CC1B1OC(C)(C)C(C)(C)O1,10-1039_d3sc05418g,128.4,[2H]c1c([2H])c([2H])c([2H])c([2H])c1[2H],33.7;24.0
4a,CC(=O)N1CC=C(C)C(B2OC(C)(C)C(C)(C)O2)C1,10-1039_d3sc05418g,128.4,[2H]C(Cl)(Cl)Cl,32.6
4b,CC(=O)N1CC=C(c2ccccc2)C(B2OC(C)(C)C(C)(C)O2)C1,10-1039_d3sc05418g,193,[2H]C(Cl)(Cl)Cl,32.9
4d,CCC1=CCN(C(C)=O)CC1B1OC(C)(C)C(C)(C)O1,10-1039_d3sc05418g,193,[2H]C(Cl)(Cl)Cl,32.5
4e,CC(=O)N1CC=C(Cc2ccccc2)C(B2OC(C)(C)C(C)(C)O2)C1,10-1039_d3sc05418g,128,[2H]C(Cl)(Cl)Cl,32.1
4f,CC(=O)N1CC=C(C(F)(F)F)C(B2OC(C)(C)C(C)(C)O2)C1,10-1039_d3sc05418g,192.6,[2H]C(Cl)(Cl)Cl,31.9
4i,CC(=O)N1C=C(c2ccccc2)C(B2OC(C)(C)C(C)(C)O2)CC1,10-1039_d3sc05418g,193,[2H]C(Cl)(Cl)Cl,32.8
3b,CCCCc1c(F)c(F)nc([NH+]2CCCCC2)c1F.Fc1c(F)c(F)c([B-](c2c(F)c(F)c(F)c(F)c2F)(c2c(F)c(F)c(F)c(F)c2F)c2c(F)c(F)c(F)c(F)c2F)c(F)c1F,10-1039_d4dt00853g,128,[2H]C([2H])(Cl)Cl,-16.67
3c,CCCCc1c(F)c(F)nc([NH+]2CCOCC2)c1F.Fc1c(F)c(F)c([B-](c2c(F)c(F)c(F)c(F)c2F)(c2c(F)c(F)c(F)c(F)c2F)c2c(F)c(F)c(F)c(F)c2F)c(F)c1F,10-1039_d4dt00853g,128,[2H]C(Cl)(Cl)Cl,-14.76
3d,Fc1c(F)c(F)c([B-](c2c(F)c(F)c(F)c(F)c2F)(c2c(F)c(F)c(F)c(F)c2F)c2c(F)c(F)c(F)c(F)c2F)c(F)c1F.c1ccc([NH+]2CCCCC2)nc1,10-1039_d4dt00853g,128,[2H]C([2H])(Cl)Cl,-16.67
3e,CC1(C)CCCC(C)(C)[NH+]1c1ccccn1.Fc1c(F)c(F)c([B-](c2c(F)c(F)c(F)c(F)c2F)(c2c(F)c(F)c(F)c(F)c2F)c2c(F)c(F)c(F)c(F)c2F)c(F)c1F,10-1039_d4dt00853g,128,[2H]C([2H])(Cl)Cl,-16.66
3f,C[NH+](C)c1ccccn1.Fc1c(F)c(F)c([B-](c2c(F)c(F)c(F)c(F)c2F)(c2c(F)c(F)c(F)c(F)c2F)c2c(F)c(F)c(F)c(F)c2F)c(F)c1F,10-1039_d4dt00853g,128,[2H]C([2H])(Cl)Cl,-16.67
11i,Bc1nc2cc(C)c(C)cc2nc1OC(C)C,10-1039_d4qo01041h,128,[2H]C(Cl)(Cl)Cl,-5.8
2c,Cc1cccc(C=C(B2OC(C)(C)C(C)(C)O2)B2OC(C)(C)C(C)(C)O2)c1,10-1039_d4qo01796j,128,[2H]C(Cl)(Cl)Cl,30.6
2d,Cc1ccc(C=C(B2OC(C)(C)C(C)(C)O2)B2OC(C)(C)C(C)(C)O2)cc1,10-1039_d4qo01796j,128,[2H]C(Cl)(Cl)Cl,30.7
2a,CN(C)C(=O)c1ccccc1B1OC(C)(C)C(C)(C)O1,10-1039_d4sc01515k,128,[2H]C(Cl)(Cl)Cl,29.6
,CN(C)Cc1c(B2OC(C)(C)C(C)(C)O2)cccc1B1OC(C)(C)C(C)(C)O1,10-1039_d4sc01515k,128,[2H]C(Cl)(Cl)Cl,22.7
2b,CC1(C)OB(c2ccccc2C(=O)N2CCCCC2)OC1(C)C,10-1039_d4sc01515k,128,[2H]C(Cl)(Cl)Cl,30.32
2c,CCN(CC)C(=O)c1ccccc1B1OC(C)(C)C(C)(C)O1,10-1039_d4sc01515k,128,[2H]C(Cl)(Cl)Cl,28.35
2f,CN(C)C(=O)c1c(F)cccc1B1OC(C)(C)C(C)(C)O1,10-1039_d4sc01515k,128,[2H]C(Cl)(Cl)Cl,30.3
2g,CN(C)C(=O)c1c(Cl)cccc1B1OC(C)(C)C(C)(C)O1,10-1039_d4sc01515k,128,[2H]C(Cl)(Cl)Cl,30.5
2h,CN(C)C(=O)c1c(Br)cccc1B1OC(C)(C)C(C)(C)O1,10-1039_d4sc01515k,128,[2H]C(Cl)(Cl)Cl,30.5
2i,CN(C)C(=O)c1cc(F)ccc1B1OC(C)(C)C(C)(C)O1,10-1039_d4sc01515k,128,[2H]C(Cl)(Cl)Cl,30.3
2j,CN(C)C(=O)c1cc(Cl)ccc1B1OC(C)(C)C(C)(C)O1,10-1039_d4sc01515k,128,[2H]C(Cl)(Cl)Cl,30.1
2k,CN(C)C(=O)c1cc(Br)ccc1B1OC(C)(C)C(C)(C)O1,10-1039_d4sc01515k,128,[2H]C(Cl)(Cl)Cl,30.4
2l,COc1ccc(B2OC(C)(C)C(C)(C)O2)c(C(=O)N(C)C)c1,10-1039_d4sc01515k,128,[2H]C(Cl)(Cl)Cl,30.72
2m,COc1cccc(C(=O)N(C)C)c1B1OC(C)(C)C(C)(C)O1,10-1039_d4sc01515k,128,[2H]C(Cl)(Cl)Cl,27.69
2n,Cc1ccc(C(=O)N(C)C)c(B2OC(C)(C)C(C)(C)O2)c1,10-1039_d4sc01515k,128,[2H]C(Cl)(Cl)Cl,28.5
2o,CN(C)C(=O)c1ccc(OCc2ccccc2)cc1B1OC(C)(C)C(C)(C)O1,10-1039_d4sc01515k,128,[2H]C(Cl)(Cl)Cl,22.5
7a,CC1(C)OB(CC(=O)c2ccccc2)OC1(C)C,10-1039_d4sc01515k,128,[2H]C(Cl)(Cl)Cl,31.6
7b,CC1(C)OB(Cc2ccccc2C(=O)[O-])OC1(C)C,10-1039_d4sc01515k,128,[2H]C(Cl)(Cl)Cl,30.7
1m,Cc1ccccc1C(=O)CCB1OC(C)(C)C(C)(C)O1,10-1038_s41929-023-01050-y,160,[2H]C(Cl)(Cl)Cl,30.7
,C=C(B1OC(C)(C)C(C)(C)O1)[C@](C)(B1OC(C)(C)C(C)(C)O1)c1ccc(Br)cc1,10-1039_c7sc01254c,128,[2H]C(Cl)(Cl)Cl,33.0;30.9
,C=C(B1OC(C)(C)C(C)(C)O1)[C@](C)(B1OC(C)(C)C(C)(C)O1)c1ccc(C(F)(F)F)cc1,10-1039_c7sc01254c,128,[2H]C(Cl)(Cl)Cl,33.3;30.8
,C=C(B1OC(C)(C)C(C)(C)O1)[C@](C)(B1OC(C)(C)C(C)(C)O1)c1ccc(OCc2ccccc2)cc1,10-1039_c7sc01254c,128,[2H]C(Cl)(Cl)Cl,32
,C=C(B1OC(C)(C)C(C)(C)O1)[C@](C)(B1OC(C)(C)C(C)(C)O1)c1ccccc1Cl,10-1039_c7sc01254c,128,[2H]C(Cl)(Cl)Cl,32.8;30.4
,C=C(B1OC(C)(C)C(C)(C)O1)[C@](C)(B1OC(C)(C)C(C)(C)O1)c1ccc2ccccc2c1,10-1039_c7sc01254c,128,[2H]C(Cl)(Cl)Cl,33.2;31.3
SI-33,C=C(B1OC(C)(C)C(C)(C)O1)[C@](C)(B1OC(C)(C)C(C)(C)O1)c1cccc2ccccc12,10-1039_c7sc01254c,128,[2H]C(Cl)(Cl)Cl,34.5;31.2
SI-34,C=C(B1OC(C)(C)C(C)(C)O1)[C@](C)(B1OC(C)(C)C(C)(C)O1)c1ccco1,10-1039_c7sc01254c,128,[2H]C(Cl)(Cl)Cl,33.1;30.6
SI-36,C=C(B1OC(C)(C)C(C)(C)O1)[C@](C)(B1OC(C)(C)C(C)(C)O1)c1ccc2c(c1)OCO2,10-1039_c7sc01254c,128,[2H]C(Cl)(Cl)Cl,33.5;30.9
SI-37,C=C(C)c1ccc([C@@](C)(B2OC(C)(C)C(C)(C)O2)C(=C)B2OC(C)(C)C(C)(C)O2)cc1,10-1039_c7sc01254c,128,[2H]C(Cl)(Cl)Cl,33.4;31.4
SI-47,C=C(B1OC(C)(C)C(C)(C)O1)C(B1OC(C)(C)C(C)(C)O1)(c1ccccc1)c1ccccc1C,10-1039_c7sc01254c,128,[2H]C(Cl)(Cl)Cl,32.2
(Z)-3c,CC1(C)OB(OC(CCl)c2ccccc2)OC1(C)C,10-1039_c8dt01998c,128,[2H]C(Cl)(Cl)Cl,22.12
4ac,C=C(Cc1ccccc1)CC(C)(C(=O)OC)C(B1OC(C)(C)C(C)(C)O1)c1ccccc1,10-1039_c8ob02469c,160,[2H]C(Cl)(Cl)Cl,33
4ak,COC(=O)C(C)(C)C(B1OC(C)(C)C(C)(C)O1)c1ccccc1,10-1039_c8ob02469c,160,[2H]C(Cl)(Cl)Cl,32.8
4j,CC1(C)OB(N2CC=Cc3c(Br)cccc32)OC1(C)C,10-1039_c9qo00497a,160,[2H]c1c([2H])c([2H])c([2H])c([2H])c1[2H],23.8
2o,CC1(C)OB([C@@H](Cc2cccc(F)c2)N2CCOC2=O)OC1(C)C,10-1039_c9sc04534a,128,[2H]C(Cl)(Cl)Cl,32.04
2l,C[C@@H](/C=C/CCCB1OC(C)(C)C(C)(C)O1)NC(=O)OCc1ccccc1,10-1039_d1ob01624e,128,[2H]C(Cl)(Cl)Cl,32.9
3s,N#C/C=C(/CCCCOCc1ccc(-c2ccccc2)cc1)[B-](F)(F)F.[K+],10-1039_d2cc00603k,128,[2H]C([2H])([2H])C#N,1.84
3a,N#C/C=C(/c1ccccc1)[B-](F)(F)F.[K+],10-1039_d2cc00603k,128,[2H]C([2H])([2H])S(=O)C([2H])([2H])[2H],1.65
3b,Cc1ccccc1/C(=C/C#N)[B-](F)(F)F.[K+],10-1039_d2cc00603k,128,[2H]C([2H])([2H])C#N,1.34
3c,CCc1ccc(/C(=C/C#N)[B-](F)(F)F)cc1.[K+],10-1039_d2cc00603k,128,[2H]C([2H])([2H])C#N,1.79
3d,CC(C)(C)c1ccc(/C(=C/C#N)[B-](F)(F)F)cc1.[K+],10-1039_d2cc00603k,128,[2H]C([2H])([2H])S(=O)C([2H])([2H])[2H],1.36
3e,COc1ccccc1/C(=C/C#N)[B-](F)(F)F.[K+],10-1039_d2cc00603k,128,[2H]C([2H])([2H])C#N,1.34
3f,COc1cccc(/C(=C/C#N)[B-](F)(F)F)c1.[K+],10-1039_d2cc00603k,128,[2H]C([2H])([2H])C#N,1.67
3g,COc1ccc(/C(=C/C#N)[B-](F)(F)F)cc1.[K+],10-1039_d2cc00603k,128,[2H]C([2H])([2H])C#N,1.86
3h,N#C/C=C(/c1ccccc1F)[B-](F)(F)F.[K+],10-1039_d2cc00603k,128,[2H]C([2H])([2H])C#N,1.37
3i,N#C/C=C(/c1ccc(F)cc1)[B-](F)(F)F.[K+],10-1039_d2cc00603k,128,[2H]C([2H])([2H])C#N,1.74
3j,N#C/C=C(/c1ccccc1Cl)[B-](F)(F)F.[K+],10-1039_d2cc00603k,128,[2H]C([2H])([2H])C#N,1.21
3k,N#C/C=C(/c1cccc(Cl)c1)[B-](F)(F)F.[K+],10-1039_d2cc00603k,128,[2H]C([2H])([2H])C#N,1.61
3l,N#C/C=C(/c1ccc(Cl)cc1)[B-](F)(F)F.[K+],10-1039_d2cc00603k,128,[2H]C([2H])([2H])C#N,1.66
3m,N#C/C=C(/c1ccc(C#N)cc1)[B-](F)(F)F.[K+],10-1039_d2cc00603k,128,[2H]C([2H])([2H])C#N,1.55
3n,N#C/C=C(/c1cccc(C#N)c1)[B-](F)(F)F.[K+],10-1039_d2cc00603k,128,[2H]C([2H])([2H])C#N,1.58
3o,N#C/C=C(/c1ccc2ccccc2c1)[B-](F)(F)F.[K+],10-1039_d2cc00603k,128,[2H]C([2H])([2H])S(=O)C([2H])([2H])[2H],1.72
3p,N#C/C=C(/c1ccc2ccoc2c1)[B-](F)(F)F.[K+],10-1039_d2cc00603k,128,[2H]C([2H])([2H])C#N,1.86
3q,N#C/C=C(/c1ccc2c(c1)OCO2)[B-](F)(F)F.[K+],10-1039_d2cc00603k,128,[2H]C([2H])([2H])C#N,1.72
3r,N#C/C=C(/c1ccc(-c2ccccc2)cc1)[B-](F)(F)F.[K+],10-1039_d2cc00603k,128,[2H]C([2H])([2H])C#N,1.79
(Z)-3b,[NH3+]C(c1ccccc1)[B-](F)(F)F,10-1039_d1sc07065g,128,[2H]OC([2H])([2H])[2H],2.66
(Z)-3j,[NH3+]C(Cc1ccccc1)[B-](F)(F)F,10-1039_d1sc07065g,128,[2H]OC([2H])([2H])[2H],2.85
,[NH2+]=C(c1ccccc1)[B-](F)(F)F,10-1039_d1sc07065g,128,[2H]C([2H])([2H])C(=O)C([2H])([2H])[2H],0.07
,Cc1ccc(C(=[NH2+])[B-](F)(F)F)cc1,10-1039_d1sc07065g,128,[2H]C([2H])([2H])C(=O)C([2H])([2H])[2H],0.1
2b,CC1=CCC=CN1B1OC(C)(C)C(C)(C)O1,10-1039_d3dt02896h,128,[2H]c1c([2H])c([2H])c([2H])c([2H])c1[2H],24.2
19b,CC1(C)OB(N(Cc2ccc(Br)cc2)c2ccccc2)OC1(C)C,10-1039_d3dt02896h,128,[2H]c1c([2H])c([2H])c([2H])c([2H])c1[2H],25.2
19b,CN(Cc1ccccc1)B1OC(C)(C)C(C)(C)O1,10-1039_d3dt02896h,128,[2H]c1c([2H])c([2H])c([2H])c([2H])c1[2H],25.1
20b,Cc1ccc(CN(C)B2OC(C)(C)C(C)(C)O2)cc1,10-1039_d3dt02896h,128,[2H]c1c([2H])c([2H])c([2H])c([2H])c1[2H],24.7
21b,COc1ccc(CN(C)B2OC(C)(C)C(C)(C)O2)cc1,10-1039_d3dt02896h,128,[2H]c1c([2H])c([2H])c([2H])c([2H])c1[2H],24.7
22b,CN(Cc1ccc(Br)cc1)B1OC(C)(C)C(C)(C)O1,10-1039_d3dt02896h,128,[2H]c1c([2H])c([2H])c([2H])c([2H])c1[2H],24.6
23b,CN(Cc1ccccn1)B1OC(C)(C)C(C)(C)O1,10-1039_d3dt02896h,128,[2H]c1c([2H])c([2H])c([2H])c([2H])c1[2H],24.8
24b,CC1(C)OB(N(Cc2ccccn2)c2ccccc2)OC1(C)C,10-1039_d3dt02896h,128,[2H]c1c([2H])c([2H])c([2H])c([2H])c1[2H],25.2
25b,CN(CC1CCCCC1)B1OC(C)(C)C(C)(C)O1,10-1039_d3dt02896h,128,[2H]c1c([2H])c([2H])c([2H])c([2H])c1[2H],24.5
28b,CC1(C)OB(N(Cc2ccc(Br)cc2)B2OC(C)(C)C(C)(C)O2)OC1(C)C,10-1039_d3dt02896h,128,[2H]c1c([2H])c([2H])c([2H])c([2H])c1[2H],26.2
29b,COc1ccc(CN(B2OC(C)(C)C(C)(C)O2)B2OC(C)(C)C(C)(C)O2)cc1,10-1039_d3dt02896h,128,[2H]c1c([2H])c([2H])c([2H])c([2H])c1[2H],26.1
30b,CC1(C)OB(N(CC2CCCCC2)B2OC(C)(C)C(C)(C)O2)OC1(C)C,10-1039_d3dt02896h,128,[2H]c1c([2H])c([2H])c([2H])c([2H])c1[2H],26
31b,CCCCN(B1OC(C)(C)C(C)(C)O1)B1OC(C)(C)C(C)(C)O1,10-1039_d3dt02896h,128,[2H]c1c([2H])c([2H])c([2H])c([2H])c1[2H],21.6
60,CC1(C)OB(N(Cc2cccnc2)B2OC(C)(C)C(C)(C)O2)OC1(C)C,10-1039_d3dt02896h,128,[2H]c1c([2H])c([2H])c([2H])c([2H])c1[2H],21.6
,COC1=CCC=CN1B1OC(C)(C)C(C)(C)O1,10-1039_d3dt02896h,128,[2H]c1c([2H])c([2H])c([2H])c([2H])c1[2H],23.8
"3-methoxyl-1-(4,4,5,5-Tetramethyl-1,3,2-dioxaborolan-2-yl)-1,4-dihydropyridine",COC1=CN(B2OC(C)(C)C(C)(C)O2)C=CC1,10-1039_d3dt02896h,128,[2H]c1c([2H])c([2H])c([2H])c([2H])c1[2H],23.8
"3-chloro-1-(4,4,5,5-Tetramethyl-1,3,2-dioxaborolan-2-yl)-1,4-dihydropyridine",CC1(C)OB(N2C=CCC(Cl)=C2)OC1(C)C,10-1039_d3dt02896h,128,[2H]c1c([2H])c([2H])c([2H])c([2H])c1[2H],23.7
"3-chloro-1-(4,4,5,5-Tetramethyl-1,3,2-dioxaborolan-2-yl)-1,2-dihydropyridine",CC1(C)OB(N2C=CC=C(Cl)C2)OC1(C)C,10-1039_d3dt02896h,128,[2H]c1c([2H])c([2H])c([2H])c([2H])c1[2H],23.7
7a,CC1C=CN(B2OC(C)(C)C(C)(C)O2)C=C1,10-1039_d3dt02896h,128,[2H]c1c([2H])c([2H])c([2H])c([2H])c1[2H],23.8
7b,CC1=CCN(B2OC(C)(C)C(C)(C)O2)C=C1,10-1039_d3dt02896h,128,[2H]c1c([2H])c([2H])c([2H])c([2H])c1[2H],23.8
9b,Cc1ccc2c(c1)CC=CN2B1OC(C)(C)C(C)(C)O1,10-1039_d3dt02896h,128,[2H]c1c([2H])c([2H])c([2H])c([2H])c1[2H],24.8
10b,COc1ccc2c(c1)CC=CN2B1OC(C)(C)C(C)(C)O1,10-1039_d3dt02896h,128,[2H]c1c([2H])c([2H])c([2H])c([2H])c1[2H],24.7
10c,COc1ccc2c(c1)C=CCN2B1OC(C)(C)C(C)(C)O1,10-1039_d3dt02896h,128,[2H]c1c([2H])c([2H])c([2H])c([2H])c1[2H],24.7
11b,CC1(C)OB(N2C=CCc3cc(Br)ccc32)OC1(C)C,10-1039_d3dt02896h,128,[2H]c1c([2H])c([2H])c([2H])c([2H])c1[2H],24.6
12b,COc1cccc2c1N(B1OC(C)(C)C(C)(C)O1)C=CC2,10-1039_d3dt02896h,128,[2H]c1c([2H])c([2H])c([2H])c([2H])c1[2H],24.8
13b,CC1(C)OB(N2C=CCc3cccc(Br)c32)OC1(C)C,10-1039_d3dt02896h,128,[2H]c1c([2H])c([2H])c([2H])c([2H])c1[2H],24.1
13c,CC1(C)OB(N2CC=Cc3cccc(Br)c32)OC1(C)C,10-1039_d3dt02896h,128,[2H]c1c([2H])c([2H])c([2H])c([2H])c1[2H],24.1
14b,CC1(C)OB(C2C=CCc3nc4ccccc4cc32)OC1(C)C,10-1039_d3dt02896h,128,[2H]c1c([2H])c([2H])c([2H])c([2H])c1[2H],25
16b,CC1(C)OB(N(Cc2ccccc2)c2ccccc2)OC1(C)C,10-1039_d3dt02896h,128,[2H]c1c([2H])c([2H])c([2H])c([2H])c1[2H],25.2
17b,Cc1ccc(CN(B2OC(C)(C)C(C)(C)O2)c2ccccc2)cc1,10-1039_d3dt02896h,128,[2H]c1c([2H])c([2H])c([2H])c([2H])c1[2H],25.2
18b,COc1ccc(CN(B2OC(C)(C)C(C)(C)O2)c2ccccc2)cc1,10-1039_d3dt02896h,128,[2H]c1c([2H])c([2H])c([2H])c([2H])c1[2H],25.2
3r,CC1(C)OB(c2cnc(C(=O)NC34CC5CC(CC(C5)C3)C4)s2)OC1(C)C,10-1039_d4cc02742f,128,[2H]C(Cl)(Cl)Cl,28.94
1e,Cc1ccc([B-](F)(F)F)o1.[K+],10-1039_c2sc00883a,128.3,[2H]C([2H])([2H])C#N,1.9
1f,Cc1ccc([B-](c2ccc(C)o2)(c2ccc(C)o2)c2ccc(C)o2)o1.[Li+],10-1039_c2sc00883a,128.3,[2H]C([2H])([2H])C#N,1.8
3e,O=C(N[C@H](C1CCOCC1)[B-](F)(F)F)c1ccccc1,ja8b05045_si_001_part_11,128,[2H]C([2H])([2H])S(=O)C([2H])([2H])[2H],2.78
3f,CC(C)C[C@@H](NC(=O)c1ccccc1Br)[B-](F)(F)F,ja8b05045_si_001_part_11,128,[2H]C([2H])([2H])S(=O)C([2H])([2H])[2H],2.85
,O=C(NC(C1CCCCC1)[B-](F)(F)F)c1ccccc1.[K+],ja8b05045_si_001_part_3,128,[2H]C([2H])([2H])S(=O)C([2H])([2H])[2H],2.5
,CC(C)C(NC(=O)c1ccccc1)[B-](F)(F)F.[K+],ja8b05045_si_001_part_3,128,[2H]C([2H])([2H])S(=O)C([2H])([2H])[2H],2.66
,CC(C)CC(NC(=O)c1ccccc1)[B-](F)(F)F.[K+],ja8b05045_si_001_part_3,128,[2H]C([2H])([2H])S(=O)C([2H])([2H])[2H],2.84
,O=C(NC(C1CCOCC1)[B-](F)(F)F)c1ccccc1.[K+],ja8b05045_si_001_part_3,128,[2H]C([2H])([2H])S(=O)C([2H])([2H])[2H],2.78
,O=C(NC(C1CC1)[B-](F)(F)F)c1ccccc1.[K+],ja8b05045_si_001_part_3,128,[2H]C([2H])([2H])S(=O)C([2H])([2H])[2H],2.78
,CC(C)CC(NC(=O)c1ccccc1Br)[B-](F)(F)F.[K+],ja8b05045_si_001_part_3,128,[2H]C([2H])([2H])S(=O)C([2H])([2H])[2H],2.85
5ca,CCCCC([BH2-][N+](C)(C)C)c1ccccc1,ja8b05946_si_001_part_10,128,[2H]C(Cl)(Cl)Cl,0.59
5ce,CCCCC([BH2-][n+]1cc(C)cc(C)c1)c1ccccc1,ja8b05946_si_001_part_10,128,[2H]C(Cl)(Cl)Cl,-1.26
5da,C[N+](C)(C)[BH2-]C(c1ccccc1)C1CC1,ja8b05946_si_001_part_10,128,[2H]C(Cl)(Cl)Cl,0.78
5e_a_Trimethylamine_benzhydrylborane,C[N+](C)(C)[BH2-]C(c1ccccc1)c1ccccc1,ja8b05946_si_001_part_10,128,[2H]C(Cl)(Cl)Cl,-0.29
5fa,COc1ccc([B-](C)(c2ccccc2)[N+](C)(C)C)cc1,ja8b05946_si_001_part_10,128,[2H]C(Cl)(Cl)Cl,-0.24
5ga,C[B-](c1ccccc1)(c1ccccc1Cl)[N+](C)(C)C,ja8b05946_si_001_part_10,128,[2H]C(Cl)(Cl)Cl,-0.76
5ha,C[N+](C)(C)[BH2-]C(c1ccccc1)c1ccc2ccccc2c1,ja8b05946_si_001_part_11,128,[2H]C(Cl)(Cl)Cl,-0.39
5ia,C[N+](C)(C)[BH2-]C(c1ccccc1)c1c(F)c(F)c(F)c(F)c1F,ja8b05946_si_001_part_11,128,[2H]C(Cl)(Cl)Cl,-1.63
5j f,CC(C)c1cc(C(C)C)c[n+]([BH2-]C(Cc2ccccc2)c2ccc(Cl)cc2)c1,ja8b05946_si_001_part_11,128,[2H]C(Cl)(Cl)Cl,-1.2
2e,[BH3-][n+]1cc(C)cc(C)c1,ja8b05946_si_001_part_2,128,[2H]C(Cl)(Cl)Cl,-12.59
2f,[BH3-][n+]1cc(C(C)C)cc(C(C)C)c1,ja8b05946_si_001_part_2,128,[2H]C(Cl)(Cl)Cl,-12.49
3aa,[BH3-][OH+]C[C@](C)(C/C=C/C=C)c1ccccc1,ja8b05946_si_001_part_3,128,[2H]C(Cl)(Cl)Cl,0.58
3af,BC(C)c1ccc2ccccc2c1,ja8b05946_si_001_part_3,128,[2H]C(Cl)(Cl)Cl,-1.04
3ab,CC([BH2-][N+]1(C)CCCC1)c1ccc2ccccc2c1,ja8b05946_si_001_part_4,128,[2H]C(Cl)(Cl)Cl,0.31
3ac,CCCC[P+]([BH2-]C(C)c1ccc2ccccc2c1)(CCCC)CCCC,ja8b05946_si_001_part_4,128,[2H]C(Cl)(Cl)Cl,-25
3ad,CC([BH2-][n+]1ccccc1)c1ccc2ccccc2c1,ja8b05946_si_001_part_4,128,[2H]C(Cl)(Cl)Cl,-1
3ba,COc1ccc2cc(C(C)[BH2-][N+](C)(C)C)ccc2c1,ja8b05946_si_001_part_5,128,[2H]C(Cl)(Cl)Cl,0.57
3ca,CC([BH2-][N+](C)(C)C)c1ccc2cc(Br)ccc2c1,ja8b05946_si_001_part_5,128,[2H]C(Cl)(Cl)Cl,0.62
3cf,CC(C)c1cc(C(C)C)c[n+]([BH2-]C(C)c2ccc3cc(Br)ccc3c2)c1,ja8b05946_si_001_part_5,128,[2H]C(Cl)(Cl)Cl,-0.82
3da,CC([BH2-][N+](C)(C)C)c1ccccc1,ja8b05946_si_001_part_6,128,[2H]C(Cl)(Cl)Cl,0.75
3ea,COc1ccc(C(C)[BH2-][N+](C)(C)C)cc1,ja8b05946_si_001_part_6,128,[2H]C(Cl)(Cl)Cl,0.7
3fa,Cc1ccc(C(C)[BH2-][N+](C)(C)C)cc1,ja8b05946_si_001_part_6,128,[2H]C(Cl)(Cl)Cl,0.7
3ga,CC([BH2-][N+](C)(C)C)c1ccc(-c2ccccc2)cc1,ja8b05946_si_001_part_6,128,[2H]C(Cl)(Cl)Cl,0.75
3ha,CC([BH2-][N+](C)(C)C)c1ccc(I)cc1,ja8b05946_si_001_part_6,128,[2H]C(Cl)(Cl)Cl,0.7
3ka,CC([BH2-][N+](C)(C)C)c1ccc([N+](=O)[O-])cc1,ja8b05946_si_001_part_7,128,[2H]C(Cl)(Cl)Cl,0.92
3la,CC([BH2-][N+](C)(C)C)c1ccc(C(F)(F)F)cc1,ja8b05946_si_001_part_7,128,[2H]C(Cl)(Cl)Cl,0.79
3ma,Cc1cccc(C(C)[BH2-][N+](C)(C)C)c1,ja8b05946_si_001_part_7,128,[2H]C(Cl)(Cl)Cl,0.74
3na,CC([BH2-][N+](C)(C)C)c1cccc(F)c1,ja8b05946_si_001_part_7,128,[2H]C(Cl)(Cl)Cl,-0.65
3pa,CC([BH2-][N+](C)(C)C)c1cccc(Br)c1,ja8b05946_si_001_part_8,128,[2H]C(Cl)(Cl)Cl,0.65
3qa,Cc1ccccc1C(C)[BH2-][N+](C)(C)C,ja8b05946_si_001_part_8,128,[2H]C(Cl)(Cl)Cl,0.59
3ra,CC([BH2-][N+](C)(C)C)c1ccc2c(c1)CCCC2,ja8b05946_si_001_part_8,128,[2H]C(Cl)(Cl)Cl,0.79
3rf,CC(C)c1cc(C(C)C)c[n+]([BH2-][C@H](C)c2ccc3c(c2)CCCC3)c1,ja8b05946_si_001_part_8,128,[2H]C(Cl)(Cl)Cl,-0.97
3sa,CC([BH2-][N+](C)(C)C)c1ccc2c(c1)OCO2,ja8b05946_si_001_part_9,128,[2H]C(Cl)(Cl)Cl,0.45
3tf,CC(C)c1cnc(B[C@H](C)c2cc3ccccc3[nH]c2=O)c(C(C)C)c1,ja8b05946_si_001_part_9,128,[2H]C(Cl)(Cl)Cl,-0.98
5aa,C[N+](C)(C)[BH2-]Cc1ccccc1,ja8b05946_si_001_part_9,128,[2H]C(Cl)(Cl)Cl,-1.48
5ba,CCC([BH2-][N+](C)(C)C)c1ccccc1,ja8b05946_si_001_part_9,128,[2H]C(Cl)(Cl)Cl,0.46
5be,CCC([BH2-][n+]1cc(C)cc(C)c1)c1ccccc1,ja8b05946_si_001_part_9,128,[2H]C(Cl)(Cl)Cl,-1.68
S-1,CC12OB(/C=C/c3ccccc3)O[C@]1(C)c1cccc3cccc2c13,ja8b09909_si_001_part_1,160,[2H]C(Cl)(Cl)Cl,30.3
S-2,C/C=C/B1OC2(C)c3cccc4cccc(c34)[C@@]2(C)O1,ja8b09909_si_001_part_1,160,[2H]C(Cl)(Cl)Cl,29.9
S-3,CCCC/C=C/B1OC2(C)c3cccc4cccc(c34)[C@@]2(C)O1,ja8b09909_si_001_part_1,160,[2H]C(Cl)(Cl)Cl,30
S-4,CC12OB(/C=C/CCCCl)O[C@]1(C)c1cccc3cccc2c13,ja8b09909_si_001_part_1,160,[2H]C(Cl)(Cl)Cl,29.73
S-5,CC12OB(/C=C/CCCCOCc3ccccc3)O[C@]1(C)c1cccc3cccc2c13,ja8b09909_si_001_part_1,160,[2H]C(Cl)(Cl)Cl,29.94
S-9,CC1(C)COB(/C=C/c2ccccc2)OC1,ja8b09909_si_001_part_1,160,[2H]C(Cl)(Cl)Cl,30.2
26,COc1ccc([C@@H](c2ccccc2)[C@@H](B2OC3(C)c4cccc5cccc(c45)[C@@]3(C)O2)c2ccccc2)cc1,ja8b09909_si_001_part_1,160,[2H]C(Cl)(Cl)Cl,33.2
S-12,CC12CCCC1(C)OB(/C=C/c1ccccc1)O2,ja8b09909_si_001_part_2,160,[2H]C(Cl)(Cl)Cl,29.7
S-13,C(=C/c1ccccc1)\B1OOC23CCCC12CCC3,ja8b09909_si_001_part_2,160,[2H]C(Cl)(Cl)Cl,30.7
S-14,CCC1(CC)OB(/C=C/c2ccccc2)OC1(CC)CC,ja8b09909_si_001_part_2,192,[2H]C(Cl)(Cl)Cl,29.1
(Z)-3c,C/C(Br)=C(\B1OC(=O)CN(C)CC(=O)O1)C(=O)C1CCCCC1,10-1007_s11426-021-1188-x,128,[2H]C([2H])([2H])C#N,9.36
(Z)-3f,C/C(Br)=C(\B1OC(=O)CN(C)CC(=O)O1)C(=O)CCCCCCl,10-1007_s11426-021-1188-x,128,[2H]C([2H])([2H])C(=O)C([2H])([2H])[2H],9.23
(Z)-3g,C/C(Br)=C(\B1OC(=O)CN(C)CC(=O)O1)C(=O)C1CCN(C(=O)OC(C)(C)C)CC1,10-1007_s11426-021-1188-x,128,[2H]C([2H])([2H])C#N,9.21
(Z)-3h,C/C(Br)=C(\B1OC(=O)CN(C)CC(=O)O1)C(=O)C1CCOCC1,10-1007_s11426-021-1188-x,160,[2H]C([2H])([2H])C#N,9.33
(Z)-3i,CCCCCCC(=O)/C(B1OC(=O)CN(C)CC(=O)O1)=C(\Br)CCCCC,10-1007_s11426-021-1188-x,128,[2H]C([2H])([2H])C(=O)C([2H])([2H])[2H],9.31
(Z)-3j,C/C(Br)=C(\B1OC(=O)CN(C)CC(=O)O1)C(=O)c1ccccc1,10-1007_s11426-021-1188-x,128,[2H]C([2H])([2H])C#N,9.47
(Z)-3k,C/C(Br)=C(\B1OC(=O)CN(C)CC(=O)O1)C(=O)c1ccc(F)cc1,10-1007_s11426-021-1188-x,128,[2H]C([2H])([2H])C#N,9.48
(Z)-3l,C/C(Br)=C(\B1OC(=O)CN(C)CC(=O)O1)C(=O)c1ccc(Cl)cc1,10-1007_s11426-021-1188-x,128,[2H]C([2H])([2H])C#N,9.43
(Z)-3m,C/C(Br)=C(\B1OC(=O)CN(C)CC(=O)O1)C(=O)c1ccc(Br)cc1,10-1007_s11426-021-1188-x,128,[2H]C([2H])([2H])C#N,9.38
(Z)-3n,C/C(Br)=C(\B1OC(=O)CN(C)CC(=O)O1)C(=O)c1ccc(C(=O)NC(C)C)cc1,10-1007_s11426-021-1188-x,128,[2H]C([2H])([2H])C(=O)C([2H])([2H])[2H],9.56
(Z)-3o,C/C(Br)=C(\B1OC(=O)CN(C)CC(=O)O1)C(=O)c1cccc(C#N)c1,10-1007_s11426-021-1188-x,128,[2H]C([2H])([2H])C(=O)C([2H])([2H])[2H],9.49
(Z)-3p,COc1ccccc1C(=O)/C(B1OC(=O)CN(C)CC(=O)O1)=C(/C)Br,10-1007_s11426-021-1188-x,128,[2H]C([2H])([2H])C(=O)C([2H])([2H])[2H],9.72
(Z)-3q,C/C(Br)=C(\B1OC(=O)CN(C)CC(=O)O1)C(=O)c1ccc(C(C)(C)C)cc1,10-1007_s11426-021-1188-x,128,[2H]C([2H])([2H])C#N,9.46
(Z)-3r,CCCCC/C(Br)=C(\B1OC(=O)CN(C)CC(=O)O1)C(=O)c1ccccc1,10-1007_s11426-021-1188-x,128,[2H]C([2H])([2H])C(=O)C([2H])([2H])[2H],9.57
(Z)-3s,CC[Si](CC)(CC)/C(Br)=C(\B1OC(=O)CN(C)CC(=O)O1)C(=O)c1ccccc1,10-1007_s11426-021-1188-x,128,[2H]C([2H])([2H])C#N,9.39
6,CN1CC(=O)OB(C(CCl)C(=O)c2ccccc2)OC(=O)C1,10-1007_s11426-021-1188-x,128,[2H]C([2H])([2H])C#N,10.3
7k,CN1CC(=O)OB(C(CI)C(=O)c2ccccc2)OC(=O)C1,10-1007_s11426-021-1188-x,160,[2H]C([2H])([2H])C#N,10.46
(7x),CN1CC(=O)OB(C(C)(CI)C(=O)c2ccccc2)OC(=O)C1,10-1007_s11426-021-1188-x,160,[2H]C([2H])([2H])C(=O)C([2H])([2H])[2H],9.99
-8,CN1CC(=O)OB(C(CSC(F)(F)F)C(=O)c2ccccc2)OC(=O)C1,10-1007_s11426-021-1188-x,160,[2H]C([2H])([2H])C(=O)C([2H])([2H])[2H],10.5
-9,C/C([Se]c1ccccc1)=C(\B1OC(=O)CN(C)CC(=O)O1)C(=O)c1ccccc1,10-1007_s11426-021-1188-x,128,[2H]C([2H])([2H])C(=O)C([2H])([2H])[2H],9.63
-10,CN1CC(=O)OB(C(C)(CSc2nc3ccccc3s2)C(=O)c2ccccc2)OC(=O)C1,10-1007_s11426-021-1188-x,160,[2H]C([2H])([2H])C(=O)C([2H])([2H])[2H],11.18
-11,CN1CC(=O)OB(C(C)(CN=[N+]=[N-])C(=O)c2ccccc2)OC(=O)C1,10-1007_s11426-021-1188-x,128,[2H]C([2H])([2H])C(=O)C([2H])([2H])[2H],11.09
-13,CN1CC(=O)OB(C(C=O)C(=O)c2ccccc2)OC(=O)C1,10-1007_s11426-021-1188-x,160,[2H]C([2H])([2H])C(=O)C([2H])([2H])[2H],10.34
-14,CN1CC(=O)OB(c2c[nH]nc2-c2ccccc2)OC(=O)C1,10-1007_s11426-021-1188-x,160,[2H]C([2H])([2H])C(=O)C([2H])([2H])[2H],11.27
-15,CCCCC(=O)/C(B1OC(=O)CN(C)CC(=O)O1)=C(/C)c1ccc(C)cc1,10-1007_s11426-021-1188-x,128,[2H]C([2H])([2H])C(=O)C([2H])([2H])[2H],10.24
-18,CC(C)=C(B1OC(=O)CN(C)CC(=O)O1)C(=O)c1ccccc1,10-1007_s11426-021-1188-x,128,[2H]C([2H])([2H])C#N,10.27
-21,C/C(=C(\B1OC(=O)CN(C)CC(=O)O1)C(=O)c1ccccc1)c1ccc(C)cc1,10-1007_s11426-021-1188-x,160,[2H]C([2H])([2H])C#N,10.4
1a,C=CC(O)(CCCCC)B1OC(=O)CN(C)CC(=O)O1,10-1007_s11426-021-1188-x,128,[2H]C([2H])([2H])C#N,10.21
1b,C=CC(O)(CCCC)B1OC(=O)CN(C)CC(=O)O1,10-1007_s11426-021-1188-x,128,[2H]C([2H])([2H])C(=O)C([2H])([2H])[2H],10.35
1c,C=CC(C)(O)B1OC(=O)CN(C)CC(=O)O1,10-1007_s11426-021-1188-x,160,[2H]C([2H])([2H])C#N,10.37
1d,C=CC(O)(B1OC(=O)CN(C)CC(=O)O1)C1CCCCC1,10-1007_s11426-021-1188-x,128,[2H]C([2H])([2H])C(=O)C([2H])([2H])[2H],10.19
1e,C=CC(O)(CCCCCl)B1OC(=O)CN(C)CC(=O)O1,10-1007_s11426-021-1188-x,128,[2H]C([2H])([2H])C(=O)C([2H])([2H])[2H],10.22
1f,C=CC(O)(B1OC(=O)CN(C)CC(=O)O1)C1CCN(C(=O)C(C)(C)C)CC1,10-1007_s11426-021-1188-x,128,[2H]C([2H])([2H])C(=O)C([2H])([2H])[2H],10.16
1g,C=CC(O)(B1OC(=O)CN(C)CC(=O)O1)C1CCOCC1,10-1007_s11426-021-1188-x,128,[2H]C([2H])([2H])C(=O)C([2H])([2H])[2H],10.21
1h,C=CC(O)(CCCCCCCCC(=O)OC)B1OC(=O)CN(C)CC(=O)O1,10-1007_s11426-021-1188-x,128,[2H]C([2H])([2H])C(=O)C([2H])([2H])[2H],10.33
1i,C=CC(O)(CCc1ccccc1)B1OC(=O)CN(C)CC(=O)O1,10-1007_s11426-021-1188-x,128,[2H]C([2H])([2H])C(=O)C([2H])([2H])[2H],10.39
1j,C=CC(O)(B1OC(=O)CN(C)CC(=O)O1)C1CC1,10-1007_s11426-021-1188-x,128,[2H]C([2H])([2H])C(=O)C([2H])([2H])[2H],10.49
1k,C=CC(O)(B1OC(=O)CN(C)CC(=O)O1)c1ccccc1,10-1007_s11426-021-1188-x,128,[2H]C([2H])([2H])C(=O)C([2H])([2H])[2H],10.08
1l,C=CC(O)(B1OC(=O)CN(C)CC(=O)O1)c1ccc(F)cc1,10-1007_s11426-021-1188-x,128,[2H]C([2H])([2H])C#N,9.84
1m,C=CC(O)(B1OC(=O)CN(C)CC(=O)O1)c1ccc(Cl)cc1,10-1007_s11426-021-1188-x,128,[2H]C([2H])([2H])C(=O)C([2H])([2H])[2H],9.99
1n,C=CC(O)(B1OC(=O)CN(C)CC(=O)O1)c1ccc(Br)cc1,10-1007_s11426-021-1188-x,128,[2H]C([2H])([2H])C(=O)C([2H])([2H])[2H],9.83
1o,C=CC(O)(B1OC(=O)CN(C)CC(=O)O1)c1cccc(C#N)c1,10-1007_s11426-021-1188-x,128,[2H]C([2H])([2H])C(=O)C([2H])([2H])[2H],9.8
1p,C=CC(O)(B1OC(=O)CN(C)CC(=O)O1)c1ccc(C(F)(F)F)cc1,10-1007_s11426-021-1188-x,128,[2H]C([2H])([2H])C(=O)C([2H])([2H])[2H],9.87
(1r),C=CC(O)(B1OC(=O)CN(C)CC(=O)O1)c1ccc(C(C)(C)C)cc1,10-1007_s11426-021-1188-x,128,[2H]C([2H])([2H])C(=O)C([2H])([2H])[2H],10.17
(1s),C=CC(O)(B1OC(=O)CN(C)CC(=O)O1)c1ccc(CCC)cc1,10-1007_s11426-021-1188-x,128,[2H]C([2H])([2H])C(=O)C([2H])([2H])[2H],10.23
(1t),C=CC(O)(B1OC(=O)CN(C)CC(=O)O1)c1ccc(OC)cc1,10-1007_s11426-021-1188-x,128,[2H]C([2H])([2H])C(=O)C([2H])([2H])[2H],10.07
(1u),C=CC(O)(B1OC(=O)CN(C)CC(=O)O1)c1ccccc1C,10-1007_s11426-021-1188-x,128,[2H]C([2H])([2H])C(=O)C([2H])([2H])[2H],10.38
(1v),C=CC(O)(B1OC(=O)CN(C)CC(=O)O1)c1ccc2ccccc2c1,10-1007_s11426-021-1188-x,128,[2H]C([2H])([2H])C(=O)C([2H])([2H])[2H],10.16
(1w),C=CC(O)(B1OC(=O)CN(C)CC(=O)O1)c1ccc(OC)c(Br)c1,10-1007_s11426-021-1188-x,128,[2H]C([2H])([2H])C(=O)C([2H])([2H])[2H],9.96
(1x),C=C(C)C(O)(B1OC(=O)CN(C)CC(=O)O1)c1ccccc1,10-1007_s11426-021-1188-x,160,[2H]C([2H])([2H])C#N,10.47
(1y),C=C(c1ccccc1)C(O)(B1OC(=O)CN(C)CC(=O)O1)c1ccccc1,10-1007_s11426-021-1188-x,128,[2H]C([2H])([2H])C(=O)C([2H])([2H])[2H],10.66
(1z),C/C=C\C(O)(B1OC(=O)CN(C)CC(=O)O1)c1ccccc1,10-1007_s11426-021-1188-x,160,[2H]C([2H])([2H])C(=O)C([2H])([2H])[2H],10.46
(2a),CCCCCC(=O)C(CBr)B1OC(=O)CN(C)CC(=O)O1,10-1007_s11426-021-1188-x,128,[2H]C([2H])([2H])C#N,10.37
(2b),CCCCC(=O)C(CBr)B1OC(=O)CN(C)CC(=O)O1,10-1007_s11426-021-1188-x,160,[2H]C([2H])([2H])C(=O)C([2H])([2H])[2H],10.31
(2c),CC(=O)C(CBr)B1OC(=O)CN(C)CC(=O)O1,10-1007_s11426-021-1188-x,128,[2H]C([2H])([2H])C#N,10.2
(2d),CN1CC(=O)OB(C(CBr)C(=O)C2CCCCC2)OC(=O)C1,10-1007_s11426-021-1188-x,128,[2H]C([2H])([2H])C(=O)C([2H])([2H])[2H],10.37
(2e),CN1CC(=O)OB(C(CBr)C(=O)CCCCCl)OC(=O)C1,10-1007_s11426-021-1188-x,128,[2H]C([2H])([2H])C#N,10.25
(2f),CN1CC(=O)OB(C(CBr)C(=O)C2CCN(C(=O)OC(C)(C)C)CC2)OC(=O)C1,10-1007_s11426-021-1188-x,128,[2H]C([2H])([2H])C(=O)C([2H])([2H])[2H],10.39
(2g),CN1CC(=O)OB(C(CBr)C(=O)C2CCOCC2)OC(=O)C1,10-1007_s11426-021-1188-x,128,[2H]C([2H])([2H])C#N,10.28
(Z)-3c,CN1CC(=O)OB(C(CBr)C(=O)CCc2ccccc2)OC(=O)C1,10-1007_s11426-021-1188-x,128,[2H]C([2H])([2H])C#N,10.23
(Z)-3d,CN1CC(=O)OB(C(CBr)C(=O)C2CC2)OC(=O)C1,10-1007_s11426-021-1188-x,128,[2H]C([2H])([2H])C#N,10.33
(Z)-3e,CN1CC(=O)OB(C(CBr)C(=O)c2ccccc2)OC(=O)C1,10-1007_s11426-021-1188-x,128,[2H]C([2H])([2H])C(=O)C([2H])([2H])[2H],10.48
(Z)-3f,CN1CC(=O)OB(C(CBr)C(=O)c2ccc(F)cc2)OC(=O)C1,10-1007_s11426-021-1188-x,128,[2H]C([2H])([2H])C#N,10.35
(Z)-3g,CN1CC(=O)OB(C(CBr)C(=O)c2ccc(Cl)cc2)OC(=O)C1,10-1007_s11426-021-1188-x,128,[2H]C([2H])([2H])C#N,10.27
(Z)-3h,CN1CC(=O)OB(C(CBr)C(=O)c2ccc(Br)cc2)OC(=O)C1,10-1007_s11426-021-1188-x,128,[2H]C([2H])([2H])S(=O)C([2H])([2H])[2H],10.25
(Z)-3i,CN1CC(=O)OB(C(CBr)C(=O)c2cccc(C#N)c2)OC(=O)C1,10-1007_s11426-021-1188-x,128,[2H]C([2H])([2H])C(=O)C([2H])([2H])[2H],10.35
(Z)-3j,CN1CC(=O)OB(C(CBr)C(=O)c2ccc(C(F)(F)F)cc2)OC(=O)C1,10-1007_s11426-021-1188-x,128,[2H]C([2H])([2H])C#N,10.23
(Z)-3k,Cc1ccc(C(=O)C(CBr)B2OC(=O)CN(C)CC(=O)O2)cc1,10-1007_s11426-021-1188-x,128,[2H]C([2H])([2H])C#N,10.39
(Z)-3l,CN1CC(=O)OB(C(CBr)C(=O)c2ccc(C(C)(C)C)cc2)OC(=O)C1,10-1007_s11426-021-1188-x,128,[2H]C([2H])([2H])C#N,10.46
(Z)-3m,CCCc1ccc(C(=O)C(CBr)B2OC(=O)CN(C)CC(=O)O2)cc1,10-1007_s11426-021-1188-x,128,[2H]C([2H])([2H])C#N,10.39
(Z)-3n,COc1ccc(C(=O)C(CBr)B2OC(=O)CN(C)CC(=O)O2)cc1,10-1007_s11426-021-1188-x,128,[2H]C([2H])([2H])S(=O)C([2H])([2H])[2H],10.92
(Z)-3o,Cc1ccccc1C(=O)C(CBr)B1OC(=O)CN(C)CC(=O)O1,10-1007_s11426-021-1188-x,128,[2H]C([2H])([2H])C#N,10.41
(Z)-3p,CN1CC(=O)OB(C(CBr)C(=O)c2ccc3ccccc3c2)OC(=O)C1,10-1007_s11426-021-1188-x,128,[2H]C([2H])([2H])C#N,10.43
(Z)-3q,COc1ccc(C(=O)C(CBr)B2OC(=O)CN(C)CC(=O)O2)cc1Br,10-1007_s11426-021-1188-x,128,[2H]C([2H])([2H])C(=O)C([2H])([2H])[2H],10.41
(Z)-3r,CN1CC(=O)OB(C(C)(CBr)C(=O)c2ccccc2)OC(=O)C1,10-1007_s11426-021-1188-x,128,[2H]C([2H])([2H])C(=O)C([2H])([2H])[2H],10.65
(2z),CC(Br)C(B1OC(=O)CN(C)CC(=O)O1)C(=O)c1ccccc1,10-1007_s11426-021-1188-x,160,[2H]C([2H])([2H])C(=O)C([2H])([2H])[2H],10.93
(3a),CCCCCC(=O)C(CO)B1OC(=O)CN(C)CC(=O)O1,10-1007_s11426-021-1188-x,128,[2H]C([2H])([2H])S(=O)C([2H])([2H])[2H],10.48
(3d),CN1CC(=O)OB(C(CO)C(=O)C2CCCCC2)OC(=O)C1,10-1007_s11426-021-1188-x,128,[2H]C([2H])([2H])C(=O)C([2H])([2H])[2H],11.12
(3e),CN1CC(=O)OB(C(CO)C(=O)CCCCCl)OC(=O)C1,10-1007_s11426-021-1188-x,128,[2H]C([2H])([2H])C(=O)C([2H])([2H])[2H],11.02
(3j),CN1CC(=O)OB(C(CO)C(=O)C2CC2)OC(=O)C1,10-1007_s11426-021-1188-x,128,[2H]C([2H])([2H])C(=O)C([2H])([2H])[2H],11.08
(3k),CN1CC(=O)OB(C(CO)C(=O)c2ccccc2)OC(=O)C1,10-1007_s11426-021-1188-x,128,[2H]C([2H])([2H])C(=O)C([2H])([2H])[2H],11.11
(3l),CN1CC(=O)OB(C(CO)C(=O)c2ccc(F)cc2)OC(=O)C1,10-1007_s11426-021-1188-x,128,[2H]C([2H])([2H])C(=O)C([2H])([2H])[2H],11.13
(3o),CN1CC(=O)OB(C(CO)C(=O)c2cccc(C#N)c2)OC(=O)C1,10-1007_s11426-021-1188-x,128,[2H]C([2H])([2H])C(=O)C([2H])([2H])[2H],11.1
(3q),Cc1ccc(C(=O)C(CO)B2OC(=O)CN(C)CC(=O)O2)cc1,10-1007_s11426-021-1188-x,128,[2H]C([2H])([2H])C(=O)C([2H])([2H])[2H],11.3
(3r),CN1CC(=O)OB(C(CO)C(=O)c2ccc(C(C)(C)C)cc2)OC(=O)C1,10-1007_s11426-021-1188-x,128,[2H]C([2H])([2H])C(=O)C([2H])([2H])[2H],11.33
(3x),CN1CC(=O)OB(C(C)(CO)C(=O)c2ccccc2)OC(=O)C1,10-1007_s11426-021-1188-x,128,[2H]C([2H])([2H])C(=O)C([2H])([2H])[2H],12.06
(4a),CC#CC(O)(CCCCC)B1OC(=O)CN(C)CC(=O)O1,10-1007_s11426-021-1188-x,128,[2H]C([2H])([2H])C#N,10
(4b),CC#CC(O)(CCCC)B1OC(=O)CN(C)CC(=O)O1,10-1007_s11426-021-1188-x,128,[2H]C([2H])([2H])C#N,10.1
(4c),CC#CC(C)(O)B1OC(=O)CN(C)CC(=O)O1,10-1007_s11426-021-1188-x,128,[2H]C([2H])([2H])C(=O)C([2H])([2H])[2H],10.2
(4d),CC#CC(O)(B1OC(=O)CN(C)CC(=O)O1)C1CC1,10-1007_s11426-021-1188-x,128,[2H]C([2H])([2H])C(=O)C([2H])([2H])[2H],10.2
(4e),CC#CC(O)(B1OC(=O)CN(C)CC(=O)O1)C1CCCCC1,10-1007_s11426-021-1188-x,128,[2H]C([2H])([2H])C(=O)C([2H])([2H])[2H],10.08
4g,CC#CC(O)(B1OC(=O)CN(C)CC(=O)O1)C1CCN(C(=O)C(C)(C)C)CC1,10-1007_s11426-021-1188-x,128,[2H]C([2H])([2H])C(=O)C([2H])([2H])[2H],9.96
4h,CC#CC(O)(B1OC(=O)CN(C)CC(=O)O1)C1CCOCC1,10-1007_s11426-021-1188-x,160,[2H]C([2H])([2H])C(=O)C([2H])([2H])[2H],10
4i,CCCCCC#CC(O)(CCCCCC)B1OC(=O)CN(C)CC(=O)O1,10-1007_s11426-021-1188-x,128,[2H]C([2H])([2H])C#N,9.92
4j,CC#CC(O)(B1OC(=O)CN(C)CC(=O)O1)c1ccccc1,10-1007_s11426-021-1188-x,128,[2H]C([2H])([2H])C(=O)C([2H])([2H])[2H],9.81
4k,CC#CC(O)(B1OC(=O)CN(C)CC(=O)O1)c1ccc(F)cc1,10-1007_s11426-021-1188-x,128,[2H]C([2H])([2H])C(=O)C([2H])([2H])[2H],9.66
4l,CC#CC(O)(B1OC(=O)CN(C)CC(=O)O1)c1ccc(Cl)cc1,10-1007_s11426-021-1188-x,128,[2H]C([2H])([2H])C(=O)C([2H])([2H])[2H],9.7
4m,CC#CC(O)(B1OC(=O)CN(C)CC(=O)O1)c1ccc(Br)cc1,10-1007_s11426-021-1188-x,128,[2H]C([2H])([2H])C(=O)C([2H])([2H])[2H],9.61
4n,CC#CC(O)(B1OC(=O)CN(C)CC(=O)O1)c1ccc(C(=O)NC(C)C)cc1,10-1007_s11426-021-1188-x,128,[2H]C([2H])([2H])C(=O)C([2H])([2H])[2H],9.68
4o,CC#CC(O)(B1OC(=O)CN(C)CC(=O)O1)c1cccc(C#N)c1,10-1007_s11426-021-1188-x,128,[2H]C([2H])([2H])C(=O)C([2H])([2H])[2H],9.59
4p,CC#CC(O)(B1OC(=O)CN(C)CC(=O)O1)c1ccccc1C,10-1007_s11426-021-1188-x,128,[2H]C([2H])([2H])C(=O)C([2H])([2H])[2H],9.91
4q,CC#CC(O)(B1OC(=O)CN(C)CC(=O)O1)c1ccc(C(C)(C)C)cc1,10-1007_s11426-021-1188-x,128,[2H]C([2H])([2H])C(=O)C([2H])([2H])[2H],9.78
4r,CCCCCC#CC(O)(B1OC(=O)CN(C)CC(=O)O1)c1ccccc1,10-1007_s11426-021-1188-x,128,[2H]C([2H])([2H])C(=O)C([2H])([2H])[2H],9.82
4s,CC[Si](C#CC(O)(B1OC(=O)CN(C)CC(=O)O1)c1ccccc1)(CC)CC,10-1007_s11426-021-1188-x,128,[2H]C([2H])([2H])C(=O)C([2H])([2H])[2H],9.71
5a,CCCCCC(=O)/C(B1OC(=O)CN(C)CC(=O)O1)=C(/C)Br,10-1007_s11426-021-1188-x,128,[2H]C([2H])([2H])C#N,9.22
5b,CCCCC(=O)/C(B1OC(=O)CN(C)CC(=O)O1)=C(/C)Br,10-1007_s11426-021-1188-x,160,[2H]C([2H])([2H])C(=O)C([2H])([2H])[2H],9.3
5c,CC(=O)/C(B1OC(=O)CN(C)CC(=O)O1)=C(/C)Br,10-1007_s11426-021-1188-x,128,[2H]C([2H])([2H])C#N,9.21
V-2p,CC(C)[Si](/C(=C/B1OC(C)(C)C(C)(C)O1)B1OC(C)(C)C(C)(C)O1)(C(C)C)C(C)C,10-1038_s41467-023-37733-0,128,[2H]C(Cl)(Cl)Cl,31.3;28.1
V-2q,CC[Si](CC)(CC)/C(=C/B1OC(C)(C)C(C)(C)O1)B1OC(C)(C)C(C)(C)O1,10-1038_s41467-023-37733-0,128,[2H]C(Cl)(Cl)Cl,31.5;28.3
V-2r,CC1(C)OB(/C=C(\B2OC(C)(C)C(C)(C)O2)[Si](C)(C)C)OC1(C)C,10-1038_s41467-023-37733-0,161,[2H]C(Cl)(Cl)Cl,31.7;28.6
V-2x,CC1(C)OB(C#CB2OC(C)(C)C(C)(C)O2)OC1(C)C,10-1038_s41467-023-37733-0,128,[2H]C(Cl)(Cl)Cl,23.3
(1a),C=C(B1OC(C)(C)C(C)(C)O1)[B-](F)(F)F.[Cs+],10-1038_s41467-023-37733-0,128,[2H]C([2H])([2H])S(=O)C([2H])([2H])[2H],32.0;1.4
(1b),CC1(C)OB(/C(=C\c2ccccc2)[B-](F)(F)F)OC1(C)C.[Cs+],10-1038_s41467-023-37733-0,128,[2H]C([2H])([2H])S(=O)C([2H])([2H])[2H],35.2;1.2
(1c),Cc1ccc(/C=C(\B2OC(C)(C)C(C)(C)O2)[B-](F)(F)F)cc1.[Cs+],10-1038_s41467-023-37733-0,128,[2H]C([2H])([2H])S(=O)C([2H])([2H])[2H],35.0;2.4
(1d),CC1(C)OB(/C(=C\c2ccc(-c3ccccc3)cc2)[B-](F)(F)F)OC1(C)C.[Cs+],10-1038_s41467-023-37733-0,128,[2H]C([2H])([2H])S(=O)C([2H])([2H])[2H],33.8;1.6
(1e),CC1(C)OB(/C(=C\c2ccc(Cl)cc2)[B-](F)(F)F)OC1(C)C.[Cs+],10-1038_s41467-023-37733-0,128,[2H]C([2H])([2H])S(=O)C([2H])([2H])[2H],33.9;3.0
(1f),CC1(C)OB(/C(=C\c2ccc(C(F)(F)F)cc2)[B-](F)(F)F)OC1(C)C.[Cs+],10-1038_s41467-023-37733-0,128,[2H]C([2H])([2H])S(=O)C([2H])([2H])[2H],33.7;1.5
(1g),CC1(C)OB(/C(=C\c2ccc3c(c2)OCO3)[B-](F)(F)F)OC1(C)C.[Cs+],10-1038_s41467-023-37733-0,128,[2H]C([2H])([2H])S(=O)C([2H])([2H])[2H],33.7;1.5
(1h),CC1(C)OB(/C(=C\c2ccc3ccccc3c2)[B-](F)(F)F)OC1(C)C.[Cs+],10-1038_s41467-023-37733-0,128,[2H]C([2H])([2H])S(=O)C([2H])([2H])[2H],32.7;1.8
(1i),CC1(C)OB(/C(=C\c2c3ccccc3cc3ccccc23)[B-](F)(F)F)OC1(C)C.[Cs+],10-1038_s41467-023-37733-0,128,[2H]C([2H])([2H])S(=O)C([2H])([2H])[2H],34.7;2.5
(1j),CCCC/C=C(\B1OC(C)(C)C(C)(C)O1)[B-](F)(F)F.[K+],10-1038_s41467-023-37733-0,128,[2H]C([2H])([2H])S(=O)C([2H])([2H])[2H],33.9;3.0
(1k),CC1(C)OB(/C(=C\C2CCCCC2)[B-](F)(F)F)OC1(C)C.[K+],10-1038_s41467-023-37733-0,128,[2H]C([2H])([2H])S(=O)C([2H])([2H])[2H],33.9;3.1
(1l),CC1(C)OB(/C(=C\C2=CCCCC2)[B-](F)(F)F)OC1(C)C.[K+],10-1038_s41467-023-37733-0,128,[2H]C([2H])([2H])S(=O)C([2H])([2H])[2H],32.4;-0.4
(1m),CC1(C)OB(C(=C2CCCCC2)[B-](F)(F)F)OC1(C)C.[Cs+],10-1038_s41467-023-37733-0,128,[2H]C([2H])([2H])S(=O)C([2H])([2H])[2H],34.6;2.9
(1n),C/C(=C(/B1OC(C)(C)C(C)(C)O1)[B-](F)(F)F)c1ccccc1.[Cs+],10-1038_s41467-023-37733-0,128,[2H]C([2H])([2H])S(=O)C([2H])([2H])[2H],34.6;2.5
(1o),COC(=O)/C=C(\B1OC(C)(C)C(C)(C)O1)[B-](F)(F)F.[Cs+],10-1038_s41467-023-37733-0,128,[2H]C([2H])([2H])S(=O)C([2H])([2H])[2H],34.5;2.3
(1r),CC1(C)OB(/C(=C\[B-](F)(F)F)[Si](C)(C)C)OC1(C)C.[Cs+],10-1038_s41467-023-37733-0,128,[2H]C([2H])([2H])S(=O)C([2H])([2H])[2H],34.7;2.5
(1t),F[B-](F)(F)/C(=C(\c1ccccc1)[B-](F)(F)F)c1ccccc1.[Cs+].[Cs+],10-1038_s41467-023-37733-0,128,[2H]C([2H])([2H])S(=O)C([2H])([2H])[2H],6.25;4.70
(2a),C=C(B1Nc2cccc3cccc(c23)N1)B1OC(C)(C)C(C)(C)O1,10-1038_s41467-023-37733-0,128,[2H]C(Cl)(Cl)Cl,30.8;28.2
(2b),CC1(C)OB(/C(=C\c2ccccc2)B2Nc3cccc4cccc(c34)N2)OC1(C)C,10-1038_s41467-023-37733-0,128,[2H]C(Cl)(Cl)Cl,31.9;28.8
(2c),Cc1ccc(/C=C(/B2Nc3cccc4cccc(c34)N2)B2OC(C)(C)C(C)(C)O2)cc1,10-1038_s41467-023-37733-0,128,[2H]C(Cl)(Cl)Cl,32.8;29.7
(2d),CC1(C)OB(/C(=C\c2ccc(C(F)(F)F)cc2)B2Nc3cccc4cccc(c34)N2)OC1(C)C,10-1038_s41467-023-37733-0,128,[2H]C(Cl)(Cl)Cl,32.6;29.4
(2e),CC1(C)OB(/C(=C\c2ccc3ccccc3c2)B2Nc3cccc4cccc(c34)N2)OC1(C)C,10-1038_s41467-023-37733-0,128,[2H]C(Cl)(Cl)Cl,28.6
(2f),CC1(C)OB(/C(=C\c2c3ccccc3cc3ccccc23)B2Nc3cccc4cccc(c34)N2)OC1(C)C,10-1038_s41467-023-37733-0,128,[2H]C(Cl)(Cl)Cl,30.1
(2g),CCCC/C=C(/B1Nc2cccc3cccc(c23)N1)B1OC(C)(C)C(C)(C)O1,10-1038_s41467-023-37733-0,128,[2H]C(Cl)(Cl)Cl,32.8;29.7
(Z)-3c,C=C(B1OC(C)(C)C(C)(C)O1)B1OC(C)(C)C(C)(C)O1,10-1038_s41467-023-37733-0,128,[2H]C(Cl)(Cl)Cl,30.6
(V-3w),C=C(B1OC(C)(C)C(C)(C)O1)C(=C)B1OC(C)(C)C(C)(C)O1,10-1038_s41467-023-37733-0,128,[2H]C(Cl)(Cl)Cl,30.1
(V-1i),CC1(C)OB(C(=Cc2c3ccccc3cc3ccccc23)B2OC(C)(C)C(C)(C)O2)OC1(C)C,10-1038_s41467-023-37733-0,128,[2H]C(Cl)(Cl)Cl,31.9
(V-3j),CC1(C)OB(C(=Cc2cc3ccccc3c3ccccc23)B2OC(C)(C)C(C)(C)O2)OC1(C)C,10-1038_s41467-023-37733-0,128,[2H]C(Cl)(Cl)Cl,33.8
"(Z)-2-(2-phenyl-1-(4,4,5,5-tetramethyl-1,3,2-dioxaborolan-2-yl)prop-1-en-1-yl)-2,3-dihydro-1H-naphtho[1,8-de][1,3,2]diazaborinine (2i)",C/C(=C(\B1Nc2cccc3cccc(c23)N1)B1OC(C)(C)C(C)(C)O1)c1ccccc1,10-1038_s41467-023-37733-0,128,[2H]C(Cl)(Cl)Cl,32.0;27.3
"2-(cyclohexylidene(4,4,5,5-tetramethyl-1,3,2-dioxaborolan-2-yl)methyl)-2,3-dihydro-1H-naphtho[1,8-de][1,3,2]diazaborinine (2j)",CC1(C)OB(C(B2Nc3cccc4cccc(c34)N2)=C2CCCCC2)OC1(C)C,10-1038_s41467-023-37733-0,128,[2H]C(Cl)(Cl)Cl,31.3;28.2
"Methyl (Z)-3-(1H-naphtho[1,8-de][1,3,2]diazaborinin-2(3H)-yl)-3-(4,4,5,5-tetramethyl-1,3,2-dioxaborolan-2-yl)acrylate (2k)",COC(=O)/C=C(/B1Nc2cccc3cccc(c23)N1)B1OC(C)(C)C(C)(C)O1,10-1038_s41467-023-37733-0,128,[2H]C(Cl)(Cl)Cl,31.6;28.7
"(E)-2-(2-(4,4,5,5-tetramethyl-1,3,2-dioxaborolan-2-yl)-2-(triisopropylsilyl)vinyl)-2,3-dihydro-1H-naphtho[1,8-de][1,3,2]diazaborinine (2l)",CC(C)[Si](/C(=C/B1Nc2cccc3cccc(c23)N1)B1OC(C)(C)C(C)(C)O1)(C(C)C)C(C)C,10-1038_s41467-023-37733-0,128,[2H]C(Cl)(Cl)Cl,32.0;27.3
"(E)-2-(2-(4,4,5,5-tetramethyl-1,3,2-dioxaborolan-2-yl)-2-(triethylsilyl)vinyl)-2,3-dihydro-1H-naphtho[1,8-de][1,3,2]diazaborinine (2m)",CC[Si](CC)(CC)/C(=C/B1Nc2cccc3cccc(c23)N1)B1OC(C)(C)C(C)(C)O1,10-1038_s41467-023-37733-0,128,[2H]C(Cl)(Cl)Cl,31.9;27.2
"(E)-2-(2-(4,4,5,5-tetramethyl-1,3,2-dioxaborolan-2-yl)-2-(trimethylsilyl)vinyl)-2,3-dihydro-1H-naphtho[1,8-de][1,3,2]diazaborinine (2n)",CC1(C)OB(/C(=C\B2Nc3cccc4cccc(c34)N2)[Si](C)(C)C)OC1(C)C,10-1038_s41467-023-37733-0,128,[2H]C(Cl)(Cl)Cl,31.7;27.1
"2,2'-(ethene-1,1-diyl)bis(2,3-dihydro-1H-naphtho[1,8-de][1,3,2]diazaborinine) (2a-dan)",C=C(B1Nc2cccc3cccc(c23)N1)B1Nc2cccc3cccc(c23)N1,10-1038_s41467-023-37733-0,128,[2H]C(Cl)(Cl)Cl,27.9
3a,C=C(B1OC(=O)CN(C)CC(=O)O1)B1OC(C)(C)C(C)(C)O1,10-1038_s41467-023-37733-0,128,[2H]C(Cl)(Cl)Cl,31.6;11.9
3b,CN1CC(=O)OB(/C(=C/c2ccccc2)B2OC(C)(C)C(C)(C)O2)OC(=O)C1,10-1038_s41467-023-37733-0,128,[2H]C(Cl)(Cl)Cl,32.5;11.5
3c,Cc1ccc(/C=C(/B2OC(=O)CN(C)CC(=O)O2)B2OC(C)(C)C(C)(C)O2)cc1,10-1038_s41467-023-37733-0,128,[2H]C(Cl)(Cl)Cl,32.4;11.5
3d,CN1CC(=O)OB(/C(=C/c2ccc(-c3ccccc3)cc2)B2OC(C)(C)C(C)(C)O2)OC(=O)C1,10-1038_s41467-023-37733-0,128,[2H]C(Cl)(Cl)Cl,33.0;12.0
3e,CN1CC(=O)OB(/C(=C/c2ccc(Cl)cc2)B2OC(C)(C)C(C)(C)O2)OC(=O)C1,10-1038_s41467-023-37733-0,128,[2H]C(Cl)(Cl)Cl,32.1;11.2
3f,CN1CC(=O)OB(/C(=C/c2ccc(C(F)(F)F)cc2)B2OC(C)(C)C(C)(C)O2)OC(=O)C1,10-1038_s41467-023-37733-0,128,[2H]C(Cl)(Cl)Cl,31.1
3g,CN1CC(=O)OB(/C(=C/c2ccc3c(c2)OCO3)B2OC(C)(C)C(C)(C)O2)OC(=O)C1,10-1038_s41467-023-37733-0,128,[2H]C(Cl)(Cl)Cl,32.8;11.9
3h,CN1CC(=O)OB(/C(=C/c2ccc3ccccc3c2)B2OC(C)(C)C(C)(C)O2)OC(=O)C1,10-1038_s41467-023-37733-0,128,[2H]C(Cl)(Cl)Cl,32.8;11.9
3i,CN1CC(=O)OB(/C(=C/c2c3ccccc3cc3ccccc23)B2OC(C)(C)C(C)(C)O2)OC(=O)C1,10-1038_s41467-023-37733-0,128,[2H]C(Cl)(Cl)Cl,34.2;13.2
3j,CN1CC(=O)OB(/C(=C/c2cc3ccccc3c3ccccc23)B2OC(C)(C)C(C)(C)O2)OC(=O)C1,10-1038_s41467-023-37733-0,128,[2H]C(Cl)(Cl)Cl,36.8;13.7
(E)-3l,C/C(=C(\B1OC(=O)CN(C)CC(=O)O1)B1OC(C)(C)C(C)(C)O1)c1ccccc1,10-1038_s41467-023-37733-0,128,[2H]C(Cl)(Cl)Cl,32.4;12.1
(E)-3m,CN1CC(=O)OB(/C(=C/C2CCCCC2)B2OC(C)(C)C(C)(C)O2)OC(=O)C1,10-1038_s41467-023-37733-0,128,[2H]C(Cl)(Cl)Cl,31.8;12.0
(E)-3n,CN1CC(=O)OB(/C(=C/C2=CCCCC2)B2OC(C)(C)C(C)(C)O2)OC(=O)C1,10-1038_s41467-023-37733-0,128,[2H]C(Cl)(Cl)Cl,32.9;12.0
(E)-3o,COC(=O)/C=C(/B1OC(=O)CN(C)CC(=O)O1)B1OC(C)(C)C(C)(C)O1,10-1038_s41467-023-37733-0,128,[2H]C(Cl)(Cl)Cl,35.0;10.2
(E)-3p,CC(C)[Si](/C(=C/B1OC(=O)CN(C)CC(=O)O1)B1OC(C)(C)C(C)(C)O1)(C(C)C)C(C)C,10-1038_s41467-023-37733-0,128,[2H]C(Cl)(Cl)Cl,31.9;9.5
(E)-3q,CC[Si](CC)(CC)/C(=C/B1OC(=O)CN(C)CC(=O)O1)B1OC(C)(C)C(C)(C)O1,10-1038_s41467-023-37733-0,128,[2H]C(Cl)(Cl)Cl,29.8;9.9
(E)-3r,CN1CC(=O)OB(/C=C(\B2OC(C)(C)C(C)(C)O2)[Si](C)(C)C)OC(=O)C1,10-1038_s41467-023-37733-0,128,[2H]C(Cl)(Cl)Cl,33.2;10.9
(E)-3s,CN1CC(=O)OB(/C=C(\B2OC(C)(C)C(C)(C)O2)c2ccccc2)OC(=O)C1,10-1038_s41467-023-37733-0,128,[2H]C(Cl)(Cl)Cl,33.2;12.3
(E)-3t,CCC/C(=C/B1OC(=O)CN(C)CC(=O)O1)B1OC(C)(C)C(C)(C)O1,10-1038_s41467-023-37733-0,128,[2H]C(Cl)(Cl)Cl,32.3;12.5
(Z)-3u,CN1CC(=O)OB(/C(=C(\B2OC(C)(C)C(C)(C)O2)c2ccccc2)c2ccccc2)OC(=O)C1,10-1038_s41467-023-37733-0,128,[2H]C(Cl)(Cl)Cl,31.2;11.4
(Z)-3v,C/C(B1OC(=O)CN(C)CC(=O)O1)=C(/B1OC(C)(C)C(C)(C)O1)c1ccccc1,10-1038_s41467-023-37733-0,128,[2H]C(Cl)(Cl)Cl,31.6;12.0
3w,C=C(B1OC(=O)CN(C)CC(=O)O1)C(=C)B1OC(C)(C)C(C)(C)O1,10-1038_s41467-023-37733-0,128,[2H]C(Cl)(Cl)Cl,31.2;11.3
3x,CN1CC(=O)OB(C#CB2OC(=O)CN(C)CC(=O)O2)OC(=O)C1,10-1038_s41467-023-37733-0,128,[2H]C(Cl)(Cl)Cl,5.7
(E)-3y,CCCC/C(B1OC(C)(C)C(C)(C)O1)=C(/B1OC(=O)CN(C)CC(=O)O1)B1OC(C)(C)C(C)(C)O1,10-1038_s41467-023-37733-0,128,[2H]C(Cl)(Cl)Cl,32.9;12.0
(E)-3z,CN1CC(=O)OB(/C(B2OC(C)(C)C(C)(C)O2)=C(\B2OC(C)(C)C(C)(C)O2)C2CC2)OC(=O)C1,10-1038_s41467-023-37733-0,128,[2H]C(Cl)(Cl)Cl,31.8;11.8
,CN1CC(=O)OB(/C(B2OC(C)(C)C(C)(C)O2)=C(\B2OC(C)(C)C(C)(C)O2)c2ccccc2)OC(=O)C1,10-1038_s41467-023-37733-0,128,[2H]C([2H])([2H])C#N,31.5;11.3
,COc1ccc(/C(B2OC(C)(C)C(C)(C)O2)=C(/B2OC(=O)CN(C)CC(=O)O2)B2OC(C)(C)C(C)(C)O2)cc1,10-1038_s41467-023-37733-0,128,[2H]C(Cl)(Cl)Cl,31.9;11.7
,CN1CC(=O)OB(C(B2OC(C)(C)C(C)(C)O2)=C(B2OC(C)(C)C(C)(C)O2)B2OC(C)(C)C(C)(C)O2)OC(=O)C1,10-1038_s41467-023-37733-0,128,[2H]C(Cl)(Cl)Cl,31.6;10.9
,CC1(C)OB(/C(=C\C2CCCCC2)c2ccccc2)OC1(C)C,10-1038_s41467-023-37733-0,128,[2H]C(Cl)(Cl)Cl,31.3
,CC1(C)OB(/C(=C\c2ccccc2)c2ccccc2)OC1(C)C,10-1038_s41467-023-37733-0,128,[2H]C(Cl)(Cl)Cl,31.8
,CC1(C)OB(C(=C2CCCCC2)c2ccc(C(F)(F)F)cc2)OC1(C)C,10-1038_s41467-023-37733-0,128,[2H]C(Cl)(Cl)Cl,30.8
,C=C(B1Nc2cccc3cccc(c23)N1)c1ccccc1,10-1038_s41467-023-37733-0,128,[2H]C(Cl)(Cl)Cl,29
,FC(F)(F)c1ccc(/C(=C\c2ccccc2)B2Nc3cccc4cccc(c34)N2)cc1,10-1038_s41467-023-37733-0,128,[2H]C(Cl)(Cl)Cl,28.82
,CC(C)(C)c1ccc(/C(=C\B2Nc3cccc4cccc(c34)N2)[Si](C)(C)C)cc1,10-1038_s41467-023-37733-0,128,[2H]C(Cl)(Cl)Cl,27.2
5d,Cc1ccc(/C(=C/c2ccccc2)B2OC(C)(C)C(C)(C)O2)cc1,10-1038_s41467-023-37733-0,128,[2H]C(Cl)(Cl)Cl,31.3
5e,CC(C)(C)c1ccc(/C(=C/c2ccccc2)B2OC(C)(C)C(C)(C)O2)cc1,10-1038_s41467-023-37733-0,128,[2H]C(Cl)(Cl)Cl,31.3
7,CC1(C)OB(/C(Br)=C\c2ccccc2)OC1(C)C,10-1038_s41467-023-37733-0,128,[2H]C(Cl)(Cl)Cl,28.7
8,CC1(C)OB(/C(Cl)=C\c2ccccc2)OC1(C)C,10-1038_s41467-023-37733-0,128,[2H]C(Cl)(Cl)Cl,28
9,C=C(Br)B1OC(=O)CN(C)CC(=O)O1,10-1038_s41467-023-37733-0,128,[2H]C(Cl)(Cl)Cl,8.6
10,CC1(C)OB(C2(B3Nc4cccc5cccc(c45)N3)CC3C=CC2CC3)OC1(C)C,10-1038_s41467-023-37733-0,128,[2H]C(Cl)(Cl)Cl,34.7;31.92
11,CCOC(=O)[C@]1(c2ccc(Cl)c(Cl)c2)C[C@@]1(B1Nc2cccc3cccc(c23)N1)B1OC(C)(C)C(C)(C)O1,10-1038_s41467-023-37733-0,128,[2H]C(Cl)(Cl)Cl,32.1
(Z)-3c,COc1cccc(C2=Cc3cc(C)ccc3N(Cc3ccccc3)B2c2c(OC)ccc3ccccc23)c1,10-1038_s41467-023-40164-6,128,[2H]C(Cl)(Cl)Cl,40.5
3h,COC(=O)c1ccc(C=C=CC(B2OC(C)(C)C(C)(C)O2)B2OC(C)(C)C(C)(C)O2)cc1,10-1038_s41467-024-53606-6,161,[2H]C(Cl)(Cl)Cl,33.2
(S)-3r,CC(C=C=Cc1ccccc1)(B1OC(C)(C)C(C)(C)O1)B1OC(C)(C)C(C)(C)O1,10-1038_s41467-024-53606-6,161,[2H]C(Cl)(Cl)Cl,33.4
3s,CC1(C)OB(C(C=C=Cc2ccccc2)(CC2CCC2)B2OC(C)(C)C(C)(C)O2)OC1(C)C,10-1038_s41467-024-53606-6,161,[2H]C(Cl)(Cl)Cl,33.5
(S)-3a,CC1(C)OB(/C=C\C(=C/c2ccccc2)[C@@H](NC(=O)c2ccccc2)c2ccoc2)OC1(C)C,10-1038_s41467-024-53606-6,193,[2H]C(Cl)(Cl)Cl,29.9
(S)-3a,CC1(C)OB(/C=C\C(=C/c2ccccc2)[C@@H](NC(=O)c2ccccc2)c2ccsc2)OC1(C)C,10-1038_s41467-024-53606-6,193,[2H]C(Cl)(Cl)Cl,30
(S)-3a,CC1(C)OB(/C=C\C(=C/c2ccccc2)[C@H](/C=C/c2ccccc2)NC(=O)c2ccccc2)OC1(C)C,10-1038_s41467-024-53606-6,193,[2H]C(Cl)(Cl)Cl,30.3
(S)-3d,CC1(C)OB(/C=C\C(=C/c2ccc(F)cc2)[C@@H](NC(=O)c2ccccc2)c2ccccc2)OC1(C)C,10-1038_s41467-024-53606-6,193,[2H]C(Cl)(Cl)Cl,30.2
(S)-3l,CC1(C)OB(/C=C\C(=C/c2ccccc2Cl)[C@@H](NC(=O)c2ccccc2)c2ccccc2)OC1(C)C,10-1038_s41467-024-53606-6,193,[2H]C(Cl)(Cl)Cl,30
(Z)-3c,CC(C)(C)/C=C(\B1C(Br)=Cc2ccccc2N1C1CCCC1)c1ccc(-c2ccccc2)cc1,10-1038_s41467-024-54597-0,160,[2H]C(Cl)(Cl)Cl,36.61
(Z)-3i,CC(C)(C)/C=C(\B1C(Br)=Cc2ccccc2N1C1CCCC1)c1ccc(F)cc1,10-1038_s41467-024-54597-0,128,[2H]C(Cl)(Cl)Cl,37.29
(Z)-3j,CC(C)(C)/C=C(\B1C(Br)=Cc2ccccc2N1C1CCCC1)c1ccc(Cl)cc1,10-1038_s41467-024-54597-0,128,[2H]C(Cl)(Cl)Cl,37.17
(Z)-3n,CC(C)(C)/C=C(\B1C(Br)=Cc2ccccc2N1C1CCCC1)c1cccc(C=O)c1,10-1038_s41467-024-54597-0,128,[2H]C(Cl)(Cl)Cl,37.9
(Z)-3p,COC(=O)c1cccc(/C(=C/C(C)(C)C)B2C(Br)=Cc3ccccc3N2C2CCCC2)c1,10-1038_s41467-024-54597-0,160,[2H]C(Cl)(Cl)Cl,35.5
(Z)-3q,CC(C)(C)/C=C(\B1C(Br)=Cc2ccccc2N1C1CCCC1)c1cccc(C(=O)O[C@@H]2C[C@@H]3CCC2(C)C3(C)C)c1,10-1038_s41467-024-54597-0,160,[2H]C(Cl)(Cl)Cl,37.2
(Z)-3s,Cc1ccc(C)c(OCCCC(C)(C)COC(=O)c2cccc(/C(=C/C(C)(C)C)B3C(Br)=Cc4ccccc4N3C3CCCC3)c2)c1,10-1038_s41467-024-54597-0,160,[2H]C(Cl)(Cl)Cl,37.57
(Z)-3t,CC(C)(C)/C=C(\B1C(Br)=Cc2ccccc2N1C1CCCC1)c1cccc(C(=O)c2ccccc2)c1,10-1038_s41467-024-54597-0,128,[2H]C(Cl)(Cl)Cl,39.99
(Z)-3u,CC(C)(C)/C=C(\B1C(Br)=Cc2ccccc2N1C1CCCC1)c1ccc(C(F)(F)F)cc1,10-1038_s41467-024-54597-0,128,[2H]C(Cl)(Cl)Cl,38.64
(Z)-3v,CC(C)(C)/C=C(\B1C(Br)=Cc2ccccc2N1C1CCCC1)c1cccc(OC(F)(F)F)c1,10-1038_s41467-024-54597-0,128,[2H]C(Cl)(Cl)Cl,37.63
(Z)-3z,COc1ccc(/C(=C/C(C)(C)C)B2C(Br)=Cc3ccccc3N2C2CCCC2)cn1,10-1038_s41467-024-54597-0,128,[2H]C(Cl)(Cl)Cl,37.03
(Z)-3c,COc1cccc(/C(=C/C(C)(C)C)B2C(Br)=Cc3ccccc3N2C(C)C)c1,10-1038_s41467-024-54597-0,128,[2H]C(Cl)(Cl)Cl,38.69
(Z)-3c,CCC1=Cc2ccccc2N(C2CCCC2)B1/C(=C\C(C)(C)C)c1cccc(OC)c1,10-1038_s41467-024-54597-0,160,[2H]C(Cl)(Cl)Cl,38.21
15a,CCN1B(/C=C\C(=C\C(C)(C)C)B2C=Cc3ccccc3N2CC)C=Cc2ccccc21,10-1038_s41467-024-54597-0,160,[2H]C(Cl)(Cl)Cl,37.44
15b,CCN1B(/C=C/C(=C/C(C)(C)C)B2C=Cc3ccccc3N2CC)C=Cc2ccccc21,10-1038_s41467-024-54597-0,160,[2H]C(Cl)(Cl)Cl,32.18
(1aa),C(#C[B-](c1ccccc1)(c1ccccc1)c1ccccc1)CCCn1c2ccccc2c2ccccc21.C[N+](C)(C)C,10-1038_s41557-023-01396-7,128,[2H]C([2H])([2H])S(=O)C([2H])([2H])[2H],-12.3
(39a),CC1(C)OB(CCCC#N)OC1(C)C,10-1038_s41586-020-2831-6,128,[2H]C(Cl)(Cl)Cl,33.5
45,COc1ccc2ccc(C(=O)OC3COC3)c(/C(=C(\B3OC(C)(C)C(C)(C)O3)c3ccsc3)c3ccsc3)c2c1,10-1038_s44160-022-00201-6,128,[2H]C(Cl)(Cl)Cl,30.73
46,CCCC/C(B1OC(C)(C)C(C)(C)O1)=C(\c1ccccc1)c1c(C(=O)OC)ccc2ccc(OC)cc12,10-1038_s44160-022-00201-6,128,[2H]C(Cl)(Cl)Cl,30.17
47,CCCC/C(B1OC(C)(C)C(C)(C)O1)=C(\c1ccccc1)c1c(C(=O)OCC)ccc2ccc(OC)cc12,10-1038_s44160-022-00201-6,128,[2H]C(Cl)(Cl)Cl,30.61
48,CCCC/C(B1OC(C)(C)C(C)(C)O1)=C(\c1ccccc1)c1c(C(=O)OC2CC2)ccc2ccc(OC)cc12,10-1038_s44160-022-00201-6,128,[2H]C(Cl)(Cl)Cl,30.24
49,CCCC/C(B1OC(C)(C)C(C)(C)O1)=C(\c1ccccc1)c1c(C(=O)OC2CCC2)ccc2ccc(OC)cc12,10-1038_s44160-022-00201-6,128,[2H]C(Cl)(Cl)Cl,32.87
50,CCCC/C(B1OC(C)(C)C(C)(C)O1)=C(\c1ccccc1)c1c(C(=O)OC2CCCCC2)ccc2ccc(OC)cc12,10-1038_s44160-022-00201-6,128,[2H]C(Cl)(Cl)Cl,31.35
51,CCCC/C(B1OC(C)(C)C(C)(C)O1)=C(\c1ccccc1)c1c(C(=O)OC2COC2)ccc2ccccc12,10-1038_s44160-022-00201-6,128,[2H]C(Cl)(Cl)Cl,30.28
52,CCCC/C(B1OC(C)(C)C(C)(C)O1)=C(\c1ccccc1)c1c(C(=O)OC2COC2)ccc2ccc(OC)cc12,10-1038_s44160-022-00201-6,128,[2H]C(Cl)(Cl)Cl,31.12
53,CCCC/C(B1OC(C)(C)C(C)(C)O1)=C(\c1ccccc1)c1c(C(=O)OCc2ccccc2)ccc2ccc(OC)cc12,10-1038_s44160-022-00201-6,128,[2H]C(Cl)(Cl)Cl,30.12
54,CCCC/C(B1OC(C)(C)C(C)(C)O1)=C(\c1ccccc1)c1c(C(=O)OCc2ccc(C)cc2)ccc2ccc(OC)cc12,10-1038_s44160-022-00201-6,128,[2H]C(Cl)(Cl)Cl,31.58
55,CCCC/C(B1OC(C)(C)C(C)(C)O1)=C(\c1ccccc1)c1c(C(=O)OCc2ccc(OC)cc2)ccc2ccc(OC)cc12,10-1038_s44160-022-00201-6,128,[2H]C(Cl)(Cl)Cl,31.35
56,CCCC/C(B1OC(C)(C)C(C)(C)O1)=C(\c1ccccc1)c1c(C(=O)OCc2ccc(SC)cc2)ccc2ccc(OC)cc12,10-1038_s44160-022-00201-6,128,[2H]C(Cl)(Cl)Cl,30
57,CCCC/C(B1OC(C)(C)C(C)(C)O1)=C(\c1ccccc1)c1c(C(=O)OCc2ccc(F)cc2)ccc2ccc(OC)cc12,10-1038_s44160-022-00201-6,128,[2H]C(Cl)(Cl)Cl,31.31
58,CCCC/C(B1OC(C)(C)C(C)(C)O1)=C(\c1ccccc1)c1c(C(=O)OCc2ccc(Cl)cc2)ccc2ccc(OC)cc12,10-1038_s44160-022-00201-6,128,[2H]C(Cl)(Cl)Cl,30.9
59,CCCC/C(B1OC(C)(C)C(C)(C)O1)=C(\c1ccccc1)c1c(C(=O)OCc2ccc3ccccc3c2)ccc2ccc(OC)cc12,10-1038_s44160-022-00201-6,128,[2H]C(Cl)(Cl)Cl,31.46
60,CCCC/C(B1OC(C)(C)C(C)(C)O1)=C(\c1ccccc1)c1c(C(=O)OCc2ccoc2)ccc2ccc(OC)cc12,10-1038_s44160-022-00201-6,128,[2H]C(Cl)(Cl)Cl,31.67
61,CCCC/C(B1OC(C)(C)C(C)(C)O1)=C(\c1ccccc1)c1c(C(=O)OCc2ccsc2)ccc2ccc(OC)cc12,10-1038_s44160-022-00201-6,128,[2H]C(Cl)(Cl)Cl,30.28
62,CCCC/C(B1OC(C)(C)C(C)(C)O1)=C(\c1ccccc1)c1c(C(=O)OC2COC2)ccc2ccc(F)cc12,10-1038_s44160-022-00201-6,128,[2H]C(Cl)(Cl)Cl,30.32
63,CCCC/C(B1OC(C)(C)C(C)(C)O1)=C(\c1ccccc1)c1c(C(=O)OC2COC2)ccc2ccc(Cl)cc12,10-1038_s44160-022-00201-6,128,[2H]C(Cl)(Cl)Cl,29.93
64,CCCC/C(B1OC(C)(C)C(C)(C)O1)=C(\c1ccccc1)c1c(C(=O)OC2COC2)ccc2cc(OC)ccc12,10-1038_s44160-022-00201-6,128,[2H]C(Cl)(Cl)Cl,30.43
65,CCCC/C(B1OC(C)(C)C(C)(C)O1)=C(\c1ccccc1)c1c(C(=O)OC2COC2)ccc2cc(Cl)ccc12,10-1038_s44160-022-00201-6,128,[2H]C(Cl)(Cl)Cl,29.19
66,CCCC/C(B1OC(C)(C)C(C)(C)O1)=C(\c1ccccc1)c1c(C(=O)OC2COC2)ccc2c(OC)cccc12,10-1038_s44160-022-00201-6,128,[2H]C(Cl)(Cl)Cl,30.11
67,CCCC/C(B1OC(C)(C)C(C)(C)O1)=C(\c1ccccc1)c1c(C(=O)OC2COC2)cc(C)c2ccccc12,10-1038_s44160-022-00201-6,128,[2H]C(Cl)(Cl)Cl,30.2
68,CCCC/C(B1OC(C)(C)C(C)(C)O1)=C(\c1ccccc1)c1c(C(=O)c2ccccc2)ccc2ccc(OC)cc12,10-1038_s44160-022-00201-6,128,[2H]C(Cl)(Cl)Cl,30.78
,CCCC/C(B1OC(C)(C)C(C)(C)O1)=C(\c1ccccc1)c1c(C(=O)c2ccc(C)cc2)ccc2ccc(OC)cc12,10-1038_s44160-022-00201-6,128,[2H]C(Cl)(Cl)Cl,29.55
,CCCC/C(B1OC(C)(C)C(C)(C)O1)=C(\c1ccccc1)c1c(C(=O)c2ccc(F)cc2)ccc2ccc(OC)cc12,10-1038_s44160-022-00201-6,160,[2H]C(Cl)(Cl)Cl,29.8
,CC/C(B1OC(C)(C)C(C)(C)O1)=C(\c1ccccc1)c1c(C(=O)OC2COC2)ccc2ccc(OC)cc12,10-1038_s44160-022-00201-6,128,[2H]C(Cl)(Cl)Cl,31.02
,CCCCC/C(B1OC(C)(C)C(C)(C)O1)=C(\c1ccccc1)c1c(C(=O)OC2COC2)ccc2ccc(OC)cc12,10-1038_s44160-022-00201-6,128,[2H]C(Cl)(Cl)Cl,31.25
,COc1ccc2ccc(C(=O)OC3COC3)c(/C(=C(/CCCCCl)B3OC(C)(C)C(C)(C)O3)c3ccccc3)c2c1,10-1038_s44160-022-00201-6,128,[2H]C(Cl)(Cl)Cl,29.83
,COc1ccc2ccc(C(=O)OC3COC3)c(/C(=C(/CCCCBr)B3OC(C)(C)C(C)(C)O3)c3ccccc3)c2c1,10-1038_s44160-022-00201-6,128,[2H]C(Cl)(Cl)Cl,31.04
,COc1ccc2ccc(C(=O)OC3COC3)c(/C(=C(/CCCCI)B3OC(C)(C)C(C)(C)O3)c3ccccc3)c2c1,10-1038_s44160-022-00201-6,128,[2H]C(Cl)(Cl)Cl,30.14
,COc1ccc2ccc(C(=O)OC3COC3)c(/C(=C(/CCCCO[Si](C)(C)C(C)(C)C)B3OC(C)(C)C(C)(C)O3)c3ccccc3)c2c1,10-1038_s44160-022-00201-6,128,[2H]C(Cl)(Cl)Cl,31
,COc1ccc2ccc(C(=O)OC3COC3)c(/C(=C(/CCCCOS(=O)(=O)c3ccc(C)cc3)B3OC(C)(C)C(C)(C)O3)c3ccccc3)c2c1,10-1038_s44160-022-00201-6,128,[2H]C(Cl)(Cl)Cl,31.79
,COc1ccc2ccc(C(=O)OC3COC3)c(/C(=C(/CCCCOC(=O)c3ccc(C)cc3)B3OC(C)(C)C(C)(C)O3)c3ccccc3)c2c1,10-1038_s44160-022-00201-6,128,[2H]C(Cl)(Cl)Cl,31.12
81,COc1ccc2ccc(C(=O)OC3COC3)c(/C(=C(/CCCCN3CCOCC3)B3OC(C)(C)C(C)(C)O3)c3ccccc3)c2c1,10-1038_s44160-022-00201-6,128,[2H]C(Cl)(Cl)Cl,31.37
82,CCCC/C(B1OC(C)(C)C(C)(C)O1)=C(\c1ccccc1C)c1c(C(=O)OC2COC2)ccc2ccc(OC)cc12,10-1038_s44160-022-00201-6,128,[2H]C(Cl)(Cl)Cl,29.8
83,CCCC/C(B1OC(C)(C)C(C)(C)O1)=C(\c1cccc(C)c1)c1c(C(=O)OC2COC2)ccc2ccc(OC)cc12,10-1038_s44160-022-00201-6,128,[2H]C(Cl)(Cl)Cl,29.91
84,CCCC/C(B1OC(C)(C)C(C)(C)O1)=C(\c1ccc(C)cc1)c1c(C(=O)OC2COC2)ccc2ccc(OC)cc12,10-1038_s44160-022-00201-6,128,[2H]C(Cl)(Cl)Cl,29.71
85,CCCC/C(B1OC(C)(C)C(C)(C)O1)=C(\c1ccc(-c2ccccc2)cc1)c1c(C(=O)OC2COC2)ccc2ccc(OC)cc12,10-1038_s44160-022-00201-6,128,[2H]C(Cl)(Cl)Cl,29.65
86,CCCC/C(B1OC(C)(C)C(C)(C)O1)=C(\c1ccc([Si](C)(C)C)cc1)c1c(C(=O)OC2COC2)ccc2ccc(OC)cc12,10-1038_s44160-022-00201-6,128,[2H]C(Cl)(Cl)Cl,33.65
87,CCCC/C(B1OC(C)(C)C(C)(C)O1)=C(\c1ccc(OC)cc1)c1c(C(=O)OC2COC2)ccc2ccc(OC)cc12,10-1038_s44160-022-00201-6,128,[2H]C(Cl)(Cl)Cl,31.88
88,CCCC/C(B1OC(C)(C)C(C)(C)O1)=C(\c1ccc(F)cc1)c1c(C(=O)OC2COC2)ccc2ccc(OC)cc12,10-1038_s44160-022-00201-6,128,[2H]C(Cl)(Cl)Cl,30.46
89,CCCC/C(B1OC(C)(C)C(C)(C)O1)=C(\c1ccc(Cl)cc1)c1c(C(=O)OC2COC2)ccc2ccc(OC)cc12,10-1038_s44160-022-00201-6,128,[2H]C(Cl)(Cl)Cl,31.25
90,CCCC/C(B1OC(C)(C)C(C)(C)O1)=C(\c1ccc(C(F)(F)F)cc1)c1c(C(=O)OC2COC2)ccc2ccc(OC)cc12,10-1038_s44160-022-00201-6,128,[2H]C(Cl)(Cl)Cl,29.53
91,CCCC/C(B1OC(C)(C)C(C)(C)O1)=C(\c1ccc(OC(F)(F)F)cc1)c1c(C(=O)OC2COC2)ccc2ccc(OC)cc12,10-1038_s44160-022-00201-6,128,[2H]C(Cl)(Cl)Cl,28
92,CCCC/C(B1OC(C)(C)C(C)(C)O1)=C(\c1ccc(OC(F)F)cc1)c1c(C(=O)OC2COC2)ccc2ccc(OC)cc12,10-1038_s44160-022-00201-6,128,[2H]C(Cl)(Cl)Cl,31.31
93,CCCC/C(B1OC(C)(C)C(C)(C)O1)=C(\c1ccc(C(=O)OC)cc1)c1c(C(=O)OC2COC2)ccc2ccc(OC)cc12,10-1038_s44160-022-00201-6,128,[2H]C(Cl)(Cl)Cl,31.81
94,CCCC/C(B1OC(C)(C)C(C)(C)O1)=C(\c1ccc(C(C)=O)cc1)c1c(C(=O)OC2COC2)ccc2ccc(OC)cc12,10-1038_s44160-022-00201-6,128,[2H]C(Cl)(Cl)Cl,31.99
95,CCCC/C(B1OC(C)(C)C(C)(C)O1)=C(\c1ccc(C#N)cc1)c1c(C(=O)OC2COC2)ccc2ccc(OC)cc12,10-1038_s44160-022-00201-6,128,[2H]C(Cl)(Cl)Cl,29.48
96,CCCC/C(B1OC(C)(C)C(C)(C)O1)=C(\c1ccc(Cl)c(Cl)c1)c1c(C(=O)OC2COC2)ccc2ccc(OC)cc12,10-1038_s44160-022-00201-6,128,[2H]C(Cl)(Cl)Cl,29.45
97,CCCC/C(B1OC(C)(C)C(C)(C)O1)=C(\c1cc(C)cc(C)c1)c1c(C(=O)OC2COC2)ccc2ccc(OC)cc12,10-1038_s44160-022-00201-6,128,[2H]C(Cl)(Cl)Cl,29.52
98,CCCC/C(B1OC(C)(C)C(C)(C)O1)=C(\c1cc(OC)cc(OC)c1)c1c(C(=O)OC2COC2)ccc2ccc(OC)cc12,10-1038_s44160-022-00201-6,128,[2H]C(Cl)(Cl)Cl,31.02
99,CCCC/C(B1OC(C)(C)C(C)(C)O1)=C(\c1ccc2ccccc2c1)c1c(C(=O)OC2COC2)ccc2ccc(OC)cc12,10-1038_s44160-022-00201-6,128,[2H]C(Cl)(Cl)Cl,29.17
100,CCCC/C(B1OC(C)(C)C(C)(C)O1)=C(\c1ccsc1)c1c(C(=O)OC2COC2)ccc2ccc(OC)cc12,10-1038_s44160-022-00201-6,128,[2H]C(Cl)(Cl)Cl,29.99
101,CCCC/C(B1OC(C)(C)C(C)(C)O1)=C(\c1ccc2c(c1)OCO2)c1c(C(=O)OC2COC2)ccc2ccc(OC)cc12,10-1038_s44160-022-00201-6,128,[2H]C(Cl)(Cl)Cl,31.34
102,CCCC/C(B1OC(C)(C)C(C)(C)O1)=C(\c1ccc2c(c1)-c1ccccc1C2)c1c(C(=O)OC2COC2)ccc2ccc(OC)cc12,10-1038_s44160-022-00201-6,128,[2H]C(Cl)(Cl)Cl,32.04
103,CCCC/C(B1OC(C)(C)C(C)(C)O1)=C(\c1ccc2oc3ccccc3c2c1)c1c(C(=O)OC2COC2)ccc2ccc(OC)cc12,10-1038_s44160-022-00201-6,128,[2H]C(Cl)(Cl)Cl,31.36
1,CCCCCC#C[B-](c1ccccc1)(c1ccccc1)c1ccccc1.C[N+](C)(C)C,10-1038_s41557-023-01396-7,128,[2H]C([2H])([2H])S(=O)C([2H])([2H])[2H],-12.4
104,CCCC/C(B1OC(C)(C)C(C)(C)O1)=C(\c1ccc2sc3ccccc3c2c1)c1c(C(=O)OC2COC2)ccc2ccc(OC)cc12,10-1038_s44160-022-00201-6,128,[2H]C(Cl)(Cl)Cl,28.99
105,CCCC/C(B1OC(C)(C)C(C)(C)O1)=C(\c1ccc2c(c1)c1ccccc1n2-c1ccccc1)c1c(C(=O)OC2COC2)ccc2ccc(OC)cc12,10-1038_s44160-022-00201-6,128,[2H]C(Cl)(Cl)Cl,32.51
106,COc1ccc2ccc(C(=O)OCC(C)(C)CCCOc3cc(C)ccc3C)c(/C(=C(\B3OC(C)(C)C(C)(C)O3)c3ccccc3)c3ccccc3)c2c1,10-1038_s44160-022-00201-6,128,[2H]C(Cl)(Cl)Cl,30.9
107,COc1ccc2ccc(C(=O)OCC[C@H](C)CCC=C(C)C)c(/C(=C(\B3OC(C)(C)C(C)(C)O3)c3ccccc3)c3ccccc3)c2c1,10-1038_s44160-022-00201-6,128,[2H]C(Cl)(Cl)Cl,29.97
108,COc1ccc2cc([C@H](C)COC(=O)c3ccc4ccc(OC)cc4c3/C(=C(\B3OC(C)(C)C(C)(C)O3)c3ccccc3)c3ccccc3)ccc2c1,10-1038_s44160-022-00201-6,128,[2H]C(Cl)(Cl)Cl,31
109,COc1ccc2ccc(C(=O)O[C@H]3C[C@@H](C)CC[C@@H]3C(C)C)c(/C(=C(\B3OC(C)(C)C(C)(C)O3)c3ccccc3)c3ccccc3)c2c1,10-1038_s44160-022-00201-6,128,[2H]C(Cl)(Cl)Cl,29.23
110,COc1ccc2ccc(C(=O)OC[C@H]3O[C@H]4OC(C)(C)O[C@H]4[C@@H]4OC(C)(C)O[C@@H]43)c(/C(=C(\B3OC(C)(C)C(C)(C)O3)c3ccccc3)c3ccccc3)c2c1,10-1038_s44160-022-00201-6,128,[2H]C(Cl)(Cl)Cl,31
111,CCCN(CCC)S(=O)(=O)c1ccc(C(=O)OCCCC/C(B2OC(C)(C)C(C)(C)O2)=C(\c2ccccc2)c2c(C(=O)OC3COC3)ccc3ccc(OC)cc23)cc1,10-1038_s44160-022-00201-6,128,[2H]C(Cl)(Cl)Cl,31
112,CCCC/C(B1OC(C)(C)C(C)(C)O1)=C(\c1ccc(C(=O)Oc2c(C)c(C)c3c(c2C)CC[C@@](C)(CCC[C@H](C)CCC[C@H](C)CCCC(C)C)O3)cc1)c1c(C(=O)OC2COC2)ccc2ccc(OC)cc12,10-1038_s44160-022-00201-6,160,[2H]C(Cl)(Cl)Cl,31.9
113,CCCC/C(B1OC(C)(C)C(C)(C)O1)=C(\c1ccc(C(=O)O[C@@H]2C[C@H]3CC[C@]2(C)C3(C)C)cc1)c1c(C(=O)OC2COC2)ccc2ccc(OC)cc12,10-1038_s44160-022-00201-6,128,[2H]C(Cl)(Cl)Cl,31.91
114,COc1ccc2ccc(C(=O)OC3COC3)c(/C(=C(/CCCCOC(=O)c3sc(-c4ccc(OCC(C)C)c(C#N)c4)nc3C)B3OC(C)(C)C(C)(C)O3)c3ccccc3)c2c1,10-1038_s44160-022-00201-6,128,[2H]C(Cl)(Cl)Cl,32.27
115,CCCC/C(B1OC(C)(C)C(C)(C)O1)=C(\c1ccc(C(=O)O[C@H]2CC[C@@]3(C)C(=CC[C@H]4[C@@H]5CC[C@H]([C@H](C)CCCC(C)C)[C@@]5(C)CC[C@@H]43)C2)cc1)c1c(C(=O)OC2COC2)ccc2ccc(OC)cc12,10-1038_s44160-022-00201-6,160,[2H]C(Cl)(Cl)Cl,32.63
4,COC(=O)c1ccc2ccc(OC)cc2c1/C(=C(\B1OC(C)(C)C(C)(C)O1)c1ccccc1)c1ccccc1,10-1038_s44160-022-00201-6,128,[2H]C(Cl)(Cl)Cl,30.25
5,CCOC(=O)c1ccc2ccc(OC)cc2c1/C(=C(\B1OC(C)(C)C(C)(C)O1)c1ccccc1)c1ccccc1,10-1038_s44160-022-00201-6,128,[2H]C(Cl)(Cl)Cl,29.98
6,COc1ccc2ccc(C(=O)OC(C)C)c(/C(=C(\B3OC(C)(C)C(C)(C)O3)c3ccccc3)c3ccccc3)c2c1,10-1038_s44160-022-00201-6,128,[2H]C(Cl)(Cl)Cl,30.56
7,COc1ccc2ccc(C(=O)OCC3CC3)c(/C(=C(\B3OC(C)(C)C(C)(C)O3)c3ccccc3)c3ccccc3)c2c1,10-1038_s44160-022-00201-6,128,[2H]C(Cl)(Cl)Cl,30.87
8,COc1ccc2ccc(C(=O)OC3CC3)c(/C(=C(\B3OC(C)(C)C(C)(C)O3)c3ccccc3)c3ccccc3)c2c1,10-1038_s44160-022-00201-6,128,[2H]C(Cl)(Cl)Cl,30.91
9,COc1ccc2ccc(C(=O)OC3CCC3)c(/C(=C(\B3OC(C)(C)C(C)(C)O3)c3ccccc3)c3ccccc3)c2c1,10-1038_s44160-022-00201-6,128,[2H]C(Cl)(Cl)Cl,29.68
10,COc1ccc2ccc(C(=O)OC3CCCCC3)c(/C(=C(\B3OC(C)(C)C(C)(C)O3)c3ccccc3)c3ccccc3)c2c1,10-1038_s44160-022-00201-6,128,[2H]C(Cl)(Cl)Cl,30.21
11,COc1ccc2ccc(C(=O)OC3COC3)c(/C(=C(\B3OC(C)(C)C(C)(C)O3)c3ccccc3)c3ccccc3)c2c1,10-1038_s44160-022-00201-6,128,[2H]C(Cl)(Cl)Cl,30.28
12,COc1ccc2ccc(C(=O)OCc3ccccc3)c(/C(=C(\B3OC(C)(C)C(C)(C)O3)c3ccccc3)c3ccccc3)c2c1,10-1038_s44160-022-00201-6,128,[2H]C(Cl)(Cl)Cl,30.5
13,COc1ccc2ccc(C(=O)OCc3ccc(C)cc3)c(/C(=C(\B3OC(C)(C)C(C)(C)O3)c3ccccc3)c3ccccc3)c2c1,10-1038_s44160-022-00201-6,128,[2H]C(Cl)(Cl)Cl,30.23
14,COc1ccc(COC(=O)c2ccc3ccc(OC)cc3c2/C(=C(\B2OC(C)(C)C(C)(C)O2)c2ccccc2)c2ccccc2)cc1,10-1038_s44160-022-00201-6,128,[2H]C(Cl)(Cl)Cl,31.15
15,COc1ccc2ccc(C(=O)OCc3ccc(SC)cc3)c(/C(=C(\B3OC(C)(C)C(C)(C)O3)c3ccccc3)c3ccccc3)c2c1,10-1038_s44160-022-00201-6,128,[2H]C(Cl)(Cl)Cl,30.67
16,COc1ccc2ccc(C(=O)OCc3ccc(F)cc3)c(/C(=C(\B3OC(C)(C)C(C)(C)O3)c3ccccc3)c3ccccc3)c2c1,10-1038_s44160-022-00201-6,128,[2H]C(Cl)(Cl)Cl,30.59
17,COc1ccc2ccc(C(=O)OCc3ccc(Cl)cc3)c(/C(=C(\B3OC(C)(C)C(C)(C)O3)c3ccccc3)c3ccccc3)c2c1,10-1038_s44160-022-00201-6,128,[2H]C(Cl)(Cl)Cl,29.8
18,COc1ccc2ccc(C(=O)OCc3ccc4ccccc4c3)c(/C(=C(\B3OC(C)(C)C(C)(C)O3)c3ccccc3)c3ccccc3)c2c1,10-1038_s44160-022-00201-6,128,[2H]C(Cl)(Cl)Cl,30.94
19,COc1ccc2ccc(C(=O)OCc3ccoc3)c(/C(=C(\B3OC(C)(C)C(C)(C)O3)c3ccccc3)c3ccccc3)c2c1,10-1038_s44160-022-00201-6,128,[2H]C(Cl)(Cl)Cl,29.68
20,COc1ccc2ccc(C(=O)OCc3ccsc3)c(/C(=C(\B3OC(C)(C)C(C)(C)O3)c3ccccc3)c3ccccc3)c2c1,10-1038_s44160-022-00201-6,128,[2H]C(Cl)(Cl)Cl,29.68
21,COc1ccc2ccc(C(=O)OCc3ccc4c(c3)OCO4)c(/C(=C(\B3OC(C)(C)C(C)(C)O3)c3ccccc3)c3ccccc3)c2c1,10-1038_s44160-022-00201-6,128,[2H]C(Cl)(Cl)Cl,31.22
22,CC1(C)OB(/C(=C(/c2ccccc2)c2c(C(=O)OC3COC3)ccc3ccc(F)cc23)c2ccccc2)OC1(C)C,10-1038_s44160-022-00201-6,128,[2H]C(Cl)(Cl)Cl,29.88
23,CC1(C)OB(/C(=C(/c2ccccc2)c2c(C(=O)OC3COC3)ccc3ccc(Cl)cc23)c2ccccc2)OC1(C)C,10-1038_s44160-022-00201-6,128,[2H]C(Cl)(Cl)Cl,30.61
24,Cc1ccc2c(/C(=C(\B3OC(C)(C)C(C)(C)O3)c3ccccc3)c3ccccc3)c(C(=O)OC3COC3)ccc2c1,10-1038_s44160-022-00201-6,128,[2H]C(Cl)(Cl)Cl,29.67
25,COc1ccc2c(/C(=C(\B3OC(C)(C)C(C)(C)O3)c3ccccc3)c3ccccc3)c(C(=O)OC3COC3)ccc2c1,10-1038_s44160-022-00201-6,128,[2H]C(Cl)(Cl)Cl,30.7
26,CC1(C)OB(/C(=C(/c2ccccc2)c2c(C(=O)OC3COC3)ccc3cc(Cl)ccc23)c2ccccc2)OC1(C)C,10-1038_s44160-022-00201-6,128,[2H]C(Cl)(Cl)Cl,31.13
27,COc1cccc2c(/C(=C(\B3OC(C)(C)C(C)(C)O3)c3ccccc3)c3ccccc3)c(C(=O)OC3COC3)ccc12,10-1038_s44160-022-00201-6,128,[2H]C(Cl)(Cl)Cl,30.9
28,Cc1cc(C(=O)OC2COC2)c(/C(=C(\B2OC(C)(C)C(C)(C)O2)c2ccccc2)c2ccccc2)c2ccccc12,10-1038_s44160-022-00201-6,128,[2H]C(Cl)(Cl)Cl,29.37
29,COc1ccc2ccc(C(C)=O)c(/C(=C(\B3OC(C)(C)C(C)(C)O3)c3ccccc3)c3ccccc3)c2c1,10-1038_s44160-022-00201-6,128,[2H]C(Cl)(Cl)Cl,30.03
30,COc1ccc2ccc(C(=O)c3ccccc3)c(/C(=C(\B3OC(C)(C)C(C)(C)O3)c3ccccc3)c3ccccc3)c2c1,10-1038_s44160-022-00201-6,128,[2H]C(Cl)(Cl)Cl,30.34
31,COc1ccc2ccc(C(=O)c3ccc(C)cc3)c(/C(=C(\B3OC(C)(C)C(C)(C)O3)c3ccccc3)c3ccccc3)c2c1,10-1038_s44160-022-00201-6,128,[2H]C(Cl)(Cl)Cl,31.24
32,COc1ccc2ccc(C(=O)c3ccc(F)cc3)c(/C(=C(\B3OC(C)(C)C(C)(C)O3)c3ccccc3)c3ccccc3)c2c1,10-1038_s44160-022-00201-6,128,[2H]C(Cl)(Cl)Cl,30.72
33,COc1ccc2ccc(C(=O)OC3COC3)c(/C(=C(\B3OC(C)(C)C(C)(C)O3)c3ccc(C)cc3)c3ccc(C)cc3)c2c1,10-1038_s44160-022-00201-6,128,[2H]C(Cl)(Cl)Cl,30.71
34,CCc1ccc(/C(B2OC(C)(C)C(C)(C)O2)=C(\c2ccc(CC)cc2)c2c(C(=O)OC3COC3)ccc3ccc(OC)cc23)cc1,10-1038_s44160-022-00201-6,128,[2H]C(Cl)(Cl)Cl,31.23
35,COc1ccc(/C(B2OC(C)(C)C(C)(C)O2)=C(\c2ccc(OC)cc2)c2c(C(=O)OC3COC3)ccc3ccc(OC)cc23)cc1,10-1038_s44160-022-00201-6,128,[2H]C(Cl)(Cl)Cl,31.15
36,COc1ccc2ccc(C(=O)OC3COC3)c(/C(=C(\B3OC(C)(C)C(C)(C)O3)c3ccc(SC)cc3)c3ccc(SC)cc3)c2c1,10-1038_s44160-022-00201-6,128,[2H]C(Cl)(Cl)Cl,30.06
37,COc1ccc2ccc(C(=O)OC3COC3)c(/C(=C(\B3OC(C)(C)C(C)(C)O3)c3ccc(F)cc3)c3ccc(F)cc3)c2c1,10-1038_s44160-022-00201-6,128,[2H]C(Cl)(Cl)Cl,30.48
39,COc1ccc2ccc(C(=O)OC3COC3)c(/C(=C(\B3OC(C)(C)C(C)(C)O3)c3ccc(OC(F)(F)F)cc3)c3ccc(OC(F)(F)F)cc3)c2c1,10-1038_s44160-022-00201-6,128,[2H]C(Cl)(Cl)Cl,30.26
40,COc1ccc2ccc(C(=O)OC3COC3)c(/C(=C(\B3OC(C)(C)C(C)(C)O3)c3cccc(C)c3)c3cccc(C)c3)c2c1,10-1038_s44160-022-00201-6,128,[2H]C(Cl)(Cl)Cl,30.36
41,COc1cccc(/C(B2OC(C)(C)C(C)(C)O2)=C(\c2cccc(OC)c2)c2c(C(=O)OC3COC3)ccc3ccc(OC)cc23)c1,10-1038_s44160-022-00201-6,128,[2H]C(Cl)(Cl)Cl,30.88
42,COc1ccc2ccc(C(=O)OC3COC3)c(/C(=C(\B3OC(C)(C)C(C)(C)O3)c3ccc(C)c(F)c3)c3ccc(C)c(F)c3)c2c1,10-1038_s44160-022-00201-6,128,[2H]C(Cl)(Cl)Cl,30.7
43,COc1ccc2ccc(C(=O)OC3COC3)c(/C(=C(\B3OC(C)(C)C(C)(C)O3)c3cc(C)cc(C)c3)c3cc(C)cc(C)c3)c2c1,10-1038_s44160-022-00201-6,128,[2H]C(Cl)(Cl)Cl,31.07
44,COc1ccc2ccc(C(=O)OC3COC3)c(/C(=C(\B3OC(C)(C)C(C)(C)O3)c3ccc4c(c3)OCO4)c3ccc4c(c3)OCO4)c2c1,10-1038_s44160-022-00201-6,128,[2H]C(Cl)(Cl)Cl,30.28
(Z)-3c,CC[C@@H]1N(S(=O)(=O)c2ccc(C)cc2)B([C@H](CCc2ccccc2)Sc2ccccc2)OC1(C1CCCCC1)C1CCCCC1,10-1038_s44160-025-00836-1,160,[2H]C(Cl)(Cl)Cl,33.4
(Z)-3d,CC[C@@H]1N(S(=O)(=O)c2ccc(C)cc2)B([C@@H](Sc2ccccc2)C2CCCCC2)OC1(C1CCCCC1)C1CCCCC1,10-1038_s44160-025-00836-1,160,[2H]C(Cl)(Cl)Cl,34.3
(Z)-3e,CC[C@@H]1N(S(=O)(=O)c2ccc(C)cc2)B([C@@H](Sc2ccccc2)C(C)C)OC1(C1CCCCC1)C1CCCCC1,10-1038_s44160-025-00836-1,160,[2H]C(Cl)(Cl)Cl,33.3
(Z)-3f,CC[C@@H]1N(S(=O)(=O)c2ccc(C)cc2)B([C@@H](Sc2ccccc2Cl)C2CCCCC2)OC1(C1CCCCC1)C1CCCCC1,10-1038_s44160-025-00836-1,160,[2H]C(Cl)(Cl)Cl,33.7
(Z)-3h,CC[C@@H]1N(S(=O)(=O)c2ccc(C)cc2)B([C@@H](Sc2ccc(OC)cc2)C2CCCCC2)OC1(C1CCCCC1)C1CCCCC1,10-1038_s44160-025-00836-1,160,[2H]C(Cl)(Cl)Cl,34.2
,CC1(C)OB([C@H](CCc2ccccc2)c2ccc3ccccc3c2)OC1(C)C,10-1038_s44160-025-00836-1,160,[2H]C(Cl)(Cl)Cl,33
,COc1ccc(F)cc1B1OC(C2CCCCC2)(C2CCCCC2)[C@@H](c2ccccc2)N1S(=O)(=O)c1ccc(C)cc1,10-1038_s44160-025-00836-1,160,[2H]C(Cl)(Cl)Cl,32
,CCCC[C@H](CCc1ccccc1)B1OC(C)(C)C(C)(C)O1,10-1038_s44160-025-00836-1,160,[2H]C(Cl)(Cl)Cl,34.9
,Cc1ccc(S(=O)(=O)N2B(c3ccc4ccccc4c3)OC(C(C)C)(C(C)C)[C@@H]2C(C)C)cc1,10-1038_s44160-025-00836-1,160,[2H]C(Cl)(Cl)Cl,33.3
,Cc1ccc(S(=O)(=O)N2B(c3ccc4ccccc4c3)OC(C3CCCCCC3)(C3CCCCCC3)[C@@H]2C(C)C)cc1,10-1038_s44160-025-00836-1,160,[2H]C(Cl)(Cl)Cl,33
,Cc1ccc(S(=O)(=O)N2B(c3ccc4ccccc4c3)OC(C3CCCC3)(C3CCCC3)[C@@H]2C(C)C)cc1,10-1038_s44160-025-00836-1,160,[2H]C(Cl)(Cl)Cl,33.3
,Cc1ccc(S(=O)(=O)N2B(c3ccc4ccccc4c3)OC(c3ccccc3)(c3ccccc3)[C@@H]2C(C)C)cc1,10-1038_s44160-025-00836-1,160,[2H]C(Cl)(Cl)Cl,33.1
,CC[C@@H]1N(S(=O)(=O)c2ccc(C)cc2)B(c2ccc3ccccc3c2)OC1(C1CCCCC1)C1CCCCC1,10-1038_s44160-025-00836-1,160,[2H]C(Cl)(Cl)Cl,33.4
,Cc1ccc(S(=O)(=O)N2B(c3ccc4ccccc4c3)OC(C3CCCCC3)(C3CCCCC3)[C@@H]2c2ccccc2)cc1,10-1038_s44160-025-00836-1,160,[2H]C(Cl)(Cl)Cl,33.6
,Cc1ccc(S(=O)(=O)N2B(c3ccc4ccccc4c3)OC(c3ccccc3)(c3ccccc3)[C@@H]2c2ccccc2)cc1,10-1038_s44160-025-00836-1,160,[2H]C(Cl)(Cl)Cl,32.9
,COc1ccc(S(=O)(=O)N2B(c3ccc4ccccc4c3)OC(C3CCCCC3)(C3CCCCC3)[C@@H]2C(C)C)cc1,10-1038_s44160-025-00836-1,160,[2H]C(Cl)(Cl)Cl,33.1
,CC(C)[C@@H]1N(S(=O)(=O)c2ccc(C(F)(F)F)cc2)B(c2ccc3ccccc3c2)OC1(C1CCCCC1)C1CCCCC1,10-1038_s44160-025-00836-1,160,[2H]C(Cl)(Cl)Cl,33.1
,CCOC(=O)N1B(c2ccc3ccccc3c2)OC(C2CCCCC2)(C2CCCCC2)C1C(C)C,10-1038_s44160-025-00836-1,160,[2H]C(Cl)(Cl)Cl,33.2
,CC(C)[C@@H]1N(C(=O)N2CCOCC2)B(c2ccc3ccccc3c2)OC1(C1CCCCC1)C1CCCCC1,10-1038_s44160-025-00836-1,160,[2H]C(Cl)(Cl)Cl,31.4
,CC(C)[C@@H]1N(Cc2ccccc2)B(c2ccc3ccccc3c2)OC1(c1ccccc1)c1ccccc1,10-1038_s44160-025-00836-1,160,[2H]C(Cl)(Cl)Cl,31.5
,Cc1ccc(S(=O)(=O)N2B(c3ccc4ccccc4c3)OC(C3CCCCC3)(C3CCCCC3)[C@@H]2C(C)C)cc1,10-1038_s44160-025-00836-1,160,[2H]C(Cl)(Cl)Cl,32.5
,Cc1ccc(S(=O)(=O)N2B(c3ccc([Si](C)(C)C)cc3)OC(C3CCCCC3)(C3CCCCC3)[C@@H]2C(C)C)cc1,10-1038_s44160-025-00836-1,160,[2H]C(Cl)(Cl)Cl,32.8
,COc1ccc(B2OC(C3CCCCC3)(C3CCCCC3)[C@H](C(C)C)N2S(=O)(=O)c2ccc(C)cc2)cc1,10-1038_s44160-025-00836-1,160,[2H]C(Cl)(Cl)Cl,33.7
,CSc1ccc(B2OC(C3CCCCC3)(C3CCCCC3)[C@H](C(C)C)N2S(=O)(=O)c2ccc(C)cc2)cc1,10-1038_s44160-025-00836-1,160,[2H]C(Cl)(Cl)Cl,33
,Cc1ccc(S(=O)(=O)N2B(c3ccc(Br)cc3)OC(C3CCCCC3)(C3CCCCC3)[C@@H]2C(C)C)cc1,10-1038_s44160-025-00836-1,160,[2H]C(Cl)(Cl)Cl,32.8
,Cc1ccc(S(=O)(=O)N2B(c3ccc(Cl)cc3)OC(C3CCCCC3)(C3CCCCC3)[C@@H]2C(C)C)cc1,10-1038_s44160-025-00836-1,160,[2H]C(Cl)(Cl)Cl,32.2
,Cc1ccc(S(=O)(=O)N2B(c3ccc(F)cc3)OC(C3CCCCC3)(C3CCCCC3)[C@@H]2C(C)C)cc1,10-1038_s44160-025-00836-1,160,[2H]C(Cl)(Cl)Cl,33.5
,Cc1ccc(S(=O)(=O)N2B(c3ccc(C(F)(F)F)cc3)OC(C3CCCCC3)(C3CCCCC3)[C@@H]2C(C)C)cc1,10-1038_s44160-025-00836-1,160,[2H]C(Cl)(Cl)Cl,32.6
,Cc1ccc(S(=O)(=O)N2B(c3ccsc3)OC(C3CCCCC3)(C3CCCCC3)[C@@H]2C(C)C)cc1,10-1038_s44160-025-00836-1,160,[2H]C(Cl)(Cl)Cl,30.1
(1aa),Cc1ccc(S(=O)(=O)N2B(C3[C@H]4C[C@@H]5C[C@@H](C[C@H]3C5)C4)OC(c3ccccc3)(c3ccccc3)[C@@H]2c2ccccc2)cc1,10-1038_s44160-025-00836-1,160,[2H]C(Cl)(Cl)Cl,37.1
,CCCC/C(=C\[Se]C)B1OC(C)(C)C(C)(C)O1,10-1039_d0cy01379j,128,[2H]C(Cl)(Cl)Cl,29.14
,CCCC/C(=C\[Se]C(C)C)B1OC(C)(C)C(C)(C)O1,10-1039_d0cy01379j,128,[2H]C(Cl)(Cl)Cl,29.14
,CCCCC/C(=C\[Se]CCCC)B1OC(C)(C)C(C)(C)O1,10-1039_d0cy01379j,128,[2H]C(Cl)(Cl)Cl,29.33
,CCCC[Se]/C=C(\CCC)B1OC(C)(C)C(C)(C)O1,10-1039_d0cy01379j,128,[2H]C(Cl)(Cl)Cl,29.18
,CCCCCCC/C(=C\[Se]Cc1ccccc1)B1OC(C)(C)C(C)(C)O1,10-1039_d0cy01379j,128,[2H]C(Cl)(Cl)Cl,29.16
,CCCC[Se]/C=C(/B1OC(C)(C)C(C)(C)O1)C1CC1,10-1039_d0cy01379j,128,[2H]C(Cl)(Cl)Cl,28.82
,CCCC[Se]/C=C(/B1OC(C)(C)C(C)(C)O1)C1=CCCCC1,10-1039_d0cy01379j,128,[2H]C(Cl)(Cl)Cl,28.91
,CCCC[Se]/C=C(/B1OC(C)(C)C(C)(C)O1)c1ccc(OC)cc1C,10-1039_d0cy01379j,128,[2H]C(Cl)(Cl)Cl,28.78
,CCCC[Se]/C=C(/B1OC(C)(C)C(C)(C)O1)c1ccc(OC)cc1,10-1039_d0cy01379j,128,[2H]C(Cl)(Cl)Cl,29.44
,CCCC[Se]/C=C(/B1OC(C)(C)C(C)(C)O1)c1c(C)cc(C)cc1C,10-1039_d0cy01379j,128,[2H]C(Cl)(Cl)Cl,28.92
,CCCC[Se]/C=C(/B1OC(C)(C)C(C)(C)O1)c1ccc(C)cc1,10-1039_d0cy01379j,128,[2H]C(Cl)(Cl)Cl,29.25
,CCCC[Se]/C=C(/B1OC(C)(C)C(C)(C)O1)c1ccccc1,10-1039_d0cy01379j,128,[2H]C(Cl)(Cl)Cl,29.01
,CCCC[Se]/C=C(/B1OC(C)(C)C(C)(C)O1)c1ccc(F)cc1,10-1039_d0cy01379j,128,[2H]C(Cl)(Cl)Cl,29.11
,CC1(C)OB(/C(=C/[Se]c2ccccc2)CO[Si](C)(C)C(C)(C)C)OC1(C)C,10-1039_d0cy01379j,128,[2H]C(Cl)(Cl)Cl,29.14
,CC1(C)OB(/C(=C/[Se]c2ccccc2)c2ccccc2)OC1(C)C,10-1039_d0cy01379j,128,[2H]C(Cl)(Cl)Cl,29.01
,CCC/C(=C\[Se]c1ccccc1)B1OC(C)(C)C(C)(C)O1,10-1039_d0cy01379j,128,[2H]C(Cl)(Cl)Cl,29.17
,CCCC/C(=C\[Se]c1ccccc1)B1OC(C)(C)C(C)(C)O1,10-1039_d0cy01379j,128,[2H]C(Cl)(Cl)Cl,29.15
,CCCC/C(=C\[Se]c1ccc(Cl)cc1)B1OC(C)(C)C(C)(C)O1,10-1039_d0cy01379j,128,[2H]C(Cl)(Cl)Cl,29.11
,CCCC/C(=C\[Se]c1cccc(C(F)(F)F)c1)B1OC(C)(C)C(C)(C)O1,10-1039_d0cy01379j,128,[2H]C(Cl)(Cl)Cl,29.18
,CCCC/C(=C\[Se]c1ccccc1C)B1OC(C)(C)C(C)(C)O1,10-1039_d0cy01379j,128,[2H]C(Cl)(Cl)Cl,29.14
,CCCC/C(=C\[Se]c1cccc2ccccc12)B1OC(C)(C)C(C)(C)O1,10-1039_d0cy01379j,128,[2H]C(Cl)(Cl)Cl,29.04
,CCCC/C(=C\[Se]c1ccc(-c2ccccc2)cc1)B1OC(C)(C)C(C)(C)O1,10-1039_d0cy01379j,128,[2H]C(Cl)(Cl)Cl,29.66
(3a),Cc1ccc(CCB2OC(C)C(C)O2)cc1C,10-1039_d0gc03890c,128,[2H]C(Cl)(Cl)Cl,34.02
(3c),Cc1cc(CCB2OC(C)C(C)O2)cc(F)c1C,10-1039_d0gc03890c,128,[2H]C(Cl)(Cl)Cl,33.77
(3d),Cc1cc(F)c(CCB2OC(C)C(C)O2)cc1C,10-1039_d0gc03890c,128,[2H]C(Cl)(Cl)Cl,33.77
(3h),Cc1ccc(CC(C)B2OC(C)C(C)O2)cc1C,10-1039_d0gc03890c,128,[2H]C(Cl)(Cl)Cl,34.31
(3i),Cc1ccc(CC(C)(C)B2OC(C)C(C)O2)cc1C,10-1039_d0gc03890c,128,[2H]C(Cl)(Cl)Cl,34.6
(3p),Cc1cccc2c1C(C)CC(B1OC(C)C(C)O1)C2,10-1039_d0gc03890c,128,[2H]C(Cl)(Cl)Cl,34.08
(3r),Cc1cccc2cc(CCB3OC(C)C(C)O3)cc(C)c12,10-1039_d0gc03890c,128,[2H]C(Cl)(Cl)Cl,33.79
(3s),Cc1cccc2c(CCB3OC(C)C(C)O3)ccc(C)c12,10-1039_d0gc03890c,128,[2H]C(Cl)(Cl)Cl,34.08
(3t),Cc1cccc2cc(C(C)CB3OC(C)C(C)O3)cc(C)c12,10-1039_d0gc03890c,128,[2H]C(Cl)(Cl)Cl,34.03
,BN1C(C)(C)CCCC1(C)C,10-1039_d0ob00421a,96,[2H]c1c([2H])c([2H])c([2H])c([2H])c1[2H],-21.1
10a,Cc1ccc2ccccc2c1BN(C(C)C)C(C)C,10-1039_d0ob00421a,96,[2H]C(Cl)(Cl)Cl,39.4
10c,CC(C)N(Bc1c(Cc2ccccc2)ccc2ccccc12)C(C)C,10-1039_d0ob00421a,96,[2H]C(Cl)(Cl)Cl,40.4
10d,CCc1ccc2ccccc2c1BN(C(C)C)C(C)C,10-1039_d0ob00421a,96,[2H]C(Cl)(Cl)Cl,40
10e,CC(C)c1ccc2ccccc2c1BN(C(C)C)C(C)C,10-1039_d0ob00421a,96,[2H]C(Cl)(Cl)Cl,40.4
10f,COc1ccc2ccccc2c1BN(C(C)C)C(C)C,10-1039_d0ob00421a,96,[2H]C(Cl)(Cl)Cl,38.2
10g,Cc1cccc2cccc(BN(C(C)C)C(C)C)c12,10-1039_d0ob00421a,96,[2H]C(Cl)(Cl)Cl,38.9
10h,Cc1ccc2ccccc2c1BN(C1CCCCC1)C1CCCCC1,10-1039_d0ob00421a,96,[2H]C(Cl)(Cl)Cl,40.6
10i,CC(C)c1ccc2ccccc2c1BN(C1CCCCC1)C1CCCCC1,10-1039_d0ob00421a,96,[2H]C(Cl)(Cl)Cl,40.9
10j,Cc1ccc2ccccc2c1BN1C(C)(C)CCCC1(C)C,10-1039_d0ob00421a,96,[2H]C(Cl)(Cl)Cl,42.5
10k,CC(C)c1ccc2ccccc2c1BN1C(C)(C)CCCC1(C)C,10-1039_d0ob00421a,96,[2H]C(Cl)(Cl)Cl,42
10l,Cc1ccc2ccccc2c1BN(C(C)C)C(C)(C)C,10-1039_d0ob00421a,96,[2H]C(Cl)(Cl)Cl,41
10m,Cc1cccc(C(C)(C)C)c1BN(C(C)C)C(C)C,10-1039_d0ob00421a,96,[2H]C(Cl)(Cl)Cl,38.9
3,CCOC(=O)C(C)[BH2-]c1n(C)cc[n+]1C,10-1038_nature24996,128,[2H]C(Cl)(Cl)Cl,-24.6
4,CCOC(=O)C(C)[BH2-]c1n(C)cc[n+]1CC,10-1038_nature24996,128,[2H]C(Cl)(Cl)Cl,-24.5
5,C=CC[n+]1ccn(C)c1[BH2-]C(C)C(=O)OCC,10-1038_nature24996,128,[2H]C(Cl)(Cl)Cl,-24.6
6,CCCCCC[n+]1ccn(C)c1[BH2-]C(C)C(=O)OCC,10-1038_nature24996,128,[2H]C(Cl)(Cl)Cl,-24.5
7,CCOC(=O)C(C)[BH2-]c1n(C)cc(C)[n+]1C,10-1038_nature24996,128,[2H]C(Cl)(Cl)Cl,-24.2
8,CCOC(=O)C(C)[BH2-]c1n(C)cc(C(F)(F)F)[n+]1C,10-1038_nature24996,128,[2H]C(Cl)(Cl)Cl,-24.7
9,CCOC(=O)C(C)[BH2-]c1n(C)cc(Cl)[n+]1C,10-1038_nature24996,128,[2H]C(Cl)(Cl)Cl,-24.2
10,CCOC(=O)C(C)[BH2-]c1n(C)c(Cl)c(Cl)[n+]1C,10-1038_nature24996,128,[2H]C(Cl)(Cl)Cl,-23.9
11,CCOC(=O)C(C)[BH2-]c1n(C)cn[n+]1C,10-1038_nature24996,128,[2H]C(Cl)(Cl)Cl,-25
12,CCOC(=O)C(C)[BH2-][n+]1ccccc1C,10-1038_nature24996,128,[2H]C(Cl)(Cl)Cl,-5.1
13,COC(=O)C(C)[BH2-]c1n(C)cc[n+]1C,10-1038_nature24996,128,[2H]C(Cl)(Cl)Cl,-24.6
14,CC(C)OC(=O)C(C)[BH2-]c1n(C)cc[n+]1C,10-1038_nature24996,128,[2H]C(Cl)(Cl)Cl,-24.5
15,CC([BH2-]c1n(C)cc[n+]1C)C(=O)OCc1ccccc1,10-1038_nature24996,128,[2H]C(Cl)(Cl)Cl,-24.5
16,CCOC(=O)C([BH2-]c1n(C)cc[n+]1C)C(F)(F)F,10-1038_nature24996,128,[2H]C(Cl)(Cl)Cl,-28.6
17,CCOC(=O)C([BH2-]c1n(C)cc[n+]1C)c1ccccc1,10-1038_nature24996,128,[2H]C(Cl)(Cl)Cl,-23.2
18,Cn1cc[n+](C)c1[BH2-]C(c1ccccc1)C(F)(F)F,10-1038_nature24996,128,[2H]C(Cl)(Cl)Cl,-26.7
(Z)-3c,COc1ccc([C@]2(B3OC(C)(C)C(C)(C)O3)C[C@@H](c3ccc4ccccc4c3-c3nccc4ccccc34)C2)cc1,10-1038_s41467-024-55161-6,160,[2H]C(Cl)(Cl)Cl,34.7
(4ze),CC1(C)OB([C@]2(c3ccc4occc4c3)C[C@H](c3ccc4ccccc4c3-c3nccc4ccccc34)C2)OC1(C)C,10-1038_s41467-024-55161-6,160,[2H]C(Cl)(Cl)Cl,33.6
,C/C(=C\COC(=O)CCC[C@]1(B2O[C@H](C)C(C)(C)O2)C[C@@H](c2ccc3ccccc3c2-c2nccc3ccccc23)C1)CCC[C@H](C)CCC[C@H](C)CCCC(C)C,10-1038_s41467-024-55161-6,128,[2H]C(Cl)(Cl)Cl,35.6
,CC1(C)OB([C@]2(CCCCCBr)C[C@H](c3ccc4ccccc4c3-c3nccc4ccccc34)C2)OC1(C)C,10-1038_s41467-024-55161-6,128,[2H]C(Cl)(Cl)Cl,34.4
,OB(Cl)C[C@H]1CCC[NH2+]1,10-1039_b806779a,128.4,[2H]C(Cl)(Cl)Cl,30.7
,CC1(C)OB(C2CCCCCCC2B2OC(C)(C)C(C)(C)O2)OC1(C)C,10-1039_c2dt31659e,128,[2H]C(Cl)(Cl)Cl,34.9
,CC1(C)OB(C2CCCC2B2OC(C)(C)C(C)(C)O2)OC1(C)C,10-1039_c2dt31659e,128,[2H]C(Cl)(Cl)Cl,34
7,CC1(C)OB(C2CCCCC2B2OC(C)(C)C(C)(C)O2)OC1(C)C,10-1039_c2dt31659e,128,[2H]C(Cl)(Cl)Cl,34.35
1ab,CC1(C)COB(C2CCCCC2B2OCC(C)(C)O2)O1,10-1039_c2dt31659e,128,[2H]C(Cl)(Cl)Cl,30.9
1,CC1(C)OB(C2CCCCCC2B2OC(C)(C)C(C)(C)O2)OC1(C)C,10-1039_c2dt31659e,128,[2H]C(Cl)(Cl)Cl,34.6
6,Cc1cc(=O)oc2cc(OCCCOc3ccc(B4OCC(C)(C)CO4)c(C=O)c3)ccc12,10-1039_c5cc07453c,100,[2H]C(Cl)(Cl)Cl,27.98
S5,Cc1cc(=O)oc2cc(OCCCOC3=CC=C4B(O)N=NC(c5ccc(C(=O)O)cc5)=C4C3)ccc12,10-1039_c5cc07453c,300,[2H]C(Cl)(Cl)Cl,27.9
B18,[BH2-2]C(C(=O)c1ccc(OC)cc1)c1n(C)c2ccccc2[n+]1C,ja5c09400_si_001_part1,193,[2H]C(Cl)(Cl)Cl,-27.21
7a,CCCCCCN(CCCCCC)C(=O)c1cc(B2OC(C)(C)C(C)(C)O2)cc(B2OC(C)(C)C(C)(C)O2)c1,10-1038_nchem-2322,130,[2H]C(Cl)(Cl)Cl,32.9
6f,CCCCCCN(CCCCCC)C(=O)c1cc(B2OC(C)(C)C(C)(C)O2)ccc1C(F)(F)F,10-1038_nchem-2322,130,[2H]C(Cl)(Cl)Cl,30.5
6i,CCCCCCN(CCCCCC)C(=O)c1cc(B2OC(C)(C)C(C)(C)O2)ccc1-c1ccccc1,10-1038_nchem-2322,130,[2H]C(Cl)(Cl)Cl,31.8
6m,CC1(C)OB(c2cccc(C(=O)N3CCOCC3)c2Br)OC1(C)C,10-1038_nchem-2322,130,[2H]C(Cl)(Cl)Cl,30.8
6n,CC1(C)OB(c2cccc(C(=O)N3CCCCCC3)c2)OC1(C)C,10-1038_nchem-2322,130,[2H]C(Cl)(Cl)Cl,30.6
7n,CC1(C)OB(c2cc(B3OC(C)(C)C(C)(C)O3)cc(C(=O)N3CCCCCC3)c2)OC1(C)C,10-1038_nchem-2322,130,[2H]C(Cl)(Cl)Cl,31.3
(6v),Cc1cc(C)c(N(C(=O)c2ccc(B3OC(C)(C)C(C)(C)O3)s2)c2c(C)cc(C)cc2C)c(C)c1,10-1038_nchem-2322,130,[2H]C(Cl)(Cl)Cl,29
(6aa),CCc1ccnc(C(=O)[O-])c1B1OC(C)(C)C(C)(C)O1,10-1038_nchem-2322,130,[2H]C(Cl)(Cl)Cl,30.5
(6cc),CCc1ccc(P(=O)([O-])[O-])c(B2OC(C)(C)C(C)(C)O2)c1CC,10-1038_nchem-2322,130,[2H]C(Cl)(Cl)Cl,30.7
(6dd),CCOP(=O)(OCC)c1cccc(B2OC(C)(C)C(C)(C)O2)c1OC,10-1038_nchem-2322,130,[2H]C(Cl)(Cl)Cl,30.7
(6ee),CCOP(=O)(OCC)c1cccc(B2OC(C)(C)C(C)(C)O2)c1C,10-1038_nchem-2322,130,[2H]C(Cl)(Cl)Cl,30.9
(6gg),CCOP(=O)(OCC)c1cc(B2OC(C)(C)C(C)(C)O2)ccc1C(F)(F)F,10-1038_nchem-2322,130,[2H]C(Cl)(Cl)Cl,30.8
(6hh),CCN(CC)P(=O)(c1cccc(B2OC(C)(C)C(C)(C)O2)c1)N(CC)CC,10-1038_nchem-2322,130,[2H]C(Cl)(Cl)Cl,31.5
(6jj),COc1ccc(B2OC(C)(C)C(C)(C)O2)cc1P(=O)(C1CCCCC1)C1CCCCC1,10-1038_nchem-2322,130,[2H]C(Cl)(Cl)Cl,29.8
,CC(C)[Si](/C(=C/[B-](F)(F)F)B1OC(C)(C)C(C)(C)O1)(C(C)C)C(C)C.[Cs+],10-1038_s41467-023-37733-0,128,[2H]C([2H])([2H])S(=O)C([2H])([2H])[2H],35.8;2.5
,CC[Si](CC)(CC)/C(=C/[B-](F)(F)F)B1OC(C)(C)C(C)(C)O1.[Cs+],10-1038_s41467-023-37733-0,128,[2H]C([2H])([2H])S(=O)C([2H])([2H])[2H],34.4;2.2
,CC1(C)OB(/C(=C\C2CCCCC2)B2Nc3cccc4cccc(c34)N2)OC1(C)C,10-1038_s41467-023-37733-0,128,[2H]C(Cl)(Cl)Cl,31.1;28.5
,CN1CC(=O)OB(C(B2OC(C)(C)C(C)(C)O2)=C2CCCCC2)OC(=O)C1,10-1038_s41467-023-37733-0,128,[2H]C(Cl)(Cl)Cl,31.0;10.1
122,CC(C)CC(CC(C)C)O[Si](OC(CC(C)C)CC(C)C)(OC(CC(C)C)CC(C)C)OC(C(=O)OC1CC(C)CC(C)(C)C1)c1ccc(B2OC(C)(C)CC(C)(C)O2)cc1Cl,10-1038_s41467-024-47205-8,128,[2H]C(Cl)(Cl)Cl,26
3,CC1(C)OB(C(CCc2ccccc2)B2OC(C)(C)C(C)(C)O2)OC1(C)C,10-1038_s41467-024-48085-8,160,[2H]C(Cl)(Cl)Cl,34
4,Cc1ccc(CCC(B2OC(C)(C)C(C)(C)O2)B2OC(C)(C)C(C)(C)O2)cc1,10-1038_s41467-024-48085-8,128,[2H]C(Cl)(Cl)Cl,34.5
5,CC(C)(C)c1ccc(CCC(B2OC(C)(C)C(C)(C)O2)B2OC(C)(C)C(C)(C)O2)cc1,10-1038_s41467-024-48085-8,128,[2H]C(Cl)(Cl)Cl,33.8
6,COc1ccc(CCC(B2OC(C)(C)C(C)(C)O2)B2OC(C)(C)C(C)(C)O2)cc1,10-1038_s41467-024-48085-8,128,[2H]C(Cl)(Cl)Cl,34.2
7,CC1(C)OB(C(CCc2ccc(-c3ccccc3)cc2)B2OC(C)(C)C(C)(C)O2)OC1(C)C,10-1038_s41467-024-48085-8,128,[2H]C(Cl)(Cl)Cl,33.4
8,CC1(C)OB(C(CCc2ccc(F)cc2)B2OC(C)(C)C(C)(C)O2)OC1(C)C,10-1038_s41467-024-48085-8,128,[2H]C(Cl)(Cl)Cl,33.5
9,CC1(C)OB(C(CCc2ccc(Cl)cc2)B2OC(C)(C)C(C)(C)O2)OC1(C)C,10-1038_s41467-024-48085-8,128,[2H]C(Cl)(Cl)Cl,34.2
10,CC1(C)OB(C(CCc2ccc(C#N)cc2)B2OC(C)(C)C(C)(C)O2)OC1(C)C,10-1038_s41467-024-48085-8,128,[2H]C(Cl)(Cl)Cl,34
11,COC(=O)c1ccc(CCC(B2OC(C)(C)C(C)(C)O2)B2OC(C)(C)C(C)(C)O2)cc1,10-1038_s41467-024-48085-8,128,[2H]C(Cl)(Cl)Cl,34
12,CCc1ccccc1CCC(B1OC(C)(C)C(C)(C)O1)B1OC(C)(C)C(C)(C)O1,10-1038_s41467-024-48085-8,128,[2H]C(Cl)(Cl)Cl,33.8
13,CC1(C)OB(C(CCc2cccc(Cl)c2)B2OC(C)(C)C(C)(C)O2)OC1(C)C,10-1038_s41467-024-48085-8,128,[2H]C(Cl)(Cl)Cl,33.5
14,CC1(C)OB(C(CCc2cccs2)B2OC(C)(C)C(C)(C)O2)OC1(C)C,10-1038_s41467-024-48085-8,128,[2H]C(Cl)(Cl)Cl,33.9
15,CC1(C)OB(C(Cc2ccccc2)B2OC(C)(C)C(C)(C)O2)OC1(C)C,10-1038_s41467-024-48085-8,128,[2H]C(Cl)(Cl)Cl,33.4
16,CC1(C)OB(C(CCCc2ccccc2)B2OC(C)(C)C(C)(C)O2)OC1(C)C,10-1038_s41467-024-48085-8,128,[2H]C(Cl)(Cl)Cl,33.9
17,CC1(C)OB(C(CCCOCc2ccccc2)B2OC(C)(C)C(C)(C)O2)OC1(C)C,10-1038_s41467-024-48085-8,128,[2H]C(Cl)(Cl)Cl,33.6
18,CC1(C)OB(C(CCC#C[Si](C)(C)C)B2OC(C)(C)C(C)(C)O2)OC1(C)C,10-1038_s41467-024-48085-8,128,[2H]C(Cl)(Cl)Cl,33.1
19,CC1(C)OB(C(CCC#Cc2ccccc2)B2OC(C)(C)C(C)(C)O2)OC1(C)C,10-1038_s41467-024-48085-8,128,[2H]C(Cl)(Cl)Cl,34
20,C=CCCCCCCCCC(B1OC(C)(C)C(C)(C)O1)B1OC(C)(C)C(C)(C)O1,10-1038_s41467-024-48085-8,128,[2H]C(Cl)(Cl)Cl,33.4
21,CC1(C)OB(C(B2OC(C)(C)C(C)(C)O2)C2CC=CCC2)OC1(C)C,10-1038_s41467-024-48085-8,160,[2H]C(Cl)(Cl)Cl,33.7
22,CC(c1ccccc1)C(B1OC(C)(C)C(C)(C)O1)B1OC(C)(C)C(C)(C)O1,10-1038_s41467-024-48085-8,128,[2H]C(Cl)(Cl)Cl,34
23,Cc1ccc(C(C)C(B2OC(C)(C)C(C)(C)O2)B2OC(C)(C)C(C)(C)O2)cc1,10-1038_s41467-024-48085-8,128,[2H]C(Cl)(Cl)Cl,33.8
24,CC(Cc1ccc2c(c1)OCO2)C(B1OC(C)(C)C(C)(C)O1)B1OC(C)(C)C(C)(C)O1,10-1038_s41467-024-48085-8,128,[2H]C(Cl)(Cl)Cl,33.2
25,CC(C)c1ccc(CC(C)C(B2OC(C)(C)C(C)(C)O2)B2OC(C)(C)C(C)(C)O2)cc1,10-1038_s41467-024-48085-8,128,[2H]C(Cl)(Cl)Cl,33.1
27,CC1(C)OB(C(B2OC(C)(C)C(C)(C)O2)C2Cc3ccccc3C2)OC1(C)C,10-1038_s41467-024-48085-8,128,[2H]C(Cl)(Cl)Cl,33.9
28,CC1(C)OB(C(B2OC(C)(C)C(C)(C)O2)[C@H]2CC[C@H](c3ccc(Cl)cc3)CC2)OC1(C)C,10-1038_s41467-024-48085-8,128,[2H]C(Cl)(Cl)Cl,33.1
29,CC1(C)OB(C2(B3OC(C)(C)C(C)(C)O3)CCOCC2)OC1(C)C,10-1038_s41467-024-48085-8,160,[2H]C(Cl)(Cl)Cl,34
31,[2H]C([2H])(B1OC(C)(C)C(C)(C)O1)B1OC(C)(C)C(C)(C)O1,10-1038_s41467-024-48085-8,128,[2H]C(Cl)(Cl)Cl,33.5
32,CC1(C)OB(C(B2OC(C)(C)C(C)(C)O2)C(c2ccc(Cl)cc2)c2ccccc2Cl)OC1(C)C,10-1038_s41467-024-48085-8,128,[2H]C(Cl)(Cl)Cl,33.9
33,CC1(C)OB(C(CCc2nc(-c3ccccc3)c(-c3ccccc3)o2)B2OC(C)(C)C(C)(C)O2)OC1(C)C,10-1038_s41467-024-48085-8,128,[2H]C(Cl)(Cl)Cl,33.6
34,CCCCC/C=C/C/C=C\CCCCCCCC(B1OC(C)(C)C(C)(C)O1)B1OC(C)(C)C(C)(C)O1,10-1038_s41467-024-48085-8,128,[2H]C(Cl)(Cl)Cl,33.4
35,CC1(C)OB(C(CCCc2ccc(N(CCCl)CCCl)cc2)B2OC(C)(C)C(C)(C)O2)OC1(C)C,10-1038_s41467-024-48085-8,128,[2H]C(Cl)(Cl)Cl,34.6
36,Cc1c(C)c2c(c(C)c1OC(=O)CCC(B1OC(C)(C)C(C)(C)O1)B1OC(C)(C)C(C)(C)O1)CC[C@@](C)(CCC[C@H](C)CCC[C@H](C)CCCC(C)C)O2,10-1038_s41467-024-48085-8,128,[2H]C(Cl)(Cl)Cl,32.8
37,CC1(C)OB(C2(Cl)CC2c2ccccc2)OC1(C)C,10-1038_s41467-024-48085-8,128,[2H]C(Cl)(Cl)Cl,32.4
38,CC1(C)OB(C2(Cl)CC2(c2ccccc2)c2ccccc2)OC1(C)C,10-1038_s41467-024-48085-8,128,[2H]C(Cl)(Cl)Cl,30.9
39,CC1(C)OB(C2(Cl)C3CCCCC32)OC1(C)C,10-1038_s41467-024-48085-8,160,[2H]C(Cl)(Cl)Cl,37.6
39a,OB(O)C1(Cl)[C@@H]2CCCC[C@@H]21,10-1038_s41467-024-48085-8,160,[2H]C(Cl)(Cl)Cl,31.1
40,CC1(C)OB(C2(Cl)C3CCCCCC32)OC1(C)C,10-1038_s41467-024-48085-8,128,[2H]C(Cl)(Cl)Cl,32.5
41,CC1(C)OB(C2(Cl)C3CCCCCCC32)OC1(C)C,10-1038_s41467-024-48085-8,128,[2H]C(Cl)(Cl)Cl,33.1
42,Cc1cccc(CC(C)(C)C(Cl)B2OC(C)(C)C(C)(C)O2)c1,10-1038_s41467-024-48085-8,128,[2H]C(Cl)(Cl)Cl,31.5
43,Cc1ccc(C)c(OCCCC(C)(C)C(Cl)B2OC(C)(C)C(C)(C)O2)c1,10-1038_s41467-024-48085-8,128,[2H]C(Cl)(Cl)Cl,31.5
44,CC1(C)COB(C2(Cl)C3CCCCC32)OC1,10-1038_s41467-024-48085-8,128,[2H]C(Cl)(Cl)Cl,28.6
45,CC1CC(C)(C)OB(C2(Cl)C3CCCCC32)O1,10-1038_s41467-024-48085-8,128,[2H]C(Cl)(Cl)Cl,28.1
46,CC1(C)CC(C)(C)OB(C2(Cl)C3CCCCC32)O1,10-1038_s41467-024-48085-8,128,[2H]C(Cl)(Cl)Cl,28
47,CC1(C)[C@@H]2C[C@H]3OB(C4(Cl)C5CCCCC54)O[C@@]3(C)[C@H]1C2,10-1038_s41467-024-48085-8,128,[2H]C(Cl)(Cl)Cl,32.5
50,CC1(C)OB(CCCc2ccc(-c3ccccc3)cc2)OC1(C)C,10-1038_s41467-024-48085-8,128,[2H]C(Cl)(Cl)Cl,34.1
51,CC1(C)OB(CCCc2ccc(F)cc2)OC1(C)C,10-1038_s41467-024-48085-8,128,[2H]C(Cl)(Cl)Cl,34
52,CC1(C)OB(CCCc2ccc(Cl)cc2)OC1(C)C,10-1038_s41467-024-48085-8,160,[2H]C(Cl)(Cl)Cl,39.4
53,CC1(C)OB(CCCc2cccs2)OC1(C)C,10-1038_s41467-024-48085-8,128,[2H]C(Cl)(Cl)Cl,33.8
55,CC1(C)OB(CCCCc2ccccc2)OC1(C)C,10-1038_s41467-024-48085-8,160,[2H]C(Cl)(Cl)Cl,39.3
56,CC1(C)OB(CCCCOCc2ccccc2)OC1(C)C,10-1038_s41467-024-48085-8,128,[2H]C(Cl)(Cl)Cl,34
57,C=CCCCCCCCCCB1OC(C)(C)C(C)(C)O1,10-1038_s41467-024-48085-8,128,[2H]C(Cl)(Cl)Cl,34.1
58,CC1(C)OB(CCCC#C[Si](C)(C)C)OC1(C)C,10-1038_s41467-024-48085-8,128,[2H]C(Cl)(Cl)Cl,33.8
61,CC(CB1OC(C)(C)C(C)(C)O1)Cc1ccc2c(c1)OCO2,10-1038_s41467-024-48085-8,128,[2H]C(Cl)(Cl)Cl,33.8
62,CC1(C)OB(C[C@H]2CC[C@H](c3ccc(Cl)cc3)CC2)OC1(C)C,10-1038_s41467-024-48085-8,128,[2H]C(Cl)(Cl)Cl,33.5
63,CC1(C)OB(CC2Cc3ccccc3C2)OC1(C)C,10-1038_s41467-024-48085-8,128,[2H]C(Cl)(Cl)Cl,33.8
65,CC1(C)OB(CC(c2ccc(Cl)cc2)c2ccccc2Cl)OC1(C)C,10-1038_s41467-024-48085-8,128,[2H]C(Cl)(Cl)Cl,33.7
66,CC1(C)OB(CCCc2nc(-c3ccccc3)c(-c3ccccc3)o2)OC1(C)C,10-1038_s41467-024-48085-8,128,[2H]C(Cl)(Cl)Cl,34.3
72,C=CCC1(B2OC(C)(C)C(C)(C)O2)C2CCCCC21,10-1038_s41467-024-48085-8,160,[2H]C(Cl)(Cl)Cl,33.4
-5,C[Se]/C(=C(\B1OC(C)(C)C(C)(C)O1)c1ccccc1)c1ccccc1,10-1038_s41467-025-56184-3,160,[2H]C(Cl)(Cl)Cl,30.7
-6,COc1ccc(/C([Se]C)=C(/B2OC(C)(C)C(C)(C)O2)c2ccccc2)cc1,10-1038_s41467-025-56184-3,160,[2H]C(Cl)(Cl)Cl,31.5
-7,COc1ccc(/C([Se]CCCc2ccccc2)=C(/B2OC(C)(C)C(C)(C)O2)c2ccccc2)cc1,10-1038_s41467-025-56184-3,160,[2H]C(Cl)(Cl)Cl,29.9
-8,COc1ccc(/C([Se]C2CCCC2)=C(/B2OC(C)(C)C(C)(C)O2)c2ccccc2)cc1,10-1038_s41467-025-56184-3,160,[2H]C(Cl)(Cl)Cl,31.1
-9,CCCC(C)[Se]/C(=C(\B1OC(C)(C)C(C)(C)O1)c1ccccc1)c1ccc(OC)cc1,10-1038_s41467-025-56184-3,160,[2H]C(Cl)(Cl)Cl,32.8
-10,COc1ccc(/C([Se]CCCC(F)(F)F)=C(/B2OC(C)(C)C(C)(C)O2)c2ccccc2)cc1,10-1038_s41467-025-56184-3,160,[2H]C(Cl)(Cl)Cl,32.2
-11,COc1ccc(/C([Se]C[Si](C)(C)C)=C(/B2OC(C)(C)C(C)(C)O2)c2ccccc2)cc1,10-1038_s41467-025-56184-3,160,[2H]C(Cl)(Cl)Cl,31.4
-12,COc1ccc(/C([Se]CCCB2OC(C)(C)C(C)(C)O2)=C(/B2OC(C)(C)C(C)(C)O2)c2ccccc2)cc1,10-1038_s41467-025-56184-3,160,[2H]C(Cl)(Cl)Cl,34.3;22.6
-13,COC(=O)C[Se]/C(=C(\B1OC(C)(C)C(C)(C)O1)c1ccccc1)c1ccc(OC)cc1,10-1038_s41467-025-56184-3,160,[2H]C(Cl)(Cl)Cl,31.5
-14,COc1ccc(/C([Se]CC2CCC2)=C(/B2OC(C)(C)C(C)(C)O2)c2ccccc2)cc1,10-1038_s41467-025-56184-3,160,[2H]C(Cl)(Cl)Cl,32.6
-15,COc1ccc(/C([Se]CC2CC2)=C(/B2OC(C)(C)C(C)(C)O2)c2ccccc2)cc1,10-1038_s41467-025-56184-3,160,[2H]C(Cl)(Cl)Cl,32.3
-16,COc1ccc(/C([Se]c2ccccc2)=C(/B2OC(C)(C)C(C)(C)O2)c2ccccc2)cc1,10-1038_s41467-025-56184-3,160,[2H]C(Cl)(Cl)Cl,32.7
-17,CCCC[Se]/C(=C(\B1OC(C)(C)C(C)(C)O1)c1ccccc1)c1ccc(OC)cc1,10-1038_s41467-025-56184-3,160,[2H]C(Cl)(Cl)Cl,31.2
-18,CCCC[Se]/C(=C(\B1OC(C)(C)C(C)(C)O1)c1ccccc1)c1ccc(C)cc1,10-1038_s41467-025-56184-3,160,[2H]C(Cl)(Cl)Cl,29.8
-19,CCCC[Se]/C(=C(\B1OC(C)(C)C(C)(C)O1)c1ccccc1)c1ccc(CC)cc1,10-1038_s41467-025-56184-3,160,[2H]C(Cl)(Cl)Cl,31.9
-20,CCCC[Se]/C(=C(\B1OC(C)(C)C(C)(C)O1)c1ccccc1)c1ccccc1,10-1038_s41467-025-56184-3,160,[2H]C(Cl)(Cl)Cl,31.8
-21,CCCC[Se]/C(=C(\B1OC(C)(C)C(C)(C)O1)c1ccccc1)c1ccc(OCC)cc1,10-1038_s41467-025-56184-3,160,[2H]C(Cl)(Cl)Cl,31.7
-22,CCCC[Se]/C(=C(\B1OC(C)(C)C(C)(C)O1)c1ccccc1)c1ccc(Oc2ccccc2)cc1,10-1038_s41467-025-56184-3,160,[2H]C(Cl)(Cl)Cl,32
-23,CCCC[Se]/C(=C(\B1OC(C)(C)C(C)(C)O1)c1ccccc1)c1ccc(SC)cc1,10-1038_s41467-025-56184-3,160,[2H]C(Cl)(Cl)Cl,31.6
-24,CCCC[Se]/C(=C(\B1OC(C)(C)C(C)(C)O1)c1ccccc1)c1ccc(F)cc1,10-1038_s41467-025-56184-3,160,[2H]C(Cl)(Cl)Cl,31.7
-25,CCCC[Se]/C(=C(\B1OC(C)(C)C(C)(C)O1)c1ccccc1)c1ccc(-c2ccc(CC)cc2)cc1,10-1038_s41467-025-56184-3,160,[2H]C(Cl)(Cl)Cl,31.1
-26,CCCC[Se]/C(=C(\B1OC(C)(C)C(C)(C)O1)c1ccccc1)c1ccc([C@H]2CC[C@H](CCC)CC2)cc1,10-1038_s41467-025-56184-3,160,[2H]C(Cl)(Cl)Cl,32
-27,CCCC[Se]/C(=C(\B1OC(C)(C)C(C)(C)O1)c1ccccc1)c1ccc2ccccc2c1,10-1038_s41467-025-56184-3,160,[2H]C(Cl)(Cl)Cl,31.9
(Z)-3c,CCCC[Se]/C(=C(\B1OC(C)(C)C(C)(C)O1)c1ccccc1)c1ccc2cc(OC)ccc2c1,10-1038_s41467-025-56184-3,160,[2H]C(Cl)(Cl)Cl,32.7
(Z)-3d,CCCC[Se]/C(=C(\B1OC(C)(C)C(C)(C)O1)c1ccccc1)c1ccc(OC)c(C)c1,10-1038_s41467-025-56184-3,160,[2H]C(Cl)(Cl)Cl,32.1
(Z)-3e,CCCC[Se]/C(=C(\B1OC(C)(C)C(C)(C)O1)c1ccccc1)c1cccc(C)c1,10-1038_s41467-025-56184-3,160,[2H]C(Cl)(Cl)Cl,31.9
(Z)-3f,CCCC[Se]/C(=C(\B1OC(C)(C)C(C)(C)O1)c1ccccc1)c1ccc(-n2c3ccccc3c3ccccc32)cc1,10-1038_s41467-025-56184-3,160,[2H]C(Cl)(Cl)Cl,31.9
(Z)-3g,CCCC[Se]/C(=C(\B1OC(C)(C)C(C)(C)O1)c1ccccc1)c1ccc2c(c1)OCC2,10-1038_s41467-025-56184-3,160,[2H]C(Cl)(Cl)Cl,31.8
(Z)-3h,CCCC[Se]/C(=C(\B1OC(C)(C)C(C)(C)O1)c1ccccc1)c1coc2ccccc12,10-1038_s41467-025-56184-3,160,[2H]C(Cl)(Cl)Cl,30.7
(Z)-3i,COC(=O)C[Se]/C(=C(\B1OC(C)(C)C(C)(C)O1)c1ccccc1)c1ccccc1,10-1038_s41467-025-56184-3,160,[2H]C(Cl)(Cl)Cl,31.4
(Z)-3j,COC(=O)C[Se]/C(=C(\B1OC(C)(C)C(C)(C)O1)c1ccccc1)c1ccc(C)cc1,10-1038_s41467-025-56184-3,160,[2H]C(Cl)(Cl)Cl,31.8
(Z)-3k,COC(=O)C[Se]/C(=C(\B1OC(C)(C)C(C)(C)O1)c1ccccc1)c1ccc(C(C)(C)C)cc1,10-1038_s41467-025-56184-3,160,[2H]C(Cl)(Cl)Cl,31.7
(Z)-3l,CCOc1ccc(/C([Se]CC(=O)OC)=C(/B2OC(C)(C)C(C)(C)O2)c2ccccc2)cc1,10-1038_s41467-025-56184-3,160,[2H]C(Cl)(Cl)Cl,32.1
(Z)-3n,COC(=O)C[Se]/C(CCc1ccccc1)=C(\B1OC(C)(C)C(C)(C)O1)c1ccccc1,10-1038_s41467-025-56184-3,160,[2H]C(Cl)(Cl)Cl,31.2
(Z)-3o,CCCCCC/C([Se]CC(=O)OC)=C(/B1OC(C)(C)C(C)(C)O1)c1ccccc1,10-1038_s41467-025-56184-3,160,[2H]C(Cl)(Cl)Cl,31
(Z)-3p,CCCC/C([Se]CCc1ccc(OC)cc1)=C(/B1OC(C)(C)C(C)(C)O1)c1ccccc1,10-1038_s41467-025-56184-3,160,[2H]C(Cl)(Cl)Cl,32.1
(Z)-3q,CCCC[Se]/C(=C(\B1OC(C)(C)C(C)(C)O1)c1ccc(C)cc1)c1ccc(OC)cc1,10-1038_s41467-025-56184-3,160,[2H]C(Cl)(Cl)Cl,32.4
(Z)-3r,CCCC[Se]/C(=C(\B1OC(C)(C)C(C)(C)O1)c1ccc(C(C)(C)C)cc1)c1ccc(OC)cc1,10-1038_s41467-025-56184-3,160,[2H]C(Cl)(Cl)Cl,32.5
(Z)-3s,CCCC[Se]/C(=C(\B1OC(C)(C)C(C)(C)O1)c1ccc(-c2ccccc2)cc1)c1ccc(OC)cc1,10-1038_s41467-025-56184-3,160,[2H]C(Cl)(Cl)Cl,31.4
(Z)-3t,CCCC[Se]/C(=C(\B1OC(C)(C)C(C)(C)O1)c1ccc(OC)cc1)c1ccc(OC)cc1,10-1038_s41467-025-56184-3,160,[2H]C(Cl)(Cl)Cl,33
(Z)-3u,CCCC[Se]/C(=C(\B1OC(C)(C)C(C)(C)O1)c1ccc(Oc2ccccc2)cc1)c1ccc(OC)cc1,10-1038_s41467-025-56184-3,160,[2H]C(Cl)(Cl)Cl,32.5
(Z)-3v,CCCC[Se]/C(=C(\B1OC(C)(C)C(C)(C)O1)c1ccc(Cl)cc1)c1ccc(OC)cc1,10-1038_s41467-025-56184-3,160,[2H]C(Cl)(Cl)Cl,31.9
(Z)-3w,CCCC[Se]/C(=C(\B1OC(C)(C)C(C)(C)O1)c1ccc(Br)cc1)c1ccc(OC)cc1,10-1038_s41467-025-56184-3,160,[2H]C(Cl)(Cl)Cl,31.6
(Z)-3x,CCCC[Se]/C(=C(\B1OC(C)(C)C(C)(C)O1)c1ccc(I)cc1)c1ccc(OC)cc1,10-1038_s41467-025-56184-3,160,[2H]C(Cl)(Cl)Cl,33.4
(Z)-3y,CCCC[Se]/C(=C(\B1OC(C)(C)C(C)(C)O1)c1ccc2ccccc2c1)c1ccc(OC)cc1,10-1038_s41467-025-56184-3,160,[2H]C(Cl)(Cl)Cl,31.3
(Z)-3z,CCCC[Se]/C(=C(\B1OC(C)(C)C(C)(C)O1)c1ccc(OCCCl)cc1)c1ccc(OC)cc1,10-1038_s41467-025-56184-3,160,[2H]C(Cl)(Cl)Cl,32.8
52,CCCC[Se]/C(=C(\B1OC(C)(C)C(C)(C)O1)c1cccs1)c1ccc(OC)cc1,10-1038_s41467-025-56184-3,160,[2H]C(Cl)(Cl)Cl,31.1
53,CCCC[Se]/C(=C(\B1OC(C)(C)C(C)(C)O1)c1ccc(C(=C(c2ccccc2)c2ccccc2)c2ccccc2)cc1)c1ccc(OC)cc1,10-1038_s41467-025-56184-3,160,[2H]C(Cl)(Cl)Cl,32.2
54,CCCC[Se]/C(=C(/C=C/c1ccccc1)B1OC(C)(C)C(C)(C)O1)c1ccc(OC)cc1,10-1038_s41467-025-56184-3,160,[2H]C(Cl)(Cl)Cl,32.5
55,CCCC[Se]/C(=C(/C=C/c1ccc(Cl)cc1)B1OC(C)(C)C(C)(C)O1)c1ccc(OC)cc1,10-1038_s41467-025-56184-3,160,[2H]C(Cl)(Cl)Cl,32.8
56,CCCC[Se]C(/C=C/c1ccc(Cl)cc1)=C(\B1OC(C)(C)C(C)(C)O1)c1ccccc1,10-1038_s41467-025-56184-3,160,[2H]C(Cl)(Cl)Cl,31.6
57,CCCC[Se]C(/C=C/c1ccccc1)=C(\B1OC(C)(C)C(C)(C)O1)c1ccccc1,10-1038_s41467-025-56184-3,160,[2H]C(Cl)(Cl)Cl,31.1
58,CCCC[Se]C(/C=C/c1ccc(OC)cc1)=C(\B1OC(C)(C)C(C)(C)O1)c1ccccc1,10-1038_s41467-025-56184-3,160,[2H]C(Cl)(Cl)Cl,29.3
59,CCCC[Se]C(/C=C/c1ccccc1)=C(\B1OC(C)(C)C(C)(C)O1)c1ccc(OC)cc1,10-1038_s41467-025-56184-3,160,[2H]C(Cl)(Cl)Cl,30.6
60,C[Se]C(/C=C/c1ccc(F)cc1)=C(\B1OC(C)(C)C(C)(C)O1)c1ccccc1,10-1038_s41467-025-56184-3,160,[2H]C(Cl)(Cl)Cl,28.2
61,C[Se]C(/C=C/c1ccccc1Cl)=C(\B1OC(C)(C)C(C)(C)O1)c1ccccc1,10-1038_s41467-025-56184-3,160,[2H]C(Cl)(Cl)Cl,31.2
62,CSc1ccc(/C=C/C([Se]C)=C(/B2OC(C)(C)C(C)(C)O2)c2ccccc2)cc1,10-1038_s41467-025-56184-3,160,[2H]C(Cl)(Cl)Cl,29.7
63,C[Se]C(/C=C/c1ccccc1C)=C(\B1OC(C)(C)C(C)(C)O1)c1ccccc1,10-1038_s41467-025-56184-3,160,[2H]C(Cl)(Cl)Cl,31.3
64,CCCC[Se]C(/C=C/c1cccc(C)c1)=C(\B1OC(C)(C)C(C)(C)O1)c1ccccc1,10-1038_s41467-025-56184-3,160,[2H]C(Cl)(Cl)Cl,31.9
65,C[Se]C(/C=C/c1ccc(C)cc1)=C(\B1OC(C)(C)C(C)(C)O1)c1ccccc1,10-1038_s41467-025-56184-3,160,[2H]C(Cl)(Cl)Cl,30.9
66,C[Se]C(/C=C/c1ccccc1F)=C(\B1OC(C)(C)C(C)(C)O1)c1ccccc1,10-1038_s41467-025-56184-3,160,[2H]C(Cl)(Cl)Cl,29.6
67,CCCCCC/C=C/C([Se]C)=C(/B1OC(C)(C)C(C)(C)O1)c1ccccc1,10-1038_s41467-025-56184-3,160,[2H]C(Cl)(Cl)Cl,30.9
68,CCCCC/C=C/C=C/C([Se]C)=C(/B1OC(C)(C)C(C)(C)O1)c1ccccc1,10-1038_s41467-025-56184-3,160,[2H]C(Cl)(Cl)Cl,31.4
69,CCCCCC(=C\c1ccccc1)/C([Se]CCCC)=C(/B1OC(C)(C)C(C)(C)O1)c1ccccc1,10-1038_s41467-025-56184-3,160,[2H]C(Cl)(Cl)Cl,31.5
70,C[Se]C(/C=C/C1=C(C)CCCC1(C)C)=C(\B1OC(C)(C)C(C)(C)O1)c1ccccc1,10-1038_s41467-025-56184-3,160,[2H]C(Cl)(Cl)Cl,30.7
71,COc1ccc2c(c1)CC[C@@H]1[C@@H]2CC[C@]2(C)C(/C([Se]C)=C(/B3OC(C)(C)C(C)(C)O3)c3ccccc3)=CC[C@@H]12,10-1038_s41467-025-56184-3,160,[2H]C(Cl)(Cl)Cl,30.5
72,C=C(C)[C@@H]1CC=C2C=C(/C([Se]C)=C(/B3OC(C)(C)C(C)(C)O3)c3ccccc3)C[C@@H](C)[C@]2(C)C1,10-1038_s41467-025-56184-3,160,[2H]C(Cl)(Cl)Cl,31.1
,COc1ccc(/C(B2OC(C)(C)C(C)(C)O2)=C(/[Se]C)c2ccccc2)cc1,10-1038_s41467-025-56184-3,160,[2H]C(Cl)(Cl)Cl,31.7
,C[Se]/C(=C(\B1OC(C)(C)C(C)(C)O1)c1ccccc1)c1ccc(-c2ccccc2)cc1,10-1038_s41467-025-56184-3,160,[2H]C(Cl)(Cl)Cl,32.5
,C[Se]/C(=C(\B1OC(C)(C)C(C)(C)O1)c1ccc(-c2ccccc2)cc1)c1ccccc1,10-1038_s41467-025-56184-3,160,[2H]C(Cl)(Cl)Cl,32.6
,COc1ccc(/C([Se]C)=C(/B2OC(C)(C)C(C)(C)O2)c2ccc(-c3ccccc3)cc2)cc1,10-1038_s41467-025-56184-3,160,[2H]C(Cl)(Cl)Cl,32.3
,COc1ccc(/C(B2OC(C)(C)C(C)(C)O2)=C(/[Se]C)c2ccc(-c3ccccc3)cc2)cc1,10-1038_s41467-025-56184-3,160,[2H]C(Cl)(Cl)Cl,32.7
,C[Se]/C(=C(\B1OC(C)(C)C(C)(C)O1)c1ccc(OCCCl)cc1)c1ccccc1,10-1038_s41467-025-56184-3,160,[2H]C(Cl)(Cl)Cl,32
,C[Se]/C(=C(\B1OC(C)(C)C(C)(C)O1)c1ccc(OCCCl)cc1)c1ccc(C(C)C)cc1,10-1038_s41467-025-56184-3,160,[2H]C(Cl)(Cl)Cl,31.8
,COc1ccc(/C([Se]C)=C(/B2OC(C)(C)C(C)(C)O2)c2ccc(OCCCl)cc2)cc1,10-1038_s41467-025-56184-3,160,[2H]C(Cl)(Cl)Cl,31.4
5,CC(C)CC(C)CCB1OC(C)(C)C(C)(C)O1,10-1039_c4cc01262c,128,[2H]C(Cl)(Cl)Cl,33.7
(Z)-3c,CC(C)COCC(C)CB1OC(C)(C)C(C)(C)O1,10-1039_c4cc01262c,128,[2H]C(Cl)(Cl)Cl,33.4
(Z)-3b,CC(C)OC(C)CB1OC(C)(C)C(C)(C)O1,10-1039_c4cc01262c,128,[2H]c1c([2H])c([2H])c([2H])c([2H])c1[2H],33.1
(Z)-3d,CCCCOCCCCB1OC(C)(C)C(C)(C)O1,10-1039_c4cc01262c,128,[2H]C(Cl)(Cl)Cl,33.5
(Z)-3e,CC1(C)OB(C2CCOC2)OC1(C)C,10-1039_c4cc01262c,128,[2H]C(Cl)(Cl)Cl,33.3
(Z)-3f,CC1(C)OB(C2CCCOC2)OC1(C)C,10-1039_c4cc01262c,128,[2H]C(Cl)(Cl)Cl,32.6
(Z)-3g,CC(C)CN(CC(C)C)CC(C)CB1OC(C)(C)C(C)(C)O1,10-1039_c4cc01262c,128,[2H]c1c([2H])c([2H])c([2H])c([2H])c1[2H],33.8
(Z)-3h,CC(C)c1cc(C(C)C)cc(C(C)CB2OC(C)(C)C(C)(C)O2)c1,10-1039_c4cc01262c,128,[2H]c1c([2H])c([2H])c([2H])c([2H])c1[2H],33.3
(Z)-3h',CC(C)c1cc(C(C)CB2OC(C)(C)C(C)(C)O2)cc(C(C)CB2OC(C)(C)C(C)(C)O2)c1,10-1039_c4cc01262c,128,[2H]c1c([2H])c([2H])c([2H])c([2H])c1[2H],32.9
(Z)-3i,CC(C)CC(C)CB1OC(C)(C)C(C)(C)O1,10-1039_c4cc01262c,128,[2H]C(Cl)(Cl)Cl,33.5
(3e),CC1(C)OB(CCc2cccc(B3Nc4cccc5cccc(c45)N3)c2)OC1(C)C,10-1039_c5cc00231a,128,[2H]C(Cl)(Cl)Cl,34.6;30.7
(2g),Oc1ccc(B2Nc3cccc4cccc(c34)N2)cc1,10-1039_c5cc00231a,128,[2H]C(Cl)(Cl)Cl,30
4b,CC1(C)OB(c2cc(C(F)(F)F)cc(C(F)(F)F)c2)OC1(C)C,10-1039_c5ob01722j,96,[2H]C(Cl)(Cl)Cl,29.8
12b,CC1(C)OB(COc2ccccc2)OC1(C)C,10-1039_c5ob01722j,96,[2H]C(Cl)(Cl)Cl,30.44
(Z)-3c,CC1(C)OB(CC(O)COc2ccccc2)OC1(C)C,10-1039_c6cc07924e,128,[2H]C(Cl)(Cl)Cl,33.28
(Z)-3b,CC1(C)COB(CC(O)COc2ccccc2)OC1,10-1039_c6cc07924e,128,[2H]C(Cl)(Cl)Cl,29.74
(Z)-3c,COc1ccc(OCC(O)CB2OC(C)(C)C(C)(C)O2)cc1,10-1039_c6cc07924e,128,[2H]C(Cl)(Cl)Cl,33.3
(Z)-3d,COc1cccc(OCC(O)CB2OC(C)(C)C(C)(C)O2)c1,10-1039_c6cc07924e,128,[2H]C(Cl)(Cl)Cl,33.3
(Z)-3e,CC1(C)OB(CC(O)COc2ccccc2-c2ccccc2)OC1(C)C,10-1039_c6cc07924e,128,[2H]C(Cl)(Cl)Cl,33.34
(Z)-3f,CC1(C)OB(CC(O)COc2cccc(C(F)(F)F)c2)OC1(C)C,10-1039_c6cc07924e,128,[2H]C(Cl)(Cl)Cl,33.24
(Z)-3g,CC1(C)OB(CC(O)COc2ccc3ccccc3c2)OC1(C)C,10-1039_c6cc07924e,128,[2H]C(Cl)(Cl)Cl,33.28
(Z)-3h,CC1(C)OB(CC(O)COCCc2cccs2)OC1(C)C,10-1039_c6cc07924e,128,[2H]C(Cl)(Cl)Cl,33.21
(Z)-3i,CC1(C)OB(CC(O)COc2ccc(Cl)cc2)OC1(C)C,10-1039_c6cc07924e,128,[2H]C(Cl)(Cl)Cl,33.25
(Z)-3j,CC1(C)OB(CC(O)COc2ccc(Br)cc2)OC1(C)C,10-1039_c6cc07924e,128,[2H]C(Cl)(Cl)Cl,33.53
(Z)-3k,CC1(C)OB(CC(O)COc2ccccc2F)OC1(C)C,10-1039_c6cc07924e,128,[2H]C(Cl)(Cl)Cl,33.22
(Z)-3l,CC1(C)OB(CC(O)COc2ccc(-c3ccccc3)cc2Cl)OC1(C)C,10-1039_c6cc07924e,128,[2H]C(Cl)(Cl)Cl,33.68
(Z)-3m,COC(=O)c1ccc(OCC(O)CB2OC(C)(C)C(C)(C)O2)cc1,10-1039_c6cc07924e,128,[2H]C(Cl)(Cl)Cl,33.4
(Z)-3n,CC(C)OC(=O)c1ccccc1OCC(O)CB1OC(C)(C)C(C)(C)O1,10-1039_c6cc07924e,128,[2H]C(Cl)(Cl)Cl,33.23
(Z)-3o,CC(O)CCc1ccc(OCC(O)CB2OC(C)(C)C(C)(C)O2)cc1,10-1039_c6cc07924e,128,[2H]C(Cl)(Cl)Cl,33.35
(Z)-3p,CC1(C)OB(CC(O)CCc2ccccc2)OC1(C)C,10-1039_c6cc07924e,128,[2H]C(Cl)(Cl)Cl,33.6
(Z)-3q,COc1ccc(CC(O)CB2OC(C)(C)C(C)(C)O2)cc1,10-1039_c6cc07924e,128,[2H]C(Cl)(Cl)Cl,33.55
(Z)-3r,CC1(C)COB(CC(O)CN(c2ccccc2)c2ccccc2)OC1,10-1039_c6cc07924e,128,[2H]C(Cl)(Cl)Cl,29.66
(Z)-3ba,CC1(C)OB(CC(O)COCc2ccccc2)OC1(C)C,10-1039_c6cc07924e,128,[2H]C(Cl)(Cl)Cl,33.32
(Z)-3bb,CC1(C)OB(C[C@H](O)COCc2ccccc2)OC1(C)C,10-1039_c6cc07924e,128,[2H]C(Cl)(Cl)Cl,33.2
,CN1CC(=O)OB(c2cc(C(=O)c3cccs3)c(N)s2)OC(=O)C1,10-1039_c7sc00831g,128,[2H]C([2H])([2H])C#N,10.1
,CN1CC(=O)OB(c2cc(S(=O)(=O)c3ccccc3)c(N)s2)OC(=O)C1,10-1039_c7sc00831g,128,[2H]C([2H])([2H])S(=O)C([2H])([2H])[2H],9.97
,CN1CC(=O)OB(c2cc(C(N)=O)c(Br)s2)OC(=O)C1,10-1039_c7sc00831g,128,[2H]C([2H])([2H])C#N,9.7
4ab,C=C(C)CC(C)([C]OOC)C(B1OC(C)(C)C(C)(C)O1)c1ccccc1,10-1039_c8ob02469c,160,[2H]C(Cl)(Cl)Cl,32.3
2a,CC1(C)OB([C@@H]2[C@H](B3OC(C)(C)C(C)(C)O3)[C@@]2(C)c2ccccc2)OC1(C)C,10-1039_d2sc05789a,128.4,[2H]C(Cl)(Cl)Cl,33
2b,CC1(C)OB([C@@H]2[C@H](B3OC(C)(C)C(C)(C)O3)[C@]2(C)c2ccc(F)cc2)OC1(C)C,10-1039_d2sc05789a,128.4,[2H]C(Cl)(Cl)Cl,33.2
2c,CC1(C)OB([C@@H]2[C@H](B3OC(C)(C)C(C)(C)O3)[C@]2(C)c2ccc(Cl)cc2)OC1(C)C,10-1039_d2sc05789a,128.4,[2H]C(Cl)(Cl)Cl,31.6
2d,COc1ccc([C@]2(C)[C@H](B3OC(C)(C)C(C)(C)O3)[C@@H]2B2OC(C)(C)C(C)(C)O2)cc1,10-1039_d2sc05789a,128.4,[2H]C(Cl)(Cl)Cl,32.7
2e,Cc1ccc([C@@]2(C)[C@H](B3OC(C)(C)C(C)(C)O3)[C@@H]2B2OC(C)(C)C(C)(C)O2)cc1,10-1039_d2sc05789a,128.4,[2H]C(Cl)(Cl)Cl,32.3
2f,Cc1cccc([C@@]2(C)[C@H](B3OC(C)(C)C(C)(C)O3)[C@@H]2B2OC(C)(C)C(C)(C)O2)c1,10-1039_d2sc05789a,128.4,[2H]C(Cl)(Cl)Cl,32.1
2g,CC1(C)OB([C@@H]2[C@H](B3OC(C)(C)C(C)(C)O3)[C@@]2(C)c2cccc3ccccc23)OC1(C)C,10-1039_d2sc05789a,128.4,[2H]C(Cl)(Cl)Cl,33.2
2h,COc1cccc([C@]2(C)[C@H](B3OC(C)(C)C(C)(C)O3)[C@@H]2B2OC(C)(C)C(C)(C)O2)c1,10-1039_d2sc05789a,128.4,[2H]C(Cl)(Cl)Cl,32.2
2i,CC[C@]1(c2ccccc2)[C@H](B2OC(C)(C)C(C)(C)O2)[C@@H]1B1OC(C)(C)C(C)(C)O1,10-1039_d2sc05789a,128.4,[2H]C(Cl)(Cl)Cl,32.6
2j,CC(C)[C@]1(c2ccccc2)[C@H](B2OC(C)(C)C(C)(C)O2)[C@@H]1B1OC(C)(C)C(C)(C)O1,10-1039_d2sc05789a,128.4,[2H]C(Cl)(Cl)Cl,32.3
2k,CC(C)(C)OC(=O)N1CCC2(CC1)[C@H](B1OC(C)(C)C(C)(C)O1)[C@@H]2B1OC(C)(C)C(C)(C)O1,10-1039_d2sc05789a,128.4,[2H]C(Cl)(Cl)Cl,31.9
3a,CC1(C)OB([C@@H]2[C@H](c3ccccc3)[C@@]2(C)c2ccccc2)OC1(C)C,10-1039_d2sc05789a,128.4,[2H]C(Cl)(Cl)Cl,33
(3b),COc1ccc([C@H]2[C@@H](B3OC(C)(C)C(C)(C)O3)[C@]2(C)c2ccccc2)cc1,10-1039_d2sc05789a,128.4,[2H]C(Cl)(Cl)Cl,33.8
(3c),CC1(C)OB([C@@H]2[C@H](c3ccc(N4CCOCC4)cc3)[C@@]2(C)c2ccccc2)OC1(C)C,10-1039_d2sc05789a,128.4,[2H]C(Cl)(Cl)Cl,33.1
(3d),CC1(C)OB([C@@H]2[C@H](c3ccc(N4CCCC4)cc3)[C@@]2(C)c2ccccc2)OC1(C)C,10-1039_d2sc05789a,128.4,[2H]C(Cl)(Cl)Cl,33.1
(3e),CC1(C)OB([C@@H]2[C@H](c3ccc(C(=O)c4ccccc4)cc3)[C@@]2(C)c2ccccc2)OC1(C)C,10-1039_d2sc05789a,128.4,[2H]C(Cl)(Cl)Cl,32.6
(3f),CC1(C)OB([C@@H]2[C@H](c3ccc(F)cc3)[C@@]2(C)c2ccccc2)OC1(C)C,10-1039_d2sc05789a,128.4,[2H]C(Cl)(Cl)Cl,32.4
(3g),CC1(C)OB([C@@H]2[C@H](c3ccc(Cl)cc3)[C@@]2(C)c2ccccc2)OC1(C)C,10-1039_d2sc05789a,128.4,[2H]C(Cl)(Cl)Cl,32.7
(3h),Cc1ccccc1[C@H]1[C@@H](B2OC(C)(C)C(C)(C)O2)[C@]1(C)c1ccccc1,10-1039_d2sc05789a,128.4,[2H]C(Cl)(Cl)Cl,33.6
(3i),COc1ccccc1[C@H]1[C@@H](B2OC(C)(C)C(C)(C)O2)[C@]1(C)c1ccccc1,10-1039_d2sc05789a,128.4,[2H]C(Cl)(Cl)Cl,32.6
(3j),Cc1cc(C)c([C@H]2[C@@H](B3OC(C)(C)C(C)(C)O3)[C@]2(C)c2ccccc2)c(C)c1,10-1039_d2sc05789a,128.4,[2H]C(Cl)(Cl)Cl,32
3k,Cc1cccc([C@H]2[C@@H](B3OC(C)(C)C(C)(C)O3)[C@]2(C)c2ccccc2)c1,10-1039_d2sc05789a,128.4,[2H]C(Cl)(Cl)Cl,32.9
3l,COc1cccc([C@H]2[C@@H](B3OC(C)(C)C(C)(C)O3)[C@]2(C)c2ccccc2)c1,10-1039_d2sc05789a,128.4,[2H]C(Cl)(Cl)Cl,32.7
3m,CC1(C)OB([C@@H]2[C@H](c3cccc(Cl)c3)[C@@]2(C)c2ccccc2)OC1(C)C,10-1039_d2sc05789a,128.4,[2H]C(Cl)(Cl)Cl,32.8
3n,CC1(C)OB([C@@H]2[C@H](c3cccc4ccccc34)[C@@]2(C)c2ccccc2)OC1(C)C,10-1039_d2sc05789a,128.4,[2H]C(Cl)(Cl)Cl,32.4
3o,CC1(C)OB([C@@H]2[C@H](c3ccc4c(c3)OCO4)[C@@]2(C)c2ccccc2)OC1(C)C,10-1039_d2sc05789a,128.4,[2H]C(Cl)(Cl)Cl,32.3
3p,Cn1ccc2cc([C@H]3[C@@H](B4OC(C)(C)C(C)(C)O4)[C@]3(C)c3ccccc3)ccc21,10-1039_d2sc05789a,128.4,[2H]C(Cl)(Cl)Cl,32.4
3q,CC1(C)OB([C@@H]2[C@H](c3ccc4occc4c3)[C@@]2(C)c2ccccc2)OC1(C)C,10-1039_d2sc05789a,128.4,[2H]C(Cl)(Cl)Cl,33.2
3r,CC1(C)OB([C@@H]2[C@H](c3ccc4sccc4c3)[C@@]2(C)c2ccccc2)OC1(C)C,10-1039_d2sc05789a,128.4,[2H]C(Cl)(Cl)Cl,33.6
3s,CC1(C)OB([C@@H]2[C@H](c3ccc4c(c3)CCCO4)[C@@]2(C)c2ccccc2)OC1(C)C,10-1039_d2sc05789a,128.4,[2H]C(Cl)(Cl)Cl,33.7
3t,CC(C)(C)OC(=O)N1CCCc2cc([C@H]3[C@@H](B4OC(C)(C)C(C)(C)O4)[C@]3(C)c3ccccc3)ccc21,10-1039_d2sc05789a,128.4,[2H]C(Cl)(Cl)Cl,32.7
3u,Cc1ccc([C@@]2(C)[C@H](B3OC(C)(C)C(C)(C)O3)[C@@H]2c2ccccc2)cc1,10-1039_d2sc05789a,128.4,[2H]C(Cl)(Cl)Cl,37.8
3v,Cn1c([C@@H]2[C@@H](B3OC(C)(C)C(C)(C)O3)[C@]2(C)c2ccc(F)cc2)cc2ccccc21,10-1039_d2sc05789a,128.4,[2H]C(Cl)(Cl)Cl,33.6
3w,COc1ccc([C@@]2(C)[C@H](B3OC(C)(C)C(C)(C)O3)[C@@H]2c2ccccc2)cc1,10-1039_d2sc05789a,128.4,[2H]C(Cl)(Cl)Cl,33.8
3x,COc1cccc([C@@]2(C)[C@H](B3OC(C)(C)C(C)(C)O3)[C@@H]2c2ccc3c(ccn3C)c2)c1,10-1039_d2sc05789a,128.4,[2H]C(Cl)(Cl)Cl,33.2
3y,Cc1cccc([C@@]2(C)[C@H](B3OC(C)(C)C(C)(C)O3)[C@@H]2c2ccccc2C)c1,10-1039_d2sc05789a,128.4,[2H]C(Cl)(Cl)Cl,33.5
3z,Cc1ccccc1[C@H]1[C@@H](B2OC(C)(C)C(C)(C)O2)[C@]1(C)c1ccc(Cl)cc1,10-1039_d2sc05789a,128.4,[2H]C(Cl)(Cl)Cl,33.8
3aa,CC(C)[C@]1(c2ccccc2)[C@H](B2OC(C)(C)C(C)(C)O2)[C@@H]1c1ccc2c(ccn2C)c1,10-1039_d2sc05789a,128.4,[2H]C(Cl)(Cl)Cl,33.4
3ab,CC(C)(C)OC(=O)N1CCC2(CC1)[C@H](B1OC(C)(C)C(C)(C)O1)[C@@H]2c1ccccc1,10-1039_d2sc05789a,128.4,[2H]C(Cl)(Cl)Cl,32.9
,CC1(C)OB(C[C@@H]2[C@H](c3ccccc3)[C@@]2(C)c2ccccc2)OC1(C)C,10-1039_d2sc05789a,128.4,[2H]C(Cl)(Cl)Cl,34.7
,CC1(C)OB(C[C@@H]2[C@H](CB3OC(C)(C)C(C)(C)O3)[C@@]2(C)c2ccccc2)OC1(C)C,10-1039_d2sc05789a,128.4,[2H]C(Cl)(Cl)Cl,34.8
,C[C@@]1(c2ccccc2)[C@@H](c2ccccc2)[C@H]1[B-](F)(F)F.[K+],10-1039_d2sc05789a,128.4,[2H]C([2H])([2H])C(=O)C([2H])([2H])[2H],4.66
,CC1(C)OB([C@@H]2[C@H](O)[C@@]2(C)c2ccccc2)OC1(C)C,10-1039_d2sc05789a,128.4,[2H]C(Cl)(Cl)Cl,31.9
,CC1(C)[C@@H]2C[C@H]3OB([C@@H]4[C@H](B5O[C@@H]6C[C@@H]7C[C@@H](C7(C)C)[C@]6(C)O5)[C@@]4(C)c4ccccc4)O[C@@]3(C)[C@H]1C2,10-1039_d2sc05789a,128.4,[2H]C(Cl)(Cl)Cl,32.2
(Z)-4c,CC1(C)OB(C2CCCC2)OC1(C)C,10-1039_d3cc01767b,128,[2H]C(Cl)(Cl)Cl,33.7
(Z)-8c,CC1(C)OB(C2CCC(Br)C2)OC1(C)C,10-1039_d3cc01767b,193,[2H]C(Cl)(Cl)Cl,33.2
(Z)-9c,CC1(C)OB(C2CCC(Cl)C2)OC1(C)C,10-1039_d3cc01767b,193,[2H]C(Cl)(Cl)Cl,33.3
(Z)-12c,CC(C)(CB1OC(C)(C)C(C)(C)O1)c1ccccc1,10-1039_d3cc01767b,193,[2H]C(Cl)(Cl)Cl,32.1
(Z)-15c,Cc1ccc(C(C)(C)CB2OC(C)(C)C(C)(C)O2)cc1,10-1039_d3cc01767b,193,[2H]C(Cl)(Cl)Cl,32.2
(Z)-16c,CC(C)(C)c1cc(Br)cc(C(C)(C)CB2OC(C)(C)C(C)(C)O2)c1,10-1039_d3cc01767b,193,[2H]C(Cl)(Cl)Cl,32.1
(Z)-18c,CC1(C)OB(C[Si](C)(C)CCOC(=O)c2ccc(Cl)cc2)OC1(C)C,10-1039_d3cc01767b,128,[2H]C(Cl)(Cl)Cl,32.5
(Z)-21c,CC[Si](CC)(CCB1OC(C)(C)C(C)(C)O1)c1ccccc1,10-1039_d3cc01767b,128,[2H]C(Cl)(Cl)Cl,33.3
(2i),COC(=O)c1cc(B2OC(C)(C)C(C)(C)O2)c(N)cc1OC,10-1039_d3ra07558c,128,[2H]C(Cl)(Cl)Cl,31.02
(2q),CN1CCCc2cc(B3OC(C)(C)C(C)(C)O3)ccc21,10-1039_d3ra07558c,193,[2H]C(Cl)(Cl)Cl,31.12
,CCC1(CC)OB(/C(=C/S(=O)(=O)F)CC2CCCCC2)OC1(CC)CC,10-1039_d3sc03101b,128,[2H]C(Cl)(Cl)Cl,29.09
,CCC1(CC)OB(/C(=C/S(=O)(=O)F)CCCCl)OC1(CC)CC,10-1039_d3sc03101b,128,[2H]C(Cl)(Cl)Cl,28.87
,CCC/C(=C\S(=O)(=O)F)B1OC(CC)(CC)C(CC)(CC)O1,10-1039_d3sc03101b,160,[2H]C(Cl)(Cl)Cl,28.94
,CCC1(CC)OB(/C(=C/S(=O)(=O)F)CCc2ccccc2)OC1(CC)CC,10-1039_d3sc03101b,160,[2H]C(Cl)(Cl)Cl,28.27
,CCCCCCCCCC/C(=C\S(=O)(=O)F)B1OC(CC)(CC)C(CC)(CC)O1,10-1039_d3sc03101b,160,[2H]C(Cl)(Cl)Cl,29.41
,CCC1(CC)OB(/C(=C/S(=O)(=O)F)CCCOC(=O)C2(F)CC2)OC1(CC)CC,10-1039_d3sc03101b,160,[2H]C(Cl)(Cl)Cl,28.99
,CCC1(CC)OB(/C(=C/S(=O)(=O)F)CCCOC(=O)C2CC(F)(F)C2)OC1(CC)CC,10-1039_d3sc03101b,128,[2H]C(Cl)(Cl)Cl,29.01
,CCC1(CC)OB(/C(=C/S(=O)(=O)F)CCCOC(=O)C2CCC2)OC1(CC)CC,10-1039_d3sc03101b,160,[2H]C(Cl)(Cl)Cl,29.37
,CCC1(CC)OB(/C(=C/S(=O)(=O)F)CCCOC(=O)C2CCCC2)OC1(CC)CC,10-1039_d3sc03101b,128,[2H]C(Cl)(Cl)Cl,28.98
,CCC1(CC)OB(/C(=C/S(=O)(=O)F)CCCOC(=O)[C@@H]2C[C@H]2c2ccccc2)OC1(CC)CC,10-1039_d3sc03101b,128,[2H]C(Cl)(Cl)Cl,29.06
,CCC1(CC)OB(/C(=C/S(=O)(=O)F)CCCOC(=O)C2CCC(C)CC2)OC1(CC)CC,10-1039_d3sc03101b,128,[2H]C(Cl)(Cl)Cl,28.88
,CCC1(CC)OB(/C(=C/S(=O)(=O)F)CCCOC(=O)C2(c3ccc4c(c3)OC(F)(F)O4)CC2)OC1(CC)CC,10-1039_d3sc03101b,128,[2H]C(Cl)(Cl)Cl,29.3
,CCC1(CC)OB(/C(=C/S(=O)(=O)F)c2ccccc2)OC1(CC)CC,10-1039_d3sc03101b,128,[2H]C(Cl)(Cl)Cl,28.98
,CCC1(CC)OB(/C(=C/S(=O)(=O)F)c2ccc(C(C)(C)C)cc2)OC1(CC)CC,10-1039_d3sc03101b,128,[2H]C(Cl)(Cl)Cl,29.87
,CCC1(CC)OB(/C(=C/S(=O)(=O)F)c2ccc(C)cc2)OC1(CC)CC,10-1039_d3sc03101b,128,[2H]C(Cl)(Cl)Cl,29.18
,CCC1(CC)OB(/C(=C/S(=O)(=O)F)c2ccc(-c3ccccc3)cc2)OC1(CC)CC,10-1039_d3sc03101b,128,[2H]C(Cl)(Cl)Cl,29.23
,CCCCCc1ccc(/C(=C\S(=O)(=O)F)B2OC(CC)(CC)C(CC)(CC)O2)cc1,10-1039_d3sc03101b,128,[2H]C(Cl)(Cl)Cl,28.42
,CCC1(CC)OB(/C(=C/S(=O)(=O)F)c2ccc(F)cc2)OC1(CC)CC,10-1039_d3sc03101b,128,[2H]C(Cl)(Cl)Cl,29.33
,CCC1(CC)OB(/C(=C/S(=O)(=O)F)c2ccc(Cl)cc2)OC1(CC)CC,10-1039_d3sc03101b,128,[2H]C(Cl)(Cl)Cl,29.19
,CCC1(CC)OB(/C(=C/S(=O)(=O)F)c2ccccc2C)OC1(CC)CC,10-1039_d3sc03101b,128,[2H]C(Cl)(Cl)Cl,28.76
,CCC1(CC)OB(/C(=C/S(=O)(=O)F)c2ccc(OC)cc2)OC1(CC)CC,10-1039_d3sc03101b,128,[2H]C(Cl)(Cl)Cl,29.66
,CCC1(CC)OB(/C(=C/S(=O)(=O)F)c2ccc(Oc3ccccc3)cc2)OC1(CC)CC,10-1039_d3sc03101b,128,[2H]C(Cl)(Cl)Cl,29.21
,CCC1(CC)OB(/C(=C/S(=O)(=O)F)c2ccc3ccccc3c2)OC1(CC)CC,10-1039_d3sc03101b,128,[2H]C(Cl)(Cl)Cl,29.26
,CCC1(CC)OB(/C(=C/S(=O)(=O)F)c2ccsc2)OC1(CC)CC,10-1039_d3sc03101b,128,[2H]C(Cl)(Cl)Cl,29.09
,CC1(C)OB(C(CCc2ccccc2)CS(=O)(=O)F)OC1(C)C,10-1039_d3sc03101b,128,[2H]C(Cl)(Cl)Cl,33.53
(6c),Cc1cc(C)cc(CCC(CS(=O)(=O)F)B2OC(C)(C)C(C)(C)O2)c1,10-1039_d3sc03101b,128,[2H]C(Cl)(Cl)Cl,33.79
(6d),CC1(C)OB(C(CCc2ccc(-c3ccccc3)cc2)CS(=O)(=O)F)OC1(C)C,10-1039_d3sc03101b,128,[2H]C(Cl)(Cl)Cl,33.74
(6e),CC(C)(C)c1ccc(CCC(CS(=O)(=O)F)B2OC(C)(C)C(C)(C)O2)cc1,10-1039_d3sc03101b,128,[2H]C(Cl)(Cl)Cl,33.68
(6f),CC1(C)OB(C(CS(=O)(=O)F)C2CCCCC2)OC1(C)C,10-1039_d3sc03101b,160,[2H]C(Cl)(Cl)Cl,32.62
(6g),CCCCC(CS(=O)(=O)F)B1OC(C)(C)C(C)(C)O1,10-1039_d3sc03101b,128,[2H]C(Cl)(Cl)Cl,33.33
(6h),CC1(C)OB(C(CCCCBr)CS(=O)(=O)F)OC1(C)C,10-1039_d3sc03101b,128,[2H]C(Cl)(Cl)Cl,33.28
(6i),CC1(C)OB(C(Cc2ccccc2)CS(=O)(=O)F)OC1(C)C,10-1039_d3sc03101b,128,[2H]C(Cl)(Cl)Cl,33.25
(6j),CCCCCCCCCCC(CS(=O)(=O)F)B1OC(C)(C)C(C)(C)O1,10-1039_d3sc03101b,128,[2H]C(Cl)(Cl)Cl,33.5
(6k),CC1(C)OB(CCC(CS(=O)(=O)F)B2OC(C)(C)C(C)(C)O2)OC1(C)C,10-1039_d3sc03101b,128,[2H]C(Cl)(Cl)Cl,34.02
(6l),CCCC[C@H]1CC[C@H]([C@H]2CC[C@@H]([C@@H](CS(=O)(=O)F)B3OC(C)(C)C(C)(C)O3)CC2)CC1,10-1039_d3sc03101b,160,[2H]C(Cl)(Cl)Cl,32.83
(6m),Cc1ccc(C2CCC([C@H]3CC[C@@H]([C@@H](CS(=O)(=O)F)B4OC(C)(C)C(C)(C)O4)CC3)CC2)cc1,10-1039_d3sc03101b,128,[2H]C(Cl)(Cl)Cl,33.2
(6n),CC1(C)OB(C(CCCOC(=O)c2ccccc2)CS(=O)(=O)F)OC1(C)C,10-1039_d3sc03101b,128,[2H]C(Cl)(Cl)Cl,33.37
(1t),F[B-](F)(F)F.O=C(Cc1ccccc1)C([I+]c1ccccc1)=P(c1ccccc1)(c1ccccc1)c1ccccc1,10-1039_d4sc06166g,128,[2H]C([2H])([2H])S(=O)C([2H])([2H])[2H],-1.25
(1u),F[B-](F)(F)F.O=C(CCc1ccccc1)C([I+]c1ccccc1)=P(c1ccccc1)(c1ccccc1)c1ccccc1,10-1039_d4sc06166g,128,[2H]C([2H])([2H])S(=O)C([2H])([2H])[2H],-1.17
(1a),COC(=O)C([I+]c1ccccc1)=P(c1ccccc1)(c1ccccc1)c1ccccc1.F[B-](F)(F)F,10-1039_d4sc06166g,128,[2H]C([2H])([2H])S(=O)C([2H])([2H])[2H],-1.13
(1d),CC(=O)C([I+]c1ccccc1)=P(c1ccccc1)(c1ccccc1)c1ccccc1.F[B-](F)(F)F,10-1039_d4sc06166g,128,[2H]C([2H])([2H])S(=O)C([2H])([2H])[2H],-1.22
(1g),COc1ccc(P(=C([I+]c2ccccc2)C(C)=O)(c2ccc(OC)cc2)c2ccc(OC)cc2)cc1.F[B-](F)(F)F,10-1039_d4sc06166g,128,[2H]C([2H])([2H])S(=O)C([2H])([2H])[2H],-1.18
(1h),CC(=O)C([I+]c1ccccc1)=P(c1ccc(C)cc1)(c1ccc(C)cc1)c1ccc(C)cc1.F[B-](F)(F)F,10-1039_d4sc06166g,128,[2H]C([2H])([2H])S(=O)C([2H])([2H])[2H],-1.19
(1i),CC(=O)C([I+]c1ccccc1)=P(c1ccc(Cl)cc1)(c1ccc(Cl)cc1)c1ccc(Cl)cc1.F[B-](F)(F)F,10-1039_d4sc06166g,128,[2H]C([2H])([2H])S(=O)C([2H])([2H])[2H],-1.23
(1k),CC(=O)C([I+]c1ccccc1)=P(c1ccccc1)(c1ccccc1)c1ccccn1.F[B-](F)(F)F,10-1039_d4sc06166g,128,[2H]C([2H])([2H])S(=O)C([2H])([2H])[2H],-1.12
(1l),CC(=O)C([I+]c1ccc(C)cc1)=P(c1ccccc1)(c1ccccc1)c1ccccc1.F[B-](F)(F)F,10-1039_d4sc06166g,128,[2H]C([2H])([2H])S(=O)C([2H])([2H])[2H],-1.26
(1m),COc1ccc([I+]C(C(C)=O)=P(c2ccccc2)(c2ccccc2)c2ccccc2)cc1.F[B-](F)(F)F,10-1039_d4sc06166g,128,[2H]C([2H])([2H])S(=O)C([2H])([2H])[2H],-1.22
(1o),CC(=O)C([I+]c1ccc(Cl)cc1)=P(c1ccccc1)(c1ccccc1)c1ccccc1.F[B-](F)(F)F,10-1039_d4sc06166g,128,[2H]C([2H])([2H])S(=O)C([2H])([2H])[2H],-1.22
(1p),CC(=O)C([I+]c1ccccc1Cl)=P(c1ccccc1)(c1ccccc1)c1ccccc1.F[B-](F)(F)F,10-1039_d4sc06166g,128,[2H]C([2H])([2H])S(=O)C([2H])([2H])[2H],-1.19
(1q),CCCC(=O)C([I+]c1ccccc1)=P(c1ccccc1)(c1ccccc1)c1ccccc1.F[B-](F)(F)F,10-1039_d4sc06166g,128,[2H]C([2H])([2H])S(=O)C([2H])([2H])[2H],-1.19
(1r),CC(C)C(=O)C([I+]c1ccccc1)=P(c1ccccc1)(c1ccccc1)c1ccccc1.F[B-](F)(F)F,10-1039_d4sc06166g,128,[2H]C([2H])([2H])S(=O)C([2H])([2H])[2H],-1.22
(1s),F[B-](F)(F)F.O=C(C([I+]c1ccccc1)=P(c1ccccc1)(c1ccccc1)c1ccccc1)c1ccccc1,10-1039_d4sc06166g,128,[2H]C([2H])([2H])S(=O)C([2H])([2H])[2H],-1.22
(4a),C=CC1CC(B2OC(C)(C)C(C)(C)O2)=CC1C(=O)OC,10-1039_d4sc06514j,128,[2H]C(Cl)(Cl)Cl,29
(4b),C=CC1CC(B2OC(C)(C)C(C)(C)O2)=CC1C(=O)OC(C)(C)C,10-1039_d4sc06514j,128,[2H]C(Cl)(Cl)Cl,29.1
(4c),C=CC1CC(B2OC(C)(C)C(C)(C)O2)=C[C@H]1C(=O)OCC(C)CC,10-1039_d4sc06514j,128,[2H]C(Cl)(Cl)Cl,28.7
(4d),C=CC1CC(B2OC(C)(C)C(C)(C)O2)=CC1C(=O)O[C@@H]1C[C@H](C)CC[C@H]1C(C)C,10-1039_d4sc06514j,128,[2H]C(Cl)(Cl)Cl,28.4
(4e),C=CC1CC(B2OC(C)(C)C(C)(C)O2)=CC1C(=O)Oc1ccc(OC)c(OC)c1,10-1039_d4sc06514j,128,[2H]C(Cl)(Cl)Cl,28.7
(6a),C=CC1CC(B2OC(C)(C)C(C)(C)O2)(B2OC(C)(C)C(C)(C)O2)C=C1c1ccccc1,10-1039_d4sc06514j,128,[2H]C(Cl)(Cl)Cl,32.4
(6b),C=CC1CC(B2OC(C)(C)C(C)(C)O2)(B2OC(C)(C)C(C)(C)O2)C=C1c1ccccc1C,10-1039_d4sc06514j,128,[2H]C(Cl)(Cl)Cl,34.8
(6c),C=CC1CC(B2OC(C)(C)C(C)(C)O2)(B2OC(C)(C)C(C)(C)O2)C=C1c1ccc(Br)cc1,10-1039_d4sc06514j,128,[2H]C(Cl)(Cl)Cl,33.9
(6d),C=CC1CC(B2OC(C)(C)C(C)(C)O2)(B2OC(C)(C)C(C)(C)O2)C=C1c1ccsc1,10-1039_d4sc06514j,128,[2H]C(Cl)(Cl)Cl,34.1
(6e),C=CC1CC(B2OC(C)(C)C(C)(C)O2)(B2OC(C)(C)C(C)(C)O2)C=C1CCCC,10-1039_d4sc06514j,128,[2H]C(Cl)(Cl)Cl,33.6
(7a),C=CC1CC(B2OC(C)(C)C(C)(C)O2)=CC1(C(=O)OC)C(O)c1ccccc1,10-1039_d4sc06514j,128,[2H]C(Cl)(Cl)Cl,29.9
(7b),C=CC1CC(B2OC(C)(C)C(C)(C)O2)=CC1(C(=O)OC)C(O)c1ccc(C)cc1,10-1039_d4sc06514j,128,[2H]C(Cl)(Cl)Cl,28.2
(7c),C=CC1CC(B2OC(C)(C)C(C)(C)O2)=CC1(C(=O)OC)C(O)c1ccc(C)c(C)c1,10-1039_d4sc06514j,128,[2H]C(Cl)(Cl)Cl,29
(7d),C=CC1CC(B2OC(C)(C)C(C)(C)O2)=CC1(C(=O)OC)C(O)c1ccc(CBr)cc1,10-1039_d4sc06514j,128,[2H]C(Cl)(Cl)Cl,28.5
(7e),C=CC1CC(B2OC(C)(C)C(C)(C)O2)=CC1(C(=O)OC)C(O)c1ccc(OC)cc1,10-1039_d4sc06514j,128,[2H]C(Cl)(Cl)Cl,29.1
(7f),C=CC1CC(B2OC(C)(C)C(C)(C)O2)=CC1(C(=O)OC)C(O)c1ccc(O)cc1,10-1039_d4sc06514j,128,[2H]C(Cl)(Cl)Cl,28.2
(7g),C=CC1CC(B2OC(C)(C)C(C)(C)O2)=CC1(C(=O)OC)C(O)c1ccc(Cl)cc1,10-1039_d4sc06514j,128,[2H]C(Cl)(Cl)Cl,28.9
(7h),C=CC1CC(B2OC(C)(C)C(C)(C)O2)=CC1(C(=O)[O-])C(O)c1ccc([N+](=O)[O-])cc1,10-1039_d4sc06514j,128,[2H]C(Cl)(Cl)Cl,29.3
(7i),C=CC1CC(B2OC(C)(C)C(C)(C)O2)=CC1(C(=O)[O-])C(O)c1cc([N+](=O)[O-])ccc1Cl,10-1039_d4sc06514j,128,[2H]C(Cl)(Cl)Cl,29.4
(7j),C=CC1CC(B2OC(C)(C)C(C)(C)O2)=CC1(C(=O)OC)C(O)c1ccc(C(C)=O)cc1,10-1039_d4sc06514j,128,[2H]C(Cl)(Cl)Cl,28.3
(7k),C=CC1CC(B2OC(C)(C)C(C)(C)O2)=CC1(C(=O)OC)C(O)c1ccc(C(=O)OC)cc1,10-1039_d4sc06514j,128,[2H]C(Cl)(Cl)Cl,29.1
(7l),C=CC1CC(B2OC(C)(C)C(C)(C)O2)=CC1(C(=O)OC)C(O)c1ccc(OC(C)=O)cc1,10-1039_d4sc06514j,128,[2H]C(Cl)(Cl)Cl,29.2
(7m),C=CC1CC(B2OC(C)(C)C(C)(C)O2)=CC1(C(=O)OC)C(O)c1ccc(C#N)cc1,10-1039_d4sc06514j,128,[2H]C(Cl)(Cl)Cl,29.4
(7n),C=CC1CC(B2OC(C)(C)C(C)(C)O2)=CC1(C(=O)OC)C(O)c1cccs1,10-1039_d4sc06514j,128,[2H]C(Cl)(Cl)Cl,29.6
(7o),C=CC1CC(B2OC(C)(C)C(C)(C)O2)=CC1(C(=O)OC)C(O)c1ccoc1,10-1039_d4sc06514j,128,[2H]C(Cl)(Cl)Cl,29.1
(7p),C=CC1CC(B2OC(C)(C)C(C)(C)O2)=CC1(C(=O)OC)C(O)/C=C/c1ccccc1,10-1039_d4sc06514j,128,[2H]C(Cl)(Cl)Cl,28.62
(7q),C=CC1CC(B2OC(C)(C)C(C)(C)O2)=CC1(C(=O)OC)C(O)/C=C/c1ccc(OC)cc1,10-1039_d4sc06514j,128,[2H]C(Cl)(Cl)Cl,28.4
(7r),C=CC1CC(B2OC(C)(C)C(C)(C)O2)=CC1(C(=O)OC)C(O)/C=C/CCC,10-1039_d4sc06514j,128,[2H]C(Cl)(Cl)Cl,28.9
(7s),C=CC1CC(B2OC(C)(C)C(C)(C)O2)=CC1(C(=O)OC)C(O)C1CCCCC1,10-1039_d4sc06514j,128,[2H]C(Cl)(Cl)Cl,29.2
(7t),C=CC1CC(B2OC(C)(C)C(C)(C)O2)=CC1(C(=O)OC)C(O)C1CCCC1,10-1039_d4sc06514j,128,[2H]C(Cl)(Cl)Cl,29.5
(8a),C=CC1CC(B2OC(C)(C)C(C)(C)O2)=CC1(C(=O)OCc1ccccc1)C(O)c1ccccc1,10-1039_d4sc06514j,128,[2H]C(Cl)(Cl)Cl,29.5
(8b),C=CC1CC(B2OC(C)(C)C(C)(C)O2)=CC1(C(=O)OCc1ccc(OC)cc1)C(O)c1ccccc1,10-1039_d4sc06514j,128,[2H]C(Cl)(Cl)Cl,29.2
(8c),C=CC1CC(B2OC(C)(C)C(C)(C)O2)=CC1(C(=O)Oc1ccccc1)C(O)c1ccccc1,10-1039_d4sc06514j,128,[2H]C(Cl)(Cl)Cl,28.7
(8d),C=CC1CC(B2OC(C)(C)C(C)(C)O2)=CC1(C(=O)O[C@@H]1C[C@H](C)CC[C@H]1C(C)C)C(O)c1ccccc1,10-1039_d4sc06514j,128,[2H]C(Cl)(Cl)Cl,29.2
(8g),C=CC1CC(B2OC(C)(C)C(C)(C)O2)=CC1(c1ccccc1)C(O)c1ccccc1,10-1039_d4sc06514j,128,[2H]C(Cl)(Cl)Cl,29.5
(8h),C=CC1CC(B2OC(C)(C)C(C)(C)O2)=CC1(c1ccc(Br)cc1)C(O)c1ccccc1,10-1039_d4sc06514j,128,[2H]C(Cl)(Cl)Cl,29.9
(8i),C=CC1CC(B2OC(C)(C)C(C)(C)O2)=CC1(c1ccsc1)C(O)c1ccccc1,10-1039_d4sc06514j,128,[2H]C(Cl)(Cl)Cl,29.9
,C=CC1CC(B2OC(C)(C)C(C)(C)O2)=CC1(C(=O)Oc1ccc2c(c1)CC[C@@H]1[C@H]3CCC(=O)[C@]3(C)CC[C@@H]21)C(O)c1ccccc1,10-1039_d4sc06514j,128,[2H]C(Cl)(Cl)Cl,29
,C=CC1CC(B2OC(C)(C)C(C)(C)O2)=CC1(C(=O)OC1CCC2=CC[C@H]3[C@@H]4CC[C@H]([C@H](C)CCCC(C)C)[C@@]4(C)CC[C@@H]3[C@@]2(C)C1)C(O)c1ccccc1,10-1039_d4sc06514j,128,[2H]C(Cl)(Cl)Cl,29.3
,C=CC1CC(B2O[C@@H]3C[C@@H]4C[C@@H](C4(C)C)[C@]3(C)O2)=CC1(C(=O)OC)C(O)c1ccccc1,10-1039_d4sc06514j,128,[2H]C(Cl)(Cl)Cl,29.7
(10a),C=CC1CC(B2OC(C)(C)C(C)(C)O2)=CC12C(=O)OC2c1ccccc1,10-1039_d4sc06514j,128,[2H]C(Cl)(Cl)Cl,29.3
(10b),C=CC1CC(B2OC(C)(C)C(C)(C)O2)=CC12C(=O)OC2c1ccc([N+](=O)[O-])cc1,10-1039_d4sc06514j,128,[2H]C(Cl)(Cl)Cl,30.2
(10c),C=CC1CC(B2OC(C)(C)C(C)(C)O2)=CC12C(=O)OC2c1ccc(Cl)cc1,10-1039_d4sc06514j,128,[2H]C(Cl)(Cl)Cl,28.8
(10d),C=CC1CC(B2OC(C)(C)C(C)(C)O2)=CC12C(=O)OC2c1ccccc1Br,10-1039_d4sc06514j,128,[2H]C(Cl)(Cl)Cl,29.1
(10e),C=CC1CC(B2OC(C)(C)C(C)(C)O2)=CC12C(=O)OC2c1ccc(C)cc1,10-1039_d4sc06514j,128,[2H]C(Cl)(Cl)Cl,29
(11a),CC1(C)OB(C2=CC3(C(O)c4ccccc4)C(=O)OC(CI)C3C2)OC1(C)C,10-1039_d4sc06514j,128,[2H]C(Cl)(Cl)Cl,27.1
(11b),CC1(C)OB(C2=CC3(C(O)c4ccc(Cl)cc4)C(=O)OC(CI)C3C2)OC1(C)C,10-1039_d4sc06514j,128,[2H]C(Cl)(Cl)Cl,28.6
,CC(=O)Oc1ccc(C(c2ccc(OC(C)=O)cc2)c2cccc([BH2-][N+](C)(C)C)n2)cc1,10-1039_d5gc03231h,128,[2H]C(Cl)(Cl)Cl,-3.8
,C[N+](C)(C)[BH2-]c1cc(C#N)ccc1C#N,10-1039_d5gc03231h,128,[2H]C(Cl)(Cl)Cl,-3.3
,C[N+](C)(C)[BH2-]c1cc(S(=O)(=O)c2ccccc2)ccc1C#N,10-1039_d5gc03231h,128,[2H]C(Cl)(Cl)Cl,-3.4
(Z)-3c,Cc1cc([BH2-][N+](C)(C)C)nc2ccccc12,10-1039_d5gc03231h,128,[2H]C(Cl)(Cl)Cl,-3.3
(Z)-4c,C[N+](C)(C)[BH2-]c1cc(-c2ccccc2)c2ccccc2n1,10-1039_d5gc03231h,128,[2H]C(Cl)(Cl)Cl,-3.3
(Z)-5c,Cc1ccc(-c2cc([BH2-][N+](C)(C)C)nc3ccccc23)cc1,10-1039_d5gc03231h,128,[2H]C(Cl)(Cl)Cl,-3.2
(Z)-6c,COc1ccc(-c2cc([BH2-][N+](C)(C)C)nc3ccccc23)cc1,10-1039_d5gc03231h,128,[2H]C(Cl)(Cl)Cl,-3.2
(Z)-7c,C[N+](C)(C)[BH2-]c1cc(-c2ccc(OC(F)(F)F)cc2)c2ccccc2n1,10-1039_d5gc03231h,128,[2H]C(Cl)(Cl)Cl,-3.5
(Z)-8c,C[N+](C)(C)[BH2-]c1cc(-c2ccc(F)cc2)c2ccccc2n1,10-1039_d5gc03231h,128,[2H]C(Cl)(Cl)Cl,-3.4
(Z)-9c,C[N+](C)(C)[BH2-]c1cc(-c2cccc(C(F)(F)F)c2)c2ccccc2n1,10-1039_d5gc03231h,128,[2H]C(Cl)(Cl)Cl,-3.5
(Z)-10c,C[N+](C)(C)[BH2-]c1cc(-c2cccc(C#N)c2)c2ccccc2n1,10-1039_d5gc03231h,128,[2H]C(Cl)(Cl)Cl,-3.6
(Z)-11c,C[N+](C)(C)[BH2-]c1cc(-c2ccsc2)c2ccccc2n1,10-1039_d5gc03231h,128,[2H]C(Cl)(Cl)Cl,-3.2
(Z)-12c,COc1cc([BH2-][N+](C)(C)C)nc2ccccc12,10-1039_d5gc03231h,128,[2H]C(Cl)(Cl)Cl,-3.2
(Z)-13c,C[N+](C)(C)[BH2-]c1cc(O)c2ccccc2n1,10-1039_d5gc03231h,128,[2H]C(Cl)(Cl)Cl,-2.8
(Z)-17c,C[N+](C)(C)[BH2-]c1cc(Cl)c2ccc(Cl)cc2n1,10-1039_d5gc03231h,128,[2H]C(Cl)(Cl)Cl,-4.1
(Z)-18c,COc1cc2nc([BH2-][N+](C)(C)C)cc(Cl)c2cc1OC,10-1039_d5gc03231h,128,[2H]C(Cl)(Cl)Cl,-3.1
(Z)-19c,C[N+](C)(C)[BH2-]c1ccc2ccccc2n1,10-1039_d5gc03231h,128,[2H]C(Cl)(Cl)Cl,-3.4
(Z)-20c,Cc1cc2ccccc2c([BH2-][N+](C)(C)C)n1,10-1039_d5gc03231h,128,[2H]C(Cl)(Cl)Cl,-5.4
(Z)-21c,COC(=O)c1cc2ccccc2c([BH2-][N+](C)(C)C)n1,10-1039_d5gc03231h,128,[2H]C(Cl)(Cl)Cl,-5.6
(Z)-24c,COc1ccnc([BH2-][N+](C)(C)C)c1,10-1039_d5gc03231h,128,[2H]C(Cl)(Cl)Cl,-5
(Z)-25c,Cc1ccnc([BH2-][N+](C)(C)C)c1,10-1039_d5gc03231h,128,[2H]C(Cl)(Cl)Cl,-5.2
(Z)-26c,CCCCc1ccnc([BH2-][N+](C)(C)C)c1,10-1039_d5gc03231h,128,[2H]C(Cl)(Cl)Cl,-2.5
(Z)-27c,C[N+](C)(C)[BH2-]c1cc(C(F)(F)F)ccn1,10-1039_d5gc03231h,128,[2H]C(Cl)(Cl)Cl,-3.2
(Z)-28c,COC(=O)c1ccnc([BH2-][N+](C)(C)C)c1,10-1039_d5gc03231h,128,[2H]C(Cl)(Cl)Cl,-3.2
(Z)-29c,C[N+](C)(C)[BH2-]c1cc(C#N)ccn1,10-1039_d5gc03231h,128,[2H]C(Cl)(Cl)Cl,-3.5
(Z)-32c,C[N+](C)(C)[BH2-]c1ccccn1,10-1039_d5gc03231h,128,[2H]C(Cl)(Cl)Cl,-2.6
,C[N+]1=Cc2ccccc2B(O)O1.[Cl-],10-1038_s41467-023-38228-8,128,[2H]C([2H])([2H])C#N,4.5
3-II,CN1Cc2ccccc2[B-](OC(C(F)(F)F)C(F)(F)F)(OC(C(F)(F)F)C(F)(F)F)O1,10-1038_s41467-023-38228-8,128,[2H]C([2H])([2H])C#N,4.9
1v,Cc1ccc(C(C)[B-](F)(F)F)cc1.[K+],10-1038_s41586-024-07284-5,128,[2H]C([2H])([2H])S(=O)C([2H])([2H])[2H],3.9
1w,Cc1cccc(C(C)[B-](F)(F)F)c1.[K+],10-1038_s41586-024-07284-5,128,[2H]C([2H])([2H])S(=O)C([2H])([2H])[2H],4
1,Cc1ccccc1C(C)[B-](F)(F)F.[K+],10-1038_s41586-024-07284-5,128,[2H]C([2H])([2H])S(=O)C([2H])([2H])[2H],4
1y,CC(c1ccc(F)cc1)[B-](F)(F)F.[K+],10-1038_s41586-024-07284-5,128,[2H]C([2H])([2H])S(=O)C([2H])([2H])[2H],3.9
,CC(C)[C@@H]1CC[C@@H](C)C[C@H]1OC(=O)CCCCC(NC(=O)c1ccccc1)B1OC(C)(C)C(C)(C)O1,10-1038_s41467-022-33411-9,,[2H]C(Cl)(Cl)Cl,17.2
,CC1(C)OC[C@@H]([C@H](CC(C2CO[C@@H]3OCO[C@H]23)C(C)(C)C(=O)[O-])[C@@H](NC(=O)c2ccccc2)B2OC(C)(C)C(C)(C)O2)O1,10-1038_s41467-022-33411-9,,[2H]C(Cl)(Cl)Cl,17.5
,Cc1c(C)c2c(c(C)c1OC(=O)CCCC[C@H](NC(=O)c1ccccc1)B1OC(C)(C)C(C)(C)O1)CCC(C)(CCC[C@H](C)CCC[C@H](C)CCCC(C)C)O2,10-1038_s41467-022-33411-9,,[2H]C(Cl)(Cl)Cl,17.1
,CCCC/C=C\B1OC(C)(C)C(C)(C)O1,10-1038_s41467-022-33411-9,,[2H]C(Cl)(Cl)Cl,18.3
6,CC(C)(C)OC(=O)C[C@H](C/C=C/B1OC(C)(C)C(C)(C)O1)O[Si](C)(C)C(C)(C)C,10-1038_s41467-022-33411-9,,[2H]C(Cl)(Cl)Cl,29.9
7,CC(C)(C)OC(=O)C[C@H](CC[C@H](NC(=O)Cc1cccs1)B1OC(C)(C)C(C)(C)O1)O[Si](C)(C)C(C)(C)C,10-1038_s41467-022-33411-9,,[2H]C(Cl)(Cl)Cl,21.8
3b-D,[2H][C@H](CCCCCC)[C@@H](NC(=O)c1ccccc1)B1OC(C)(C)C(C)(C)O1,10-1038_s41467-022-33411-9,,[2H]C(Cl)(Cl)Cl,18
(E)-3o,CN1CC(=O)OB(/C(=C/C(=O)[O-])B2OC(C)(C)C(C)(C)O2)OC(=O)C1,10-1038_s41467-023-37733-0,,[2H]C(Cl)(Cl)Cl,35.0;10.2
3,COc1cc(B2OC(C)(C)CC(C)(C)O2)ccc1C=NO[Si](OC(CC(C)C)CC(C)C)(OC(CC(C)C)CC(C)C)OC(CC(C)C)CC(C)C,10-1038_s41467-024-47205-8,,[2H]C(Cl)(Cl)Cl,26.2
4,CCOc1cc(B2OC(C)(C)CC(C)(C)O2)ccc1C=NO[Si](OC(CC(C)C)CC(C)C)(OC(CC(C)C)CC(C)C)OC(CC(C)C)CC(C)C,10-1038_s41467-024-47205-8,,[2H]C(Cl)(Cl)Cl,26.3
5,COCCOc1cc(B2OC(C)(C)CC(C)(C)O2)ccc1C=NO[Si](OC(CC(C)C)CC(C)C)(OC(CC(C)C)CC(C)C)OC(CC(C)C)CC(C)C,10-1038_s41467-024-47205-8,,[2H]C(Cl)(Cl)Cl,25.9
6,CC(C)CC(CC(C)C)O[Si](ON=Cc1ccc(B2OC(C)(C)CC(C)(C)O2)cc1OC(F)F)(OC(CC(C)C)CC(C)C)OC(CC(C)C)CC(C)C,10-1038_s41467-024-47205-8,,[2H]C(Cl)(Cl)Cl,26.4
7,CC(C)CC(CC(C)C)O[Si](ON=Cc1ccc(B2OC(C)(C)CC(C)(C)O2)cc1OC(F)(F)F)(OC(CC(C)C)CC(C)C)OC(CC(C)C)CC(C)C,10-1038_s41467-024-47205-8,,[2H]C(Cl)(Cl)Cl,25.5
8,CC(C)CC(CC(C)C)O[Si](ON=Cc1ccc(B2OC(C)(C)CC(C)(C)O2)cc1C(F)(F)F)(OC(CC(C)C)CC(C)C)OC(CC(C)C)CC(C)C,10-1038_s41467-024-47205-8,,[2H]C(Cl)(Cl)Cl,25.5
9,CC(C)CC(CC(C)C)O[Si](ON=Cc1ccc(B2OC(C)(C)CC(C)(C)O2)cc1Cl)(OC(CC(C)C)CC(C)C)OC(CC(C)C)CC(C)C,10-1038_s41467-024-47205-8,,[2H]C(Cl)(Cl)Cl,26.6
10,CC(C)CC(CC(C)C)O[Si](ON=Cc1ccc(B2OC(C)(C)CC(C)(C)O2)cc1Br)(OC(CC(C)C)CC(C)C)OC(CC(C)C)CC(C)C,10-1038_s41467-024-47205-8,,[2H]C(Cl)(Cl)Cl,25.8
11,CC(C)CC(CC(C)C)O[Si](ON=Cc1ccc(B2OC(C)(C)CC(C)(C)O2)cc1N1CCCCC1)(OC(CC(C)C)CC(C)C)OC(CC(C)C)CC(C)C,10-1038_s41467-024-47205-8,,[2H]C(Cl)(Cl)Cl,26
12,CC1(C)CC(C)(C)OB(c2ccc(C=NO)c(N3CCOCC3)c2)O1,10-1038_s41467-024-47205-8,,[2H]C(Cl)(Cl)Cl,26
14,CC(C)CC(CC(C)C)O[Si](ON=Cc1cc(F)c(B2OC(C)(C)CC(C)(C)O2)cc1Br)(OC(CC(C)C)CC(C)C)OC(CC(C)C)CC(C)C,10-1038_s41467-024-47205-8,,[2H]C(Cl)(Cl)Cl,25
15,Cc1cc(B2OC(C)(C)CC(C)(C)O2)c(F)cc1C=NO[Si](OC(CC(C)C)CC(C)C)(OC(CC(C)C)CC(C)C)OC(CC(C)C)CC(C)C,10-1038_s41467-024-47205-8,,[2H]C(Cl)(Cl)Cl,26
16,CC(C)CC(CC(C)C)O[Si](ON=Cc1ccc(B2OC(C)(C)CC(C)(C)O2)c(F)c1F)(OC(CC(C)C)CC(C)C)OC(CC(C)C)CC(C)C,10-1038_s41467-024-47205-8,,[2H]C(Cl)(Cl)Cl,25.7
17,COc1cc(B2OC(C)(C)CC(C)(C)O2)cc(F)c1C=NO[Si](OC(CC(C)C)CC(C)C)(OC(CC(C)C)CC(C)C)OC(CC(C)C)CC(C)C,10-1038_s41467-024-47205-8,,[2H]C(Cl)(Cl)Cl,26
63,CC(C)CC(CC(C)C)Oc1c([SiH3])c(C2CC2)c(OC(CC(C)C)CC(C)C)c(B2OC(C)(C)CC(C)(C)O2)c1OC(CC(C)C)CC(C)C,10-1038_s41467-024-47205-8,,[2H]C(Cl)(Cl)Cl,26.3
93,CC(C)CC(CC(C)C)O[Si](Cc1ccc(B2OC(C)(C)CC(C)(C)O2)cc1Cl)(OC(CC(C)C)CC(C)C)OC(CC(C)C)CC(C)C,10-1038_s41467-024-47205-8,,[2H]C(Cl)(Cl)Cl,25.5
-26,CC(Cc1ccc(C(C)(C)C)cc1)C(B1OC(C)(C)C(C)(C)O1)B1OC(C)(C)C(C)(C)O1,10-1038_s41467-024-48085-8,,[2H]C(Cl)(Cl)Cl,33.1
(Z)-3e,C[N+](C)(C)[BH2-]CC(=O)N(c1ccc(F)cc1)c1ccc(F)cc1,10-1038_s41467-024-54532-3,,[2H]C(Cl)(Cl)Cl,-4.12
(Z)-3f,C[N+](C)(C)[BH2-]CC(=O)N(c1ccc(Cl)cc1)c1ccc(Cl)cc1,10-1038_s41467-024-54532-3,,[2H]C(Cl)(Cl)Cl,-4.15
(Z)-3g,C[N+](C)(C)[BH2-]CC(=O)N(c1ccc(Br)cc1)c1ccc(Br)cc1,10-1038_s41467-024-54532-3,,[2H]C(Cl)(Cl)Cl,-4.15
(Z)-3h,C[N+](C)(C)[BH2-]CC(=O)N1c2ccccc2C=Cc2ccccc21,10-1038_s41467-024-54532-3,,[2H]C(Cl)(Cl)Cl,-4.2
(Z)-3i,C[N+](C)(C)[BH2-]CC(=O)N1c2ccccc2Sc2ccccc21,10-1038_s41467-024-54532-3,,[2H]C(Cl)(Cl)Cl,-4.09
(Z)-3j,C[N+](C)(C)[BH2-]CC(=O)N1c2ccccc2Oc2ccccc21,10-1038_s41467-024-54532-3,,[2H]C(Cl)(Cl)Cl,-4
(Z)-3l,C[N+](C)(C)[BH2-]CC(=O)Nc1ccccc1,10-1038_s41467-024-54532-3,,[2H]C(Cl)(Cl)Cl,-3.69
(Z)-3m,C[N+](C)(C)[BH2-]CC(=O)Nc1ccccc1I,10-1038_s41467-024-54532-3,,[2H]C(Cl)(Cl)Cl,-3.75
(Z)-3n,C=Cc1ccc(NC(=O)C[BH2-][N+](C)(C)C)cc1,10-1038_s41467-024-54532-3,,[2H]C(Cl)(Cl)Cl,-3.75
(Z)-3o,C[N+](C)(C)[BH2-]CC(=O)Nc1ccccc1C#Cc1ccccc1,10-1038_s41467-024-54532-3,,[2H]C(Cl)(Cl)Cl,-3.7
(Z)-3p,Cc1cc(NC(=O)C[BH2-][N+](C)(C)C)cc(C)c1C,10-1038_s41467-024-54532-3,,[2H]C(Cl)(Cl)Cl,-3.59
(Z)-3q,C[N+](C)(C)[BH2-]CC(=O)Nc1ccsc1,10-1038_s41467-024-54532-3,,[2H]C(Cl)(Cl)Cl,-3.69
(Z)-3r,C[N+](C)(C)[BH2-]CC(=O)Nc1cccc2c1oc1ccccc12,10-1038_s41467-024-54532-3,,[2H]C(Cl)(Cl)Cl,-3.57
(Z)-3t,CN1CCOC(BCC(=O)N(c2ccccc2)c2ccccc2)C1,10-1038_s41467-024-54532-3,,[2H]C(Cl)(Cl)Cl,-5.76
(Z)-3u,O=C(CBc1ccccn1)N(c1ccccc1)c1ccccc1,10-1038_s41467-024-54532-3,,[2H]C(Cl)(Cl)Cl,-5.8
(Z)-3v,CC(=O)N(Bc1ccccn1)c1cc(C)c(C)c(C)c1,10-1038_s41467-024-54532-3,,[2H]C(Cl)(Cl)Cl,-5.66
(Z)-3w,CC(=O)N(Bc1n(C)cc[n+]1C)c1cc(C)c(C)c(C)c1,10-1038_s41467-024-54532-3,,[2H]C(Cl)(Cl)Cl,-27.79
(Z)-3x,C[N+](C)(C)[BH2-]CC(=O)Nc1ccc(O)cc1,10-1038_s41467-024-54532-3,,[2H]C(Cl)(Cl)Cl,-3.6
102,C[N+](C)(C)[BH2-]CC(=O)N1CCN(C2=Nc3ccccc3Cc3ccc(Cl)cc32)CC1,10-1038_s41467-024-54532-3,,[2H]C(Cl)(Cl)Cl,-4.49
129,CC1(C)OB(CCN(c2ccccc2)c2ccccc2)OC1(C)C,10-1038_s41467-024-54532-3,,[2H]C(Cl)(Cl)Cl,33.5
(Z)-3k,Cc1c(C(=O)[O-])cccc1/C(=C/C(C)(C)C)B1C(Br)=Cc2ccccc2N1C1CCCC1,10-1038_s41467-024-54597-0,,[2H]C(Cl)(Cl)Cl,35.5
(Z)-3l,CC(C)(C)/C=C(\B1C(Br)=Cc2ccccc2N1C1CCCC1)c1cccc(C(=O)[O-])c1[C@@H]1C[C@@H]2CC[C@@]1(C)C2(C)C,10-1038_s41467-024-54597-0,,[2H]C(Cl)(Cl)Cl,37.2
(Z)-3n,Cc1ccc(C)c(OCCCC(C)(C)Cc2c(C(=O)[O-])cccc2/C(=C/C(C)(C)C)B2C(Br)=Cc3ccccc3N2C2CCCC2)c1,10-1038_s41467-024-54597-0,,[2H]C(Cl)(Cl)Cl,37.57
(Z)-3c,C#CB1C(Br)=Cc2ccccc2N1C(C)C,10-1038_s41467-024-54597-0,,[2H]C(Cl)(Cl)Cl,26.15
-50,CCCC[Se]/C(=C(\B1OC(C)(C)C(C)(C)O1)c1ccc2ccccc2c1)c1ccc(OC)cc1,10-1038_s41467-025-56184-3,,[2H]C([2H])(Cl)Cl,31.3
(Z)-3x,C[Se]/C(C1=CC[C@@]2(C)C(CCC3C2CC[C@@]2(C)C3CC[C@@H]2[C@H](C)CCCC(C)C)C1)=C(\B1OC(C)(C)C(C)(C)O1)c1ccccc1,10-1038_s41467-025-56184-3,,[2H]C(Cl)(Cl)Cl,31.1
(- 4a),CC(C)[C@H](CCCCc1ccccc1)B1OC(C)(C)C(C)(C)O1,10-1038_s41557-020-00576-z,,[2H]C(Cl)(Cl)Cl,34.97
(Z)-3f,CC(C)(C)OC(=O)N1CCC(C(CCCCc2ccccc2)B2OC(C)(C)C(C)(C)O2)CC1,10-1038_s41557-020-00576-z,,[2H]C(Cl)(Cl)Cl,36.14
(+ 5a),COc1ccc(CCC[C@H](CCCCCCl)B2OC(C)(C)C(C)(C)O2)cc1,10-1038_s41557-020-00576-z,,[2H]C(Cl)(Cl)Cl,33.73
(+ 5b),COC(=O)CCCCC(CCCc1ccc(OC)cc1)B1OC(C)(C)C(C)(C)O1,10-1038_s41557-020-00576-z,,[2H]C(Cl)(Cl)Cl,36.32
( - 5d),COc1ccc(CCC[C@H](CCCCCOc2ccccc2)B2OC(C)(C)C(C)(C)O2)cc1,10-1038_s41557-020-00576-z,,[2H]C(Cl)(Cl)Cl,35.5
( - 5e),CC1(C)OB([C@@H](CCCCCOC(=O)c2ccccc2)C2CCOCC2)OC1(C)C,10-1038_s41557-020-00576-z,,[2H]C(Cl)(Cl)Cl,34.35
(+)-5i,COc1ccc(CCC[C@@H](B2OC(C)(C)C(C)(C)O2)C(C)C)cc1,10-1038_s41557-020-00576-z,,[2H]C(Cl)(Cl)Cl,34.85
(1h),CC(C)(C)c1ccc(C23CC(CB4OC(C)(C)C(C)(C)O4)(C2)C3)cc1,10-1038_s41557-023-01159-4,,[2H]C(Cl)(Cl)Cl,32.9
SI-9,C[N+](C)(C)[BH2-]c1cc(Cl)c2ccccc2n1,10-1038_s41586-021-03637-6,,[2H]C(Cl)(Cl)Cl,-3.7
SI-10,C[N+](C)(C)[BH2-]c1cc(O)c2ccc(Cl)cc2n1,10-1038_s41586-021-03637-6,,[2H]C(Cl)(Cl)Cl,-3
SI-11,Cc1cc([BH2-][N+](C)(C)C)c2ccccc2n1,10-1038_s41586-021-03637-6,,[2H]C(Cl)(Cl)Cl,-4.3
SI-13,C[N+](C)(C)[BH2-]c1nc2ccccc2c2ccccc12,10-1038_s41586-021-03637-6,,[2H]C(Cl)(Cl)Cl,-5.4
SI-14,C[N+](C)(C)[BH2-]c1nccc2ccccc12,10-1038_s41586-021-03637-6,,[2H]C(Cl)(Cl)Cl,-5.3
SI-15,C[N+](C)(C)[BH2-]c1ncc(CN)c2ccccc12,10-1038_s41586-021-03637-6,,[2H]C(Cl)(Cl)Cl,-6.1
SI-16,C[N+](C)(C)[BH2-]c1nncc2ccccc12,10-1038_s41586-021-03637-6,,[2H]C(Cl)(Cl)Cl,-6
SI-17,C[N+](C)(C)[BH2-]c1nc(O)c2ccccc2n1,10-1038_s41586-021-03637-6,,[2H]C(Cl)(Cl)Cl,-6.8
SI-18,C[N+](C)(C)[BH2-]c1nc(O)c2c(F)cccc2n1,10-1038_s41586-021-03637-6,,[2H]C(Cl)(Cl)Cl,-7.2
SI-19,C[N+](C)(C)[BH2-]c1nc(O)c2cc(Cl)ccc2n1,10-1038_s41586-021-03637-6,,[2H]C(Cl)(Cl)Cl,-7
SI-20,C[N+](C)(C)[BH2-]c1cc(-c2ccccc2)ccn1,10-1038_s41586-021-03637-6,,[2H]C(Cl)(Cl)Cl,-2.6
SI-22,CCOC(=O)c1c(C)cc([BH2-][N+](C)(C)C)nc1C,10-1038_s41586-021-03637-6,,[2H]C(Cl)(Cl)Cl,-3.6
SI-23,Cc1cc([BH2-][N+](C)(C)C)cc(C)n1,10-1038_s41586-021-03637-6,,[2H]OC([2H])([2H])[2H],-2
SI-24,Cc1nccc([BH2-][N+](C)(C)C)c1C#N,10-1038_s41586-021-03637-6,,[2H]C(Cl)(Cl)Cl,-3.9
SI-25,C[N+](C)(C)[BH2-]c1cc(-c2ccccc2)nnc1Cl,10-1038_s41586-021-03637-6,,[2H]C(Cl)(Cl)Cl,-3.6
SI-26,C[N+](C)(C)[BH2-]c1cc(-n2cccn2)nnc1Cl,10-1038_s41586-021-03637-6,,[2H]C(Cl)(Cl)Cl,-3.9
SI-27,C[N+](C)(C)[BH2-]c1c(Cl)cnnc1Cl,10-1038_s41586-021-03637-6,,[2H]C(Cl)(Cl)Cl,-6.2
SI-28,C[N+](C)(C)[BH2-]c1c(N)cnnc1Cl,10-1038_s41586-021-03637-6,,[2H]C(Cl)(Cl)Cl,-7.7
SI-29,COc1cc([BH2-][N+](C)(C)C)c(Cl)nn1,10-1038_s41586-021-03637-6,,[2H]C(Cl)(Cl)Cl,-7
SI-30,C[N+](C)(C)[BH2-]c1c(Cl)nnc(Cl)c1Cl,10-1038_s41586-021-03637-6,,[2H]C(Cl)(Cl)Cl,-5.6
SI-31,Cc1c(Cl)nnc(Cl)c1[BH2-][N+](C)(C)C,10-1038_s41586-021-03637-6,,[2H]C(Cl)(Cl)Cl,-6.4
SI-32,COC(=O)c1nnc(Cl)c([BH2-][N+](C)(C)C)c1Cl,10-1038_s41586-021-03637-6,,[2H]C(Cl)(Cl)Cl,-6.2
-29,C[N+](C)(C)[BH2-]c1cc(-c2ccccc2)nc(N)n1,10-1038_s41586-021-03637-6,,[2H]C(Cl)(Cl)Cl,-3.9
-30,Cc1cc(C)nc([BH2-][N+](C)(C)C)n1,10-1038_s41586-021-03637-6,,[2H]C(Cl)(Cl)Cl,-4.5
-31,Cc1n[nH]c2nc(Cl)cc([BH2-][N+](C)(C)C)c12,10-1038_s41586-021-03637-6,,[2H]C(Cl)(Cl)Cl,-4.7
-32,C[N+](C)(C)[BH2-]c1ccc2cn[nH]c2n1,10-1038_s41586-021-03637-6,,[2H]C(Cl)(Cl)Cl,-2.47
(32'),C[N+](C)(C)[BH2-]c1ccnc2[nH]ncc12,10-1038_s41586-021-03637-6,,[2H]C(Cl)(Cl)Cl,-4
-33,C[N+](C)(C)[BH2-]c1cc(Cl)nn2ccnc12,10-1038_s41586-021-03637-6,,[2H]C(Cl)(Cl)Cl,-4.3
-34,C[N+](C)(C)[BH2-]c1nc(Cl)c2sccc2n1,10-1038_s41586-021-03637-6,,[2H]C([2H])([2H])S(=O)C([2H])([2H])[2H],-7
-35,CCOC(=O)c1ccc2sc([BH2-][N+](C)(C)C)nc2c1,10-1038_s41586-021-03637-6,,[2H]C(Cl)(Cl)Cl,-6.1
-36,C[N+](C)(C)[BH2-]c1cc(Oc2ccc(F)cc2)c2c(Cl)cc(Cl)cc2n1,10-1038_s41586-021-03637-6,,[2H]C(Cl)(Cl)Cl,-4.4
-37,C=C[C@H]1C[N@@]2CC[C@H]1C[C@@H]2[C@H](O)c1cc([BH2-][N+](C)(C)C)nc2ccccc12,10-1038_s41586-021-03637-6,,[2H]C(Cl)(Cl)Cl,-3.8
-39,C[N+](C)(C)[BH2-]c1nccc2c(S(=O)(=O)N3CCCN(C(=O)c4ccccc4)CC3)cccc12,10-1038_s41586-021-03637-6,,[2H]C(Cl)(Cl)Cl,-5.5
-40,C[C@@H](c1ncnc([BH2-][N+](C)(C)C)c1F)[C@](O)(Cn1cncn1)c1ccc(F)cc1F,10-1038_s41586-021-03637-6,,[2H]C(Cl)(Cl)Cl,-7.6
-41,CC(=O)OCC(CCn1cnc2c([BH2-][N+](C)(C)C)nc(N)nc21)COC(C)=O,10-1038_s41586-021-03637-6,,[2H]C(Cl)(Cl)Cl,-6.4
30,Cc1ccc([B-]2(c3ccc(C)cc3)c3ccccc3Nc3cccc[n+]32)cc1,10-1039_c8sc02281j,,[2H]C([2H])([2H])C(=O)C([2H])([2H])[2H],-1.23
31,CC(C)c1ccc([B-]2(c3ccc(C(C)C)cc3)c3ccccc3Nc3cccc[n+]32)cc1,10-1039_c8sc02281j,,[2H]C([2H])([2H])C(=O)C([2H])([2H])[2H],-1.18
32,Fc1ccc([B-]2(c3ccc(F)cc3)c3ccccc3Nc3cccc[n+]32)cc1,10-1039_c8sc02281j,,[2H]C([2H])([2H])C(=O)C([2H])([2H])[2H],-1.67
33,Clc1ccc([B-]2(c3ccc(Cl)cc3)c3ccccc3Nc3cccc[n+]32)cc1,10-1039_c8sc02281j,,[2H]C([2H])([2H])C(=O)C([2H])([2H])[2H],-1.74
35,c1ccc2c(c1)Nc1cccc[n+]1[B-]2(c1ccc2ccccc2c1)c1ccc2ccccc2c1,10-1039_c8sc02281j,,[2H]C([2H])([2H])C(=O)C([2H])([2H])[2H],-1.03
36,c1ccc2c(c1)Nc1cccc[n+]1[B-]2(c1ccsc1)c1ccsc1,10-1039_c8sc02281j,,[2H]C([2H])([2H])C(=O)C([2H])([2H])[2H],-4.24
37,c1csc([B-]2(c3cccs3)c3ccccc3Nc3cccc[n+]32)c1,10-1039_c8sc02281j,,[2H]C([2H])([2H])C(=O)C([2H])([2H])[2H],-4.61
38,COc1ccc([B-]2(c3cc(C(F)(F)F)cc(C(F)(F)F)c3)c3ccccc3Nc3cccc[n+]32)cc1,10-1039_c8sc02281j,,[2H]C([2H])([2H])C(=O)C([2H])([2H])[2H],-1.66
46,FC(F)(F)c1ccc([B-]2(/C=C/c3ccccc3)c3ccccc3Nc3cccc[n+]32)cc1,10-1039_c8sc02281j,,[2H]C([2H])([2H])C(=O)C([2H])([2H])[2H],-3.23
,CCCC[Se]/C=C(\CCCC)B1OC(C)(C)C(C)(C)O1,10-1039_d0cy01379j,,[2H]C(Cl)(Cl)Cl,29
11,CC=C(C)CC(C)(CB1OC(C)C(C)O1)c1ccc2ccccc2c1,10-1039_d0gc03890c,,[2H]C(Cl)(Cl)Cl,33.17
,CC(=O)/C=C\c1cccc(B2OC(C)(C)C(C)(C)O2)c1,10-1039_d0sc00230e,,[2H]C(Cl)(Cl)Cl,30.6
3a,Cn1c(=O)c([BH2-][N+](C)(C)C)nc2ccccc21,10-1039_d4qo01041h,,[2H]C(Cl)(Cl)Cl,-6
3e,C#CCn1c(=O)c([BH2-][N+](C)(C)C)nc2ccccc21,10-1039_d4qo01041h,,[2H]C(Cl)(Cl)Cl,-6.1
3g,CCOC(=O)Cn1c(=O)c([BH2-][N+](C)(C)C)nc2ccccc21,10-1039_d4qo01041h,,[2H]C(Cl)(Cl)Cl,-6
3h,C[N+](C)(C)[BH2-]c1nc2ccccc2n(CC2CC2)c1=O,10-1039_d4qo01041h,,[2H]C(Cl)(Cl)Cl,-6
3i,C[N+](C)(C)[BH2-]c1nc2ccccc2n(-c2ccccc2)c1=O,10-1039_d4qo01041h,,[2H]C(Cl)(Cl)Cl,-5.7
3k,Cn1c(=O)c([BH2-][N+](C)(C)C)nc2cc(Cl)ccc21,10-1039_d4qo01041h,,[2H]C(Cl)(Cl)Cl,-6.1
3n,Cc1cc2nc([BH2-][N+](C)(C)C)c(=O)n(C)c2cc1C,10-1039_d4qo01041h,,[2H]C(Cl)(Cl)Cl,-6
3p,C[N+](C)(C)[BH2-]c1nc2ccccc2[nH]c1=O,10-1039_d4qo01041h,,[2H]C(Cl)(Cl)Cl,-6
5a,C[N+](C)(C)[BH2-]c1cc(=O)c2ccccc2o1,10-1039_d4qo01041h,,[2H]C(Cl)(Cl)Cl,-4.6
5c,C[N+](C)(C)[BH2-]c1cc(=O)c2cc(Cl)ccc2o1,10-1039_d4qo01041h,,[2H]C(Cl)(Cl)Cl,-4.8
5f,C[N+](C)(C)[BH2-]c1cc(=O)c2ccc3ccccc3c2o1,10-1039_d4qo01041h,,[2H]C(Cl)(Cl)Cl,-4.5
7a,Cn1c([BH2-][N+](C)(C)C)nc2ccccc2c1=O,10-1039_d4qo01041h,,[2H]C(Cl)(Cl)Cl,-8.1
7f,C[N+](C)(C)[BH2-]c1nc2ccccc2c(=O)n1CCO,10-1039_d4qo01041h,,[2H]C(Cl)(Cl)Cl,-8.2
7h,C[N+](C)(C)[BH2-]c1nc2ccccc2c(=O)n1C1CC1,10-1039_d4qo01041h,,[2H]C(Cl)(Cl)Cl,-7.4
7j,C[N+](C)(C)[BH2-]c1nc2ccccc2c(=O)n1Cc1ccc(Cl)cc1,10-1039_d4qo01041h,,[2H]C(Cl)(Cl)Cl,-7.9
7k,Cc1cccc(-n2c([BH2-][N+](C)(C)C)nc3ccccc3c2=O)c1,10-1039_d4qo01041h,,[2H]C(Cl)(Cl)Cl,-7.9
7n,C[N+](C)(C)[BH2-]c1nc2ccccc2c(=O)n1CCC1=CCCCC1,10-1039_d4qo01041h,,[2H]C(Cl)(Cl)Cl,-7.8
9a,Cn1c(=O)nc([BH2-][N+](C)(C)C)n(Cc2ccccc2)c1=O,10-1039_d4qo01041h,,[2H]C(Cl)(Cl)Cl,-6.9
9c,CCOC(=O)Cn1c(=O)nc([BH2-][N+](C)(C)C)n(Cc2ccccc2)c1=O,10-1039_d4qo01041h,,[2H]C(Cl)(Cl)Cl,-6.8
9f,C=CCn1c(=O)nc([BH2-][N+](C)(C)C)n(Cc2ccccc2)c1=O,10-1039_d4qo01041h,,[2H]C(Cl)(Cl)Cl,-6.9
9g,C#CCn1c([BH2-][N+](C)(C)C)nc(=O)n(CC#C)c1=O,10-1039_d4qo01041h,,[2H]C(Cl)(Cl)Cl,-6.9
9h,C=CCn1c([BH2-][N+](C)(C)C)nc(=O)n(CC=C)c1=O,10-1039_d4qo01041h,,[2H]C(Cl)(Cl)Cl,-6.9
9i,C[N+](C)(C)[BH2-]c1nc(=O)n(CC(=O)c2ccccc2)c(=O)n1Cc1ccccc1,10-1039_d4qo01041h,,[2H]C(Cl)(Cl)Cl,-6.7
9j,C=CCCCn1c(=O)nc([BH2-][N+](C)(C)C)n(Cc2ccccc2)c1=O,10-1039_d4qo01041h,,[2H]C(Cl)(Cl)Cl,-6.7
11a,C[N+](C)(C)[BH2-]c1nc2ccccc2nc1Cl,10-1039_d4qo01041h,,[2H]C(Cl)(Cl)Cl,-5.8
11f,CC(C)Oc1nc2ccc(F)cc2nc1[BH2-][N+](C)(C)C,10-1039_d4qo01041h,,[2H]C(Cl)(Cl)Cl,-6
11i,Cc1cc2nc([BH2-][N+](C)(C)C)c(OC(C)C)nc2cc1C,10-1039_d4qo01041h,,[2H]C(Cl)(Cl)Cl,-5.8
11j,CC(C)Oc1nc2cc3ccccc3cc2nc1[BH2-][N+](C)(C)C,10-1039_d4qo01041h,,[2H]C(Cl)(Cl)Cl,-6
13a,CC(C)c1nc(CN(C)C(=O)N[C@H](C(=O)OCCn2c(=O)c([BH2-][N+](C)(C)C)nc3ccccc32)C(C)C)cs1,10-1039_d4qo01041h,,[2H]C(Cl)(Cl)Cl,-5.7
13b,CC(C)Cc1ccc([C@H](C)C(=O)OCCn2c(=O)c([BH2-][N+](C)(C)C)nc3ccccc32)cc1,10-1039_d4qo01041h,,[2H]C(Cl)(Cl)Cl,-6
13c,C[N+](C)(C)[BH2-]c1nc2ccccc2n(CCOC(=O)Cc2ccc3c(c2)C(=O)c2ccccc2CO3)c1=O,10-1039_d4qo01041h,,[2H]C(Cl)(Cl)Cl,-6.1
13d,C[N+](C)(C)[BH2-]c1nc2ccccc2n(CCOC(=O)CCc2nc(-c3ccccc3)c(-c3ccccc3)o2)c1=O,10-1039_d4qo01041h,,[2H]C(Cl)(Cl)Cl,-6.3
13e,COc1ccc2cc([C@H](C)C(=O)OCCn3c(=O)c([BH2-][N+](C)(C)C)nc4ccccc43)ccc2c1,10-1039_d4qo01041h,,[2H]C(Cl)(Cl)Cl,-6.3
13f,COC(=O)c1ccccc1-c1nnc(-c2ccc(Cn3c(=O)c([BH2-][N+](C)(C)C)nc4ccccc43)cc2)o1,10-1039_d4qo01041h,,[2H]C(Cl)(Cl)Cl,-6.1
13g,Cn1c(=O)c([BH2-][N+](C)(C)C)nn([C@@H]2O[C@H](COCc3ccccc3)[C@@H](OCc3ccccc3)[C@H]2OCc2ccccc2)c1=O,10-1039_d4qo01041h,,[2H]C(Cl)(Cl)Cl,-7.2
13h,C[N+](C)(C)[BH2-]c1nn([C@@H]2O[C@H](COCc3ccccc3)[C@@H](OCc3ccccc3)[C@H]2OCc2ccccc2)c(=O)n(Cc2ccccc2)c1=O,10-1039_d4qo01041h,,[2H]C(Cl)(Cl)Cl,-7
14b,CC[N+]([BH2-]c1nc2ccccc2n(C)c1=O)(CC)CC,10-1039_d4qo01041h,,[2H]C(Cl)(Cl)Cl,-11.2
14c,CC[N+](C)([BH2-]c1nc2ccccc2n(C)c1=O)CC,10-1039_d4qo01041h,,[2H]C(Cl)(Cl)Cl,-8.9
14d,Cn1c(=O)c([BH2-][N+]23CCC(CC2)CC3)nc2ccccc21,10-1039_d4qo01041h,,[2H]C(Cl)(Cl)Cl,-7.4
14e,Cn1c(=O)c([BH2-][N+]2(C)CCCCC2)nc2ccccc21,10-1039_d4qo01041h,,[2H]C(Cl)(Cl)Cl,-7
14f,CC[N+]1([BH2-]c2nc3ccccc3n(C)c2=O)CCCCC1,10-1039_d4qo01041h,,[2H]C(Cl)(Cl)Cl,-9.6
14g,COC(C[N+](C)(C)[BH2-]c1nc2ccccc2n(C)c1=O)OC,10-1039_d4qo01041h,,[2H]C(Cl)(Cl)Cl,-7.2
(Z)-3c,C[C@@H]1C(=O)C[C@@]1(B1OC(C)(C)C(C)(C)O1)c1ccccc1,anie201909308,,[2H]C(Cl)(Cl)Cl,33.2
(2b),Cc1ccc([C@]2(B3OC(C)(C)C(C)(C)O3)CC(=O)[C@H]2C)cc1,anie201909308,,[2H]C(Cl)(Cl)Cl,33.1
(S2b),Cc1ccc([C@]2(B3OC(C)(C)C(C)(C)O3)C[C@@H](O)[C@H]2C)cc1,anie201909308,,[2H]C(Cl)(Cl)Cl,33.9
(2c),Cc1cccc([C@]2(B3OC(C)(C)C(C)(C)O3)CC(=O)[C@H]2C)c1,anie201909308,,[2H]C(Cl)(Cl)Cl,33
(2d),Cc1ccccc1[C@]1(B2OC(C)(C)C(C)(C)O2)CC(=O)[C@H]1C,anie201909308,,[2H]C(Cl)(Cl)Cl,33.6
(2e),C[C@@H]1C(=O)C[C@@]1(B1OC(C)(C)C(C)(C)O1)c1ccc(-c2ccccc2)cc1,anie201909308,,[2H]C(Cl)(Cl)Cl,33.2
(2f),C[C@@H]1C(=O)C[C@@]1(B1OC(C)(C)C(C)(C)O1)c1ccc(C(C)(C)C)cc1,anie201909308,,[2H]C(Cl)(Cl)Cl,32.9
(2g),C[C@@H]1C(=O)C[C@@]1(B1OC(C)(C)C(C)(C)O1)c1ccc(Cl)cc1,anie201909308,,[2H]C(Cl)(Cl)Cl,33.2
(2h),C[C@@H]1C(=O)C[C@@]1(B1OC(C)(C)C(C)(C)O1)c1ccc(Br)cc1,anie201909308,,[2H]C(Cl)(Cl)Cl,33
(2i),COC(=O)c1ccc([C@]2(B3OC(C)(C)C(C)(C)O3)CC(=O)[C@H]2C)cc1,anie201909308,,[2H]C(Cl)(Cl)Cl,32.9
(2j),C[C@@H]1C(=O)C[C@@]1(B1OC(C)(C)C(C)(C)O1)c1ccc(C(F)(F)F)cc1,anie201909308,,[2H]C(Cl)(Cl)Cl,33
(2k),C[C@@H]1C(=O)C[C@@]1(B1OC(C)(C)C(C)(C)O1)c1ccccc1F,anie201909308,,[2H]C(Cl)(Cl)Cl,33.2
(2l),C[C@@H]1C(=O)C[C@@]1(B1OC(C)(C)C(C)(C)O1)c1cccc(Br)c1,anie201909308,,[2H]C(Cl)(Cl)Cl,33
(2m),COc1cccc([C@]2(B3OC(C)(C)C(C)(C)O3)CC(=O)[C@H]2C)c1,anie201909308,,[2H]C(Cl)(Cl)Cl,32
(2n),C[C@@H]1C(=O)C[C@@]1(B1OC(C)(C)C(C)(C)O1)c1ccc2ccccc2c1,anie201909308,,[2H]C(Cl)(Cl)Cl,33.1
(2o),CC[C@@H]1C(=O)C[C@@]1(B1OC(C)(C)C(C)(C)O1)c1ccccc1,anie201909308,,[2H]C(Cl)(Cl)Cl,33.1
(2p),CC1(C)OB([C@@]2(c3ccccc3)CC(=O)[C@H]2Cc2ccccc2)OC1(C)C,anie201909308,,[2H]C(Cl)(Cl)Cl,33.4
"(2S,3R)-2,3-bis(3-phenylpropyl)-3-(4,4,5,5-tetramethyl-1,3,2-dioxaborolan-2-yl)cyclobutanone (2r)",CC1(C)OB([C@@]2(CCCc3ccccc3)CC(=O)[C@H]2CCCc2ccccc2)OC1(C)C,anie201909308,,[2H]C(Cl)(Cl)Cl,34.3
,CC1C(O)CC1(B1OC(C)(C)C(C)(C)O1)c1ccccc1,anie201909308,,[2H]C(Cl)(Cl)Cl,33.4
,C[C@@H]1[C@H](OC(=O)c2ccc(Br)cc2)C[C@@]1(B1OC(C)(C)C(C)(C)O1)c1ccccc1,anie201909308,,[2H]C(Cl)(Cl)Cl,32.9
,CC1C(=O)CC1(c1ccccc1)[B-](F)(F)F,anie201909308,,[2H]C([2H])([2H])C#N,4
,CC1C2(CC1(B1OC(C)(C)C(C)(C)O1)c1ccccc1)OCCO2,anie201909308,,[2H]C(Cl)(Cl)Cl,33
(1r),Cc1cccc(C)c1/C=C(/B1OC(C)(C)C(C)(C)O1)N1CCOC1=O,10-1039_c9sc04534a,128,[2H]C(Cl)(Cl)Cl,29.44
(1s),CC1(C)OB(/C(=C/c2ccccc2)N(Cc2ccccc2)S(C)(=O)=O)OC1(C)C,10-1039_c9sc04534a,128,[2H]C(Cl)(Cl)Cl,29.76
tetradeuteroxydiboron,[2H]OB(O[2H])B(O[2H])O[2H],10-1007_s11426-021-1049-9,128,[2H]C([2H])([2H])S(=O)C([2H])([2H])[2H],31.35
1k,C/C(=C\c1ccccc1)C(O)/C(=C/c1ccccc1)B1OC(C)(C)C(C)(C)O1,10-1039_c3sc51616d,128,[2H]C(Cl)(Cl)Cl,30.5
2n,CCC1OC1(C)C(O)C1(B2OC(C)(C)C(C)(C)O2)OC1C(C)(C)C,10-1039_c3sc51616d,128,[2H]C(Cl)(Cl)Cl,30
4c,CC(C)[C@@H]1CC[C@@H](C)C[C@H]1OCc1ccc(C(CB2OC(C)(C)C(C)(C)O2)c2c(F)c(F)c(C#N)c(F)c2F)cc1,10-1039_d2sc06472c,96,[2H]C(Cl)(Cl)Cl,33.4
,CC1(C)OB(CC(B2OC(C)(C)C(C)(C)O2)c2ccc(C(F)(F)F)cc2)OC1(C)C,10-1039_d5gc00743g,,[2H]C(Cl)(Cl)Cl,33.8
(3d),F[B-]1(c2ccccc2)n2c(Nc3ccc(N(c4ccccc4)c4ccccc4)cc3)ccc2C(c2ccccc2)=C2C=CC(Cl)=[N+]21,10-1038_s41467-024-55796-5,128,[2H]C(Cl)(Cl)Cl,3.82
(3e),F[B-]1(c2ccccc2)n2c(Nc3ccc(C(F)(F)F)cc3)ccc2C(c2ccccc2)=C2C=CC(Cl)=[N+]21,10-1038_s41467-024-55796-5,128,[2H]C(Cl)(Cl)Cl,3.15
(3f),F[B-]1(c2ccccc2)n2c(Nc3ccc(Br)cc3)ccc2C(c2ccccc2)=C2C=CC(Cl)=[N+]21,10-1038_s41467-024-55796-5,128,[2H]C(Cl)(Cl)Cl,3.29
(3g),CCOC(=O)c1ccc(Nc2ccc3n2[B-](F)(c2ccccc2)[N+]2=C(Cl)C=CC2=C3c2ccccc2)cc1,10-1038_s41467-024-55796-5,128,[2H]C(Cl)(Cl)Cl,3.87
(3h),C#Cc1ccc(Nc2ccc3n2[B-](F)(c2ccccc2)[N+]2=C(Cl)C=CC2=C3c2ccccc2)cc1,10-1038_s41467-024-55796-5,128,[2H]C(Cl)(Cl)Cl,3.97
(3i),OCc1ccc(Nc2ccc3n2[B-](F)(c2ccccc2)[N+]2=C(Cl)C=CC2=C3c2ccccc2)cc1,10-1038_s41467-024-55796-5,128,[2H]C(Cl)(Cl)Cl,3.97
(3j),COc1ccccc1Nc1ccc2n1[B-](F)(c1ccccc1)[N+]1=C(Cl)C=CC1=C2c1ccccc1,10-1038_s41467-024-55796-5,128,[2H]C(Cl)(Cl)Cl,3.45
(3k),N#Cc1ccccc1Nc1ccc2n1[B-](F)(c1ccccc1)[N+]1=C(Cl)C=CC1=C2c1ccccc1,10-1038_s41467-024-55796-5,128,[2H]C(Cl)(Cl)Cl,3.89
(3l),Cc1cccc(Nc2ccc3n2[B-](F)(c2ccccc2)[N+]2=C(Cl)C=CC2=C3c2ccccc2)c1,10-1038_s41467-024-55796-5,128,[2H]C(Cl)(Cl)Cl,3.15
(3m),F[B-]1(c2ccccc2)n2c(Nc3cccc(Br)c3)ccc2C(c2ccccc2)=C2C=CC(Cl)=[N+]21,10-1038_s41467-024-55796-5,128,[2H]C(Cl)(Cl)Cl,3.31
(3n),F[B-]1(c2ccccc2)n2c(Nc3cccc(Cl)c3Cl)ccc2C(c2ccccc2)=C2C=CC(Cl)=[N+]21,10-1038_s41467-024-55796-5,128,[2H]C(Cl)(Cl)Cl,4.11
(3o),N#Cc1c(Br)cccc1Nc1ccc2n1[B-](F)(c1ccccc1)[N+]1=C(Cl)C=CC1=C2c1ccccc1,10-1038_s41467-024-55796-5,128,[2H]C(Cl)(Cl)Cl,3.52
(3p),COc1ccc(Br)c(Nc2ccc3n2[B-](F)(c2ccccc2)[N+]2=C(Cl)C=CC2=C3c2ccccc2)c1,10-1038_s41467-024-55796-5,128,[2H]C(Cl)(Cl)Cl,3.94
(3q),F[B-]1(c2ccccc2)n2c(Nc3ccc4ccccc4c3)ccc2C(c2ccccc2)=C2C=CC(Cl)=[N+]21,10-1038_s41467-024-55796-5,128,[2H]C(Cl)(Cl)Cl,3.61
(3r),F[B-]1(c2ccccc2)n2c(Nc3cc4cccc5ccc6cccc3c6c54)ccc2C(c2ccccc2)=C2C=CC(Cl)=[N+]21,10-1038_s41467-024-55796-5,128,[2H]C(Cl)(Cl)Cl,4.01
3t,F[B-]1(c2ccccc2)n2c(Nc3ccc4sccc4c3)ccc2C(c2ccccc2)=C2C=CC(Cl)=[N+]21,10-1038_s41467-024-55796-5,128,[2H]C(Cl)(Cl)Cl,3.42
3u,F[B-]1(c2ccccc2)n2c(Nc3ccc4[nH]ccc4c3)ccc2C(c2ccccc2)=C2C=CC(Cl)=[N+]21,10-1038_s41467-024-55796-5,128,[2H]C(Cl)(Cl)Cl,3.88
3v,CCn1c2ccccc2c2cc(Nc3ccc4n3[B-](F)(c3ccccc3)[N+]3=C(Cl)C=CC3=C4c3ccccc3)ccc21,10-1038_s41467-024-55796-5,128,[2H]C(Cl)(Cl)Cl,3.62
3w,F[B-]1(c2ccccc2)n2c(Nc3ccc4ncccc4c3)ccc2C(c2ccccc2)=C2C=CC(Cl)=[N+]21,10-1038_s41467-024-55796-5,128,[2H]C(Cl)(Cl)Cl,3.96
3x,F[B-]1(c2ccccc2)n2c(Nc3nc(Cl)cc(Cl)n3)ccc2C(c2ccccc2)=C2C=CC(Cl)=[N+]21,10-1038_s41467-024-55796-5,128,[2H]C(Cl)(Cl)Cl,3.93
3y,CC(=O)Nc1ccc2n1[B-](F)(c1ccccc1)[N+]1=C(Cl)C=CC1=C2c1ccccc1,10-1038_s41467-024-55796-5,128,[2H]C(Cl)(Cl)Cl,1.26
3z,CCC(=O)Nc1ccc2n1[B-](F)(c1ccccc1)[N+]1=C(Cl)C=CC1=C2c1ccccc1,10-1038_s41467-024-55796-5,128,[2H]C(Cl)(Cl)Cl,3.24
3aa,O=C(Nc1ccc2n1[B-](F)(c1ccccc1)[N+]1=C(Cl)C=CC1=C2c1ccccc1)c1ccccc1,10-1038_s41467-024-55796-5,128,[2H]C(Cl)(Cl)Cl,3.39
3ab,CC(C)(C)NC(=O)Oc1ccc2n1[B-](F)(c1ccccc1)[N+]1=C(Cl)C=CC1=C2c1ccccc1,10-1038_s41467-024-55796-5,128,[2H]C(Cl)(Cl)Cl,3.81
3ac,O=C(NCc1ccccc1)Oc1ccc2n1[B-](F)(c1ccccc1)[N+]1=C(Cl)C=CC1=C2c1ccccc1,10-1038_s41467-024-55796-5,128,[2H]C(Cl)(Cl)Cl,3.28
3ad,O=S1(=Nc2ccc3n2[B-](F)(c2ccccc2)[N+]2=C(Cl)C=CC2=C3c2ccccc2)c2ccccc2-c2ccccc21,10-1038_s41467-024-55796-5,128,[2H]C(Cl)(Cl)Cl,3.7
3ae,F[B-]1(c2ccccc2)n2c(Nc3ccc(Nc4ccc5n4[B-](F)(c4ccccc4)[N+]4=C(Cl)C=CC4=C5c4ccccc4)cc3)ccc2C(c2ccccc2)=C2C=CC(Cl)=[N+]21,10-1038_s41467-024-55796-5,128,[2H]C(Cl)(Cl)Cl,3.44
4a,Cc1ccc(Nc2ccc3n2[B-](F)(c2ccccc2)[N+]2=C(Cl)C=CC2=C3c2c(C)cc(C)cc2C)cc1,10-1038_s41467-024-55796-5,128,[2H]C(Cl)(Cl)Cl,4.03
4b,Cc1ccc(Nc2ccc3n2[B-](F)(c2ccccc2)[N+]2=C(Cl)C=CC2=C3c2ccc(Cl)cc2)cc1,10-1038_s41467-024-55796-5,128,[2H]C(Cl)(Cl)Cl,-3.75
4c,Cc1ccc(Nc2ccc3n2[B-](F)(c2ccccc2)[N+]2=C(Cl)C=CC2=C3c2cccc(C(F)(F)F)c2)cc1,10-1038_s41467-024-55796-5,128,[2H]C(Cl)(Cl)Cl,3.76
4d,Cc1ccc(Nc2ccc3n2[B-](F)(c2ccccc2)[N+]2=C(Cl)C=CC2=C3c2ccsc2)cc1,10-1038_s41467-024-55796-5,128,[2H]C(Cl)(Cl)Cl,3.51
4e,Cc1ccc(Nc2ccc3n2[B-](F)(c2ccc4ccccc4c2)[N+]2=C(Cl)C=CC2=C3c2ccccc2)cc1,10-1038_s41467-024-55796-5,128,[2H]C(Cl)(Cl)Cl,2.91
4f,Cc1ccc(Nc2ccc3n2[B-](F)(c2ccc(F)cc2)[N+]2=C(Cl)C=CC2=C3c2ccccc2)cc1,10-1038_s41467-024-55796-5,128,[2H]C(Cl)(Cl)Cl,3.39
4g,Cc1ccc(NC2C=CC3=C(c4ccccc4)C4C=CC(Cl)=[N+]4[B-](F)(c4ccc(C#N)cc4)N32)cc1,10-1038_s41467-024-55796-5,128,[2H]C(Cl)(Cl)Cl,3.71
4h,Cc1ccc(Nc2ccc3n2[B-](F)(c2ccsc2)[N+]2=C(Cl)C=CC2=C3c2ccccc2)cc1,10-1038_s41467-024-55796-5,128,[2H]C(Cl)(Cl)Cl,2.59
4i,Cc1ccc(Nc2ccc3n2[B-](C)(c2ccccc2)[N+]2=C(Cl)C=CC2=C3c2ccccc2)cc1,10-1038_s41467-024-55796-5,128,[2H]C(Cl)(Cl)Cl,0.17
4j,CO[B-]1(c2ccccc2)n2c(Nc3ccc(C)cc3)ccc2C(c2ccccc2)=C2C=CC(Cl)=[N+]21,10-1038_s41467-024-55796-5,128,[2H]C(Cl)(Cl)Cl,3.06
5a,COc1ccc(Nc2ccc3n2[B-](F)(c2ccccc2)[N+]2=C(Nc4ccc(C)cc4)C=CC2=C3c2ccccc2)cc1,10-1038_s41467-024-55796-5,128,[2H]C(Cl)(Cl)Cl,3.12
5b,Cc1ccc(NC2=[N+]3C(=C(c4ccccc4)c4ccc(Nc5ccc6ccccc6c5)n4[B-]3(F)c3ccccc3)C=C2)cc1,10-1038_s41467-024-55796-5,128,[2H]C(Cl)(Cl)Cl,3.07
5c,Cc1ccc(NC2=[N+]3C(=C(c4ccccc4)c4ccc(Nc5ccc6sccc6c5)n4[B-]3(F)c3ccccc3)C=C2)cc1,10-1038_s41467-024-55796-5,128,[2H]C(Cl)(Cl)Cl,3.04
5d,COc1cc(OC)nc(Nc2ccc3n2[B-](F)(c2ccccc2)[N+]2=C(Nc4ccc(C)cc4)C=CC2=C3c2ccccc2)n1,10-1038_s41467-024-55796-5,128,[2H]C(Cl)(Cl)Cl,3.59
1b,Cc1cc(C)c(C2=C3C=CC(Cl)=[N+]3[B-](F)(c3ccccc3)n3c(Cl)ccc32)c(C)c1,10-1038_s41467-024-55796-5,128,[2H]C(Cl)(Cl)Cl,3.78
1f,F[B-]1(c2ccc3ccccc3c2)n2c(Cl)ccc2C(c2ccccc2)=C2C=CC(Cl)=[N+]21,10-1038_s41467-024-55796-5,128,[2H]C(Cl)(Cl)Cl,4.04
1k,CO[B-]1(c2ccccc2)n2c(Cl)ccc2C(c2ccccc2)=C2C=CC(Cl)=[N+]21,10-1038_s41467-024-55796-5,128,[2H]C(Cl)(Cl)Cl,3.75
(Z)-3c,Cc1ccc(NC2=[N+]3C(=C(c4ccccc4)c4ccc(NCc5ccccc5)n4[B-]3(F)c3ccccc3)C=C2)cc1,10-1038_s41467-024-55796-5,128,[2H]C(Cl)(Cl)Cl,3.42
(Z)-3d,Cc1ccc(NC2=[N+]3C(=C(c4ccccc4)c4ccc(NC5CCCCC5)n4[B-]3(F)c3ccccc3)C=C2)cc1,10-1038_s41467-024-55796-5,128,[2H]C(Cl)(Cl)Cl,2.88
(Z)-3e,COc1ccc(C2=[N+]3C(=C(c4ccccc4)c4ccc(Nc5ccc(C)cc5)n4[B-]3(F)c3ccccc3)C=C2)cc1,10-1038_s41467-024-55796-5,128,[2H]C(Cl)(Cl)Cl,4.63
(Z)-3f,Cc1ccc(Nc2ccc3n2[B-](F)(c2ccccc2)[N+]2=C(c4ccc5ccc6cccc7ccc4c5c67)C=CC2=C3c2ccccc2)cc1,10-1038_s41467-024-55796-5,128,[2H]C(Cl)(Cl)Cl,3.83
4f,CC(C)(C)OC(=O)N1CCC([C@H](CCCCc2ccccc2)B2OC(C)(C)C(C)(C)O2)CC1,s41557-020-00576-z,128,[2H]C(Cl)(Cl)Cl,36.14
1ap,CCO[B-]1(c2ccccc2)n2c(Cl)ccc2C(c2ccccc2)=C2C=CC(Cl)=[N+]21,s41557-024-01649-z,128,[2H]C(Cl)(Cl)Cl,3.81
1aq,ClC1=[N+]2C(=C(c3ccccc3)c3ccc(Cl)n3[B-]2(OCc2ccccc2)c2ccccc2)C=C1,s41557-024-01649-z,128,[2H]C(Cl)(Cl)Cl,5.42
3a,Cc1ccc(C2=[N+]3C(=C(c4ccccc4)c4ccc(Cl)n4[B-]3(F)c3ccccc3)C=C2)cc1,s41557-024-01649-z,128,[2H]C(Cl)(Cl)Cl,4.08
3b,F[B-]1(c2ccccc2)n2c(Cl)ccc2C(c2ccccc2)=C2C=CC(c3ccccc3)=[N+]21,s41557-024-01649-z,128,[2H]C(Cl)(Cl)Cl,4.58
3c,Cc1ccccc1C1=[N+]2C(=C(c3ccccc3)c3ccc(Cl)n3[B-]2(F)c2ccccc2)C=C1,s41557-024-01649-z,128,[2H]C(Cl)(Cl)Cl,3.9
3d,COc1cccc(C2=[N+]3C(=C(c4ccccc4)c4ccc(Cl)n4[B-]3(F)c3ccccc3)C=C2)c1,s41557-024-01649-z,128,[2H]C(Cl)(Cl)Cl,4.57
3e,Cc1cccc(C2=[N+]3C(=C(c4ccccc4)c4ccc(Cl)n4[B-]3(F)c3ccccc3)C=C2)c1,s41557-024-01649-z,128,[2H]C(Cl)(Cl)Cl,4.3
3g,F[B-]1(c2ccccc2)n2c(ccc2-c2ccc(OCc3ccccc3)cc2)C(c2ccccc2)=C2C=CC(Cl)=[N+]21,s41557-024-01649-z,128,[2H]C(Cl)(Cl)Cl,4.4
3h,CC(C)(C)[Si](C)(C)Oc1ccc(-c2ccc3n2[B-](F)(c2ccccc2)[N+]2=C(Cl)C=CC2=C3c2ccccc2)cc1,s41557-024-01649-z,128,[2H]C(Cl)(Cl)Cl,4.3
3i,F[B-]1(c2ccccc2)n2c(ccc2-c2ccc(N(c3ccccc3)c3ccccc3)cc2)C(c2ccccc2)=C2C=CC(Cl)=[N+]21,s41557-024-01649-z,128,[2H]C(Cl)(Cl)Cl,4.22
3j,CSc1ccc(C2=[N+]3C(=C(c4ccccc4)c4ccc(Cl)n4[B-]3(F)c3ccccc3)C=C2)cc1,s41557-024-01649-z,128,[2H]C(Cl)(Cl)Cl,4.45
3k,F[B-]1(c2ccccc2)n2c(Cl)ccc2C(c2ccccc2)=C2C=CC(c3ccc(Cl)cc3)=[N+]21,s41557-024-01649-z,128,[2H]C(Cl)(Cl)Cl,4.03
3l,F[B-]1(c2ccccc2)n2c(ccc2-c2ccc(Br)cc2)C(c2ccccc2)=C2C=CC(Cl)=[N+]21,s41557-024-01649-z,128,[2H]C(Cl)(Cl)Cl,3.6
3m,COC(=O)c1ccc(-c2ccc3n2[B-](F)(c2ccccc2)[N+]2=C(Cl)C=CC2=C3c2ccccc2)cc1,s41557-024-01649-z,128,[2H]C(Cl)(Cl)Cl,4.44
3n,F[B-]1(c2ccccc2)n2c(Cl)ccc2C(c2ccccc2)=C2C=CC(c3ccc4ccccc4c3)=[N+]21,s41557-024-01649-z,128,[2H]C(Cl)(Cl)Cl,4.25
3p,F[B-]1(c2ccccc2)n2c(Cl)ccc2C(c2ccccc2)=C2C=CC(c3ccoc3)=[N+]21,s41557-024-01649-z,128,[2H]C(Cl)(Cl)Cl,4.37
3q,F[B-]1(c2ccccc2)n2c(ccc2-c2ccc3c(c2)OCO3)C(c2ccccc2)=C2C=CC(Cl)=[N+]21,s41557-024-01649-z,128,[2H]C(Cl)(Cl)Cl,3.85
3r,F[B-]1(c2ccccc2)n2c(ccc2-c2csc3ccccc23)C(c2ccccc2)=C2C=CC(Cl)=[N+]21,s41557-024-01649-z,128,[2H]C(Cl)(Cl)Cl,4.18
3s,CC(C)(C)OC(=O)n1cccc1-c1ccc2n1[B-](F)(c1ccccc1)[N+]1=C(Cl)C=CC1=C2c1ccccc1,s41557-024-01649-z,128,[2H]C(Cl)(Cl)Cl,3.93
3t,F[B-]1(c2ccccc2)n2c(Cl)ccc2C(c2ccccc2)=C2C=CC(c3ccc4[nH]ccc4c3)=[N+]21,s41557-024-01649-z,128,[2H]C(Cl)(Cl)Cl,4.29
3u,F[B-]1(c2ccccc2)n2c(Cl)ccc2C(c2ccccc2)=C2C=CC(/C=C/c3ccccc3)=[N+]21,s41557-024-01649-z,128,[2H]C(Cl)(Cl)Cl,4.19
3v,F[B-]1(c2ccccc2)n2c(Cl)ccc2C(c2ccccc2)=C2C=CC(C#Cc3ccccc3)=[N+]21,s41557-024-01649-z,128,[2H]C(Cl)(Cl)Cl,4.14
3w,F[B-]1(c2ccccc2)n2c(Cl)ccc2C(c2ccccc2)=C2C=CC(C3CC3)=[N+]21,s41557-024-01649-z,128,[2H]C(Cl)(Cl)Cl,3.97
3x,CCCCc1ccc2n1[B-](F)(c1ccccc1)[N+]1=C(Cl)C=CC1=C2c1ccccc1,s41557-024-01649-z,128,[2H]C(Cl)(Cl)Cl,4.13
3y,CC1=[N+]2C(=C(c3ccccc3)c3ccc(Cl)n3[B-]2(F)c2ccccc2)C=C1,s41557-024-01649-z,128,[2H]C(Cl)(Cl)Cl,3.75
3z,COc1ccc(C2=C3C=CC(c4ccc(C)cc4)=[N+]3[B-](F)(c3ccccc3)n3c(Cl)ccc32)cc1,s41557-024-01649-z,128,[2H]C(Cl)(Cl)Cl,4.08
3aa,Cc1ccc(C2=[N+]3C(=C(c4ccc(Cl)cc4)c4ccc(Cl)n4[B-]3(F)c3ccccc3)C=C2)cc1,s41557-024-01649-z,128,[2H]C(Cl)(Cl)Cl,4.45
3ab,COc1cccc(C2=C3C=CC(c4ccc(C)cc4)=[N+]3[B-](F)(c3ccccc3)n3c(Cl)ccc32)c1,s41557-024-01649-z,128,[2H]C(Cl)(Cl)Cl,4.4
3ac,Cc1ccc(C2=[N+]3C(=C(c4cccc(C(F)(F)F)c4)c4ccc(Cl)n4[B-]3(F)c3ccccc3)C=C2)cc1,s41557-024-01649-z,128,[2H]C(Cl)(Cl)Cl,4.06
3ad,Cc1ccc(C2=[N+]3C(=C(c4c(C)cc(C)cc4C)c4ccc(Cl)n4[B-]3(F)c3ccccc3)C=C2)cc1,s41557-024-01649-z,128,[2H]C(Cl)(Cl)Cl,4.61
3ae,Cc1ccc(C2=[N+]3C(=C(c4ccsc4)c4ccc(Cl)n4[B-]3(F)c3ccccc3)C=C2)cc1,s41557-024-01649-z,128,[2H]C(Cl)(Cl)Cl,4.48
3af,Cc1ccc(C2=[N+]3C(=C(c4ccccc4)c4ccc(Cl)n4[B-]3(F)c3ccc(C#N)cc3)C=C2)cc1,s41557-024-01649-z,128,[2H]C(Cl)(Cl)Cl,3.58
3ag,Cc1ccc(C2=[N+]3C(=C(c4ccccc4)c4ccc(Cl)n4[B-]3(F)c3ccc(F)cc3)C=C2)cc1,s41557-024-01649-z,128,[2H]C(Cl)(Cl)Cl,4.06
3ah,Cc1ccc(C2=[N+]3C(=C(c4ccccc4)c4ccc(Cl)n4[B-]3(F)c3ccc4ccccc4c3)C=C2)cc1,s41557-024-01649-z,128,[2H]C(Cl)(Cl)Cl,4.53
3aj,C=C[B-]1(F)n2c(Cl)ccc2C(c2ccccc2)=C2C=CC(c3ccc(C)cc3)=[N+]21,s41557-024-01649-z,128,[2H]C(Cl)(Cl)Cl,3.6
3ak,Cc1ccc(C2=[N+]3C(=C(c4ccccc4)c4ccc(Cl)n4[B-]3(F)CBr)C=C2)cc1,s41557-024-01649-z,128,[2H]C(Cl)(Cl)Cl,3.86
3al,Cc1ccc(C2=[N+]3C(=C(c4ccccc4)c4ccc(Cl)n4[B-]3(C#N)c3ccccc3)C=C2)cc1,s41557-024-01649-z,128,[2H]C(Cl)(Cl)Cl,-6.56
3am,Cc1ccc(C2=[N+]3C(=C(c4ccccc4)c4ccc(Cl)n4[B-]3(C)c3ccccc3)C=C2)cc1,s41557-024-01649-z,128,[2H]C(Cl)(Cl)Cl,3.26
3an,CC[B-]1(c2ccccc2)n2c(Cl)ccc2C(c2ccccc2)=C2C=CC(c3ccc(C)cc3)=[N+]21,s41557-024-01649-z,128,[2H]C(Cl)(Cl)Cl,4.01
3ao,CO[B-]1(c2ccccc2)n2c(Cl)ccc2C(c2ccccc2)=C2C=CC(c3ccc(C)cc3)=[N+]21,s41557-024-01649-z,128,[2H]C(Cl)(Cl)Cl,4.62
3ap,CCO[B-]1(c2ccccc2)n2c(Cl)ccc2C(c2ccccc2)=C2C=CC(c3ccc(C)cc3)=[N+]21,s41557-024-01649-z,128,[2H]C(Cl)(Cl)Cl,4.92
3aq,Cc1ccc(C2=[N+]3C(=C(c4ccccc4)c4ccc(Cl)n4[B-]3(OCc3ccccc3)c3ccccc3)C=C2)cc1,s41557-024-01649-z,128,[2H]C(Cl)(Cl)Cl,5.06
4a,COC(=O)/C=C/c1ccc2n1[B-](F)(c1ccccc1)[N+]1=C(c3ccc(C)cc3)C=CC1=C2c1ccccc1,s41557-024-01649-z,128,[2H]C(Cl)(Cl)Cl,4.75
4b,Cc1ccc(C2=[N+]3C(=C(c4ccccc4)c4ccc(/C=C/c5ccccc5)n4[B-]3(F)c3ccccc3)C=C2)cc1,s41557-024-01649-z,128,[2H]C(Cl)(Cl)Cl,4.8
4c,COc1ccc(-c2ccc3n2[B-](F)(c2ccccc2)[N+]2=C(c4ccc(C)cc4)C=CC2=C3c2ccccc2)cc1,s41557-024-01649-z,128,[2H]C(Cl)(Cl)Cl,4.36
1a,F[B-]1(c2ccccc2)n2c(Cl)ccc2C(c2ccccc2)=C2C=CC(Cl)=[N+]21,s41557-024-01649-z,128,[2H]C(Cl)(Cl)Cl,3.75
1z,COc1ccc(C2=C3C=CC(Cl)=[N+]3[B-](F)(c3ccccc3)n3c(Cl)ccc32)cc1,s41557-024-01649-z,128,[2H]C(Cl)(Cl)Cl,5.62
1aa,F[B-]1(c2ccccc2)n2c(Cl)ccc2C(c2ccc(Cl)cc2)=C2C=CC(Cl)=[N+]21,s41557-024-01649-z,128,[2H]C(Cl)(Cl)Cl,4.02
1ab,COc1cccc(C2=C3C=CC(Cl)=[N+]3[B-](F)(c3ccccc3)n3c(Cl)ccc32)c1,s41557-024-01649-z,128,[2H]C(Cl)(Cl)Cl,4.2
1ac,F[B-]1(c2ccccc2)n2c(Cl)ccc2C(c2cccc(C(F)(F)F)c2)=C2C=CC(Cl)=[N+]21,s41557-024-01649-z,128,[2H]C(Cl)(Cl)Cl,4.26
1ae,F[B-]1(c2ccccc2)n2c(Cl)ccc2C(c2ccsc2)=C2C=CC(Cl)=[N+]21,s41557-024-01649-z,128,[2H]C(Cl)(Cl)Cl,3.84
1af,N#Cc1ccc([B-]2(F)n3c(Cl)ccc3C(c3ccccc3)=C3C=CC(Cl)=[N+]32)cc1,s41557-024-01649-z,128,[2H]C(Cl)(Cl)Cl,3.68
1ag,Fc1ccc([B-]2(F)n3c(Cl)ccc3C(c3ccccc3)=C3C=CC(Cl)=[N+]32)cc1,s41557-024-01649-z,128,[2H]C(Cl)(Cl)Cl,2.37
1ai,F[B-]1(c2ccsc2)n2c(Cl)ccc2C(c2ccccc2)=C2C=CC(Cl)=[N+]21,s41557-024-01649-z,128,[2H]C(Cl)(Cl)Cl,3.28
1aj,C=C[B-]1(F)n2c(Cl)ccc2C(c2ccccc2)=C2C=CC(Cl)=[N+]21,s41557-024-01649-z,128,[2H]C(Cl)(Cl)Cl,3.13
1ak,F[B-]1(CBr)n2c(Cl)ccc2C(c2ccccc2)=C2C=CC(Cl)=[N+]21,s41557-024-01649-z,128,[2H]C(Cl)(Cl)Cl,3.64
1al,N#C[B-]1(c2ccccc2)n2c(Cl)ccc2C(c2ccccc2)=C2C=CC(Cl)=[N+]21,s41557-024-01649-z,128,[2H]C(Cl)(Cl)Cl,-7.31
1am,C[B-]1(c2ccccc2)n2c(Cl)ccc2C(c2ccccc2)=C2C=CC(Cl)=[N+]21,s41557-024-01649-z,128,[2H]C(Cl)(Cl)Cl,1.99
1an,CC[B-]1(c2ccccc2)n2c(Cl)ccc2C(c2ccccc2)=C2C=CC(Cl)=[N+]21,s41557-024-01649-z,128,[2H]C(Cl)(Cl)Cl,2.13
4d,Cc1ccc(C2=[N+]3C(=C(c4ccccc4)c4ccc(-c5ccc(C=O)cc5)n4[B-]3(F)c3ccccc3)C=C2)cc1,s41557-024-01649-z,128,[2H]C(Cl)(Cl)Cl,4.04
4e,Cc1ccc(-c2ccc3n2[B-](F)(c2ccccc2)[N+]2=C(C#C[Si](C(C)C)(C(C)C)C(C)C)C=CC2=C3c2ccccc2)cc1,s41557-024-01649-z,128,[2H]C(Cl)(Cl)Cl,4.6
4f,COC(=O)C(C(=O)OC)c1ccc2n1[B-](F)(c1ccccc1)[N+]1=C(c3ccc(C)cc3)C=CC1=C2c1ccccc1,s41557-024-01649-z,128,[2H]C(Cl)(Cl)Cl,4.32
4g,Cc1ccc(C2=[N+]3C(=C(c4ccccc4)c4ccc(Oc5ccccc5)n4[B-]3(F)c3ccccc3)C=C2)cc1,s41557-024-01649-z,128,[2H]C(Cl)(Cl)Cl,4.33
4h,COc1ccc(Sc2ccc3n2[B-](F)(c2ccccc2)[N+]2=C(c4ccc(C)cc4)C=CC2=C3c2ccccc2)cc1,s41557-024-01649-z,128,[2H]C(Cl)(Cl)Cl,4.25
4i,COC(=O)CSc1ccc2n1[B-](F)(c1ccccc1)[N+]1=C(c3ccc(C)cc3)C=CC1=C2c1ccccc1,s41557-024-01649-z,128,[2H]C(Cl)(Cl)Cl,4.05
4j,Cc1ccc(C2=[N+]3C(=C(c4ccccc4)c4ccc([Se]c5ccccc5)n4[B-]3(F)c3ccccc3)C=C2)cc1,s41557-024-01649-z,128,[2H]C(Cl)(Cl)Cl,4.65
4k,COc1ccc(Nc2ccc3n2[B-](F)(c2ccccc2)[N+]2=C(c4ccc(C)cc4)C=CC2=C3c2ccccc2)cc1,s41557-024-01649-z,128,[2H]C(Cl)(Cl)Cl,3.7
4l,Cc1ccc(C2=[N+]3C(=C(c4ccccc4)c4ccc(-n5cccn5)n4[B-]3(F)c3ccccc3)C=C2)cc1,s41557-024-01649-z,128,[2H]C(Cl)(Cl)Cl,4.76
2a,C#CC[B-]1(CC#C)c2ccccc2-c2ccc(-c3ccccc3)c[n+]21,s41929-025-01352-3,128,[2H]C(Cl)(Cl)Cl,-0.6
2b,C#CC[B-]1(CC#C)c2ccccc2-c2ccc(N(c3ccccc3)c3ccccc3)c[n+]21,s41929-025-01352-3,128,[2H]C(Cl)(Cl)Cl,-0.8
2e,C#CC[B-]1(CC#C)c2cc(N(c3ccccc3)c3ccccc3)ccc2-c2cccc[n+]21,s41929-025-01352-3,128,[2H]C(Cl)(Cl)Cl,-1.2
3a,CC#CC[B-]1(CC#CC)c2ccccc2-c2ccc(-c3ccccc3)c[n+]21,s41929-025-01352-3,128,[2H]C(Cl)(Cl)Cl,-0.6
3b,CC#CC[B-]1(CC#CC)c2ccccc2-c2ccc(N(c3ccccc3)c3ccccc3)c[n+]21,s41929-025-01352-3,128,[2H]C(Cl)(Cl)Cl,0.7
3c,CC#CC[B-]1(CC#CC)c2ccccc2-c2ccc(N3CCCCCC3)c[n+]21,s41929-025-01352-3,128,[2H]C(Cl)(Cl)Cl,-1.2
3e,CC#CC[B-]1(CC#CC)c2cc(N(c3ccccc3)c3ccccc3)ccc2-c2cccc[n+]21,s41929-025-01352-3,128,[2H]C(Cl)(Cl)Cl,-1.1
9c,COc1ccc(-c2nc(C)c3c(c2C)C[B-]2(C3)c3ccccc3-c3ccc(N4CCCCCC4)c[n+]32)cc1,s41929-025-01352-3,128,[2H]C(Cl)(Cl)Cl,4.9
9g,Cc1nc(-c2ccsc2)c(C)c2c1C[B-]1(C2)c2cc(C(C)(C)C)ccc2-c2cccc[n+]21,s41929-025-01352-3,128,[2H]C(Cl)(Cl)Cl,4.4
9i,C=CC1=C2C[B-]3(CC2=C(C=C)[C@@H](c2ccc(C(F)(F)F)cc2)N1)N1CC=CC1c1ccc(-c2ccccc2)c[n+]13,s41929-025-01352-3,128,[2H]C([2H])(Cl)Cl,7.4
(Z)-3d,Cc1nc(-c2ccccc2)c(C)c2c1C[B-]1(C2)c2ccccc2-c2ccc(N(c3ccccc3)c3ccccc3)c[n+]21,s41929-025-01352-3,128,[2H]C(Cl)(Cl)Cl,6
(Z)-3f,CCCCN(CCCC)c1ccc2[n+](c1)[B-]1(Cc3c(CC)nc(-c4ccc(OC)cc4)c(CC)c3C1)c1ccccc1-2,s41929-025-01352-3,128,[2H]C(Cl)(Cl)Cl,4.9
(Z)-3g,Cc1nc(-c2ccccc2)c(C)c2c1C[B-]1(C2)c2cc(N(c3ccccc3)c3ccccc3)ccc2-c2cccc[n+]21,s41929-025-01352-3,128,[2H]C(Cl)(Cl)Cl,6.1
3d,CCC#CC[B-]1(CC#CCC)c2cc(N(CCCC)CCCC)ccc2-c2cccc[n+]21,s41929-025-01352-3,128,[2H]C(Cl)(Cl)Cl,0.2
3h,C=CC#CC[B-]1(CC#CC=C)n2cccc2-c2ccc(-c3ccccc3)c[n+]21,s41929-025-01352-3,128,[2H]C(Cl)(Cl)Cl,3.4
2e,CN1c2nccc[n+]2C[B-]12C1CCCC2CCC1,10-1039_c4cc09508a,130,[2H]C(Cl)(Cl)Cl,-3.14
6,c1ccc(CN2c3nccc[n+]3C[B-]23C2CCCC3CCC2)cc1,10-1039_c4cc09508a,130,[2H]C(Cl)(Cl)Cl,-1.44
3b,C[N+]12CC(=O)O[B-]1(c1cccc(B3Nc4cccc5cccc(c45)N3)c1)OC(=O)C2,10-1039_c5cc00231a,128,[2H]C(Cl)(Cl)Cl,12.0;31.3
3c,C[N+]12CC(=O)O[B-]1(c1ccc(B3Nc4cccc5cccc(c45)N3)cc1)OC(=O)C2,10-1039_c5cc00231a,128,[2H]C(Cl)(Cl)Cl,11.9;31.0
18a,Cc1cc(C)c(B2OC(C)(C)C(C)(C)O2)c(C)c1,10-1039_c5cc04944j,128,[2H]C(Cl)(Cl)Cl,32.3
27,c1ccc([B-]2(c3ccccc3)c3sccc3-c3cccc[n+]32)cc1,10-1039_c8sc02281j,160,[2H]C([2H])([2H])C(=O)C([2H])([2H])[2H],3.06
39,COc1ccc([B-]2(c3ccc(C(F)(F)F)cc3)c3ccccc3Nc3cccc[n+]32)cc1,10-1039_c8sc02281j,160,[2H]C([2H])([2H])C(=O)C([2H])([2H])[2H],-1.53
40,COc1ccc([B-]2(c3cc(F)c(F)c(F)c3)c3ccccc3Nc3cccc[n+]32)cc1,10-1039_c8sc02281j,160,[2H]C([2H])([2H])C(=O)C([2H])([2H])[2H],-1.97
41,Cc1cc(C)cc([B-]2(c3cc(C(F)(F)F)cc(C(F)(F)F)c3)c3ccccc3Nc3cccc[n+]32)c1,10-1039_c8sc02281j,160,[2H]C([2H])([2H])C(=O)C([2H])([2H])[2H],-1.74
42,FC(F)(F)c1ccc([B-]2(c3cccs3)c3ccccc3Nc3cccc[n+]32)cc1,10-1039_c8sc02281j,160,[2H]C([2H])([2H])S(=O)C([2H])([2H])[2H],-3.37
43,FC(F)(F)c1cc([B-]2(c3cc4ccccc4s3)c3ccccc3Nc3cccc[n+]32)cc(C(F)(F)F)c1,10-1039_c8sc02281j,160,[2H]C([2H])([2H])C(=O)C([2H])([2H])[2H],-3.4
44,FC(F)(F)c1cc([B-]2(c3ccco3)c3ccccc3Nc3cccc[n+]32)cc(C(F)(F)F)c1,10-1039_c8sc02281j,160,[2H]C([2H])([2H])C(=O)C([2H])([2H])[2H],-4.61
45,FC(F)(F)c1cc([B-]2(c3cc4ccccc4o3)c3ccccc3Nc3cccc[n+]32)cc(C(F)(F)F)c1,10-1039_c8sc02281j,160,[2H]C([2H])([2H])C(=O)C([2H])([2H])[2H],-4.66
49,c1ccc2c(c1)-c1ccccc1[B-]21c2ccc3ncccc3c2Nc2cccc[n+]21,10-1039_c8sc02281j,160,[2H]C([2H])([2H])S(=O)C([2H])([2H])[2H],-1.82
54,F[B-]1(c2cc(C(F)(F)F)cc(C(F)(F)F)c2)c2ccccc2Nc2cccc[n+]21,10-1039_c8sc02281j,160,[2H]C([2H])([2H])C(=O)C([2H])([2H])[2H],3.51
3,c1ccc([B-]2(c3ccccc3)c3ccccc3Nc3cccc[n+]32)cc1,10-1039_c8sc02281j,160,[2H]C([2H])([2H])C(=O)C([2H])([2H])[2H],-1.21
4,F[B-]1(c2ccccc2)c2ccccc2Nc2cccc[n+]21,10-1039_c8sc02281j,160,[2H]C([2H])([2H])C(=O)C([2H])([2H])[2H],4.23
5,Cc1ccc2c(c1)[B-](c1ccccc1)(c1ccccc1)[n+]1ccccc1N2,10-1039_c8sc02281j,160,[2H]C(Cl)(Cl)Cl,-0.88
6,CC(C)(C)c1ccc2c(c1)[B-](c1ccccc1)(c1ccccc1)[n+]1ccccc1N2,10-1039_c8sc02281j,160,[2H]C(Cl)(Cl)Cl,-0.77
7,CC(C)c1ccc2c(c1)[B-](c1ccccc1)(c1ccccc1)[n+]1ccccc1N2,10-1039_c8sc02281j,160,[2H]C(Cl)(Cl)Cl,-0.66
8,Cc1ccc2c(c1C)Nc1cccc[n+]1[B-]2(c1ccccc1)c1ccccc1,10-1039_c8sc02281j,160,[2H]C([2H])([2H])C(=O)C([2H])([2H])[2H],-1.3
9,Cc1cc2c(cc1C)[B-](c1ccccc1)(c1ccccc1)[n+]1ccccc1N2,10-1039_c8sc02281j,160,[2H]C([2H])([2H])C(=O)C([2H])([2H])[2H],-1.3
10,c1ccc([B-]2(c3ccccc3)c3ccc4c(c3Nc3cccc[n+]32)CCCC4)cc1,10-1039_c8sc02281j,160,[2H]C([2H])([2H])C(=O)C([2H])([2H])[2H],-1.32
11,Fc1ccc2c(c1)[B-](c1ccccc1)(c1ccccc1)[n+]1ccccc1N2,10-1039_c8sc02281j,160,[2H]C([2H])([2H])C(=O)C([2H])([2H])[2H],-1.34
12,Clc1ccc2c(c1)[B-](c1ccccc1)(c1ccccc1)[n+]1ccccc1N2,10-1039_c8sc02281j,160,[2H]C([2H])([2H])S(=O)C([2H])([2H])[2H],-2.23
13,Brc1ccc2c(c1)[B-](c1ccccc1)(c1ccccc1)[n+]1ccccc1N2,10-1039_c8sc02281j,160,[2H]C([2H])([2H])C(=O)C([2H])([2H])[2H],-1.39
14,c1ccc(N(c2ccccc2)c2ccc3c(c2)[B-](c2ccccc2)(c2ccccc2)[n+]2ccccc2N3)cc1,10-1039_c8sc02281j,160,[2H]C([2H])([2H])C(=O)C([2H])([2H])[2H],-1.34
17,c1ccc([B-]2(c3ccccc3)c3ccc4ccccc4c3Nc3cccc[n+]32)cc1,10-1039_c8sc02281j,160,[2H]C(Cl)(Cl)Cl,-0.74
21,c1ccc(-c2ccc3c(c2)[B-](c2ccccc2)(c2ccccc2)[n+]2ccccc2N3)cc1,10-1039_c8sc02281j,160,[2H]C([2H])([2H])C(=O)C([2H])([2H])[2H],-1.08
22,Cc1cc[n+]2c(c1)Nc1ccccc1[B-]2(c1ccccc1)c1ccccc1,10-1039_c8sc02281j,160,[2H]C([2H])([2H])C(=O)C([2H])([2H])[2H],-1.55
23,Cc1ccc2[n+](c1)[B-](c1ccccc1)(c1ccccc1)c1ccccc1N2,10-1039_c8sc02281j,160,[2H]C([2H])([2H])C(=O)C([2H])([2H])[2H],-1.29
24,COc1ccc2[n+](c1)[B-](c1ccccc1)(c1ccccc1)c1ccccc1N2,10-1039_c8sc02281j,160,[2H]C([2H])([2H])C(=O)C([2H])([2H])[2H],-0.8
25,Clc1ccc2[n+](c1)[B-](c1ccccc1)(c1ccccc1)c1ccccc1N2,10-1039_c8sc02281j,160,[2H]C([2H])([2H])C(=O)C([2H])([2H])[2H],-0.65
,N#Cc1ccccc1OCC[N+]12CC(=O)O[B-]1(c1ccccc1)OC(=O)C2,10-1039_d0sc00230e,128,[2H]C([2H])([2H])C#N,12.3
,N#Cc1cccc(OCC[N+]23CC(=O)O[B-]2(c2ccccc2)OC(=O)C3)c1,10-1039_d0sc00230e,128,[2H]C([2H])([2H])C#N,12.1
,CC(C)(C)c1cccc(C#N)c1OCC[N+]12CC(=O)O[B-]1(c1ccccc1)OC(=O)C2,10-1039_d0sc00230e,128,[2H]C([2H])([2H])C#N,12.4
,CC(C)(C)c1cc(C#N)c(OCC[N+]23CC(=O)O[B-]2(c2ccccc2)OC(=O)C3)c(C(C)(C)C)c1,10-1039_d0sc00230e,128,[2H]C([2H])([2H])C#N,12.4
,COc1ccc(C#N)c(OCC[N+]23CC(=O)O[B-]2(c2ccccc2)OC(=O)C3)c1,10-1039_d0sc00230e,128,[2H]C([2H])([2H])C#N,12.3
(Z)-3c,C[N+](C)(C)[BH2-]CC(=O)N(c1ccccc1)c1ccccc1,10-1038_s41467-024-54532-3,,[2H]C(Cl)(Cl)Cl,-4
(Z)-3d,Cc1ccc(N(C(=O)C[BH2-][N+](C)(C)C)c2ccc(C)cc2)cc1,10-1038_s41467-024-54532-3,,[2H]C(Cl)(Cl)Cl,-3.91
(Z)-3s,CC[N+]([BH2-]CC(=O)N(c1ccccc1)c1ccccc1)(CC)CC,10-1038_s41467-024-54532-3,,[2H]C(Cl)(Cl)Cl,-9.38
131,C[N+](C)(C)[B-](Cl)(Cl)CC(=O)N(c1ccccc1)c1ccccc1,10-1038_s41467-024-54532-3,,[2H]C(Cl)(Cl)Cl,9.27
(33a),CC(C)(C)OC(=O)[N-]CC12CC([B-](F)(F)F)(CN1C(=O)OC(C)(C)C)C2.[K+],10-1038_s41557-023-01159-4,,[2H]C([2H])([2H])C(=O)C([2H])([2H])[2H],3.6
3b,CC1(C)OB(CCc2ccc(F)cc2)OC1(C)C,10-1039_d0gc03890c,,[2H]C(Cl)(Cl)Cl,33.61
3j,Cc1ccc(C)c(CCB2OC(C)(C)C(C)(C)O2)c1,10-1039_d0gc03890c,,[2H]C(Cl)(Cl)Cl,34.03
3k,Cc1cc(C)c(CCB2OC(C)(C)C(C)(C)O2)c(C)c1,10-1039_d0gc03890c,,[2H]C(Cl)(Cl)Cl,33.84
43,CC(C)(C)c1ccc(C(C)(C)CB2OC(C)(C)C(C)(C)O2)cc1,10-1038_s41586-020-2831-6,128,[2H]C(Cl)(Cl)Cl,33.1
29b,CC(C)(C)c1ccc(CCB2OC(C)(C)C(C)(C)O2)cc1,10-1039_d2cy01741e,160,[2H]C(Cl)(Cl)Cl,33.57
,CC(C)C(=[NH2+])[B-](F)(F)F,10-1039_d1sc07065g,128,[2H]C([2H])([2H])C(=O)C([2H])([2H])[2H],-0.59
(Z)-3e,CC(CB1OC(C)(C)C(C)(C)O1)c1ccccc1,10-1038_s44160-023-00480-7,128,[2H]C(Cl)(Cl)Cl,32.56
27b,CC(OB1OC(C)(C)C(C)(C)O1)c1ccc(Br)cc1,10-1039_c8dt01998c,128,[2H]C(Cl)(Cl)Cl,22.09
5b,CC1(C)OB(/C=C\C(=C/c2ccccc2)[C@@H](NC(=O)c2ccccc2)c2ccccc2)OC1(C)C,s41467-024-53606-6,161,[2H]C(Cl)(Cl)Cl,29.9
2a,CC1(C)OB(C2CC2c2ccccc2)OC1(C)C,10-1039_c8qo01163j,128,[2H]C(Cl)(Cl)Cl,33.21
-5,CC1(C)OB(C2CCCCCC2)OC1(C)C,10-1038_s44160-023-00480-7,193,[2H]C(Cl)(Cl)Cl,34.41
(Z)-3g,CC1(C)OB(C[Si](C)(C)CCOC(=O)c2ccco2)OC1(C)C,10-1038_s41586-020-2831-6,128,[2H]C(Cl)(Cl)Cl,33.6
55,CC1(C)OB(C[Si](C)(C)Cc2ccccc2)OC1(C)C,10-1038_s41586-020-2831-6,,[2H]C(Cl)(Cl)Cl,33.5
,CC1(C)OB(N2C=CC=CC2)OC1(C)C,10-1039_d0sc03458d,160,[2H]c1c([2H])c([2H])c([2H])c([2H])c1[2H],23.6
8a,CC1(C)OB(N2C=CCc3ccccc32)OC1(C)C,10-1039_d3dt02896h,128,[2H]c1c([2H])c([2H])c([2H])c([2H])c1[2H],24.5
11c,CC1(C)OB(N2CC=Cc3cc(Br)ccc32)OC1(C)C,10-1039_d3dt02896h,128,[2H]c1c([2H])c([2H])c([2H])c([2H])c1[2H],24.6
8b,CC1(C)OB(N2CC=Cc3ccccc32)OC1(C)C,10-1039_d3dt02896h,128,[2H]c1c([2H])c([2H])c([2H])c([2H])c1[2H],24.5
3k,CC1(C)OB(c2ccc(C#N)cc2)OC1(C)C,10-1039_c8cc08504h,192,[2H]C(Cl)(Cl)Cl,30.42
