Smiles,solvent,solvent_Smiles,chemical_shift,book_serial_num
B1NBNBN1,C6D6,[2H]c1c([2H])c([2H])c([2H])c([2H])c1[2H],30.2,9
CC(C)[NH2+]C(C)C.[BH3-][P](=O)OC,D2O,[2H]O[2H],-41.86,48
FC(F)=C(Cl)[B-](F)(F)F.[K+],CD3CN,[2H]C([2H])([2H])C#N,0.78,64
FB(F)C(F)=C(F)F,d8-Toluene,[2H]c1c([2H])c([2H])c(C([2H])([2H])[2H])c([2H])c1[2H],21.8,65
FC(F)=C[B-](F)(F)F.[K+],CD3COCD3,[2H]C([2H])([2H])C(=O)C([2H])([2H])[2H],2.29,68
F/C=C(/F)[B-](F)(F)F.[K+],CD3COCD3,[2H]C([2H])([2H])C(=O)C([2H])([2H])[2H],0.39,69
C=C[B-](F)(F)F.[K+],CD3COCD3,[2H]C([2H])([2H])C(=O)C([2H])([2H])[2H],3.4,70
[2H][B-](C(F)(F)F)(C(F)(F)F)C(F)(F)F.[K+],D2O,[2H]O[2H],-22.4,107
F[B-](F)(F)C#CC(F)(F)F.[K+],CD3COCD3,[2H]C([2H])([2H])C(=O)C([2H])([2H])[2H],-2.4,108
FC(F)=C([B-](F)(F)F)C(F)(F)F.[K+],CD3CN,[2H]C([2H])([2H])C#N,1.03,113
F/C(=C(\F)C(F)(F)F)[B-](F)(F)F.[K+],CD3CN,[2H]C([2H])([2H])C#N,-0.25,114
F/C(=C(/F)C(F)(F)F)[B-](F)(F)F.[K+],CD3CN,[2H]C([2H])([2H])C#N,-0.3,115
O=[N+]([O-])[B-](C(F)(F)F)(C(F)(F)F)C(F)(F)F.[Cs+],CD3CN,[2H]C([2H])([2H])C#N,-9.8,117
F[B-](C(F)(F)F)(C(F)(F)F)C(F)(F)F,CD3COCD3,[2H]C([2H])([2H])C(=O)C([2H])([2H])[2H],-7.3,118
F[B-](F)(F)C(F)(F)C(F)(F)C(F)(F)F.[K+],CD3CN,[2H]C([2H])([2H])C#N,-0.64,119
FC(F)(F)[BH-](C(F)(F)F)C(F)(F)F.[Cs+],D2O,[2H]O[2H],-22.2,121
O[B-](C(F)(F)F)(C(F)(F)F)C(F)(F)F.[Cs+],CD3CN,[2H]C([2H])([2H])C#N,-10.6,122
F[B-](F)(F)/C=C/CCl.[K+],CD3COCD3,[2H]C([2H])([2H])C(=O)C([2H])([2H])[2H],4.6,124
F[B-](F)(F)C1CC1CCl.[K+],CD3COCD3,[2H]C([2H])([2H])C(=O)C([2H])([2H])[2H],2.62,125
C=CCB(Cl)Cl,CDCl3,[2H]C(Cl)(Cl)Cl,61.4,127
C=CCB(F)F,CDCl3,[2H]C(Cl)(Cl)Cl,27.6,128
CCCC[N+](CCCC)(CCCC)CCCC.O=CCC[B-](F)(F)F,CDCl3,[2H]C(Cl)(Cl)Cl,3.27,129
CC1([B-](F)(F)F)CO1.[K+],d6-DMSO,[2H]C([2H])([2H])S(=O)C([2H])([2H])[2H],3.58,130
COC(=O)[BH2-]C#N.[K+],D2O,[2H]O[2H],-33.5,131
Cl[Si](Cl)(Cl)CB1NB(C[Si](Cl)(Cl)Cl)NB(C[Si](Cl)(Cl)Cl)N1,C6D6,[2H]c1c([2H])c([2H])c([2H])c([2H])c1[2H],32.8,134
[Li]N1B(C)NB(C)NB1C,C6D6,[2H]c1c([2H])c([2H])c([2H])c([2H])c1[2H],35.4,139
CN1BN(C)BN(C)B1,C6D6,[2H]c1c([2H])c([2H])c([2H])c([2H])c1[2H],33.2,143
C=P(O)(O)[BH2-][N+](C)(C)C,d6-DMSO,[2H]C([2H])([2H])S(=O)C([2H])([2H])[2H],-9.6,146
C[N+](C)(C)[BH2-]P,C6D6,[2H]c1c([2H])c([2H])c([2H])c([2H])c1[2H],-6.7,147
C[N+](C)(C)[BH2-]P(O)(O)=S,CD2Cl2,[2H]C([2H])(Cl)Cl,-9.2,148
C[N+](C)(C)[BH2-]P(O)(O)=[Se],CD2Cl2,[2H]C([2H])(Cl)Cl,-9.2,149
[BH3-][PH2+][BH2-][N+](C)(C)C,C6D6,[2H]c1c([2H])c([2H])c([2H])c([2H])c1[2H],-39.5;-10.3,156
FC(F)=C(F)[B-](F)(C(F)(F)F)C(F)(F)F.[Cs+],CD3CN,[2H]C([2H])([2H])C#N,-6.4,162
N#C[B-](C#N)(C#N)C#N.[Li+],CD3CN,[2H]C([2H])([2H])C#N,68.5,166
C#C[B-](F)(C(F)(F)F)C(F)(F)F.[K+],CDCl3,[2H]C(Cl)(Cl)Cl,-8.7,167
O[B-](F)(C(F)(F)C(F)(F)F)C(F)(F)C(F)(F)F.[K+],CD3CN,[2H]C([2H])([2H])C#N,0.1,168
C=C[B-](F)(C(F)(F)F)C(F)(F)F.[K+],CDCl3,[2H]C(Cl)(Cl)Cl,-4.7,169
COC(=O)[BH-](C#N)C#N.[K+],D2O,[2H]O[2H],-32.7,171
COC(=O)[B-](O)(C#N)C#N.[K+],CD3CN,[2H]C([2H])([2H])C#N,-15.1,172
F[B-](F)(F)/C(=C/CCl)CCl.[K+],CD3COCD3,[2H]C([2H])([2H])C(=O)C([2H])([2H])[2H],3,173
C=CC(=C)[B-](F)(F)F.[K+],d6-DMSO,[2H]C([2H])([2H])S(=O)C([2H])([2H])[2H],3.63,174
CCC[B-](F)(C(F)(F)F)C(F)(F)F.[K+],CDCl3,[2H]C(Cl)(Cl)Cl,-1.9,175
C=C(C)CB(F)F,CDCl3,[2H]C(Cl)(Cl)Cl,27.6,181
C/C=C\CB(F)F,CDCl3,[2H]C(Cl)(Cl)Cl,27.7,182
C=CCC[B-](F)(F)F.[K+],CDCl3,[2H]C(Cl)(Cl)Cl,4.85,183
C=CCC[B-](F)(F)F.[K+],CD3COCD3,[2H]C([2H])([2H])C(=O)C([2H])([2H])[2H],7.36,183
F[B-](F)(F)CCC1CO1.[K+],d6-DMSO,[2H]C([2H])([2H])S(=O)C([2H])([2H])[2H],5.88,184
CC(=O)CC[B-](F)(F)F.[K+],CD3COCD3,[2H]C([2H])([2H])C(=O)C([2H])([2H])[2H],5.65,185
CC(=O)CC[B-](F)(F)F.[K+],CDCl3 ,[2H]C(Cl)(Cl)Cl ,5.38,185
CN(C)[BH-](C(F)(F)F)C(F)(F)F.[K+],CD3CN,[2H]C([2H])([2H])C#N,-11.2,186
CC(B(Cl)C(C)[Si](Cl)(Cl)Cl)[Si](Cl)(Cl)Cl,C6D6,[2H]c1c([2H])c([2H])c([2H])c([2H])c1[2H],68.5,189
C[NH+](C)[BH-](C(F)(F)F)C(F)(F)F,CDCl3,[2H]C(Cl)(Cl)Cl,-10,190
[BH3-][n+]1ccn(C)c1,CDCl3,[2H]C(Cl)(Cl)Cl,-18.4,192
CC([NH2+][BH2-]C#N)C(N)=O,d6-DMSO,[2H]C([2H])([2H])S(=O)C([2H])([2H])[2H],-24.82,196
C[Si](C)(C)CB(Br)Br,C6D6,[2H]c1c([2H])c([2H])c([2H])c([2H])c1[2H],58.9,197
C[N+](C)(C)[B-](Cl)(Cl)CCl,CDCl3,[2H]C(Cl)(Cl)Cl,8.5,198
[2H][C@H]1SC[N@@+]([BH3-])(C)CS1,CDCl3,[2H]C(Cl)(Cl)Cl,-8.18,199
[BH3-]N1CCCC1.[Li+],d8-THF,[2H]C1([2H])OC([2H])([2H])C([2H])([2H])C1([2H])[2H],-20.6,200
CCB(OS(C)(=O)=O)OS(C)(=O)=O,C6D6,[2H]c1c([2H])c([2H])c([2H])c([2H])c1[2H],27.7,203
C[N+](C)(C)[BH-](Cl)CCl,CDCl3,[2H]C(Cl)(Cl)Cl,2.9,205
B.CCCCN,C6D6,[2H]c1c([2H])c([2H])c([2H])c([2H])c1[2H],-19.4,207
B.CC(C)CCP,CDCl3,[2H]C(Cl)(Cl)Cl,-42.3,208
Fc1nc(F)c(F)c([B-](F)(F)F)c1F.[K+],CD3CN,[2H]C([2H])([2H])C#N,1.2,229
F/C(C#C[B-](F)(F)F)=C(\F)C(F)(F)F.[K+],CD3CN,[2H]C([2H])([2H])C#N,-2.2,230
F/C(C#C[B-](F)(F)F)=C(/F)C(F)(F)F.[K+],CD3CN,[2H]C([2H])([2H])C#N,-2.2,231
F[B-](F)(F)C#CC(F)(F)C(F)(F)C(F)(F)F.[K+],CD3CN,[2H]C([2H])([2H])C#N,-2.6,233
F[B-](F)(F)C#CC(F)(C(F)(F)F)C(F)(F)F.[K+],CD3CN,[2H]C([2H])([2H])C#N,-2.6,234
F/C(=C(\F)C(F)(F)F)[B-](F)(C(F)(F)F)C(F)(F)F.[K+],CDCl3,[2H]C(Cl)(Cl)Cl,-6.3,235
F/C(=C(/F)C(F)(F)F)[B-](F)(C(F)(F)F)C(F)(F)F.[K+],CD3CN,[2H]C([2H])([2H])C#N,-6.3,236
O=Cc1cc([B-](F)(F)F)cs1.[K+],d6-DMSO,[2H]C([2H])([2H])S(=O)C([2H])([2H])[2H],0.64,238
O=Cc1ccc([B-](F)(F)F)o1.[K+],d6-DMSO,[2H]C([2H])([2H])S(=O)C([2H])([2H])[2H],-0.68,239
CO[B-](F)(C(F)(F)C(F)(F)F)C(F)(F)C(F)(F)F.[K+],CD3CN,[2H]C([2H])([2H])C#N,-0.8,240
C[NH+](C)C.FC(F)(F)[B-]1(C(F)(F)F)CCCO1,CD3COCD3,[2H]C([2H])([2H])C(=O)C([2H])([2H])[2H],-4.5,242
C[N+](C)=C(F)C[B-](F)(C(F)(F)F)C(F)(F)F,CD3CN,[2H]C([2H])([2H])C#N,-4.1,243
FC(F)(F)[B-](C(F)(F)F)(C(F)(F)F)C(F)(F)F.N[C+](N)N,CD3CN,[2H]C([2H])([2H])C#N,-18.9,244
C[NH+](C)[B-](C#N)(C(F)(F)F)C(F)(F)F,CD3CN,[2H]C([2H])([2H])C#N,-14.1,245
C[NH+](C)[B-](C(=O)O)(C(F)(F)F)C(F)(F)F,CD3COCD3,[2H]C([2H])([2H])C(=O)C([2H])([2H])[2H],-12.4,247
CC(C)=CCB(F)F,CDCl3,[2H]C(Cl)(Cl)Cl,27.8,249
C=C(C)CC[B-](F)(F)F.CCCC[N+](CCCC)(CCCC)CCCC,CDCl3,[2H]C(Cl)(Cl)Cl,3.54,250
C=C(C)CC[B-](F)(F)F.CCCC[N+](CCCC)(CCCC)CCCC,CD3COCD3,[2H]C([2H])([2H])C(=O)C([2H])([2H])[2H],5.38,250
C=S1N(S(C)(=O)=O)[B-](C(F)(F)F)(C(F)(F)F)[N+]1(C)C,CDCl3,[2H]C(Cl)(Cl)Cl,-3.1,251
C[N+](C)(C)[BH-](C(F)(F)F)C(F)(F)F,CDCl3,[2H]C(Cl)(Cl)Cl,-8,252
C[Si](C)(C)C=C(B(Cl)Cl)B(Cl)Cl,CDCl3,[2H]C(Cl)(Cl)Cl,60.5;57.4,254
C[N+](C)(C)[BH-](C#N)C(Cl)Cl,CDCl3,[2H]C(Cl)(Cl)Cl,-8,256
C[N+](C)(C)[B@@-](Cl)(C#N)C(Cl)Cl,CDCl3,[2H]C(Cl)(Cl)Cl,-2.3,257
C[N+](C)(C)[B@@H-](C#N)C(=O)O,CDCl3,[2H]C(Cl)(Cl)Cl,-12.6,258
[BH3-]C1CCCC1.[Li+],d8-THF,[2H]C1([2H])OC([2H])([2H])C([2H])([2H])C1([2H])[2H],-25.9,263
COC(=O)[B-](Br)(Br)[N+](C)(C)C,CDCl3,[2H]C(Cl)(Cl)Cl,0.78,264
CCO[P+](Cl)([BH2-]C#N)OCC,d6-DMSO,[2H]C([2H])([2H])S(=O)C([2H])([2H])[2H],-42.18,265
C[Si](C)(Cl)CCCB(Cl)Cl,C6D6,[2H]c1c([2H])c([2H])c([2H])c([2H])c1[2H],62.1,266
C[N+](C)(C)[BH-](C(Cl)Cl)C(Cl)Cl,CDCl3,[2H]C(Cl)(Cl)Cl,-1.1,267
C[N+]1([B-](F)(F)F)CC[N+](C)([B-](F)(F)F)C1,CDCl3,[2H]C(Cl)(Cl)Cl,-0.6,268
CC([B-](Cl)(Cl)[S+](C)C)[Si](C)(Cl)Cl,C6D6,[2H]c1c([2H])c([2H])c([2H])c([2H])c1[2H],5.8,270
CC[N+](C)(C)[BH2-]C#N,CDCl3,[2H]C(Cl)(Cl)Cl,-15.98,271
CCB(CC)OS(C)(=O)=O,C6D6,[2H]c1c([2H])c([2H])c([2H])c([2H])c1[2H],59.5,274
[BH3-][N@+]1(C)CS[C@@H](C)SC1,CDCl3,[2H]C(Cl)(Cl)Cl,-8.5,276
C[C@H]1SC[N+](C)(C)[B-](C)(C)S1,CDCl3,[2H]C(Cl)(Cl)Cl,-3.6,277
C[N@+]1([B-](F)(F)F)CC[N@+](C)([B-](F)(F)F)C1,CDCl3,[2H]C(Cl)(Cl)Cl,-8.7;0.0,282
COC(C)(C)C.[BH4-].[Li+],C6D6,[2H]c1c([2H])c([2H])c([2H])c([2H])c1[2H],-39.7,283
[BH3-][N+](C)(C)C(C)C,CDCl3,[2H]C(Cl)(Cl)Cl,-12.29,285
[BH3-][N@@+]1(C)CC[N@@+]([BH3-])(C)C1,CDCl3,[2H]C(Cl)(Cl)Cl,-8.5,294
[BH3-][P+](C)(C)C[P+]([BH3-])(C)C,C6D6,[2H]c1c([2H])c([2H])c([2H])c([2H])c1[2H],-36.2,301
Fc1c(F)c(F)c([B-](F)(F)F)c(F)c1F.[K+],CD3COCD3,[2H]C([2H])([2H])C(=O)C([2H])([2H])[2H],1.82,308
Fc1c(F)c(F)c([B-](F)(F)F)c(F)c1F.[K+],CD3CN,[2H]C([2H])([2H])C#N,1.81,308
Fc1c(F)c(F)c([B-](F)(F)F)c(F)c1F.[K+],CD3OD,[2H]OC([2H])([2H])[2H],2.06,308
C[N+](C)(C)C.F/C(=C(/F)C(F)(F)F)[B-](C(F)(F)F)(C(F)(F)F)C(F)(F)F,CD3CN,[2H]C([2H])([2H])C#N,-19.1,310
C[N+](C)(C)C.FC(F)(F)[B-]1(C(F)(F)F)C(F)(F)C1(F)C(F)(F)C(F)(F)F,CD3CN,[2H]C([2H])([2H])C#N,-24.6,311
O=[N+]([O-])[B-](C(F)(F)C(F)(F)F)(C(F)(F)C(F)(F)F)C(F)(F)C(F)(F)F.[K+],CD3COCD3,[2H]C([2H])([2H])C(=O)C([2H])([2H])[2H],-3.8,315
F[B-](F)(F)C(F)(F)C(F)(F)C(F)(F)C(F)(F)C(F)(F)C(F)(F)F.[K+],CD3CN,[2H]C([2H])([2H])C#N,-0.53,316
Fc1c(F)c(F)c(B(Br)Br)c(B(Br)Br)c1F,C6D6,[2H]c1c([2H])c([2H])c([2H])c([2H])c1[2H],54,317
[Cs+].[Cs+].[O-]/[N+](=[N+](/[O-])[B-](C(F)(F)F)(C(F)(F)F)C(F)(F)F)[B-](C(F)(F)F)(C(F)(F)F)C(F)(F)F,CD3CN,[2H]C([2H])([2H])C#N,-10.3,320
Clc1c(Cl)c(Cl)c2c(c1Cl)OBO2,CDCl3,[2H]C(Cl)(Cl)Cl,30.2,321
[BH3-]c1cc(F)c(F)c(F)c1F.[K+],CD3COCD3,[2H]C([2H])([2H])C(=O)C([2H])([2H])[2H],2.07,323
FC(F)(F)C(F)(F)[BH-](C(F)(F)C(F)(F)F)C(F)(F)C(F)(F)F.[K+],CD3COCD3,[2H]C([2H])([2H])C(=O)C([2H])([2H])[2H],-21.5,324
O[B-](C(F)(F)C(F)(F)F)(C(F)(F)C(F)(F)F)C(F)(F)C(F)(F)F.[K+],CD3COCD3,[2H]C([2H])([2H])C(=O)C([2H])([2H])[2H],-7.1,325
O[B-](F)(C(F)(F)C(F)(F)C(F)(F)F)C(F)(F)C(F)(F)C(F)(F)F.[K+],CD3CN,[2H]C([2H])([2H])C#N,-0.2,326
Fc1cc([B-](F)(F)F)cc(F)c1F.[K+],CD3COCD3,[2H]C([2H])([2H])C(=O)C([2H])([2H])[2H],2.67,331
Fc1cccc(F)c1B(Cl)Cl,C6D6,[2H]c1c([2H])c([2H])c([2H])c([2H])c1[2H],54,334
[N-]=[N+]=NB(N=[N+]=[N-])c1c(F)cccc1F,C6D6,[2H]c1c([2H])c([2H])c([2H])c([2H])c1[2H],36.5,336
OB(O)c1c(F)c(F)cc(F)c1F,CD3COCD3,[2H]C([2H])([2H])C(=O)C([2H])([2H])[2H],27.21,341
Fc1cccc(F)c1[B-](F)(F)F.[K+],CD3COCD3,[2H]C([2H])([2H])C(=O)C([2H])([2H])[2H],2.36,342
IB(I)c1cc(B(I)I)cc(B(I)I)c1,CDCl3,[2H]C(Cl)(Cl)Cl,47.7,343
Clc1ccc2c(c1)OBO2,C6D6,[2H]c1c([2H])c([2H])c([2H])c([2H])c1[2H],30.2,344
Fc1ccccc1B(Cl)Cl,C6D6,[2H]c1c([2H])c([2H])c([2H])c([2H])c1[2H],53,345
[N-]=[N+]=NB(N=[N+]=[N-])c1ccccc1F,C6D6,[2H]c1c([2H])c([2H])c([2H])c([2H])c1[2H],36,346
Fc1cccc2c1OBO2,C6D6,[2H]c1c([2H])c([2H])c([2H])c([2H])c1[2H],29.2,347
F[B-](F)(F)c1ccc(I)cc1.[K+],CD3COCD3,[2H]C([2H])([2H])C(=O)C([2H])([2H])[2H],3.5,351
OB(O)c1c(F)cc(F)cc1F,CD3COCD3,[2H]C([2H])([2H])C(=O)C([2H])([2H])[2H],27.76,353
Fc1ccccc1[B-](F)(F)F.[K+],CD3COCD3,[2H]C([2H])([2H])C(=O)C([2H])([2H])[2H],3.01,355
Fc1ccccc1[B-](F)(F)F.[K+],CD3CN,[2H]C([2H])([2H])C#N,3.42,355
Fc1cccc([B-](F)(F)F)c1.[K+],CD3COCD3,[2H]C([2H])([2H])C(=O)C([2H])([2H])[2H],3.25,356
Fc1cccc([B-](F)(F)F)c1.[K+],CD3CN,[2H]C([2H])([2H])C#N,3.26,356
Fc1ccc([B-](F)(F)F)cc1.[K+],CD3CN,[2H]C([2H])([2H])C#N,3.7,357
OB(O)c1c(F)cccc1F,CD3COCD3,[2H]C([2H])([2H])C(=O)C([2H])([2H])[2H],28.06,360
FB(F)c1ccccc1.[Cs+].[F-],CD3CN,[2H]C([2H])([2H])C#N,5.4,362
OB(O)c1ccc(F)cc1,CD3COCD3,[2H]C([2H])([2H])C(=O)C([2H])([2H])[2H],28.53,364
[BH2-]1Sc2ccccc2S1.[Li+],d8-THF,[2H]C1([2H])OC([2H])([2H])C([2H])([2H])C1([2H])[2H],-11,367
C#CB1NB(C#C)NB(C#C)N1,CDCl3,[2H]C(Cl)(Cl)Cl,24.6,368
C[NH+](C)[B-](C(F)(F)F)(C(F)(F)F)C(F)(Br)C(F)(F)Br,CD3CN,[2H]C([2H])([2H])C#N,-9.7,369
C[NH+](C)[B-](C(F)=C(F)F)(C(F)(F)F)C(F)(F)F,CDCl3,[2H]C(Cl)(Cl)Cl,-11.1,371
C[NH+](C)[B-](C(F)(F)F)(C(F)(F)F)C1(F)OC1(F)F,CDCl3,[2H]C(Cl)(Cl)Cl,-12.1,372
C[B-](C)([n+]1cc[nH]c1Br)[n+]1cc[nH]c1Br.[Cl-],d6-DMSO,[2H]C([2H])([2H])S(=O)C([2H])([2H])[2H],-8,374
C[B-](C)([n+]1cc[nH]c1Br)[n+]1cc[nH]c1Br.C[NH+](C)[B-](C(=O)C(=O)O)(C(F)(F)F)C(F)(F)F.[Cl-],CD3CN,[2H]C([2H])([2H])C#N,-10.8,375
C[NH+](C)C.FC(F)(F)[B-]1(C(F)(F)F)CCCCO1,CD3COCD3,[2H]C([2H])([2H])C(=O)C([2H])([2H])[2H],-8,376
C[NH+](C)[B-](S(=O)/N=C/C(F)(F)F)(C(F)(F)F)C(F)(F)F,CDCl3,[2H]C(Cl)(Cl)Cl,-4.5,377
C[N+]1([BH-](C#N)C(=O)O)C=CN=C1,D2O,[2H]O[2H],-18.8,379
CCCCC#C[B-](F)(F)F.[K+],CD3COCD3,[2H]C([2H])([2H])C(=O)C([2H])([2H])[2H],-1.8,383
COC(=O)/C=C/CC[B-](F)(F)F.[K+],d6-DMSO,[2H]C([2H])([2H])S(=O)C([2H])([2H])[2H],3.26,384
COC(=O)/C=C/CC[B-](F)(F)F.[K+],CDCl3,[2H]C(Cl)(Cl)Cl,3.38,384
C[N+](C)(C)[B-](C#N)(C#N)C#N,CDCl3,[2H]C(Cl)(Cl)Cl,8.54,386
C[N+](C)(C)[B-](C(=O)O)(C(F)(F)F)C(F)(F)F,CD3COCD3,[2H]C([2H])([2H])C(=O)C([2H])([2H])[2H],-10.8,388
CC/C(I)=C(\CC)B(I)I,CDCl3,[2H]C(Cl)(Cl)Cl,40,389
CC/C(I)=C(/CC)B(I)I,CDCl3,[2H]C(Cl)(Cl)Cl,43.5,390
[BH3-][NH2+]c1ccccc1,C6D6,[2H]c1c([2H])c([2H])c([2H])c([2H])c1[2H],-16.2,391
S=C1SCCN1[BH2-]N1CCSC1=S.[Na+],d6-DMSO,[2H]C([2H])([2H])S(=O)C([2H])([2H])[2H],32.3,392
CC/C(B(I)I)=C(\CC)B(I)I,C6D6,[2H]c1c([2H])c([2H])c([2H])c([2H])c1[2H],11.8,393
CCCC/C=C\B(F)F,CDCl3,[2H]C(Cl)(Cl)Cl,23.76,395
CCCC/C=C/B(F)F,CDCl3,[2H]C(Cl)(Cl)Cl,23.76,396
CCS(=O)(=O)N1S(=O)[N+](C)(C)[B-]1(C(F)(F)F)C(F)(F)F,CDCl3,[2H]C(Cl)(Cl)Cl,-3,399
[BH3-][NH2+]Nc1ccccc1,CD2Cl2,[2H]C([2H])(Cl)Cl,-17.9,400
N#C[BH-](C(=O)O)[NH+]1CCOCC1,D2O,[2H]O[2H],-16.3,401
C[N+](C)(C)[B-](Br)(Br)C(=O)OCC(F)(F)F,D2O,[2H]O[2H],19.08,402
ClB1CCCCCC1,CDCl3,[2H]C(Cl)(Cl)Cl,79,404
CC1(C)OB(Cl)OC1(C)C,CDCl3,[2H]C(Cl)(Cl)Cl,21,405
C[N+](C)(C)[B-](C(Cl)Cl)(C(Cl)Cl)C(Cl)Cl,CDCl3,[2H]C(Cl)(Cl)Cl,-4,406
CC[NH+](CC)[BH-](C(F)(F)F)C(F)(F)F,CDCl3,[2H]C(Cl)(Cl)Cl,-12.6,407
C=CB1NB(C=C)NB(C=C)N1,CDCl3,[2H]C(Cl)(Cl)Cl,31.2,410
C[N+](C)(C)[B-](Br)(Br)C(=O)OCCCl,CDCl3,[2H]C(Cl)(Cl)Cl,0.79,412
[BH3-][n+]1cn(C)c(C)c1C,CDCl3,[2H]C(Cl)(Cl)Cl,-20.9,413
CC[NH+](CC)[BH-](C#N)C(=O)O,D2O,[2H]O[2H],-17.6,414
COC(=O)[BH-](C#N)[N+](C)(C)C,CDCl3,[2H]C(Cl)(Cl)Cl,-12.4,415
CC1(C)OBOC1(C)C,d8-Toluene,[2H]c1c([2H])c([2H])c(C([2H])([2H])[2H])c([2H])c1[2H],28.4,416
[BH2-]1CCCCCC1.[Li+],d8-THF,[2H]C1([2H])OC([2H])([2H])C([2H])([2H])C1([2H])[2H],-16.4,418
CCOC(=O)[B-](Br)(Br)[N+](C)(C)C,CDCl3,[2H]C(Cl)(Cl)Cl,0.93,419
COC(=O)[BH-](C(Cl)Cl)[N+](C)(C)C,CDCl3,[2H]C(Cl)(Cl)Cl,-4.5,420
COC(=O)[B-](Cl)(CCl)[N+](C)(C)C,CDCl3,[2H]C(Cl)(Cl)Cl,0,421
CC(B(Cl)C(C)[Si](C)(Cl)Cl)[Si](C)(Cl)Cl,C6D6,[2H]c1c([2H])c([2H])c([2H])c([2H])c1[2H],69.4,422
CC(C)N(B(I)I)C(C)C,CDCl3,[2H]C(Cl)(Cl)Cl,-1,423
[BH3-]N1[C]N(C)C(C)=C1C.[Li+],C6D6,[2H]c1c([2H])c([2H])c([2H])c([2H])c1[2H],-21.1,424
CC(C)C([NH2+][BH2-]C#N)C(N)=O,d6-DMSO,[2H]C([2H])([2H])S(=O)C([2H])([2H])[2H],-25.2,425
CC(O)C[N+](C)(C)[BH2-]C#N,CDCl3,[2H]C(Cl)(Cl)Cl,-10.56,430
CC(C)C(C(N)=O)[N+](C)(C)[BH2-]C(=O)O,d6-DMSO,[2H]C([2H])([2H])S(=O)C([2H])([2H])[2H],-26.3,431
[BH3-][N@+]12C[N@]3C[N@@](C1)C[P@@](=O)(C3)C2,CD3COCD3,[2H]C([2H])([2H])C(=O)C([2H])([2H])[2H],-12.2,432
[BH3-][N@+]12C[N@]3C[N@](C[P@@](C3)C1)C2,CD3COCD3,[2H]C([2H])([2H])C(=O)C([2H])([2H])[2H],-10.55,433
CCCCB(OS(C)(=O)=O)OS(C)(=O)=O,C6D6,[2H]c1c([2H])c([2H])c([2H])c([2H])c1[2H],26,437
BN(C(C)C)C(C)C,CDCl3,[2H]C(Cl)(Cl)Cl,35,438
BN(C(C)C)C(C)C,d8-THF,[2H]C1([2H])OC([2H])([2H])C([2H])([2H])C1([2H])[2H],35,438
N#C[BH2-][NH2+]CCCC[NH2+][BH2-]C#N,d6-DMSO,[2H]C([2H])([2H])S(=O)C([2H])([2H])[2H],24.4,440
[BH3-]N(C(C)C)C(C)C.[Li+],d8-THF,[2H]C1([2H])OC([2H])([2H])C([2H])([2H])C1([2H])[2H],-23.64,442
[BH3-][NH+](CCC)C(C)C,CDCl3,[2H]C(Cl)(Cl)Cl,-18.32,445
[BH3-][N+](C)(C)C(C)(C)C,CDCl3,[2H]C(Cl)(Cl)Cl,-13.24,446
[BH3-][N+]1(C)CN(C)CN(C)C1,CDCl3,[2H]C(Cl)(Cl)Cl,-12.6,447
C[Si](Cl)(Cl)CB1NB(C[Si](C)(Cl)Cl)NB(C[Si](C)(Cl)Cl)N1,C6D6,[2H]c1c([2H])c([2H])c([2H])c([2H])c1[2H],34.1,449
CCOCC.CC[O-].[BH4-].[Mg+2],C6D6,[2H]c1c([2H])c([2H])c([2H])c([2H])c1[2H],-42.6,451
CC[O-].COCCOC.[BH4-].[Mg+2],d8-THF,[2H]C1([2H])OC([2H])([2H])C([2H])([2H])C1([2H])[2H],-41.2,452
CO[P+]([BH2-][P+](OC)(OC)OC)(OC)OC.F[B-](F)(F)F,d6-DMSO,[2H]C([2H])([2H])S(=O)C([2H])([2H])[2H],-1.22,455
[Li]N1B(N(C)C)NB(N(C)C)NB1N(C)C,C6D6,[2H]c1c([2H])c([2H])c([2H])c([2H])c1[2H],26.2,456
CC([SiH3])B(CC[SiH3])C(C)[SiH3],C6D6,[2H]c1c([2H])c([2H])c([2H])c([2H])c1[2H],79.7,458
[BH3-][N@+]1(C)CN(C)C[N@@+]([BH3-])(C)C1,CDCl3,[2H]C(Cl)(Cl)Cl,-10,459
CN(C)B1NB(N(C)C)NB(N(C)C)N1,C6D6,[2H]c1c([2H])c([2H])c([2H])c([2H])c1[2H],26.2,460
[2H]C([2H])([2H])OB1Oc2ccccc2O1,CD3OD,[2H]OC([2H])([2H])[2H],19,469
O=Cc1ccccc1[B-](F)(F)F.[K+],d6-DMSO,[2H]C([2H])([2H])S(=O)C([2H])([2H])[2H],6.94,472
O=Cc1cccc([B-](F)(F)F)c1.[K+],CD3COCD3,[2H]C([2H])([2H])C(=O)C([2H])([2H])[2H],3.39,473
CCCC[N+](CCCC)(CCCC)CCCC.O=Cc1ccc([B-](F)(F)F)cc1,CDCl3,[2H]C(Cl)(Cl)Cl,3.34,474
CCCC[N+](CCCC)(CCCC)CCCC.O=Cc1ccc([B-](F)(F)F)cc1,d6-DMSO,[2H]C([2H])([2H])S(=O)C([2H])([2H])[2H],1.67,474
F[B-](F)(F)c1ccccc1CCl.[K+],CD3COCD3,[2H]C([2H])([2H])C(=O)C([2H])([2H])[2H],3.6,475
F[B-](F)(F)c1cccc(CCl)c1.[K+],CD3COCD3,[2H]C([2H])([2H])C(=O)C([2H])([2H])[2H],3.55,476
F[B-](F)(F)c1ccc(CCl)cc1.[K+],CD3COCD3,[2H]C([2H])([2H])C(=O)C([2H])([2H])[2H],3.67,477
OB1ON=Cc2ccccc21,CD3CN,[2H]C([2H])([2H])C#N,28.8,478
OB1ON=Cc2ccccc21,CD3OD,[2H]OC([2H])([2H])[2H],24.6,478
N#C[BH-]1C(=O)Nc2cccc[n+]21,D2O,[2H]O[2H],-17.6,479
F[B-](F)(F)Cc1ccccc1.[Cs+],CD3CN,[2H]C([2H])([2H])C#N,3.7,480
COc1ccc([B-](F)(F)F)cc1.[K+],CD3COCD3,[2H]C([2H])([2H])C(=O)C([2H])([2H])[2H],4.4,481
OB1NN=Cc2ccccc21,CD3CN,[2H]C([2H])([2H])C#N,28.2,483
OB1NN=Cc2ccccc21,CD3OD,[2H]OC([2H])([2H])[2H],27.7,483
OB1NN=Cc2ccccc21,D2O,[2H]O[2H],27.5,483
N#C[BH-](C(=O)O)[n+]1ccccc1,D2O,[2H]O[2H],-13.6,484
N#C[BH-](C(=O)[O-])[n+]1ccccc1N.[Na+],D2O,[2H]O[2H],-16.6,485
Cc1ccc2c(c1)OBO2,C6D6,[2H]c1c([2H])c([2H])c([2H])c([2H])c1[2H],29.5,486
OB1OCc2ccccc21,CDCl3,[2H]C(Cl)(Cl)Cl,33.2,487
CSc1ccc2c(c1)OBO2,C6D6,[2H]c1c([2H])c([2H])c([2H])c([2H])c1[2H],29.5,488
O=Cc1ccccc1B(O)O,CD3CN,[2H]C([2H])([2H])C#N,29.9,489
O=Cc1ccccc1B(O)O,CD3OD,[2H]OC([2H])([2H])[2H],30.9,489
O=Cc1ccccc1B(O)O,D2O,[2H]O[2H],30.3,489
CB(Cl)c1ccccc1B(Cl)Cl,C6D6,[2H]c1c([2H])c([2H])c([2H])c([2H])c1[2H],33,490
N#C[BH-](C(=O)O)[n+]1cccc(N)c1,D2O,[2H]O[2H],-13.7,492
N#C[BH-](C(=O)O)[n+]1ccc(N)cc1,D2O,[2H]O[2H],-14.8,493
C[N+](C)(C)[B-](C(F)(F)F)(C(F)(F)F)C(F)(Br)C(F)(F)Br,CD3CN,[2H]C([2H])([2H])C#N,-7.4,494
[BH3-][PH2+]c1ccc(C(F)(F)F)cc1,C6D6,[2H]c1c([2H])c([2H])c([2H])c([2H])c1[2H],-33.6,495
C[N+](C)(C)[B-](C(F)=C(F)F)(C(F)(F)F)C(F)(F)F,CDCl3,[2H]C(Cl)(Cl)Cl,-9,496
C[N+](C)(C)[B-](C(F)(F)F)(C(F)(F)F)C1(F)OC1(F)F,CDCl3,[2H]C(Cl)(Cl)Cl,-9.6,497
C[Si](C)(C)C#[N+][B-](C#N)(C#N)C#N,CD3CN,[2H]C([2H])([2H])C#N,67.52,498
N#CCC/C=C/CC[B-](F)(F)F.[K+],CD3COCD3,[2H]C([2H])([2H])C(=O)C([2H])([2H])[2H],4.43,501
C#C[B-](C(F)(F)F)(C(F)(F)F)[N+](C)(C)C,CDCl3,[2H]C(Cl)(Cl)Cl,-11,502
C#CC[N+](C)(C)[BH-](C(F)(F)F)C(F)(F)F,CDCl3,[2H]C(Cl)(Cl)Cl,-9,503
C[NH+](C)C.FC(F)(F)[B-]1(C(F)(F)F)CCCCCO1,CD3COCD3,[2H]C([2H])([2H])C(=O)C([2H])([2H])[2H],-6.1,504
C[NH+](C)C.F[B-](F)(F)C1(C(F)(F)F)CCCCCO1,CD3COCD3,[2H]C([2H])([2H])C(=O)C([2H])([2H])[2H],1.9,505
COC(=O)[BH-](C#N)[N+]1(C)C=CN=C1,CDCl3,[2H]C(Cl)(Cl)Cl,-18.1,506
CCCC[N+](CCCC)(CCCC)CCCC.O=CCCC(CC=O)C[B-](F)(F)F,CDCl3,[2H]C(Cl)(Cl)Cl,4.38,510
CC[NH+](CC)[B-](C#N)(C(F)(F)F)C(F)(F)F,CD3CN,[2H]C([2H])([2H])C#N,-13.8,511
[BH3-]C[P+](C)(C)[Fe-5]([C+]=O)([C+]=O)([C+]=O)[C+]=O.[Li+],CDCl3,[2H]C(Cl)(Cl)Cl,-33.86,512
C=C[B-](C(F)(F)F)(C(F)(F)F)[N+](C)(C)C,CDCl3,[2H]C(Cl)(Cl)Cl,-7.7,513
CS[B-](C#N)(C#N)[N+]#C[Si](C)(C)C,CDCl3,[2H]C(Cl)(Cl)Cl,0.34,515
C=S1N(S(=C)(=C)C(C)C)[B-](C(F)(F)F)(C(F)(F)F)[N+]1(C)C,CDCl3,[2H]C(Cl)(Cl)Cl,-3.3,516
C[N+](C)(C)[BH2-][PH2+][Fe-5]([C+]=O)([C+]=O)([C+]=O)[C+]=O,C6D6,[2H]c1c([2H])c([2H])c([2H])c([2H])c1[2H],-8.5,517
COC(=O)[BH-](C#N)[NH+]1CCOCC1,CDCl3,[2H]C(Cl)(Cl)Cl,-15.5,518
Cn1cn[n+](N)c1.[BH2-](n1cncn1)n1cncn1,d6-DMSO,[2H]C([2H])([2H])S(=O)C([2H])([2H])[2H],-6.3,519
ClB1CCCCCCC1,CDCl3,[2H]C(Cl)(Cl)Cl,78.3,522
F[B-](F)(F)F.F[B-](F)(F)[N+]12CC[N+](CCl)(CC1)CC2,D2O,[2H]O[2H],-20.9,523
COC(=O)[B-](C(Cl)Cl)(C(Cl)Cl)[N+](C)(C)C,CDCl3,[2H]C(Cl)(Cl)Cl,-4.8,524
[N-]=[N+]=NB1CCCCCCC1,CDCl3,[2H]C(Cl)(Cl)Cl,64.3,525
[BH3-][P+]1(CC=C)CC=CC1,CDCl3,[2H]C(Cl)(Cl)Cl,-36.05,526
[BH3-][n+]1ccn(Cn2cc[n+]([BH3-])c2)c1,d6-DMSO,[2H]C([2H])([2H])S(=O)C([2H])([2H])[2H],-18.4,527
C[N+]12CC[N+]([B-](F)(F)F)(CC1)CC2.F[B-](F)(F)F,D2O,[2H]O[2H],-20.8,534
C=CCC[N+](C)(C)[BH2-]C#N,CDCl3,[2H]C(Cl)(Cl)Cl,-15.87,535
CC#CB(N(C)C)N(C)C,CDCl3,[2H]C(Cl)(Cl)Cl,23.8,536
[BH3-][n+]1c(C)c(C)n(C)c1C,C6D6,[2H]c1c([2H])c([2H])c([2H])c([2H])c1[2H],-22.4,537
CC[NH+](CC)[BH-](C#N)C(=O)OC,CDCl3,[2H]C(Cl)(Cl)Cl,-16.7,538
CN(C)B(N(C)C)n1ccnc1,CDCl3,[2H]C(Cl)(Cl)Cl,1.3,539
CC[N+](CC)(CC)[BH-](Br)C(Cl)Cl,CDCl3,[2H]C(Cl)(Cl)Cl,0.4,547
CC(C)OC(=O)[B-](Br)(Br)[N+](C)(C)C,CDCl3,[2H]C(Cl)(Cl)Cl,0.91,548
CC[N+](CC)(CC)[BH-](Cl)C(Cl)Cl,CDCl3,[2H]C(Cl)(Cl)Cl,1.6,550
CCCC[N+](C)(C)[BH2-]C#N,CDCl3,[2H]C(Cl)(Cl)Cl,-15.98,551
CC(C)(O)C[N+](C)(C)[BH2-]C#N,CDCl3,[2H]C(Cl)(Cl)Cl,-13.55,552
CCCB(CCC)OS(C)(=O)=O,C6D6,[2H]c1c([2H])c([2H])c([2H])c([2H])c1[2H],58.4,553
CC(B(N[Si](C)(C)C)C(C)[Si](Cl)(Cl)Cl)[Si](Cl)(Cl)Cl,CDCl3,[2H]C(Cl)(Cl)Cl,43.6,557
C[Si](C)(C)NB1CCCC1,C6D6,[2H]c1c([2H])c([2H])c([2H])c([2H])c1[2H],57.6,558
C1CCOC1.CC(C)[O-].[BH4-].[Mg+2],C6D6,[2H]c1c([2H])c([2H])c([2H])c([2H])c1[2H],-42.1,562
C[N+](C)([BH2-]C#N)C[Si](C)(C)C,CDCl3,[2H]C(Cl)(Cl)Cl,-14.94,563
[BH3-][NH2+]CCCCCCC,C6D6,[2H]c1c([2H])c([2H])c([2H])c([2H])c1[2H],-20,564
[BH3-][N+](C)(C(C)C)C(C)C,d8-THF,[2H]C1([2H])OC([2H])([2H])C([2H])([2H])C1([2H])[2H],-16,565
[BH3-][N+](C)(CCCC)C(C)C,CDCl3,[2H]C(Cl)(Cl)Cl,-18.31,566
CN(C)B(CP(C)C)N(C)C,CDCl3,[2H]C(Cl)(Cl)Cl,31.05,567
CC(C)[O-].CCOCC.[BH4-].[Mg+2],C6D6,[2H]c1c([2H])c([2H])c([2H])c([2H])c1[2H],-43.7,570
CCOCC.COCC[O-].[BH4-].[Mg+2],d8-THF,[2H]C1([2H])OC([2H])([2H])C([2H])([2H])C1([2H])[2H],-35.9,571
CC(C)[O-].COCCOC.[BH4-].[Mg+2],C6D6,[2H]c1c([2H])c([2H])c([2H])c([2H])c1[2H],-41.3,572
Fc1c(F)c(F)c(C#C[B-](F)(F)F)c(F)c1F.[K+],CD3CN,[2H]C([2H])([2H])C#N,-1.9,587
Fc1c(F)c(F)c([B-](F)(C(F)(F)F)C(F)(F)F)c(F)c1F,CDCl3,[2H]C(Cl)(Cl)Cl,-3.8,588
F/C(C#C[B-](F)(F)F)=C(/F)C(F)(F)C(F)(F)C(F)(F)C(F)(F)F.[K+],CD3CN,[2H]C([2H])([2H])C#N,-2.1,589
F/C(C#C[B-](F)(F)F)=C(\F)C(F)(F)C(F)(F)C(F)(F)C(F)(F)F.[K+],CD3CN,[2H]C([2H])([2H])C#N,-2.2,590
F[B-](F)(F)C#CC(F)(F)C(F)(F)C(F)(F)C(F)(F)C(F)(F)C(F)(F)F.[K+],CD3CN,[2H]C([2H])([2H])C#N,-2.5,591
FB(F)/C(F)=C(\F)C(F)(F)C(F)(F)C(F)(F)C(F)(F)C(F)(F)C(F)(F)F,d8-Toluene,[2H]c1c([2H])c([2H])c(C([2H])([2H])[2H])c([2H])c1[2H],20.66,592
FC(F)(F)c1cccc(C(F)(F)F)c1B(Cl)Cl,CDCl3,[2H]C(Cl)(Cl)Cl,57.5,593
F[B-](F)(F)CCC(F)(F)C(F)(F)C(F)(F)C(F)(F)C(F)(F)C(F)(F)F.[K+],CD3COCD3,[2H]C([2H])([2H])C(=O)C([2H])([2H])[2H],5,596
BrB(Br)c1ccc(-c2ccc(B(Br)Br)s2)s1,CDCl3,[2H]C(Cl)(Cl)Cl,47.1,597
OB(O)c1c(C(F)(F)F)cccc1C(F)(F)F,CDCl3,[2H]C(Cl)(Cl)Cl,26.7,598
F[B-](c1ccccc1)(C(F)(F)F)C(F)(F)F.[K+],CDCl3,[2H]C(Cl)(Cl)Cl,-3.6,599
C#CB1Oc2ccccc2S1,CDCl3,[2H]C(Cl)(Cl)Cl,38,600
C#CB1Oc2ccccc2O1,CDCl3,[2H]C(Cl)(Cl)Cl,24.1,601
C#CB1Sc2ccccc2S1,CDCl3,[2H]C(Cl)(Cl)Cl,47,602
C=Cc1ccc([B-](F)(F)F)cc1.CCCC[N+](CCCC)(CCCC)CCCC,CD3COCD3,[2H]C([2H])([2H])C(=O)C([2H])([2H])[2H],2.45,606
F[B-](F)(F)C1OC1c1ccccc1.[K+],d6-DMSO,[2H]C([2H])([2H])S(=O)C([2H])([2H])[2H],3.92,607
COc1ccc([B-](F)(F)F)cc1C=O.[K+],d6-DMSO,[2H]C([2H])([2H])S(=O)C([2H])([2H])[2H],1.37,608
CCCC[N+](CCCC)(CCCC)CCCC.COC(=O)/C=C/c1cc([B-](F)(F)F)cs1,CDCl3,[2H]C(Cl)(Cl)Cl,0.87,609
CCCC[N+](CCCC)(CCCC)CCCC.COC(=O)/C=C/c1ccc([B-](F)(F)F)o1,CDCl3,[2H]C(Cl)(Cl)Cl,-0.72,610
C[NH+](C)[B-](C(F)(F)C(F)(F)F)(C(F)(F)C(F)(F)F)C(F)(F)C(F)(F)F,CDCl3,[2H]C(Cl)(Cl)Cl,-9.1,611
OB1CC(C(F)(F)F)(C(F)(F)F)O[B-](O)(CC(O)(C(F)(F)F)C(F)(F)F)O1.[K+],CDCl3,[2H]C(Cl)(Cl)Cl,30.0;4.0,613
F[B-](F)(F)C(Cl)Cc1ccccc1.[Cs+],CD3CN,[2H]C([2H])([2H])C#N,5.2,614
NC1Nc2[nH]c3ccccc3[n+]2[B-](F)(F)N1,d6-DMSO,[2H]C([2H])([2H])S(=O)C([2H])([2H])[2H],0.8,615
COB1ON=Cc2ccccc21,CD3CN,[2H]C([2H])([2H])C#N,32.9,616
F[B-](F)(F)CCc1ccccc1.[Cs+],CD3CN,[2H]C([2H])([2H])C#N,4.6,618
C[N+](C)(C)[B-](/C(F)=C(/F)C(F)(F)F)(C(F)(F)F)C(F)(F)F,CDCl3,[2H]C(Cl)(Cl)Cl,-8.4,620
C[N+](C)(C)[B-](/C(F)=C(\F)C(F)(F)F)(C(F)(F)F)C(F)(F)F,CD3CN,[2H]C([2H])([2H])C#N,-9.2,621
C[N+](C)(C)[B-](/C(F)=C(\F)C(F)(F)F)(C(F)(F)F)C(F)(F)F,CDCl3,[2H]C(Cl)(Cl)Cl,-8.4,621
C=CB1Nc2ccccc2N1,CDCl3,[2H]C(Cl)(Cl)Cl,27.2,622
CN1N=Cc2ccccc2B1O,CD3CN,[2H]C([2H])([2H])C#N,28,623
CN1N=Cc2ccccc2B1O,CD3OD,[2H]OC([2H])([2H])[2H],27.4,623
CN1N=Cc2ccccc2B1O,D2O,[2H]O[2H],26.8,623
COC(=O)[BH-](C#N)[n+]1ccccc1,CDCl3,[2H]C(Cl)(Cl)Cl,-12.9,625
NC1=N[B-](O)(O)n2c(nc3ccccc32)N1.[K+],d6-DMSO,[2H]C([2H])([2H])S(=O)C([2H])([2H])[2H],-1,626
CB(Br)c1ccc(C)cc1,CDCl3,[2H]C(Cl)(Cl)Cl,70.5,627
CN(Cc1ccccc1)B(Cl)Cl,CDCl3,[2H]C(Cl)(Cl)Cl,31.4,628
CCN(B(Cl)Cl)c1ccccc1,CDCl3,[2H]C(Cl)(Cl)Cl,31.4,629
C[N+]1=Cc2ccccc2[B-](O)(O)O1,D2O,[2H]O[2H],4.3,630
COC(=O)[BH-](C#N)[n+]1ccc(N)cc1,d6-DMSO,[2H]C([2H])([2H])S(=O)C([2H])([2H])[2H],-14,631
COC(=O)[BH-](C#N)[n+]1cccc(N)c1,CDCl3,[2H]C(Cl)(Cl)Cl,-13,632
COC(=O)[BH-](C#N)[n+]1ccccc1N,D2O,[2H]O[2H],-17.2,633
NC1=Nc2[nH]c3ccccc3[n+]2[BH2-]N1,d6-DMSO,[2H]C([2H])([2H])S(=O)C([2H])([2H])[2H],-12,634
NC1=Nc2[nH]c3ccccc3[n+]2[B-](O)(O)N1,d6-DMSO,[2H]C([2H])([2H])S(=O)C([2H])([2H])[2H],1.8,635
CB(Br)c1ccc(B(C)Br)cc1,CDCl3,[2H]C(Cl)(Cl)Cl,72.3,636
Cn1cc[n+]2c1[B-](Cl)(Cl)n1cc[n+](C)c1[B-]2(Cl)Cl,CDCl3,[2H]C(Cl)(Cl)Cl,-1.6,637
Cn1cc[n+]2c1[B-](F)(F)n1cc[n+](C)c1[B-]2(F)F,CDCl3,[2H]C(Cl)(Cl)Cl,0.5,638
C[NH+](C)[B-](C(F)(F)F)(C(F)(F)F)C1(C#N)CC1,CD3CN,[2H]C([2H])([2H])C#N,-8.7,639
C[N+]1(C)CCC(C#N)[B-]1(C(F)(F)F)C(F)(F)F,CD3CN,[2H]C([2H])([2H])C#N,-5.2,640
C[N+]1(C)CCC(C=O)[B-]1(C(F)(F)F)C(F)(F)F,CD3CN,[2H]C([2H])([2H])C#N,-4.9,641
Cn1cc[n+]([BH2-]n2cccc2)c1,d8-THF,[2H]C1([2H])OC([2H])([2H])C([2H])([2H])C1([2H])[2H],-7.8,642
[BH3-][n+]1c(N=C(N)N)[nH]c2ccccc21,d6-DMSO,[2H]C([2H])([2H])S(=O)C([2H])([2H])[2H],-20.5,643
Cn1cc[n+]2c1[B-](F)(F)n1cc[n+](C)c1[BH2-]2,CDCl3,[2H]C(Cl)(Cl)Cl,0.9,644
C[N+](C)(C)[BH2-][AsH2+][W-6]([C+]=O)([C+]=O)([C+]=O)([C+]=O)[C+]=O,C6D6,[2H]c1c([2H])c([2H])c([2H])c([2H])c1[2H],-7,646
C=CC/C(=C\B(Cl)Cl)CCC,CDCl3,[2H]C(Cl)(Cl)Cl,51.09,647
CCCC1=CB(Cl)CC(Cl)C1,CDCl3,[2H]C(Cl)(Cl)Cl,64.84,648
C[N+](C)(C)[BH2-][PH2+][W-6]([C+]=O)([C+]=O)([C+]=O)([C+]=O)[C+]=O,C6D6,[2H]c1c([2H])c([2H])c([2H])c([2H])c1[2H],-7.6,649
CCNC(=O)[BH2-][n+]1ccccc1,C6D6,[2H]c1c([2H])c([2H])c([2H])c([2H])c1[2H],-14.21,650
[BH3-]P(=O)([O-])COCCn1cnc2c(N)ncnc21,d6-DMSO,[2H]C([2H])([2H])S(=O)C([2H])([2H])[2H],-31.4,652
C=CC[B-](C(F)(F)F)(C(F)(F)F)[N+](C)(C)C,CDCl3,[2H]C(Cl)(Cl)Cl,-6.6,653
CC(C)C1[B-](C(F)(F)F)(C(F)(F)F)[N+]1(C)C,CDCl3,[2H]C(Cl)(Cl)Cl,-17.3,654
COC(=O)C(C)([NH+](C)C)[B-](O)(C(F)(F)F)C(F)(F)F,CD3CN,[2H]C([2H])([2H])C#N,-7.4,655
[BH2-](n1cccc1)[O+]1CCCC1,d8-THF,[2H]C1([2H])OC([2H])([2H])C([2H])([2H])C1([2H])[2H],4.3,657
CC[Si](C#C[B-](F)(F)F)(CC)CC.[K+],CD3COCD3,[2H]C([2H])([2H])C(=O)C([2H])([2H])[2H],-2.4,660
CC[Si](CC)(CC)/C(F)=C(\F)[B-](F)(F)F.[K+],CD3COCD3,[2H]C([2H])([2H])C(=O)C([2H])([2H])[2H],0.31,662
COC(=O)[BH-](C#N)[NH+]1CCCCC1,CDCl3,[2H]C(Cl)(Cl)Cl,-15.4,663
COC(=O)[BH-](C#N)[N+]1(C)CCOCC1,CDCl3,[2H]C(Cl)(Cl)Cl,-13.6,664
[BH2-]1C2CCCC1CCC2.[Li+],C6D6,[2H]c1c([2H])c([2H])c([2H])c([2H])c1[2H],-16.6,670
BrB(N1CCCC1)N1CCCC1,CDCl3,[2H]C(Cl)(Cl)Cl,24.5,671
COB1CCCCCCC1Cl,CDCl3,[2H]C(Cl)(Cl)Cl,49.8,672
C[N+](C)(C)[B-](CCCO)(C(F)(F)F)C(F)(F)F,CDCl3,[2H]C(Cl)(Cl)Cl,-6,673
CC(C)C([NH+](C)C)[B-](O)(C(F)(F)F)C(F)(F)F,CD3CN,[2H]C([2H])([2H])C#N,-9.2,674
COB1CCCCCCC1,CDCl3,[2H]C(Cl)(Cl)Cl,56.1,678
CC(B(NB(C(C)[Si](Cl)(Cl)Cl)C(C)[Si](Cl)(Cl)Cl)C(C)[Si](Cl)(Cl)Cl)[Si](Cl)(Cl)Cl,CDCl3,[2H]C(Cl)(Cl)Cl,43.8,679
CCB(CC)OCCCCBr,C6D6,[2H]c1c([2H])c([2H])c([2H])c([2H])c1[2H],53.2,682
CCC(C)OC(=O)[B-](Br)(Br)[N+](C)(C)C,CDCl3,[2H]C(Cl)(Cl)Cl,-2.69,683
CC(C)COC(=O)[B-](Br)(Br)[N+](C)(C)C,CDCl3,[2H]C(Cl)(Cl)Cl,-3.51,684
CC1(C)OB([Si](C)(C)Cl)OC1(C)C,CDCl3,[2H]C(Cl)(Cl)Cl,32.4,685
CC1(C)OB([Si](C)(C)F)OC1(C)C,CDCl3,[2H]C(Cl)(Cl)Cl,32.3,686
CC1(C)COB2OCC(C)(C)N2BN1,CDCl3,[2H]C(Cl)(Cl)Cl,25.1,688
[BH3-][n+]1ccn([Si](C)(C)n2cc[n+]([BH3-])c2)c1,d8-THF,[2H]C1([2H])OC([2H])([2H])C([2H])([2H])C1([2H])[2H],-21.5,689
CC(C)(C)[BH2-]C(C)(C)C.[Li+],C6D6,[2H]c1c([2H])c([2H])c([2H])c([2H])c1[2H],-2.8,693
[BH3-][N+](C)(C)C1CCCCC1,d8-THF,[2H]C1([2H])OC([2H])([2H])C([2H])([2H])C1([2H])[2H],-11.35,694
CCB(CC)NC(C)(C)C,d8-Toluene,[2H]c1c([2H])c([2H])c(C([2H])([2H])[2H])c([2H])c1[2H],46.5,695
CC1CCB(N[Si](C)(C)C)C1,C6D6,[2H]c1c([2H])c([2H])c([2H])c([2H])c1[2H],57.6,696
CB(Br)C(Br)([Si](C)(C)C)[Si](C)(C)C,CDCl3,[2H]C(Cl)(Cl)Cl,73.5,701
CB(Cl)C(P(Cl)Cl)([Si](C)(C)C)[Si](C)(C)C,CDCl3,[2H]C(Cl)(Cl)Cl,70.6,702
[BH3-][NH+](CCCC)C(C)(C)C,CDCl3,[2H]C(Cl)(Cl)Cl,-20.26,705
CC[O-].COCCOCCOC.[BH4-].[Mg+2],C6D6,[2H]c1c([2H])c([2H])c([2H])c([2H])c1[2H],-42.3,709
FC(F)(F)c1cc(C(F)(F)F)c(B(Cl)Cl)c(C(F)(F)F)c1,CDCl3,[2H]C(Cl)(Cl)Cl,56.8,721
N#C/C=C/c1ccc([B-](F)(F)F)cc1.[K+],d6-DMSO,[2H]C([2H])([2H])S(=O)C([2H])([2H])[2H],2.42,725
N#C/C=C/c1ccc([B-](F)(F)F)cc1.[K+],CDCl3,[2H]C(Cl)(Cl)Cl,1.69,725
F[B-](Cc1ccccc1)(C(F)(F)F)C(F)(F)F.[K+],CDCl3,[2H]C(Cl)(Cl)Cl,-3.3,726
C#CB1Oc2ccc(C)cc2O1,CDCl3,[2H]C(Cl)(Cl)Cl,24.3,729
C#CB1Sc2ccc(C)cc2S1,CDCl3,[2H]C(Cl)(Cl)Cl,48,730
ClB1C=CCc2ccccc21,C6D6,[2H]c1c([2H])c([2H])c([2H])c([2H])c1[2H],53.6,731
N#CCCC=Cc1ccc([B-](F)(F)F)o1.[K+],d6-DMSO,[2H]C([2H])([2H])S(=O)C([2H])([2H])[2H],-0.42,732
N#CCCC=Cc1cc([B-](F)(F)F)cs1.[K+],CD3COCD3,[2H]C([2H])([2H])C(=O)C([2H])([2H])[2H],2.61,733
C/C=C/c1ccc([B-](F)(F)F)cc1.[K+],d6-DMSO,[2H]C([2H])([2H])S(=O)C([2H])([2H])[2H],1.92,734
C=CC(O)c1ccc([B-](F)(F)F)cc1.[K+],CD3COCD3,[2H]C([2H])([2H])C(=O)C([2H])([2H])[2H],3.77,735
C[N+](C)(C)[B-](C(F)(F)C(F)(F)F)(C(F)(F)C(F)(F)F)C(F)(F)C(F)(F)F,CDCl3,[2H]C(Cl)(Cl)Cl,-5.1,736
CB(c1cccs1)c1cccs1,C6D6,[2H]c1c([2H])c([2H])c([2H])c([2H])c1[2H],57,737
O=[C+][Re-3]1([C+]=O)([C+]=O)=S=C2SCCN2[BH2-]N2CCSC2=S=1,CDCl3,[2H]C(Cl)(Cl)Cl,36.1,738
CC(C)c1ccc(B(Br)Br)cc1,C6D6,[2H]c1c([2H])c([2H])c([2H])c([2H])c1[2H],55.8,741
CCC(O)c1ccc([B-](F)(F)F)cc1.[K+],d6-DMSO,[2H]C([2H])([2H])S(=O)C([2H])([2H])[2H],3.37,745
F[B-](F)(F)CCCSc1ccccc1.[K+],d6-DMSO,[2H]C([2H])([2H])S(=O)C([2H])([2H])[2H],5.73,746
O=S(=O)(CCC[B-](F)(F)F)c1ccccc1.[K+],d6-DMSO,[2H]C([2H])([2H])S(=O)C([2H])([2H])[2H],4.91,747
[BH2-](n1cccc1)[n+]1ccccc1,d8-THF,[2H]C1([2H])OC([2H])([2H])C([2H])([2H])C1([2H])[2H],-3.2,748
CCOB(Br)c1ccc(C)cc1,CDCl3,[2H]C(Cl)(Cl)Cl,38.4,750
C[N+]1(C)Cc2ccccc2[B-]1(Br)Br,C6D6,[2H]c1c([2H])c([2H])c([2H])c([2H])c1[2H],20.46,751
C[N+]1(C)Cc2ccccc2O[B-]1(Cl)Cl,C6D6,[2H]c1c([2H])c([2H])c([2H])c([2H])c1[2H],7.3,752
C[N+]1(C)Cc2ccccc2[B-]1(F)F,CDCl3,[2H]C(Cl)(Cl)Cl,0.76,753
Cn1c2[n+](c3ccccc31)[BH2-]NC(N)=N2,d6-DMSO,[2H]C([2H])([2H])S(=O)C([2H])([2H])[2H],-10.5,754
CB(Br)c1cc(B(C)Br)cc(B(C)Br)c1,CDCl3,[2H]C(Cl)(Cl)Cl,72,755
C[P+](C)(C)[B-]1(Cl)Oc2ccccc2O1,d8-Toluene,[2H]c1c([2H])c([2H])c(C([2H])([2H])[2H])c([2H])c1[2H],11.1,756
CB(Cl)c1ccccc1[Sn](C)(C)Cl,C6D6,[2H]c1c([2H])c([2H])c([2H])c([2H])c1[2H],38.7,757
C[Si](C)(C)c1ccc([B-](F)(F)F)cc1.[K+],CD3COCD3,[2H]C([2H])([2H])C(=O)C([2H])([2H])[2H],3.59,758
C[Si](C)(C)c1cccc([B-](F)(F)F)c1,CD3COCD3,[2H]C([2H])([2H])C(=O)C([2H])([2H])[2H],3.72,759
C[N+]1(C)CCCC(C#N)[B-]1(C(F)(F)F)C(F)(F)F,CD3CN,[2H]C([2H])([2H])C#N,-7.9,760
OB(O)CCCSc1ccccc1,CDCl3,[2H]C(Cl)(Cl)Cl,33.5,762
CN(C)B(Cl)C[P+](C)(C)[Fe-5]([C+]=O)([C+]=O)([C+]=O)[C+]=O,CDCl3,[2H]C(Cl)(Cl)Cl,35.12,763
[BH3-][N+](C)(C)Cc1c(Cl)cccc1Cl,d8-THF,[2H]C1([2H])OC([2H])([2H])C([2H])([2H])C1([2H])[2H],-5.67,764
CCOC(=O)C1(C)[B-](C(F)(F)F)(C(F)(F)F)[N+]1(C)C,CD2Cl2,[2H]C([2H])(Cl)Cl,-17.1,765
COB(C[P+](C)(C)[Fe-5]([C+]=O)([C+]=O)([C+]=O)[C+]=O)OC,CDCl3,[2H]C(Cl)(Cl)Cl,28,766
C[N+]1(C)[BH2-]Oc2ccccc2C1,C6D6,[2H]c1c([2H])c([2H])c([2H])c([2H])c1[2H],1.8,767
C[BH-](n1ccn(C)c1=S)n1ccn(C)c1=S.[Li+],CD3CN,[2H]C([2H])([2H])C#N,39.35,769
[BH3-][n+]1c(N=C(N)N)n(C)c2ccccc21,d6-DMSO,[2H]C([2H])([2H])S(=O)C([2H])([2H])[2H],-21.8,770
C[n+]1cnn(N)c1.c1ncn([BH-](n2cncn2)n2cncn2)n1,d6-DMSO,[2H]C([2H])([2H])S(=O)C([2H])([2H])[2H],-0.38,771
[BH3-][N+](C)(C)Cc1ccc(Br)cc1,d8-THF,[2H]C1([2H])OC([2H])([2H])C([2H])([2H])C1([2H])[2H],-2.67,773
C[NH+](C)[B-](Cl)(Cl)C[P+](C)(C)[Fe-5]([C+]=O)([C+]=O)([C+]=O)[C+]=O,CDCl3,[2H]C(Cl)(Cl)Cl,7.17,774
CN(C)[B-](C#[N+]C(C)(C)C)(C(F)(F)F)C(F)(F)F,CD2Cl2,[2H]C([2H])(Cl)Cl,-6,775
C[N+](C)([BH2-]C#N)CC(O)c1ccco1,CDCl3,[2H]C(Cl)(Cl)Cl,-13.2,776
[BH3-]P(=O)([O-])COC(C)Cn1cnc2c(N)ncnc21,d6-DMSO,[2H]C([2H])([2H])S(=O)C([2H])([2H])[2H],-34.1,778
Cn1cc[n+](C)c1.[BH2-](n1cncn1)n1cncn1,d6-DMSO,[2H]C([2H])([2H])S(=O)C([2H])([2H])[2H],-6.29,780
Cn1nn[n+](C)c1N.c1ncn([BH-](n2cncn2)n2cncn2)n1,d6-DMSO,[2H]C([2H])([2H])S(=O)C([2H])([2H])[2H],-0.39,781
CCn1c(C)c(C)n(CC)[c+]1[B-](F)(F)F,CD2Cl2,[2H]C([2H])(Cl)Cl,1.48,782
C=CCC[B-](C(F)(F)F)(C(F)(F)F)[N+](C)(C)C,CDCl3,[2H]C(Cl)(Cl)Cl,-6.1,783
CC(C)(C)C1[B-](C(F)(F)F)(C(F)(F)F)[N+]1(C)C,CD2Cl2,[2H]C([2H])(Cl)Cl,-17.2,784
[BH3-][N+](C)(C)Cc1ccccc1,CDCl3,[2H]C(Cl)(Cl)Cl,-9.46,785
CN(C)B(C1=CC=CC1)N(C)C.[Li+],CDCl3,[2H]C(Cl)(Cl)Cl,30,787
CCCC[N+](CCCC)(CCCC)CCCC.O=CCCCCCCCC[B-](F)(F)F,CDCl3,[2H]C(Cl)(Cl)Cl,5.35,790
C=C(C)/C=C/B1N(C)CCN1C,C6D6,[2H]c1c([2H])c([2H])c([2H])c([2H])c1[2H],30,792
CC1(C)CCCCCCB1Cl,CDCl3,[2H]C(Cl)(Cl)Cl,76.6,794
CB(Cl)C1(C)CCCCCC1,CDCl3,[2H]C(Cl)(Cl)Cl,77.6,795
C[N+](C)(C)[B-](CCCCO)(C(F)(F)F)C(F)(F)F,CDCl3,[2H]C(Cl)(Cl)Cl,-6.1,796
C[NH+](C)C([B-](O)(C(F)(F)F)C(F)(F)F)C(C)(C)C,CD3CN,[2H]C([2H])([2H])C#N,-7.8,797
C[B-]#[N+]C1(C)CCCCCC1,CDCl3,[2H]C(Cl)(Cl)Cl,2.4,798
CC1(C)CCCCCCB1N=[N+]=[N-],CDCl3,[2H]C(Cl)(Cl)Cl,64.8,799
CB(N=[N+]=[N-])C1(C)CCCCCC1,CDCl3,[2H]C(Cl)(Cl)Cl,63.4,800
[BH3-][P+](CC=C)(CC=C)CC=C,CDCl3,[2H]C(Cl)(Cl)Cl,-37.6,801
CCC1B(C)C(C)=C(C)B1C,C6D6,[2H]c1c([2H])c([2H])c([2H])c([2H])c1[2H],69.6,802
CC[B-](CC)(CC)[n+]1ccc[nH]1,CDCl3,[2H]C(Cl)(Cl)Cl,0,805
[BH3-][c+]1n(CC)c(C)c(C)n1CC,CD2Cl2,[2H]C([2H])(Cl)Cl,-34.9,806
CC(C)CCOC(=O)[B-](Br)(Br)[N+](C)(C)C,CDCl3,[2H]C(Cl)(Cl)Cl,-2.27,809
CC(B(CC[Si](C)(Cl)Cl)C(C)[Si](C)(Cl)Cl)[Si](C)(Cl)Cl,C6D6,[2H]c1c([2H])c([2H])c([2H])c([2H])c1[2H],80,811
[BH3-][n+]1c(C)c(C)n(C)c1[Si](C)(C)C,C6D6,[2H]c1c([2H])c([2H])c([2H])c([2H])c1[2H],-19.7,812
[BH3-][n+]1c(C)c(C)n(C)c1[Sn](C)(C)C,C6D6,[2H]c1c([2H])c([2H])c([2H])c([2H])c1[2H],-19.9,813
CN1N=NN(C(C)(C)C)B1C(C)(C)C,CDCl3,[2H]C(Cl)(Cl)Cl,27.5,814
CCCCB(CCCC)OS(C)(=O)=O,C6D6,[2H]c1c([2H])c([2H])c([2H])c([2H])c1[2H],59.2,815
CO[Si](C)(C)B1OC(C)(C)C(C)(C)O1,CDCl3,[2H]C(Cl)(Cl)Cl,33.1,816
CCN(CC)B1CCC[Si]1(C)C,C6D6,[2H]c1c([2H])c([2H])c([2H])c([2H])c1[2H],54.3,820
CC(B(N[Si](C)(C)C)C(C)[Si](C)(Cl)Cl)[Si](C)(Cl)Cl,CDCl3,[2H]C(Cl)(Cl)Cl,45.1,826
[BH3-][N+](CCC)(CCC)C(C)C,CDCl3,[2H]C(Cl)(Cl)Cl,-14.03,828
CCO[P+]([BH2-][P+](OC)(OC)OC)(OCC)OCC.F[B-](F)(F)F,d6-DMSO,[2H]C([2H])([2H])S(=O)C([2H])([2H])[2H],-1.32,829
CC(B1NB(C(C)[Si](C)(Cl)Cl)NB(C(C)[Si](C)(Cl)Cl)N1)[Si](C)(Cl)Cl,CDCl3,[2H]C(Cl)(Cl)Cl,30.23,830
CC(C)N1BN(C(C)C)BN(C(C)C)B1,C6D6,[2H]c1c([2H])c([2H])c([2H])c([2H])c1[2H],32.1,831
C[Si](C)(C)[Sb+]([B-](Br)(Br)Br)([Si](C)(C)C)[Si](C)(C)C,d8-Toluene,[2H]c1c([2H])c([2H])c(C([2H])([2H])[2H])c([2H])c1[2H],-24.71,841
C[Si](C)(C)[Sb+]([B-](Cl)(Cl)Cl)([Si](C)(C)C)[Si](C)(C)C,d8-Toluene,[2H]c1c([2H])c([2H])c(C([2H])([2H])[2H])c([2H])c1[2H],5.35,842
[BH3-][P+](C)(C)[C-]([Si](C)(C)C)[Si](C)(C)C.[Na+],d8-Toluene,[2H]c1c([2H])c([2H])c(C([2H])([2H])[2H])c([2H])c1[2H],-28.8,845
C[SiH2]CCB(C(C)[SiH2]C)C(C)[SiH2]C,C6D6,[2H]c1c([2H])c([2H])c([2H])c([2H])c1[2H],80.3,846
[BH3-][P+](C)(C)C([Si](C)(C)C)[Si](C)(C)C,CDCl3,[2H]C(Cl)(Cl)Cl,-33.3,849
CC(C)[NH+]1[BH2-][NH+](C(C)C)[BH2-][NH+](C(C)C)[BH2-]1,CDCl3,[2H]C(Cl)(Cl)Cl,-10.3,852
Fc1nc(F)c(F)c([B-](F)(F)c2c(F)c(F)nc(F)c2F)c1F.[K+],CD3CN,[2H]C([2H])([2H])C#N,2.3,857
ClB1Oc2cc3ccccc3cc2O1,CDCl3,[2H]C(Cl)(Cl)Cl,29.9,858
CO[B-](OC)(C(F)(F)C(F)(F)C(F)(F)C(F)(F)F)C(F)(F)C(F)(F)C(F)(F)C(F)(F)F.[K+],CD3CN,[2H]C([2H])([2H])C#N,-1.2,859
B1Oc2cc3ccccc3cc2O1,CDCl3,[2H]C(Cl)(Cl)Cl,29.2,861
B1Oc2cccc3cccc(c23)O1,CDCl3,[2H]C(Cl)(Cl)Cl,26.5,862
CC(=O)/C=C/c1ccc([B-](F)(F)F)cc1.[K+],d6-DMSO,[2H]C([2H])([2H])S(=O)C([2H])([2H])[2H],2.46,864
CCCC[N+](CCCC)(CCCC)CCCC.COC(=O)/C=C/c1ccc([B-](F)(F)F)cc1,CDCl3,[2H]C(Cl)(Cl)Cl,2.31,865
CCCC[N+](CCCC)(CCCC)CCCC.COC(=O)/C=C/c1ccc([B-](F)(F)F)cc1,d6-DMSO,[2H]C([2H])([2H])S(=O)C([2H])([2H])[2H],2.42,865
CC(C)(C)[B-]#[N+]c1c(F)c(F)c(F)c(F)c1F,CDCl3,[2H]C(Cl)(Cl)Cl,-1.3,866
C1=COB(c2ccccc2)C=C1,CDCl3,[2H]C(Cl)(Cl)Cl,39.6,869
C=C1CB(Cl)Cc2ccccc21,CDCl3,[2H]C(Cl)(Cl)Cl,76.7,871
CC1=CB(Cl)Cc2ccccc21,CDCl3,[2H]C(Cl)(Cl)Cl,62.7,872
CB1C=CCc2ccccc21,d8-THF,[2H]C1([2H])OC([2H])([2H])C([2H])([2H])C1([2H])[2H],62.6,874
CC(C)=Cc1ccc([B-](F)(F)F)cc1.[K+],d6-DMSO,[2H]C([2H])([2H])S(=O)C([2H])([2H])[2H],1.78,875
C[N+]1(C)S(=O)N(S(=O)(=O)c2ccccc2)[B-]1(C(F)(F)F)C(F)(F)F,CDCl3,[2H]C(Cl)(Cl)Cl,-3,876
CC(C)(C)c1ccc2c(c1)OB(Cl)O2,CDCl3,[2H]C(Cl)(Cl)Cl,28.2,877
CC(=O)NC(Cc1ccccc1)[B-](F)(F)F.[Cs+],CD3CN,[2H]C([2H])([2H])C#N,5.5,878
CC(C)(C)c1ccc(B(Br)Br)cc1,CDCl3,[2H]C(Cl)(Cl)Cl,56,880
CC(C)(O)Cc1ccc([B-](F)(F)F)cc1.[K+],d6-DMSO,[2H]C([2H])([2H])S(=O)C([2H])([2H])[2H],3.8,882
CCC(OCc1ccccc1)[B-](F)(F)F.[Cs+],CD3CN,[2H]C([2H])([2H])C#N,3.7,883
CC(C)(C)c1ccc2c(c1)OBO2,C6D6,[2H]c1c([2H])c([2H])c([2H])c([2H])c1[2H],29.4,884
COB(C[P+](C)(C)[Cr-6]([C+]=O)([C+]=O)([C+]=O)([C+]=O)[C+]=O)OC,CDCl3,[2H]C(Cl)(Cl)Cl,29.2,886
c1cc2n3c1CCCB3CCC2,C6D6,[2H]c1c([2H])c([2H])c([2H])c([2H])c1[2H],54,889
CB1NC(C)C(c2ccccc2)O1,CDCl3,[2H]C(Cl)(Cl)Cl,32,890
N#C[BH2-][NH2+]C(Cc1ccc(O)cc1)C(N)=O,d6-DMSO,[2H]C([2H])([2H])S(=O)C([2H])([2H])[2H],-24.8,891
COC(=O)[BH-](C#N)[N+](C)(C)c1ccncc1,CDCl3,[2H]C(Cl)(Cl)Cl,-14.3,892
[BH3-][P+]1(c2ccccc2)CC=CC1,CDCl3,[2H]C(Cl)(Cl)Cl,-36.13,893
CC1C(c2ccccc2)O[BH2-]N1C.[K+],d8-THF,[2H]C1([2H])OC([2H])([2H])C([2H])([2H])C1([2H])[2H],4.6,895
[BH3-][N+](C)(C)Cc1ccc(C#N)cc1,d8-THF,[2H]C1([2H])OC([2H])([2H])C([2H])([2H])C1([2H])[2H],-6.44,896
NC(=O)C(Cc1ccccc1)[NH2+][BH2-]C(=O)O,d6-DMSO,[2H]C([2H])([2H])S(=O)C([2H])([2H])[2H],-27,897
NC(=O)C(Cc1ccc(O)cc1)[NH2+][BH2-]C(=O)O,d6-DMSO,[2H]C([2H])([2H])S(=O)C([2H])([2H])[2H],-27.9,898
C[Si]1(C)OB(c2ccc(Br)cc2)O[Si](C)(C)O1,CDCl3,[2H]C(Cl)(Cl)Cl,27,901
CC1[NH2+][B-](C)(O)OC1c1ccccc1,CDCl3,[2H]C(Cl)(Cl)Cl,7.1,903
Cc1n(C)cc[n+]1C.[BH2-](n1cncn1)n1cncn1,d6-DMSO,[2H]C([2H])([2H])S(=O)C([2H])([2H])[2H],-6.29,911
C[Si]1(C)OB(c2ccccc2)O[Si](C)(C)O1,CDCl3,[2H]C(Cl)(Cl)Cl,26.8,912
C=CCCC[B-](C(F)(F)F)(C(F)(F)F)[N+](C)(C)C,CDCl3,[2H]C(Cl)(Cl)Cl,-6,914
C[NH+](C)C(C(=O)OC(C)(C)C)[B-](C)(C(F)(F)F)C(F)(F)F,CD3CN,[2H]C([2H])([2H])C#N,-3.5,915
CC[B-]1(C)CCCC2=[N+]1CC=C2,C6D6,[2H]c1c([2H])c([2H])c([2H])c([2H])c1[2H],-5.1,916
C[N+]1(C)CCC[B-]12C=CCC=C2,CDCl3,[2H]C(Cl)(Cl)Cl,-1.6,917
C[N+]1(C)CCC[B-]12C=CC=CC2,CDCl3,[2H]C(Cl)(Cl)Cl,-3.2,918
C[Si]1(C)OB(c2cccc(N)c2)O[Si](C)(C)O1,CDCl3,[2H]C(Cl)(Cl)Cl,26.5,921
[BH3-][PH+](c1ccccc1)C(C)(C)C,C6D6,[2H]c1c([2H])c([2H])c([2H])c([2H])c1[2H],-38.5,922
CC#C[B@-]1(Cl)[N+](C)(C)[B@-](Cl)(C#CC)[N+]1(C)C,C6D6,[2H]c1c([2H])c([2H])c([2H])c([2H])c1[2H],3.8,923
C=CCCCCCCCC[B-](F)(F)F.CCCC[N+](CCCC)(CCCC)CCCC,CDCl3,[2H]C(Cl)(Cl)Cl,5.5,926
CCCCCCCCC1OC1[B-](F)(F)F.[K+],d6-DMSO,[2H]C([2H])([2H])S(=O)C([2H])([2H])[2H],1.88,927
COB1C[C@@H]2C[C@H](C)C[C@H](C1)C2,CDCl3,[2H]C(Cl)(Cl)Cl,54.5,928
[BH2-](C1CCCC1)C1CCCC1.[Li+],d8-THF,[2H]C1([2H])OC([2H])([2H])C([2H])([2H])C1([2H])[2H],-14.1,933
CC(C)(C)N1C=CN(C(C)(C)C)B1Br,CDCl3,[2H]C(Cl)(Cl)Cl,21.1,934
CC(C)(C)N1C=CN(C(C)(C)C)B1Cl,C6D6,[2H]c1c([2H])c([2H])c([2H])c([2H])c1[2H],20.2,935
CC(C)(C)[N+]1=CC=[N+](C(C)(C)C)[B-]1(Cl)Cl.Cl[B-](Cl)(Cl)Cl,CD3CN,[2H]C([2H])([2H])C#N,7.7,936
CC(C)(C)N1C=CN(C(C)(C)C)B1F,C6D6,[2H]c1c([2H])c([2H])c([2H])c([2H])c1[2H],20.3,937
CC(C)(C)N1C=CN(C(C)(C)C)B1I,C6D6,[2H]c1c([2H])c([2H])c([2H])c([2H])c1[2H],6.5,938
CCCCCC[B-](C(F)(F)F)(C(F)(F)F)[N+](C)(C)C,CDCl3,[2H]C(Cl)(Cl)Cl,-5.8,939
[BH3-][P+]1(CCC=C)CCCCCC1,CDCl3,[2H]C(Cl)(Cl)Cl,-37.58,941
CCB(C#CB(CC)CC)CC,C6D6,[2H]c1c([2H])c([2H])c([2H])c([2H])c1[2H],72,942
CCB(C#CB(CC)CC)CC,CDCl3,[2H]C(Cl)(Cl)Cl,72.2,942
CC(C)(C)/[N+](=C/C=[N+](\[B-](F)(F)F)C(C)(C)C)[B-](F)(F)F,CDCl3,[2H]C(Cl)(Cl)Cl,67.7;48.2,943
[BH2-]1[N+]23CCCC2CO[B-]32OCC3CCC[N+]132,d8-THF,[2H]C1([2H])OC([2H])([2H])C([2H])([2H])C1([2H])[2H],9.8;-0.8,945
CCOC1COB(B2OCC(OCC)CO2)OC1,CDCl3,[2H]C(Cl)(Cl)Cl,27.5,947
COB1CCCCCCC1(C)C,CDCl3,[2H]C(Cl)(Cl)Cl,55.3,948
COB(C)C1(C)CCCCCC1,CDCl3,[2H]C(Cl)(Cl)Cl,53.8,949
CCN(C#CB(N(C)C)N(C)C)CC,CDCl3,[2H]C(Cl)(Cl)Cl,26,951
[BH3-][P+](CC)(CC)C1=CCCCC1,CDCl3,[2H]C(Cl)(Cl)Cl,-39.3,952
[BH3-][N+]12CCCC1CO[B-]21OCC2CCC[NH+]21,d8-THF,[2H]C1([2H])OC([2H])([2H])C([2H])([2H])C1([2H])[2H],6.0;-17.6,953
CC1(C)OB(C[N+](C)(C)[BH2-]C#N)OC1(C)C,CDCl3,[2H]C(Cl)(Cl)Cl,-14.1,954
[BH3-][P+]1(CC[P+]2([BH3-])CC=CC2)CC=CC1,CDCl3,[2H]C(Cl)(Cl)Cl,-36.9,955
C=CB(N(CC)CC)N(CC)CC,CDCl3,[2H]C(Cl)(Cl)Cl,31.1,956
CCO[Si](C)(C)CB1OC(C)(C)C(C)(C)O1,CDCl3,[2H]C(Cl)(Cl)Cl,33,958
CC(C)O[P+]([BH2-]C(Cl)Cl)(OC(C)C)OC(C)C,CDCl3,[2H]C(Cl)(Cl)Cl,-26.2,960
CN(C)[Si](C)(C)CB1OC(C)(C)C(C)(C)O1,CDCl3,[2H]C(Cl)(Cl)Cl,33.7,961
CCB(CC)CCB(CC)CC,C6D6,[2H]c1c([2H])c([2H])c([2H])c([2H])c1[2H],75,962
CN(C)B1C=CC([Si](C)(C)C)B1N(C)C,CDCl3,[2H]C(Cl)(Cl)Cl,51.0;46.0,963
[BH3-]n1c(C)c(C)n(C)[c+]1B(N(C)C)N(C)C,CDCl3,[2H]C(Cl)(Cl)Cl,27.8;-21.9,964
CCB(Cl)C(B(C)Cl)([Si](C)(C)C)[Si](C)(C)C,CDCl3,[2H]C(Cl)(Cl)Cl,73.1,968
CB(Cl)C([Si](C)(C)C)([Si](C)(C)C)[Sn](C)(C)Cl,CDCl3,[2H]C(Cl)(Cl)Cl,71.4,972
C[P+](C)(C)[Re-4]([C+]=O)([P+](C)(C)C)[P+](C)(C)C.[BH4-],d8-Toluene,[2H]c1c([2H])c([2H])c(C([2H])([2H])[2H])c([2H])c1[2H],18.1,979
CCOCC.C[Si](C)(C)N([Mg+])[Si](C)(C)C.[BH4-],C6D6,[2H]c1c([2H])c([2H])c([2H])c([2H])c1[2H],-37.8,980
[N-]=[N+]=N[B-](N=[N+]=[N-])(c1c(F)c(F)c(F)c(F)c1F)[n+]1ccccc1,CDCl3,[2H]C(Cl)(Cl)Cl,1.4,986
C[N+]1(C)C(c2c(F)c(F)c(F)c(F)c2F)[B-]1(C(F)(F)F)C(F)(F)F,CDCl3,[2H]C(Cl)(Cl)Cl,-15.7,987
[N-]=[N+]=N[B-](N=[N+]=[N-])(c1c(F)cccc1F)[n+]1ccccc1,CDCl3,[2H]C(Cl)(Cl)Cl,2,989
[N-]=[N+]=N[B-](N=[N+]=[N-])(c1ccccc1F)[n+]1ccccc1,CDCl3,[2H]C(Cl)(Cl)Cl,3,992
C[N+](C)(C)[B-](c1ccccc1F)(C(F)(F)F)C(F)(F)F,CDCl3,[2H]C(Cl)(Cl)Cl,-7,993
N#CCC/C=C\c1ccc([B-](F)(F)F)cc1.[K+],d6-DMSO,[2H]C([2H])([2H])S(=O)C([2H])([2H])[2H],2.2,994
N#CCC/C=C\c1ccccc1[B-](F)(F)F.[K+],d6-DMSO,[2H]C([2H])([2H])S(=O)C([2H])([2H])[2H],1.85,995
N#CCC/C=C\c1cccc([B-](F)(F)F)c1.[K+],CD3COCD3,[2H]C([2H])([2H])C(=O)C([2H])([2H])[2H],3,996
C=CCC(=CB(Cl)Cl)c1ccccc1,CDCl3,[2H]C(Cl)(Cl)Cl,52.5,1000
ClB1C=C(c2ccccc2)CC(Cl)C1,CDCl3,[2H]C(Cl)(Cl)Cl,62.3,1001
C[N+]1(C)C(c2ccc(F)cc2)[B-]1(C(F)(F)F)C(F)(F)F,CDCl3,[2H]C(Cl)(Cl)Cl,-14.6,1003
C[B-](C)=C1C=Cc2ccccc21.[Li+],d8-THF,[2H]C1([2H])OC([2H])([2H])C([2H])([2H])C1([2H])[2H],55.41,1004
CON(C)C(=O)/C=C/c1ccc([B-](F)(F)F)cc1.[K+],d6-DMSO,[2H]C([2H])([2H])S(=O)C([2H])([2H])[2H],1.76,1006
C[N+]1(C)C(c2ccccc2)[B-]1(C(F)(F)F)C(F)(F)F,CDCl3,[2H]C(Cl)(Cl)Cl,-15.1,1007
O.[BH3-][n+]1c(C)c(C)n(C)c1C(=C)[Fe-5]([C+]=O)([C+]=O)([C+]=O)[C+]=O.[Li+],C6D6,[2H]c1c([2H])c([2H])c([2H])c([2H])c1[2H],-22.9,1008
[BH3-]n1c(C)c(C)n(C)[c+]1[Mn-5]([C+]=O)([C+]=O)([C+]=O)([C+]=O)[C+]=O.[Li+],C6D6,[2H]c1c([2H])c([2H])c([2H])c([2H])c1[2H],-22.3,1009
C[N+]12CC(=O)O[B-]1(c1ccccc1)OC(=O)C2,d6-DMSO,[2H]C([2H])([2H])S(=O)C([2H])([2H])[2H],11.21,1010
CB(C)C1C=Cc2ccccc21,CDCl3,[2H]C(Cl)(Cl)Cl,90,1011
CB1C=C(C)c2ccccc2C1,CDCl3,[2H]C(Cl)(Cl)Cl,69.6,1012
C[NH+](C)C(c1ccccc1F)[B-](O)(C(F)(F)F)C(F)(F)F,CD3COCD3,[2H]C([2H])([2H])C(=O)C([2H])([2H])[2H],-8,1015
C[Si](C)(C)C#CB1Oc2ccccc2S1,CDCl3,[2H]C(Cl)(Cl)Cl,37,1018
C[Si](C)(C)C#CB1Oc2ccccc2O1,CDCl3,[2H]C(Cl)(Cl)Cl,23,1019
CN(C)C/C=C/c1ccc([B-](F)(F)F)cc1.[K+],d6-DMSO,[2H]C([2H])([2H])S(=O)C([2H])([2H])[2H],2.8,1020
C[N+](C)(C)[B-](c1ccccc1)(C(F)(F)F)C(F)(F)F,CDCl3,[2H]C(Cl)(Cl)Cl,-6.2,1021
C[N+](C)(Cc1ccccc1)[BH-](C(F)(F)F)C(F)(F)F,CDCl3,[2H]C(Cl)(Cl)Cl,-8.2,1022
C[NH+](C)C(c1ccccc1)[B-](O)(C(F)(F)F)C(F)(F)F,CD3CN,[2H]C([2H])([2H])C#N,-6.9,1023
CCN1CC=CB1c1ccccc1,C6D6,[2H]c1c([2H])c([2H])c([2H])c([2H])c1[2H],39.4,1024
CB(C#Cc1ccccc1)N(C)C,CDCl3,[2H]C(Cl)(Cl)Cl,35.1,1025
C=CB1OB(C=C)O[B-](C=C)([n+]2ccccc2)O1,CD2Cl2,[2H]C([2H])(Cl)Cl,17.7,1026
O=S(=O)(O[B@-]12CCCC3=[N+]1[C@@H](C=C3)CCC2)C(F)(F)F,C6D6,[2H]c1c([2H])c([2H])c([2H])c([2H])c1[2H],13.9,1027
O=S(=O)(O[B@@-]12CCCC3=[N+]1[C@@H](C=C3)CCC2)C(F)(F)F,C6D6,[2H]c1c([2H])c([2H])c([2H])c([2H])c1[2H],13.9,1028
CC/C(I)=C(\CC)[B-](I)(I)[n+]1ccccc1,CDCl3,[2H]C(Cl)(Cl)Cl,-13.9,1029
CC/C(I)=C(/CC)[B-](I)(I)[n+]1ccccc1,CDCl3,[2H]C(Cl)(Cl)Cl,-20.8,1030
O=C(O)CNC(=O)CNCc1ccc(B(O)O)cc1,CD3OD,[2H]OC([2H])([2H])[2H],30.79,1031
CC1(C)COB(c2ccccc2)OC1,C6D6,[2H]c1c([2H])c([2H])c([2H])c([2H])c1[2H],26.5,1032
CC[N+]1(CC)Cc2ccccc2O[B-]1(Cl)Cl,C6D6,[2H]c1c([2H])c([2H])c([2H])c([2H])c1[2H],7.7,1035
CB1O[C@H](c2ccccc2)[C@H](C)N1C,CDCl3,[2H]C(Cl)(Cl)Cl,34,1036
OB(O)c1ccccc1CN1CCCC1,CD3OD,[2H]OC([2H])([2H])[2H],8.3,1037
CC1(C)OB(c2cccnc2)OC1(C)C,CDCl3,[2H]C(Cl)(Cl)Cl,31,1038
Cn1cc[n+](C)c1.c1ncn([BH-](n2cncn2)n2cncn2)n1,d6-DMSO,[2H]C([2H])([2H])S(=O)C([2H])([2H])[2H],-0.4,1040
[BH3-][P+]1(c2ccccc2)CC=C(C)C1,CDCl3,[2H]C(Cl)(Cl)Cl,-35.78,1041
C[N+](C)([BH2-]C#N)CC(O)c1ccccc1,CDCl3,[2H]C(Cl)(Cl)Cl,-13.62,1043
[BH3-][N+]1(Cc2ccccc2)CCCC1,d8-THF,[2H]C1([2H])OC([2H])([2H])C([2H])([2H])C1([2H])[2H],-11.8,1050
[BH3-][N+]1(Cc2ccccc2)CCOCC1,d8-THF,[2H]C1([2H])OC([2H])([2H])C([2H])([2H])C1([2H])[2H],-12.4,1051
CC[N+]1(CC)[BH2-]Oc2ccccc2C1,C6D6,[2H]c1c([2H])c([2H])c([2H])c([2H])c1[2H],0.2,1052
C[C@H]1[C@@H](c2ccccc2)O[B-](C)(O)[N+]1(C)C,CDCl3,[2H]C(Cl)(Cl)Cl,8.1,1053
C[C@H]1[C@@H](c2ccccc2)O[B-](C)(O)[N+]1(C)C.C[Si](C)(C)[N+](=[B-]=[W-5]([C+]=O)([C+]=O)([C+]=O)([C+]=O)[C+]=O)[Si](C)(C)C,C6D6,[2H]c1c([2H])c([2H])c([2H])c([2H])c1[2H],86.6,1054
[BH3-][P+]1(c2ccccc2)CCCCC1,CDCl3,[2H]C(Cl)(Cl)Cl,-35.9,1055
C/C=C\B1C2CCCC1CCC2,C6D6,[2H]c1c([2H])c([2H])c([2H])c([2H])c1[2H],80.6,1056
CC(C)B(C1=CC=CC1)C(C)C,CDCl3,[2H]C(Cl)(Cl)Cl,72,1057
C[B-](C1=CC=CC1)=[N+](C(C)C)C(C)C,d8-Toluene,[2H]c1c([2H])c([2H])c(C([2H])([2H])[2H])c([2H])c1[2H],33.9,1058
CCN(CC)[B-](C#[N+]C(C)(C)C)(C(F)(F)F)C(F)(F)F,CD2Cl2,[2H]C([2H])(Cl)Cl,-5.7,1059
C[C@@H]1C[C@H]2C[C@@H]([C@H]1[BH2-]C#N)C2(C)C.[Li+],CDCl3,[2H]C(Cl)(Cl)Cl,-28.1,1060
CC[B-]1(CC)CCCc2cccn21,C6D6,[2H]c1c([2H])c([2H])c([2H])c([2H])c1[2H],-7.6,1061
BrCCCB1C2CCCC1CCC2,C6D6,[2H]c1c([2H])c([2H])c([2H])c([2H])c1[2H],86.6,1062
Br[Mg]CCCB1C2CCCC1CCC2,C6D6,[2H]c1c([2H])c([2H])c([2H])c([2H])c1[2H],78.2,1063
CC1(C)CC12CCCCCCB2Cl,CDCl3,[2H]C(Cl)(Cl)Cl,75.7,1064
CN(C)B(C[P+](C)(C)[Fe-5]([C+]=O)([C+]=O)([C+]=O)[C+]=O)N(C)C,CDCl3,[2H]C(Cl)(Cl)Cl,31.5,1066
[BH3-][NH+](CCCC)Cc1ccccc1,CDCl3,[2H]C(Cl)(Cl)Cl,-17.88,1069
[BH3-][NH+](CCCC)Cc1ccccc1,CD3OD,[2H]OC([2H])([2H])[2H],-14.9,1069
CCOB(CC)CCCc1ccc[nH]1,C6D6,[2H]c1c([2H])c([2H])c([2H])c([2H])c1[2H],54.8,1071
CC1(C)CC12CCCCCCB2N=[N+]=[N-],CDCl3,[2H]C(Cl)(Cl)Cl,65,1072
CC(C)(C)N1C=CN(C(C)(C)C)B1C#N,C6D6,[2H]c1c([2H])c([2H])c([2H])c([2H])c1[2H],12,1073
CC(C)(C)N1C=CN(C(C)(C)C)B1N=C=O,C6D6,[2H]c1c([2H])c([2H])c([2H])c([2H])c1[2H],14.7,1074
[BH3-][P+](OC)(c1ccccc1)C(C)(C)C,C6D6,[2H]c1c([2H])c([2H])c([2H])c([2H])c1[2H],-39.4,1075
CCB(CC)CCCC1=[NH+]CC=C1.O=S(=O)([O-])C(F)(F)F,C6D6,[2H]c1c([2H])c([2H])c([2H])c([2H])c1[2H],86.4,1078
[BH3-][n+]1cn(Cn2c[n+]([BH3-])c(C)c2C)c(C)c1C,d6-DMSO,[2H]C([2H])([2H])S(=O)C([2H])([2H])[2H],-20.3,1082
C[Si](C)(C)[N+](=[B-](Cl)C1=CC=CC1)[Si](C)(C)C,CDCl3,[2H]C(Cl)(Cl)Cl,43.5,1085
CCOP(CN=[N+]=[N-])(OCC)=[O+][B-](Cl)(Cl)C1CCCCC1,CDCl3,[2H]C(Cl)(Cl)Cl,11.7,1086
CC(OB1OCC(C)(C)CO1)C(C)(C)C,C6D6,[2H]c1c([2H])c([2H])c([2H])c([2H])c1[2H],17.5,1088
CCB1C(CC)=C(C)[Sn](C)(C)C1C,C6D6,[2H]c1c([2H])c([2H])c([2H])c([2H])c1[2H],75.2,1090
CCB(CC)/C(CC)=C(/C)[Sn](C)(C)Cl,C6D6,[2H]c1c([2H])c([2H])c([2H])c([2H])c1[2H],82.3,1094
CC(C)O[P+](OC(C)C)(OC(C)C)[BH-](C(Cl)Cl)C(Cl)Cl,CDCl3,[2H]C(Cl)(Cl)Cl,-14.2,1095
C[Si](C)(C)NB1C2CCCC1CCC2,C6D6,[2H]c1c([2H])c([2H])c([2H])c([2H])c1[2H],54.6,1096
CCB1O[Si](C)(C)[C@H](C)C1(CC)CC,C6D6,[2H]c1c([2H])c([2H])c([2H])c([2H])c1[2H],58.7,1099
CC(C)O[Si](C)(C)B1OC(C)(C)C(C)(C)O1,CDCl3,[2H]C(Cl)(Cl)Cl,33.1,1100
CC(C)N(B(Cl)CCC[Si](C)(C)Cl)C(C)C,C6D6,[2H]c1c([2H])c([2H])c([2H])c([2H])c1[2H],38.6,1101
CC(C)N(B1CCC[Si]1(C)C)C(C)C,C6D6,[2H]c1c([2H])c([2H])c([2H])c([2H])c1[2H],53.2,1102
CC1CCB(N[Si](C)(C)CC[SiH](C)C)C1,C6D6,[2H]c1c([2H])c([2H])c([2H])c([2H])c1[2H],58.3,1103
CCN(CC)B(OC(C)C)N(CC)CC,C6D6,[2H]c1c([2H])c([2H])c([2H])c([2H])c1[2H],24.9,1104
CC(C)OB(CCC[SiH](C)C)OC(C)C,C6D6,[2H]c1c([2H])c([2H])c([2H])c([2H])c1[2H],29.8,1105
[BH3-][N+](CCCC)(CCCC)C(C)C,CDCl3,[2H]C(Cl)(Cl)Cl,-14.06,1108
CC1CCB(N(O[Si](C)(C)C)[Si](C)(C)C)C1,CDCl3,[2H]C(Cl)(Cl)Cl,55.1,1109
CB(OC(C)C)C([Si](C)(C)C)[Si](C)(C)C,CDCl3,[2H]C(Cl)(Cl)Cl,52.2,1112
CB(C)C(B(C)C)([Si](C)(C)C)[Si](C)(C)C,CDCl3,[2H]C(Cl)(Cl)Cl,82.9,1115
CB(C([Si](C)(C)C)[Si](C)(C)N(C)C)N(C)C,C6D6,[2H]c1c([2H])c([2H])c([2H])c([2H])c1[2H],44.8,1116
Fc1c(F)c(F)c2c(c1F)B(Br)c1c(F)c(F)c(F)c(F)c1-2,C6D6,[2H]c1c([2H])c([2H])c([2H])c([2H])c1[2H],59.1,1118
[N-]=[N+]=NB(c1c(F)c(F)c(F)c(F)c1F)c1c(F)c(F)c(F)c(F)c1F,d8-Toluene,[2H]c1c([2H])c([2H])c(C([2H])([2H])[2H])c([2H])c1[2H],43.9,1119
CCCC[N+](CCCC)(CCCC)CCCC.O[B-](F)(c1c(F)c(F)c(F)c(F)c1F)c1c(F)c(F)c(F)c(F)c1F,CD2Cl2,[2H]C([2H])(Cl)Cl,1.3,1122
Fc1cccc(F)c1B(Cl)c1c(F)cccc1F,C6D6,[2H]c1c([2H])c([2H])c([2H])c([2H])c1[2H],60.5,1124
[N-]=[N+]=NB(c1c(F)cccc1F)c1c(F)cccc1F,C6D6,[2H]c1c([2H])c([2H])c([2H])c([2H])c1[2H],44.5,1125
BrB1c2ccccc2Oc2ccccc21,CDCl3,[2H]C(Cl)(Cl)Cl,52.3,1126
Fc1ccccc1B(Cl)c1ccccc1F,C6D6,[2H]c1c([2H])c([2H])c([2H])c([2H])c1[2H],61,1127
c1cc[nH+]cc1.c1ccc2c(c1)O[B-]1(O2)Oc2ccccc2O1,D2O,[2H]O[2H],13.5,1128
F[B-](F)(F)c1ccc(/C=C/c2ccco2)cc1.[K+],CD3COCD3,[2H]C([2H])([2H])C(=O)C([2H])([2H])[2H],3.84,1129
F[B-](F)(F)c1ccc(/C=C/c2cccs2)cc1.[K+],CD3COCD3,[2H]C([2H])([2H])C(=O)C([2H])([2H])[2H],3.56,1130
[BH2-]1c2ccccc2-c2ccccc21.[Li+],CDCl3,[2H]C(Cl)(Cl)Cl,-22.3,1131
[BH2-]1Oc2ccccc2-c2ccccc21.[Li+],d8-THF,[2H]C1([2H])OC([2H])([2H])C([2H])([2H])C1([2H])[2H],-3.9,1132
c1ccc(B2SSB(c3ccccc3)S2)cc1,C6D6,[2H]c1c([2H])c([2H])c([2H])c([2H])c1[2H],66.4,1133
C/C(=C/CCC#N)c1ccc([B-](F)(F)F)cc1.[K+],CD3COCD3,[2H]C([2H])([2H])C(=O)C([2H])([2H])[2H],1.78,1136
COc1ccc(/C=C\CCC#N)cc1[B-](F)(F)F.[K+],CD3COCD3,[2H]C([2H])([2H])C(=O)C([2H])([2H])[2H],3.45,1137
c1ccn(B(n2cccc2)n2cccc2)c1,C6D6,[2H]c1c([2H])c([2H])c([2H])c([2H])c1[2H],27.5,1138
CCCC[N+](CCCC)(CCCC)CCCC.CCOC(=O)C(C)/C=C\c1ccc([B-](F)(F)F)cc1.[K+],CDCl3,[2H]C(Cl)(Cl)Cl,1.68,1139
C=C(N)C[N+]12CC(=O)O[B-]1(c1ccccc1)OC(=O)C2,d6-DMSO,[2H]C([2H])([2H])S(=O)C([2H])([2H])[2H],12,1140
[BH3-]P(=O)(c1ccccc1)c1ccccc1.[K+],d8-THF,[2H]C1([2H])OC([2H])([2H])C([2H])([2H])C1([2H])[2H],-35.7,1142
CC(C)(C)C#CB1Oc2ccccc2S1,CDCl3,[2H]C(Cl)(Cl)Cl,38,1143
CC(C)(C)C#CB1Oc2ccccc2O1,CDCl3,[2H]C(Cl)(Cl)Cl,24,1144
C#CB1Oc2ccc(C(C)(C)C)cc2O1,CDCl3,[2H]C(Cl)(Cl)Cl,24.3,1145
[BH3-]P(c1ccccc1)c1ccccc1.[K+],d8-THF,[2H]C1([2H])OC([2H])([2H])C([2H])([2H])C1([2H])[2H],-30.1,1146
[BH3-]P(=S)(c1ccccc1)c1ccccc1.[K+],d8-THF,[2H]C1([2H])OC([2H])([2H])C([2H])([2H])C1([2H])[2H],-31.3,1147
[BH3-]P(=[Se])(c1ccccc1)c1ccccc1.[K+],d8-THF,[2H]C1([2H])OC([2H])([2H])C([2H])([2H])C1([2H])[2H],-30.3,1148
[BH3-]P(=[Te])(c1ccccc1)c1ccccc1.[K+],d8-THF,[2H]C1([2H])OC([2H])([2H])C([2H])([2H])C1([2H])[2H],-28.1,1149
CCN(CC)B(c1ccc(Br)s1)c1ccc(Br)s1,CDCl3,[2H]C(Cl)(Cl)Cl,34,1150
CC/C(I)=C(\CC)B1Oc2ccccc2O1,CDCl3,[2H]C(Cl)(Cl)Cl,31.1,1154
CC/C(I)=C(/CC)B1Oc2ccccc2O1,CDCl3,[2H]C(Cl)(Cl)Cl,29.1,1155
Cn1cc[n+]([BH2-]n2ccc3ccccc32)c1,d8-THF,[2H]C1([2H])OC([2H])([2H])C([2H])([2H])C1([2H])[2H],-9.5,1157
[BH3-][PH+](c1ccccc1)c1ccccc1,CDCl3,[2H]C(Cl)(Cl)Cl,-41.3,1158
C[Si](C)(C)C1(B(Br)Br)C=Cc2ccccc21,CDCl3,[2H]C(Cl)(Cl)Cl,50.2,1164
C[Si](C)(C)C1(B(Cl)Cl)C=Cc2ccccc21,CDCl3,[2H]C(Cl)(Cl)Cl,49.1,1166
OC1(c2ccc([B-](F)(F)F)cc2)CCCCC1.[K+],CD3COCD3,[2H]C([2H])([2H])C(=O)C([2H])([2H])[2H],3.94,1168
Cc1ccc2c(c1)SB(C#C[Si](C)(C)C)S2,CDCl3,[2H]C(Cl)(Cl)Cl,47,1171
C[N+](C)(C)[B-](Cc1ccccc1)(C(F)(F)F)C(F)(F)F,CDCl3,[2H]C(Cl)(Cl)Cl,-6,1173
C[N+](C)(CC(O)c1ccccc1)[BH-](C(F)(F)F)C(F)(F)F,CDCl3,[2H]C(Cl)(Cl)Cl,-8,1174
C=C1C[B-](=[N+](C)C)Cc2ccccc21,CDCl3,[2H]C(Cl)(Cl)Cl,44.8,1175
CC1=C[B-](=[N+](C)C)Cc2ccccc21,CDCl3,[2H]C(Cl)(Cl)Cl,39.2,1176
[BH2-](n1ccc2ccccc21)[O+]1CCCC1,d8-THF,[2H]C1([2H])OC([2H])([2H])C([2H])([2H])C1([2H])[2H],2.6,1178
CCN(CC)B(c1cccs1)c1cccs1,CDCl3,[2H]C(Cl)(Cl)Cl,35,1179
CN(C)B(C#Cc1ccccc1)N(C)C,CDCl3,[2H]C(Cl)(Cl)Cl,24,1180
CC1(C)OB(Nc2ccccc2)OC1(C)C,C6D6,[2H]c1c([2H])c([2H])c([2H])c([2H])c1[2H],24.1,1187
CC(=O)O[B-]12CCCC3=[N+]1C(C=C3)CCC2,C6D6,[2H]c1c([2H])c([2H])c([2H])c([2H])c1[2H],2,1188
Cc1n(C)cc[n+]1C.c1ncn([BH-](n2cncn2)n2cncn2)n1,d6-DMSO,[2H]C([2H])([2H])S(=O)C([2H])([2H])[2H],-0.4,1189
[BH3-][P+](CC=C)(CC=C)c1ccccc1,CDCl3,[2H]C(Cl)(Cl)Cl,-37.7,1190
C/N=C(/C1=[N+](C)[B-](C(F)(F)F)(C(F)(F)F)[N+](C)(C)[B-]1(C(F)(F)F)C(F)(F)F)N(C)C,CDCl3,[2H]C(Cl)(Cl)Cl,-2,1191
CC[N+](CC)(CC)[B-]1(Cl)Oc2ccccc2O1,CDCl3,[2H]C(Cl)(Cl)Cl,13.3,1195
CC[P+](CC)(CC)[B-]1(Cl)Oc2ccccc2O1,C6D6,[2H]c1c([2H])c([2H])c([2H])c([2H])c1[2H],11.4,1196
Cc1ccc(C(O)C[N+](C)(C)[BH2-]C#N)cc1,CDCl3,[2H]C(Cl)(Cl)Cl,-13.3,1197
COc1ccc(C(O)C[N+](C)(C)[BH2-]C#N)cc1,CDCl3,[2H]C(Cl)(Cl)Cl,-13.2,1198
CN(C)B(C[P+](C)(C)[Cr-6]([C+]=O)([C+]=O)([C+]=O)([C+]=O)[C+]=O)N(C)C,CDCl3,[2H]C(Cl)(Cl)Cl,32.67,1203
CC(C)/N=C1C(=N/C(C)C)\[N+](C)(C)[B-]\1(C(F)(F)F)C(F)(F)F,CDCl3,[2H]C(Cl)(Cl)Cl,-3.9,1204
[BH3-][N+]1(Cc2ccccc2)CCCCC1,d8-THF,[2H]C1([2H])OC([2H])([2H])C([2H])([2H])C1([2H])[2H],-10.8,1205
[BH3-][P+2](c1ccccc1)N1CCCC1COC,CDCl3,[2H]C(Cl)(Cl)Cl,-41.3,1206
[BH3-][N@@+](C)(Cc1ccccc1)[C@@H](C)C(=O)OC,CDCl3,[2H]C(Cl)(Cl)Cl,-10,1207
[BH3-][N@+](C)(Cc1ccccc1)[C@@H](C)C(=O)OC,CDCl3,[2H]C(Cl)(Cl)Cl,-10.5,1208
[BH3-][P+]1(c2ccccc2)C[C@@H](C)[C@@H](C)C1,CDCl3,[2H]C(Cl)(Cl)Cl,-33.8,1209
CC(C)(C)C1=CB(Br)N2C(C(C)(C)C)=CB(Br)N12,CDCl3,[2H]C(Cl)(Cl)Cl,32.1,1211
CC(C)(C)C1=CB(Cl)N2C(C(C)(C)C)=CB(Cl)N12,CDCl3,[2H]C(Cl)(Cl)Cl,33.7,1212
CN(C)B(B(N(C)C)n1cccc1)n1cccc1,C6D6,[2H]c1c([2H])c([2H])c([2H])c([2H])c1[2H],37,1215
CN(C)/[B-](=[B-](/N(C)C)n1cccc1)n1cccc1.[Li+].[Li+],C6D6,[2H]c1c([2H])c([2H])c([2H])c([2H])c1[2H],27.4,1216
C1CCOC1.COc1cccc(OC)c1[O-].[BH4-].[Mg+2],d6-DMSO,[2H]C([2H])([2H])S(=O)C([2H])([2H])[2H],-36,1219
C#CB1N(C(C)(C)C)C=CN1C(C)(C)C,C6D6,[2H]c1c([2H])c([2H])c([2H])c([2H])c1[2H],15.7,1220
C1CC2CCCC(C1)[B-]21CCCC1.[Br-].[Mg+2],C6D6,[2H]c1c([2H])c([2H])c([2H])c([2H])c1[2H],-13.9,1222
BrCB1C2CCCC1CCC2,C6D6,[2H]c1c([2H])c([2H])c([2H])c([2H])c1[2H],70.8,1223
CC(C)(C)C1=[N+]2[N+](=C(C(C)(C)C)C[B-]2(Br)Br)[B-](Br)(Br)C1,CDCl3,[2H]C(Cl)(Cl)Cl,-5.9,1226
CC(C)(C)C1=[N+]2[N+](=C(C(C)(C)C)C[B-]2(Cl)Cl)[B-](Cl)(Cl)C1,CDCl3,[2H]C(Cl)(Cl)Cl,4.1,1227
CC(C)(C)C1=[N+]2[N+](=C(C(C)(C)C)C[B-]2(F)F)[B-](F)(F)C1,CDCl3,[2H]C(Cl)(Cl)Cl,6.7,1228
CC(C)(C)C1=[N+]2[N+](=C(C(C)(C)C)C[B-]2(I)I)[B-](I)(I)C1,CDCl3,[2H]C(Cl)(Cl)Cl,-34.2,1229
Cc1c(C)[n+]2c(n1C)[BH2-]c1n(C)c(C)c(C)[n+]1[BH2-]2,CDCl3,[2H]C(Cl)(Cl)Cl,-10.0;-31.4,1230
CC(C)(C)B1C2CCCC1CCC2,C6D6,[2H]c1c([2H])c([2H])c([2H])c([2H])c1[2H],85.6,1233
C/C(=[N+]1\N=C(C(C)(C)C)C[B-]1(Br)Br)C(C)(C)C,CDCl3,[2H]C(Cl)(Cl)Cl,-1.3,1234
C/C(=[N+]1\N=C(C(C)(C)C)C[B-]1(Cl)Cl)C(C)(C)C,CDCl3,[2H]C(Cl)(Cl)Cl,7.4,1235
C/C(=[N+]1\N=C(C(C)(C)C)C[B-]1(F)F)C(C)(C)C,CDCl3,[2H]C(Cl)(Cl)Cl,9.7,1236
COB1CCCCCCC12CC2(C)C,CDCl3,[2H]C(Cl)(Cl)Cl,55.7,1238
CC(C)O[P+](OC(C)C)(OC(C)C)[B-](C(Cl)Cl)(C(Cl)Cl)C(Cl)Cl,CDCl3,[2H]C(Cl)(Cl)Cl,-8.8,1240
CC/C(I)=C(\CC)B(I)N(C(C)C)C(C)C,CDCl3,[2H]C(Cl)(Cl)Cl,28.1,1241
CCC(C)NB1C2CCCC1CCC2,C6D6,[2H]c1c([2H])c([2H])c([2H])c([2H])c1[2H],48.1,1242
CC[B-](CC)(CC)c1nc(C)c(C)n1C.[Li+],C6D6,[2H]c1c([2H])c([2H])c([2H])c([2H])c1[2H],-14.6,1243
C1CCN(B(N2CCCC2)N2CCCC2)C1,CDCl3,[2H]C(Cl)(Cl)Cl,23.7,1244
[BH3-][P+](CCC=C)(CCC=C)CCC=C,CDCl3,[2H]C(Cl)(Cl)Cl,-38.14,1245
[N-]=[N+]=NB1CCCCCCN1B1CCCCCC1,CDCl3,[2H]C(Cl)(Cl)Cl,63.1;42.4,1246
CC1(C)OB(B2OC(C)(C)C(C)(C)O2)OC1(C)C,d8-Toluene,[2H]c1c([2H])c([2H])c(C([2H])([2H])[2H])c([2H])c1[2H],21.8,1247
CC1(C)COB2N1B1OCC(C)(C)N1B1OCC(C)(C)N21,CDCl3,[2H]C(Cl)(Cl)Cl,28.8,1248
CC[B-](CC)(CC)[n+]1cn(C)c(C)c1C,CDCl3,[2H]C(Cl)(Cl)Cl,-1.5,1251
CC1(C)OB(NB2OC(C)(C)C(C)(C)O2)OC1(C)C,C6D6,[2H]c1c([2H])c([2H])c([2H])c([2H])c1[2H],25.2,1252
CCCC/C(=C/[Si](C)(C)Cl)B(CC)CC,C6D6,[2H]c1c([2H])c([2H])c([2H])c([2H])c1[2H],84,1254
CCB(/C=C(/C(C)(C)C)[Si](C)(C)Cl)CC,C6D6,[2H]c1c([2H])c([2H])c([2H])c([2H])c1[2H],82,1255
CN(C)B1N(C(C)(C)C)C=CN1C(C)(C)C,C6D6,[2H]c1c([2H])c([2H])c([2H])c([2H])c1[2H],22.8,1256
CC1(C)OB([Si](C)(C)N2CCCC2)OC1(C)C,CDCl3,[2H]C(Cl)(Cl)Cl,33.7,1257
CCB(CC)/C(CC)=C(/CN(C)C)[SiH](C)Cl,C6D6,[2H]c1c([2H])c([2H])c([2H])c([2H])c1[2H],74.5,1259
CCC1=C([SiH](C)Cl)C[N+](C)(C)[B-]1(CC)CC,C6D6,[2H]c1c([2H])c([2H])c([2H])c([2H])c1[2H],5.9,1260
CC(C)(C)P(=NB(Cl)Cl)(C(C)(C)C)C(C)(C)C,C6D6,[2H]c1c([2H])c([2H])c([2H])c([2H])c1[2H],20.3,1261
CCCCCCCCC[N+](C)(C)[BH2-]C#N,CDCl3,[2H]C(Cl)(Cl)Cl,-16,1262
C/C(=C/CB1N(C)CCN1C)C[Sn](C)(C)C,C6D6,[2H]c1c([2H])c([2H])c([2H])c([2H])c1[2H],32,1263
CCCCN1N=NN(C(C)(C)C)B1C(C)(C)C,CDCl3,[2H]C(Cl)(Cl)Cl,26.9,1264
CC(C)(C)O[Si](C)(C)B1OC(C)(C)C(C)(C)O1,CDCl3,[2H]C(Cl)(Cl)Cl,33.4,1265
[BH3-]n1c(C)c(C)n(C)[c+]1[B-](CC)(CC)CC.[Li+],C6D6,[2H]c1c([2H])c([2H])c([2H])c([2H])c1[2H],-12.5;-21.6,1266
CN(C)[Si](C)(C)B1OC(C)(C)C(C)(C)O1,CDCl3,[2H]C(Cl)(Cl)Cl,33.8,1268
CC(C)N(B(Br)OB(Br)N(C(C)C)C(C)C)C(C)C,CDCl3,[2H]C(Cl)(Cl)Cl,22.3,1270
CC(C)N(B(Cl)B(Cl)N(C(C)C)C(C)C)C(C)C,C6D6,[2H]c1c([2H])c([2H])c([2H])c([2H])c1[2H],38.1,1271
CC(C)N(B(Cl)OB(Cl)N(C(C)C)C(C)C)C(C)C,CDCl3,[2H]C(Cl)(Cl)Cl,23.9,1272
CCB(CC)N(B(CC)CC)C(C)(C)C,d8-Toluene,[2H]c1c([2H])c([2H])c(C([2H])([2H])[2H])c([2H])c1[2H],57.9,1275
CB(C)C(CC(C)(C)C)(B(C)C)B(C)C,CDCl3,[2H]C(Cl)(Cl)Cl,82.6,1276
CB(N(C)Cl)C(CC(C)(C)C)(B(Cl)N(C)C)B(Cl)N(C)C,CDCl3,[2H]C(Cl)(Cl)Cl,38.5,1277
CB(Cl)C(B(Cl)C(C)(C)C)([Si](C)(C)C)[Si](C)(C)C,CDCl3,[2H]C(Cl)(Cl)Cl,72.3,1282
C[Si](C)(C)[C@H]1[C@H]([Si](C)(C)C)B(Cl)B(Cl)[C@@H]1[Si](C)(C)C,CDCl3,[2H]C(Cl)(Cl)Cl,84,1283
CCCCN1BN(CCCC)BN(CCCC)B1,C6D6,[2H]c1c([2H])c([2H])c([2H])c([2H])c1[2H],33,1286
CCCCB1NB(CCCC)NB(CCCC)N1,CDCl3,[2H]C(Cl)(Cl)Cl,35.2,1287
[BH3-][NH+]=P(CCCC)(C(C)(C)C)C(C)(C)C,C6D6,[2H]c1c([2H])c([2H])c([2H])c([2H])c1[2H],-21,1289
CB(OC(C)(C)C)C([Si](C)(C)C)[Si](C)(C)C,CDCl3,[2H]C(Cl)(Cl)Cl,52,1290
CCO[P+]([BH2-][P+](OCC)(OCC)OCC)(OCC)OCC.F[B-](F)(F)F,d6-DMSO,[2H]C([2H])([2H])S(=O)C([2H])([2H])[2H],-1.97,1292
CC(B(CCC[SiH](C)C)C(C)[SiH](C)C)[SiH](C)C,C6D6,[2H]c1c([2H])c([2H])c([2H])c([2H])c1[2H],81.1,1295
CCCC[NH+]1[BH2-][NH+](CCCC)[BH2-][NH+](CCCC)[BH2-]1,CDCl3,[2H]C(Cl)(Cl)Cl,-6.3,1305
CN(C)B1B(B(N(C)C)N(C)C)B(N(C)C)B1B(N(C)C)N(C)C,C6D6,[2H]c1c([2H])c([2H])c([2H])c([2H])c1[2H],63.0;41.0;6.0,1308
CB1c2c(F)c(F)c(F)c(F)c2-c2c(F)c(F)c(F)c(F)c21,C6D6,[2H]c1c([2H])c([2H])c([2H])c([2H])c1[2H],67.3,1311
C[N+](C)(c1ccccc1)[B-](C(F)=C(F)F)(C(F)(F)F)C(F)(F)F,CDCl3,[2H]C(Cl)(Cl)Cl,-8.1,1312
F[B-](F)(F)c1ccc(/C=C/c2ccccn2)cc1.[K+],CD3COCD3,[2H]C([2H])([2H])C(=O)C([2H])([2H])[2H],3.63,1314
O=C(Nc1ccccc1)c1ccc([B-](F)(F)F)cc1.[K+],d6-DMSO,[2H]C([2H])([2H])S(=O)C([2H])([2H])[2H],3.66,1315
ClB1N(c2ccccc2)C=NN1c1ccccc1,CD2Cl2,[2H]C([2H])(Cl)Cl,22.8,1316
OC(c1ccccc1)c1ccc([B-](F)(F)F)cc1.[K+],d6-DMSO,[2H]C([2H])([2H])S(=O)C([2H])([2H])[2H],2.82,1317
CC[O+](CC)[B-](F)(F)c1c(C(F)(F)F)cc(C(F)(F)F)cc1C(F)(F)F,CDCl3,[2H]C(Cl)(Cl)Cl,-2.4,1318
B1N(c2ccccc2)C=NN1c1ccccc1,CD2Cl2,[2H]C([2H])(Cl)Cl,21.5,1319
[BH2-](n1ccc2ccccc21)[n+]1ccccc1,d8-THF,[2H]C1([2H])OC([2H])([2H])C([2H])([2H])C1([2H])[2H],-4.6,1322
OCc1cccc(CO)[n+]1[B-](O)(O)c1ccc(Br)cc1,d6-DMSO,[2H]C([2H])([2H])S(=O)C([2H])([2H])[2H],8.2,1328
FB(F)c1ccc(/C=C/C2OCCO2)cc1.[F-].[K+],CD3COCD3,[2H]C([2H])([2H])C(=O)C([2H])([2H])[2H],3.67,1329
Cc1ccc2c(c1)SB(C#CC(C)(C)C)S2,CDCl3,[2H]C(Cl)(Cl)Cl,48,1331
CC1(C)OB(c2ccc(C#N)cc2)OC1(C)C,CDCl3,[2H]C(Cl)(Cl)Cl,30.74,1334
[BH3-][PH+](c1ccccc1)c1ccccc1OC,C6D6,[2H]c1c([2H])c([2H])c([2H])c([2H])c1[2H],-36.2,1337
[BH3-][PH+](Cc1ccccc1)c1ccccc1,C6D6,[2H]c1c([2H])c([2H])c([2H])c([2H])c1[2H],-36.8,1338
[BH3-][P+](C)(c1ccccc1)c1ccccc1,CDCl3,[2H]C(Cl)(Cl)Cl,-39.29,1339
OC(c1ccc([B-](F)(F)F)cc1)C1CCCCC1.[K+],d6-DMSO,[2H]C([2H])([2H])S(=O)C([2H])([2H])[2H],4.07,1343
CC(C)(C)B(Cl)N(c1c(F)c(F)c(F)c(F)c1F)[Si](C)(C)C,CDCl3,[2H]C(Cl)(Cl)Cl,45.7,1346
CCN(CC)B1CC=Cc2ccccc21,C6D6,[2H]c1c([2H])c([2H])c([2H])c([2H])c1[2H],40.8,1347
CCN(CC)B1C=CCc2ccccc21,C6D6,[2H]c1c([2H])c([2H])c([2H])c([2H])c1[2H],33.6,1348
C=CCN(CC)B(C=C)c1ccccc1,C6D6,[2H]c1c([2H])c([2H])c([2H])c([2H])c1[2H],39.4,1349
CC[B-]1(n2cccc2)CCCc2cccn21.[Li+],C6D6,[2H]c1c([2H])c([2H])c([2H])c([2H])c1[2H],-2.5,1352
CCN1C=CC([Si](C)(C)Cl)B1c1ccccc1,C6D6,[2H]c1c([2H])c([2H])c([2H])c([2H])c1[2H],44.6,1354
C[N+](C)([BH2-]C#N)CC(O)/C=C/c1ccccc1,CDCl3,[2H]C(Cl)(Cl)Cl,-13.13,1355
C=CCC(CB(OC)OC)c1ccccc1,CDCl3,[2H]C(Cl)(Cl)Cl,31.03,1356
COc1ccc(B2OC(C)(C)C(C)(C)O2)cc1,CDCl3,[2H]C(Cl)(Cl)Cl,30.56,1357
CN(C)B(Cl)B(C1=CCc2ccccc21)N(C)C,C6D6,[2H]c1c([2H])c([2H])c([2H])c([2H])c1[2H],43.6,1358
CCCCB1N[C@@H](C)[C@@H](c2ccccc2)O1,CDCl3,[2H]C(Cl)(Cl)Cl,35,1360
CC(C)N(B1OCc2ccccc2O1)C(C)C,C6D6,[2H]c1c([2H])c([2H])c([2H])c([2H])c1[2H],19.8,1361
[BH3-][P+](CC=C)(CC(=C)C)c1ccccc1,CDCl3,[2H]C(Cl)(Cl)Cl,-37.1,1362
[BH3-][P+](C)(C1=CCCCC1)c1ccccc1,CDCl3,[2H]C(Cl)(Cl)Cl,-35.6,1363
[BH3-][P+](CC#C)(c1ccccc1)C(C)(C)C,C6D6,[2H]c1c([2H])c([2H])c([2H])c([2H])c1[2H],-37.7,1364
CC(C)[NH+](Cc1ccccc1[B-](F)(F)F)C(C)C,CD3CN,[2H]C([2H])([2H])C#N,1.9,1367
CCOB(OCC)c1ccc(C(C)C)cc1,C6D6,[2H]c1c([2H])c([2H])c([2H])c([2H])c1[2H],28.4,1369
CCB(CC)c1ccccc1[Sn](C)(C)Br,C6D6,[2H]c1c([2H])c([2H])c([2H])c([2H])c1[2H],84.9,1370
COc1ccc(BN(C(C)C)C(C)C)cc1,CDCl3,[2H]C(Cl)(Cl)Cl,37.6,1371
CC[B-]1(CC)Oc2ccccc2C[N+]1(C)C,C6D6,[2H]c1c([2H])c([2H])c([2H])c([2H])c1[2H],6.7,1372
CCCC[B-]1(O)[NH2+][C@@H](C)[C@@H](c2ccccc2)O1,CDCl3,[2H]C(Cl)(Cl)Cl,8,1373
CC(C)N(Cc1ccccc1B(O)O)C(C)C,CDCl3,[2H]C(Cl)(Cl)Cl,29.09,1374
[BH3-][P+](C)(C(=C)C(C)(C)C)c1ccccc1,CDCl3,[2H]C(Cl)(Cl)Cl,-32.4,1375
CCCC[B-]1(CC)CCCc2cccn21.[Li+],C6D6,[2H]c1c([2H])c([2H])c([2H])c([2H])c1[2H],-8.1,1377
C1CC[B-]2(CC1)C1CCCC2CCC1.[Mg+]Br,C6D6,[2H]c1c([2H])c([2H])c([2H])c([2H])c1[2H],-20.5,1379
BrCCCCB1C2CCCC1CCC2,C6D6,[2H]c1c([2H])c([2H])c([2H])c([2H])c1[2H],75.8,1380
CCCC[B-]1(CC)CCCC2=[N+]1CC=C2,C6D6,[2H]c1c([2H])c([2H])c([2H])c([2H])c1[2H],-5.1,1381
[BH3-][N+](CC)(CC)Cc1ccccc1,CDCl3,[2H]C(Cl)(Cl)Cl,-13.56,1382
CCB(/C(=C\[Sn](C)(C)C)CC)n1cccc1,C6D6,[2H]c1c([2H])c([2H])c([2H])c([2H])c1[2H],53.9,1383
CC[B-](CC)(CC)[n+]1ccc(N(C)C)cc1,CDCl3,[2H]C(Cl)(Cl)Cl,-0.11,1385
CCOC(/C=C/B1OC(C)(C)C(C)(C)O1)OCC,CDCl3,[2H]C(Cl)(Cl)Cl,29.7,1386
C[P+](C)(C)[BH2-][Mn-5]([C+]=O)([C+]=O)([C+]=O)([C+]=O)[P+](C)(C)C,C6D6,[2H]c1c([2H])c([2H])c([2H])c([2H])c1[2H],-29.6,1388
CC(C)N(BC=C1CCCCC1)C(C)C,CDCl3,[2H]C(Cl)(Cl)Cl,33.9,1389
CCC1=C(C)[Si](C)(C)n2cnc[n+]2[B-]1(CC)CC,C6D6,[2H]c1c([2H])c([2H])c([2H])c([2H])c1[2H],-0.5,1390
CCC1=C(C)[Sn](C)(C)n2cnc[n+]2[B-]1(CC)CC,C6D6,[2H]c1c([2H])c([2H])c([2H])c([2H])c1[2H],9.1,1391
CC1(C)CCCC(C)(C)[N+]1=[B-]=[P+](C(C)(C)C)[Al-](C)(C)C,C6D6,[2H]c1c([2H])c([2H])c([2H])c([2H])c1[2H],68.4,1392
CC[B-](CC)(CC)[c+]1n(C)c(C)c(C)n1C,C6D6,[2H]c1c([2H])c([2H])c([2H])c([2H])c1[2H],-12.6,1394
CCCC/C(=C(\CC)B(CC)CC)[SiH](C)Cl,C6D6,[2H]c1c([2H])c([2H])c([2H])c([2H])c1[2H],82.5,1398
CC(C)(C)N(BN1C(C)(C)CCCC1(C)C)[Si](Cl)(Cl)Cl,C6D6,[2H]c1c([2H])c([2H])c([2H])c([2H])c1[2H],34.6,1399
CCB1C(CC)=C(CN(C)C)[Sn](C)(C)C1C,C6D6,[2H]c1c([2H])c([2H])c([2H])c([2H])c1[2H],78.8,1400
CC(C)(C)N1B(Br)[N+]2([BH-]1Br)C(C)(C)CCCC2(C)C,C6D6,[2H]c1c([2H])c([2H])c([2H])c([2H])c1[2H],22.6;0.8,1402
CC(C)(C)N1B(Cl)[N+]2([BH-]1Cl)C(C)(C)CCCC2(C)C,C6D6,[2H]c1c([2H])c([2H])c([2H])c([2H])c1[2H],25.1;3.5,1403
CCCC[N+](C)([BH2-]C#N)CB1OC(C)(C)C(C)(C)O1,CDCl3,[2H]C(Cl)(Cl)Cl,-15.5,1404
CCB(CC)/C(CC)=C(/CN(C)C)[Si](C)(C)Cl,C6D6,[2H]c1c([2H])c([2H])c([2H])c([2H])c1[2H],73.3,1405
CCC1=C([Si](C)(C)Cl)C[N+](C)(C)[B-]1(CC)CC,CDCl3,[2H]C(Cl)(Cl)Cl,5.7,1406
CCC1=C(C)[Si](C)(C)[O+](CC)[B-]1(CC)CC,C6D6,[2H]c1c([2H])c([2H])c([2H])c([2H])c1[2H],23,1411
CC(C)(C)N1[BH2-][N+]2(B1Br)C(C)(C)CCCC2(C)C,C6D6,[2H]c1c([2H])c([2H])c([2H])c([2H])c1[2H],30.8;2.4,1412
CC(C)(C)N1B[N+]2([BH-]1Br)C(C)(C)CCCC2(C)C,C6D6,[2H]c1c([2H])c([2H])c([2H])c([2H])c1[2H],32.3;1.0,1413
CC(C)(C)N1[BH2-][N+]2(B1Cl)C(C)(C)CCCC2(C)C,C6D6,[2H]c1c([2H])c([2H])c([2H])c([2H])c1[2H],25.1;-5.9,1414
CC(C)(C)N1B[N+]2([BH-]1Cl)C(C)(C)CCCC2(C)C,C6D6,[2H]c1c([2H])c([2H])c([2H])c([2H])c1[2H],30.6;3.8,1415
CN(C)B(c1ccc(B(N(C)C)N(C)C)n1C)N(C)C,C6D6,[2H]c1c([2H])c([2H])c([2H])c([2H])c1[2H],30.1,1416
CC(C)(C)N1B[N+]2([AlH2-]1)C(C)(C)CCCC2(C)C,C6D6,[2H]c1c([2H])c([2H])c([2H])c([2H])c1[2H],26.8,1418
CB1C([Si](C)(C)C)=C(Cl)C1([Si](C)(C)C)[Si](C)(C)C,CDCl3,[2H]C(Cl)(Cl)Cl,69,1419
CCCC[P+]([BH2-]Cl)(CCCC)CCCC,d8-Toluene,[2H]c1c([2H])c([2H])c(C([2H])([2H])[2H])c([2H])c1[2H],11.8,1420
CB1C(C(C)(C)C)=PC1([Si](C)(C)C)[Si](C)(C)C,CDCl3,[2H]C(Cl)(Cl)Cl,41,1422
CB(Br)/[B-](=[N+](\B(Br)C(C)(C)C)C(C)(C)C)C(C)(C)C,C6D6,[2H]c1c([2H])c([2H])c([2H])c([2H])c1[2H],87.6;64.7;42.7,1425
CB(N(C(C)C)C(C)C)N(C(C)C)C(C)C,CDCl3,[2H]C(Cl)(Cl)Cl,39.3,1427
CCB1O[Si](C)(C)[C@H]([Si](C)(C)C)C1(CC)CC,C6D6,[2H]c1c([2H])c([2H])c([2H])c([2H])c1[2H],59.2,1428
CCB(CC)/C(CC)=C(/[SiH](C)C)[Sn](C)(C)C,C6D6,[2H]c1c([2H])c([2H])c([2H])c([2H])c1[2H],82.6,1430
CCB(CC)/C(CC)=C(\[SiH](C)C)[Sn](C)(C)C,C6D6,[2H]c1c([2H])c([2H])c([2H])c([2H])c1[2H],80.6,1431
CCB(CC)/C(CC)=C(\[SiH](C)C)[Si](C)(C)C,CDCl3,[2H]C(Cl)(Cl)Cl,69.4,1432
C/[B-](=[NH+]\C(C)(C)C)B(C(C)(C)C)C(C)(C)C,C6D6,[2H]c1c([2H])c([2H])c([2H])c([2H])c1[2H],48.9,1433
C[N+]1(C)P(C([Si](C)(C)C)[Si](C)(C)C)N([Si](C)(C)C)[B-]1(C(F)(F)F)C(F)(F)F,CDCl3,[2H]C(Cl)(Cl)Cl,-4.9,1436
CN(C)B1[B-](N(C)C)=C[C@@H]([Si](C)(C)C)[C@@H]1[Si](C)(C)C.[Li+],C6D6,[2H]c1c([2H])c([2H])c([2H])c([2H])c1[2H],52.0;38.0,1439
CN(C)B1C[C@@H]([Si](C)(C)C)[C@H]([Si](C)(C)C)B1N(C)C,CDCl3,[2H]C(Cl)(Cl)Cl,53,1441
Clc1c(Cl)c(Cl)c2c(c1Cl)OB(C#CB1Oc3c(Cl)c(Cl)c(Cl)c(Cl)c3O1)O2,CD3OD,[2H]OC([2H])([2H])[2H],22.1,1451
C(#CB1Sc2ccccc2S1)B1Sc2ccccc2S1,CDCl3,[2H]C(Cl)(Cl)Cl,47,1453
C(#Cc1ccccc1)B1Oc2ccccc2S1,CDCl3,[2H]C(Cl)(Cl)Cl,38,1454
C#CB1Oc2ccccc2-c2ccccc2O1,CDCl3,[2H]C(Cl)(Cl)Cl,15.9,1455
B1Oc2c(c3ccccc3c3ccccc23)O1,C6D6,[2H]c1c([2H])c([2H])c([2H])c([2H])c1[2H],28.4,1456
C(#Cc1ccccc1)B1Oc2ccccc2O1,CDCl3,[2H]C(Cl)(Cl)Cl,25,1457
C(#Cc1ccccc1)B1Sc2ccccc2S1,CDCl3,[2H]C(Cl)(Cl)Cl,47,1458
C=C(B1Oc2ccccc2O1)B1Oc2ccccc2O1,C6D6,[2H]c1c([2H])c([2H])c([2H])c([2H])c1[2H],32.2,1460
CCCC[N+](CCCC)(CCCC)CCCC.F[B-](F)(F)c1ccc(/C=C/c2ccccc2)cc1,CDCl3,[2H]C(Cl)(Cl)Cl,1.89,1462
N#CB1N(c2ccccc2)C=NN1c1ccccc1,CD2Cl2,[2H]C([2H])(Cl)Cl,13.9,1463
N#COB1N(c2ccccc2)C=NN1c1ccccc1,CD2Cl2,[2H]C([2H])(Cl)Cl,17.1,1464
c1ccc(B(c2cccs2)c2cccs2)cc1,C6D6,[2H]c1c([2H])c([2H])c([2H])c([2H])c1[2H],49,1465
[BH3-][PH+](c1ccc(C(F)(F)F)cc1)c1ccc(C(F)(F)F)cc1,CDCl3,[2H]C(Cl)(Cl)Cl,-40.6,1466
c1ccc2c(c1)OB(CCB1Oc3ccccc3O1)O2,CDCl3,[2H]C(Cl)(Cl)Cl,35,1468
[Li+].[O-]B1N(c2ccccc2)CCN1c1ccccc1,C6D6,[2H]c1c([2H])c([2H])c([2H])c([2H])c1[2H],22.7,1470
CB1N(c2ccccc2)C=NN1c1ccccc1,CD2Cl2,[2H]C([2H])(Cl)Cl,27.8,1471
[BH2-]([n+]1c[nH]c2ccccc21)[n+]1c[nH]c2ccccc21.[Cl-],d6-DMSO,[2H]C([2H])([2H])S(=O)C([2H])([2H])[2H],13.2,1472
NC1=Nc2[nH]c3ccccc3[n+]2[B-](O)(c2ccccc2)N1,d6-DMSO,[2H]C([2H])([2H])S(=O)C([2H])([2H])[2H],-1.8,1473
CC(B(Cl)c1ccccc1)B(Cl)c1ccccc1,C6D6,[2H]c1c([2H])c([2H])c([2H])c([2H])c1[2H],66.9,1474
Cc1ccccc1B1SSB(c2ccccc2C)S1,C6D6,[2H]c1c([2H])c([2H])c([2H])c([2H])c1[2H],64.8,1475
CB(Br)N(/C=N\Nc1ccccc1)c1ccccc1,CD2Cl2,[2H]C([2H])(Cl)Cl,29.1,1476
C[P+]([BH2-]C#N)(c1ccccc1)c1ccccc1,d6-DMSO,[2H]C([2H])([2H])S(=O)C([2H])([2H])[2H],-37.5,1478
CN(C)B(C#Cc1ccccc1)n1cccc1,CDCl3,[2H]C(Cl)(Cl)Cl,24.5,1479
O=Cc1ccc([B-](O)(O)[n+]2c(CO)cccc2CO)cc1,d6-DMSO,[2H]C([2H])([2H])S(=O)C([2H])([2H])[2H],8.4,1481
CN1CCN([BH-](c2ccccc2)N2CCN(C)C2=S)C1=S.[Li+],CD3CN,[2H]C([2H])([2H])C#N,41.12,1482
F[B-](F)(F)c1ccc(/C=C/C2CCCCC2)cc1.[K+],CD3COCD3,[2H]C([2H])([2H])C(=O)C([2H])([2H])[2H],3.77,1483
CN(C)C1=[N+](c2ccccc2)[B-](C(F)(F)F)(C(F)(F)F)C1(C)C,CD3COCD3,[2H]C([2H])([2H])C(=O)C([2H])([2H])[2H],-9,1484
CC(=O)[O-].OB(O)c1ccccc1C[NH2+]Cc1ccccc1,CD3OD,[2H]OC([2H])([2H])[2H],10.3,1485
CCB(CC)c1cccc(-c2ccccn2)n1,CDCl3,[2H]C(Cl)(Cl)Cl,3.4,1486
C[Si](C)(C)C1C=CC=C1B1Oc2ccccc2O1,CDCl3,[2H]C(Cl)(Cl)Cl,29.5,1487
CC1(C)OB(c2cc3ccccc3o2)OC1(C)C,CDCl3,[2H]C(Cl)(Cl)Cl,27.51,1488
CC(C)N(B(c1ccc(Br)o1)c1ccc(Br)o1)C(C)C,CDCl3,[2H]C(Cl)(Cl)Cl,29,1489
C=CC/C(=C\B(Cl)OC(C)C)c1ccccc1,C6D6,[2H]c1c([2H])c([2H])c([2H])c([2H])c1[2H],30.79,1490
CC1(C)OB(c2cccc3[nH]ccc23)OC1(C)C,CDCl3,[2H]C(Cl)(Cl)Cl,31.05,1491
[BH3-][P+](C)(c1ccccc1)c1ccccc1OC,C6D6,[2H]c1c([2H])c([2H])c([2H])c([2H])c1[2H],-33,1494
CC(c1ccccc1)N1C=CN(C(C)(C)C)B1Br,CDCl3,[2H]C(Cl)(Cl)Cl,17.3,1504
CC(c1ccccc1)N1C=CN(C(C)(C)C)[B-]1(Br)Br.[Br-],CDCl3,[2H]C(Cl)(Cl)Cl,-1.2,1505
CC(C)(C)c1cc2c(c(C(C)(C)C)c1)OB(Cl)O2,CDCl3,[2H]C(Cl)(Cl)Cl,26.4,1507
c1cc[n+]([B-]23C[C@H]4C[C@@H](C2)C[C@@H](C3)C4)cc1,CDCl3,[2H]C(Cl)(Cl)Cl,-3.7,1510
CC(C)C(B(c1ccco1)c1ccco1)C(C)C,C6D6,[2H]c1c([2H])c([2H])c([2H])c([2H])c1[2H],30,1511
CC(C)C(B(c1cccs1)c1cccs1)C(C)C,CDCl3,[2H]C(Cl)(Cl)Cl,37,1512
BC[P+](C)(C)[Fe-5]([C+]=O)([C+]=O)([C+]=O)[C+]=O,CDCl3,[2H]C(Cl)(Cl)Cl,20.46,1516
CCCCCCCC(O)c1ccc([B-](F)(F)F)cc1.[K+],d6-DMSO,[2H]C([2H])([2H])S(=O)C([2H])([2H])[2H],3.78,1523
CC(c1ccccc1)N1BN(C(C)(C)C)C=C1,CDCl3,[2H]C(Cl)(Cl)Cl,19.4,1524
CC(C)(C)c1cc2c(c(C(C)(C)C)c1)OBO2,C6D6,[2H]c1c([2H])c([2H])c([2H])c([2H])c1[2H],29.8,1525
CSCc1ccccc1B1OC(C)(C)C(C)(C)O1,CDCl3,[2H]C(Cl)(Cl)Cl,32,1526
COc1cc(C)cc(B2OC(C)(C)C(C)(C)O2)c1,CDCl3,[2H]C(Cl)(Cl)Cl,30.9,1527
COc1ccc(B2OC(C)(C)C(C)(C)O2)c(OC)c1,CDCl3,[2H]C(Cl)(Cl)Cl,30.3,1528
CC(C)N(B/C=C/c1ccccc1)C(C)C,CDCl3,[2H]C(Cl)(Cl)Cl,36.7,1533
CCCCB1O[C@H](c2ccccc2)[C@H](C)N1C,CDCl3,[2H]C(Cl)(Cl)Cl,34,1534
CCCC[n+]1ccn(C)c1.c1ncn([BH-](n2cncn2)n2cncn2)n1,d6-DMSO,[2H]C([2H])([2H])S(=O)C([2H])([2H])[2H],-0.43,1535
[BH3-][P+](C)(CC(=C)C)CC(=C)C,CDCl3,[2H]C(Cl)(Cl)Cl,-36.6,1536
CC/N=C(/C1=[N+](CC)[B-](C(F)(F)F)(C(F)(F)F)[N+](C)(C)[B-]1(C(F)(F)F)C(F)(F)F)N(C)C,CDCl3,[2H]C(Cl)(Cl)Cl,-2,1537
CC(C)(C)N1B(c2ccccc2)N(C(C)(C)C)[As]1Cl,d8-Toluene,[2H]c1c([2H])c([2H])c(C([2H])([2H])[2H])c([2H])c1[2H],37.3,1538
CC(C)(C)N1B(c2ccccc2)N(C(C)(C)C)[Sb]1Cl,d8-Toluene,[2H]c1c([2H])c([2H])c(C([2H])([2H])[2H])c([2H])c1[2H],39.4,1540
CC1(C)OB([Ge](C)(C)c2ccccc2)OC1(C)C,C6D6,[2H]c1c([2H])c([2H])c([2H])c([2H])c1[2H],35.4,1541
CC[B-]1(C#C[Si](C)(C)C)CCCc2cccn21.[Li+],C6D6,[2H]c1c([2H])c([2H])c([2H])c([2H])c1[2H],-10.1,1543
COC(=O)C(Cc1ccc(O)c(O)c1)NC(=O)[BH2-][N+](C)(C)C,d6-DMSO,[2H]C([2H])([2H])S(=O)C([2H])([2H])[2H],-10.06,1545
CC1(C)OB([Si](C)(C)c2ccccc2)OC1(C)C,C6D6,[2H]c1c([2H])c([2H])c([2H])c([2H])c1[2H],34.3,1547
CC1OB([Si](C)(C)c2ccccc2)OC1(C)C,C6D6,[2H]c1c([2H])c([2H])c([2H])c([2H])c1[2H],31.7,1548
C=S(=C)(O[B-]1(C(C)(C)C(C)C)CCCC2=[N+]1CC=C2)C(F)(F)F,C6D6,[2H]c1c([2H])c([2H])c([2H])c([2H])c1[2H],35.6,1549
CCCC[B@-]12CCCC3=[N+]1[C@@H](C=C3)CCC2,C6D6,[2H]c1c([2H])c([2H])c([2H])c([2H])c1[2H],-6.6,1550
CCCC[B@@-]12CCCC3=[N+]1[C@@H](C=C3)CCC2,C6D6,[2H]c1c([2H])c([2H])c([2H])c([2H])c1[2H],-6,1551
CC[B-]1(CC)c2ccccc2[C@H](C)[N+]1(C)C,CDCl3,[2H]C(Cl)(Cl)Cl,6.9,1552
CCCC[B-]1(O)O[C@H](c2ccccc2)[C@H](C)[NH+]1C,CDCl3,[2H]C(Cl)(Cl)Cl,8.5,1553
C/C(=C1\CCCCB1n1cccc1)[Sn](C)(C)C,C6D6,[2H]c1c([2H])c([2H])c([2H])c([2H])c1[2H],53.5,1554
CCB(CC)c1ccccc1B(CC)CC,C6D6,[2H]c1c([2H])c([2H])c([2H])c([2H])c1[2H],80.8,1555
CCB(CC)c1cccc(B(CC)CC)c1,C6D6,[2H]c1c([2H])c([2H])c([2H])c([2H])c1[2H],67.5,1556
C[N+](C)(C)[BH2-][PH]1[W-4]2([C+]=O)([C+]=O)([C+]=O)([C+]=O)[PH]([BH2-][N+](C)(C)C)[W-4]12([C+]=O)([C+]=O)([C+]=O)[C+]=O,C6D6,[2H]c1c([2H])c([2H])c([2H])c([2H])c1[2H],-1.4,1557
CN1CCN(C)B1c1cccc(B2N(C)CCN2C)c1,C6D6,[2H]c1c([2H])c([2H])c([2H])c([2H])c1[2H],32,1558
C1CCOC1.C1CCOC1.[BH4-].[Mg+2].[O-]c1ccccc1,C6D6,[2H]c1c([2H])c([2H])c([2H])c([2H])c1[2H],-41.4,1562
C=CCC1CB(OC(C)C)C=C(CCC)C1,CDCl3,[2H]C(Cl)(Cl)Cl,46.2,1563
C1CCC[B-]2(CC1)C1CCCC2CCC1.[Br-].[Mg+2],C6D6,[2H]c1c([2H])c([2H])c([2H])c([2H])c1[2H],-19.7,1567
BrCCCCCCB1C2CCCC1CCC2,C6D6,[2H]c1c([2H])c([2H])c([2H])c([2H])c1[2H],73.6,1568
CCB(/C(CC)=C(/C)[Sn](C)(C)C)n1cccc1,C6D6,[2H]c1c([2H])c([2H])c([2H])c([2H])c1[2H],53.7,1571
CCC1=C(C)[Sn](C)(C)c2scc[n+]2[B-]1(CC)CC,C6D6,[2H]c1c([2H])c([2H])c([2H])c([2H])c1[2H],2.5,1572
CCC1=C(C)[Sn](C)(C)[n+]2ccsc2[B-]1(CC)CC,C6D6,[2H]c1c([2H])c([2H])c([2H])c([2H])c1[2H],-9.6,1573
CCC1=C(C)[Sn](C)(C)N2C=CSC(CC)(CC)B12,C6D6,[2H]c1c([2H])c([2H])c([2H])c([2H])c1[2H],40.6,1574
C[B-]1=[N+]2C(C(C)(C)C)C[B-](C)=[N+]2C(C(C)(C)C)C1,CDCl3,[2H]C(Cl)(Cl)Cl,39,1575
C/[B-](=C(\[Si](C)(C)C)[Si](C)(C)Cl)[n+]1c(C)cccc1C,d8-Toluene,[2H]c1c([2H])c([2H])c(C([2H])([2H])[2H])c([2H])c1[2H],41.9,1576
CCC1=C(C)[Si](C)(C)n2ccc[n+]2[B-]1(CC)CC,C6D6,[2H]c1c([2H])c([2H])c([2H])c([2H])c1[2H],-0.7,1577
CCB(CC)/C(CC)=C(/C)[Si](C)(C)n1ccnc1,C6D6,[2H]c1c([2H])c([2H])c([2H])c([2H])c1[2H],-3.2,1578
C=CC/C(=C\B(OC(C)C)OC(C)C)CCC,CDCl3,[2H]C(Cl)(Cl)Cl,24.77,1580
CCO/C=C/C(B1OC(C)(C)C(C)(C)O1)C(C)C,CDCl3,[2H]C(Cl)(Cl)Cl,32.7,1582
C=CCB(CC=C)/C(CC=C)=C(/[SiH3])[Si](C)(C)C,C6D6,[2H]c1c([2H])c([2H])c([2H])c([2H])c1[2H],81.1,1583
C=CCB1CCC[SiH2]C([Si](C)(C)C)=C1CC=C,C6D6,[2H]c1c([2H])c([2H])c([2H])c([2H])c1[2H],81.1,1584
C=CCB(CC=C)C1=C([Si](C)(C)C)[SiH2]CCC1,C6D6,[2H]c1c([2H])c([2H])c([2H])c([2H])c1[2H],79,1585
CC1=C(C)N(CC(C)(C)C)B(Br)N1CCC(C)(C)C,C6D6,[2H]c1c([2H])c([2H])c([2H])c([2H])c1[2H],21,1589
CC1=C(C)N(CC(C)(C)C)B(Cl)N1CCC(C)(C)C,C6D6,[2H]c1c([2H])c([2H])c([2H])c([2H])c1[2H],22.7,1590
CN(C)B1N([Si](C)(C)C)c2ccccc2N1[Si](C)(C)C,CDCl3,[2H]C(Cl)(Cl)Cl,32,1591
[BH3-][P+](CC)(CC)C1=C[C@H]2CC[C@@H]1C2(C)C,CDCl3,[2H]C(Cl)(Cl)Cl,-37.4,1592
[N-]=[N+]=NB1CCCCCCCN1B1CCCCCCC1,CDCl3,[2H]C(Cl)(Cl)Cl,43.6,1593
CC(C)C(C)(C)B1OC2OB(C(C)(C)C(C)C)OC2O1,d6-DMSO,[2H]C([2H])([2H])S(=O)C([2H])([2H])[2H],36.5,1594
CC(C)N(C(C)C)P1N(C(C)(C)C)[B-](C(F)(F)F)(C(F)(F)F)[N+]1(C)C,CDCl3,[2H]C(Cl)(Cl)Cl,-4.8,1596
C#CB(N(C(C)C)C(C)C)N(C(C)C)C(C)C,CDCl3,[2H]C(Cl)(Cl)Cl,25,1598
CCCCC[B-]1(CCCCC)CCCC1.[Br-].[Mg+2],C6D6,[2H]c1c([2H])c([2H])c([2H])c([2H])c1[2H],-20.5,1605
CCCC/C(=C(\CC)B(CC)CC)[Sn](C)(C)Cl,C6D6,[2H]c1c([2H])c([2H])c([2H])c([2H])c1[2H],78.5,1606
CCCC[P+](CCCC)(CCCC)[BH-](C(Cl)Cl)C(Cl)Cl,d8-Toluene,[2H]c1c([2H])c([2H])c(C([2H])([2H])[2H])c([2H])c1[2H],-13.5,1607
[Li]N(B(C)N1C(C)(C)CCCC1(C)C)C(C)(C)C,C6D6,[2H]c1c([2H])c([2H])c([2H])c([2H])c1[2H],39.1,1608
[BH+][P-](CC=C)(CC=C)CC[P-]([BH+])(CC=C)CC=C,CDCl3,[2H]C(Cl)(Cl)Cl,-38.33,1609
CCCCCCCCCC(O)C[N+](C)(C)[BH2-]C#N,CDCl3,[2H]C(Cl)(Cl)Cl,-16.7,1611
CC(C)(C)N1C=CN(C(C)(C)C)B1C[Si](C)(C)C,C6D6,[2H]c1c([2H])c([2H])c([2H])c([2H])c1[2H],26.4,1612
CCCC/C(=C(\CC)B(CC)CC)[SnH](C)C,C6D6,[2H]c1c([2H])c([2H])c([2H])c([2H])c1[2H],78.9,1613
CCC/C(=C(\CC)B(CC)CC)[Sn](C)(C)C,CDCl3,[2H]C(Cl)(Cl)Cl,84.2,1614
COC1OB(C(C)(C)C)N(C(C)(C)C)B1C(C)(C)C,CDCl3,[2H]C(Cl)(Cl)Cl,39,1615
C[SiH](C)CC[Si](C)(C)NB1C2CCCCC1CCC2,C6D6,[2H]c1c([2H])c([2H])c([2H])c([2H])c1[2H],55,1620
CC1=C(C)B(C[Si](C)(C)C)C(C)B1C[Si](C)(C)C,C6D6,[2H]c1c([2H])c([2H])c([2H])c([2H])c1[2H],68.8,1621
CB(C)N=P(C(C)(C)C)(C(C)(C)C)C(C)(C)C,C6D6,[2H]c1c([2H])c([2H])c([2H])c([2H])c1[2H],45,1623
CC[Se+]1N(C(C)(C)C)[B-](CC)(CC)N1C(C)(C)C,d8-Toluene,[2H]c1c([2H])c([2H])c(C([2H])([2H])[2H])c([2H])c1[2H],17.7,1624
CCB(CC)C(CC)=C([Sn](C)(C)C)[Sn](C)(C)C,d8-Toluene,[2H]c1c([2H])c([2H])c(C([2H])([2H])[2H])c([2H])c1[2H],84,1625
C/[B-](B(C(C)(C)C)C(C)(C)C)=[N+](/C)C(C)(C)C,C6D6,[2H]c1c([2H])c([2H])c([2H])c([2H])c1[2H],54.6,1626
C[B-]1=[N+](C(C)C)C(C)(C)C1([Si](C)(C)C)[Si](C)(C)C,CDCl3,[2H]C(Cl)(Cl)Cl,45.9,1627
C[B-](C([Si](C)(C)C)[Si](C)(C)C)=[N+](C(C)C)C(C)C,CDCl3,[2H]C(Cl)(Cl)Cl,45.5,1633
CN(C)B1B(Cl)[C@H]([Si](C)(C)C)[C@@H]([Si](C)(C)C)[C@@H]1[Si](C)(C)C,C6D6,[2H]c1c([2H])c([2H])c([2H])c([2H])c1[2H],91.0;48.0,1634
CCB(C)C(B(CC)CC)([Si](C)(C)C)[Si](C)(C)C,CDCl3,[2H]C(Cl)(Cl)Cl,85.7,1635
CC(C)(C)PB(Cl)C([Si](C)(C)C)([Si](C)(C)C)[Si](C)(C)C,C6D6,[2H]c1c([2H])c([2H])c([2H])c([2H])c1[2H],76.6,1639
C1CCOC1.C1CCOC1.C[Si](C)(C)[N-][Si](C)(C)C.[BH4-].[Mg+2],C6D6,[2H]c1c([2H])c([2H])c([2H])c([2H])c1[2H],-39.9,1640
CB1N(C)B(C)N(C)B([Si]([Si](C)(C)C)([Si](C)(C)C)[Si](C)(C)C)N1C,C6D6,[2H]c1c([2H])c([2H])c([2H])c([2H])c1[2H],42.2;36.3,1645
CC(C)OB(c1c(F)c(F)c(F)c(F)c1F)c1c(F)c(F)c(F)c(F)c1F,C6D6,[2H]c1c([2H])c([2H])c([2H])c([2H])c1[2H],39.58,1649
N#Cc1ccccc1/C=C/c1ccc([B-](F)(F)F)cc1.[K+],CD3COCD3,[2H]C([2H])([2H])C(=O)C([2H])([2H])[2H],3.63,1651
C[Si](C)(C)NB(c1c(F)c(F)c(F)c(F)c1F)c1c(F)c(F)c(F)c(F)c1F,C6D6,[2H]c1c([2H])c([2H])c([2H])c([2H])c1[2H],38.2,1652
Cc1ccc(C#CB2Oc3ccccc3S2)cc1,CDCl3,[2H]C(Cl)(Cl)Cl,38,1654
Cc1ccc(C#CB2Oc3ccccc3O2)cc1,CDCl3,[2H]C(Cl)(Cl)Cl,25,1655
Cc1ccc2c(c1)OB(C#Cc1ccccc1)O2,CDCl3,[2H]C(Cl)(Cl)Cl,24,1656
Cc1ccc(C#CB2Sc3ccccc3S2)cc1,CDCl3,[2H]C(Cl)(Cl)Cl,48,1657
Cc1ccc2c(c1)SB(C#Cc1ccccc1)S2,CDCl3,[2H]C(Cl)(Cl)Cl,47,1658
COc1ccc(/C=C/c2cccc(B(F)F)c2)cc1.[F-].[K+],CD3COCD3,[2H]C([2H])([2H])C(=O)C([2H])([2H])[2H],3.75,1660
COc1ccc(/C=C/c2ccccc2B(F)F)cc1.[F-].[K+],CD3COCD3,[2H]C([2H])([2H])C(=O)C([2H])([2H])[2H],3.61,1661
COc1cccc(/C=C/c2ccc([B-](F)(F)F)cc2)c1.[K+],CD3COCD3,[2H]C([2H])([2H])C(=O)C([2H])([2H])[2H],3.85,1662
COc1ccccc1/C=C/c1ccc([B-](F)(F)F)cc1.[K+],CD3COCD3,[2H]C([2H])([2H])C(=O)C([2H])([2H])[2H],3.78,1663
O=C1C[NH+]2Cc3ccccc3O[B@@-]2(c2ccccc2)O1,d6-DMSO,[2H]C([2H])([2H])S(=O)C([2H])([2H])[2H],5.66,1664
CB(C)C1c2ccccc2-c2ccccc21,C6D6,[2H]c1c([2H])c([2H])c([2H])c([2H])c1[2H],83.8,1666
COc1cccc(CCc2ccc([B-](F)(F)F)cc2)c1.[K+],CD3COCD3,[2H]C([2H])([2H])C(=O)C([2H])([2H])[2H],3.87,1667
F[B-](F)(F)[C@H](Cc1ccccc1)OCc1ccccc1.[K+],CD3CN,[2H]C([2H])([2H])C#N,3.7,1668
c1ccc(NB(Nc2ccccn2)Nc2ccccn2)nc1,C6D6,[2H]c1c([2H])c([2H])c([2H])c([2H])c1[2H],24.2,1669
CN1c2ccccc2S[B-]12NC(N)=Nc1[nH+]c3ccccc3n12,d6-DMSO,[2H]C([2H])([2H])S(=O)C([2H])([2H])[2H],0.6,1670
O=C1CC[NH2+][B-](c2ccccc2)(c2ccccc2)O1,d6-DMSO,[2H]C([2H])([2H])S(=O)C([2H])([2H])[2H],3,1673
CO[B-]1(c2ccccc2)NC(N)=Nc2n(C)c3ccccc3[n+]21,d6-DMSO,[2H]C([2H])([2H])S(=O)C([2H])([2H])[2H],0.8,1674
Cn1c2[n+](c3ccccc31)[B-](O)(c1ccccc1)NC(N)=N2,d6-DMSO,[2H]C([2H])([2H])S(=O)C([2H])([2H])[2H],0.2,1675
C[N+]1(C)Cc2ccccc2[B-]1(Cl)c1ccccc1,CDCl3,[2H]C(Cl)(Cl)Cl,10.8,1676
C[N+]1(C)Cc2ccccc2[B-]1(F)c1ccccc1,CDCl3,[2H]C(Cl)(Cl)Cl,12.6,1677
CO[B-]1(c2ccccc2)NC(N)=Nc2[nH]c3ccccc3[n+]21,d6-DMSO,[2H]C([2H])([2H])S(=O)C([2H])([2H])[2H],0.8,1678
C[N+]1(Cc2ccccc2)Cc2ccccc2[B-]1(O)O,CD3OD,[2H]OC([2H])([2H])[2H],10,1679
COB1C[C@H]2C=C(c3ccccc3)C[C@@H](C1)C2,CDCl3,[2H]C(Cl)(Cl)Cl,54.67,1682
O=C(OB1C2CCCC1CCC2)c1ccccc1,d6-DMSO,[2H]C([2H])([2H])S(=O)C([2H])([2H])[2H],12.9,1683
[BH3-][N+](C)(Cc1ccccc1)Cc1ccccc1,d8-THF,[2H]C1([2H])OC([2H])([2H])C([2H])([2H])C1([2H])[2H],-8.83,1687
CC1(C)OB(c2ccccc2CN2CCCC2)OC1=O,CD3OD,[2H]OC([2H])([2H])[2H],8,1688
C=CC1=[O+][B-]2(OC(C)(C)C(C)(C)O2)c2ccccc2N1,C6D6,[2H]c1c([2H])c([2H])c([2H])c([2H])c1[2H],30.1,1689
C=CC(=C)Nc1ccc(B2OC(C)(C)C(C)(C)O2)cc1,C6D6,[2H]c1c([2H])c([2H])c([2H])c([2H])c1[2H],30.8,1690
CC(c1ccccc1)N1C=CN(C(C)(C)C)B1C#N,CDCl3,[2H]C(Cl)(Cl)Cl,11.6,1692
[BH3-][P+](CC)(c1ccccc1)c1cccc(OC)c1,C6D6,[2H]c1c([2H])c([2H])c([2H])c([2H])c1[2H],-35.1,1693
CC(C)B(C(C)C)C1C=Cc2ccccc21,CDCl3,[2H]C(Cl)(Cl)Cl,87,1695
CC(C)B(C1=CCc2ccccc21)C(C)C,CDCl3,[2H]C(Cl)(Cl)Cl,54,1696
CC(C)[N+](=[B-](Cl)C1C=Cc2ccccc21)C(C)C,CD2Cl2,[2H]C([2H])(Cl)Cl,37.6,1699
CC(C)[N+](=[B-](Cl)C1=CCc2ccccc21)C(C)C,CD2Cl2,[2H]C([2H])(Cl)Cl,34.7,1700
CCCCCCC/C=C/c1ccc([B-](F)(F)F)cc1.[K+],CD3COCD3,[2H]C([2H])([2H])C(=O)C([2H])([2H])[2H],3.92,1703
Cc1n(C)cc[n+]1CCCC(F)(F)F.c1ncn([BH-](n2cncn2)n2cncn2)n1,d6-DMSO,[2H]C([2H])([2H])S(=O)C([2H])([2H])[2H],-0.49,1704
CC(C)N(B1CC=Cc2ccccc21)C(C)C,C6D6,[2H]c1c([2H])c([2H])c([2H])c([2H])c1[2H],42.4,1710
CC(C)N(B1C=CCc2ccccc21)C(C)C,C6D6,[2H]c1c([2H])c([2H])c([2H])c([2H])c1[2H],34.6,1711
CCCB(C/C=C/c1ccccc1)CCC,CDCl3,[2H]C(Cl)(Cl)Cl,86.14,1712
c1cc2n(c1)[B-]1(CCC2)C2CCCC1CCC2,C6D6,[2H]c1c([2H])c([2H])c([2H])c([2H])c1[2H],-8.2,1714
CB1N(C(C)c2ccccc2)C=CN1C(C)(C)C,CDCl3,[2H]C(Cl)(Cl)Cl,26.2,1715
COc1ccc(/C=C/BN(C(C)C)C(C)C)cc1,CDCl3,[2H]C(Cl)(Cl)Cl,36.9,1717
COc1cc(OC)cc(B2OC(C)(C)C(C)(C)O2)c1,CDCl3,[2H]C(Cl)(Cl)Cl,30.8,1718
CC1(C)CCCC(C)(C)N1B(n1ccnc1)n1ccnc1,CD2Cl2,[2H]C([2H])(Cl)Cl,28.2,1719
CCCC[n+]1ccn(C)c1C.c1ncn([BH-](n2cncn2)n2cncn2)n1,d6-DMSO,[2H]C([2H])([2H])S(=O)C([2H])([2H])[2H],-0.43,1720
CN1CCN(C)B1/C=C(/c1ccccc1)[Sn](C)(C)C,C6D6,[2H]c1c([2H])c([2H])c([2H])c([2H])c1[2H],30.8,1724
CC(C)(C)B1N(Cc2ccccc2)N=NN1C(C)(C)C,CDCl3,[2H]C(Cl)(Cl)Cl,26.7,1725
CC[B-]1(CC)Oc2ccccc2C[N+]1(CC)CC,C6D6,[2H]c1c([2H])c([2H])c([2H])c([2H])c1[2H],8.2,1730
CB1O/C(=N/c2ccccc2)C1([Si](C)(C)C)[Si](C)(C)C,CDCl3,[2H]C(Cl)(Cl)Cl,57.3,1731
CC/C(B1CCCc2cccn21)=C(\C)[Sn](C)(C)C,C6D6,[2H]c1c([2H])c([2H])c([2H])c([2H])c1[2H],55.5,1732
CB1ON(C)C(c2ccccc2)C1([Si](C)(C)C)[Si](C)(C)Cl,CDCl3,[2H]C(Cl)(Cl)Cl,51.9,1734
CC(C)N1B([Sn](C)(C)C)N(C(C)C)c2ccccc21,C6D6,[2H]c1c([2H])c([2H])c([2H])c([2H])c1[2H],32.8,1736
CC#CB1C2CCCC(CCC2)C1[Si](C)(C)C,C6D6,[2H]c1c([2H])c([2H])c([2H])c([2H])c1[2H],75,1738
C/C(=C1\C[C@@H]2C[C@@H]3CB1C[C@@H](C3)C2)[Si](C)(C)C,CDCl3,[2H]C(Cl)(Cl)Cl,79.2,1739
C=CCB(CC=C)/C(CC=C)=C(/C)[Sn](C)(C)C,CDCl3,[2H]C(Cl)(Cl)Cl,79.8,1740
[BH3-][N+](C)(C)C(B1OC(C)(C)C(C)(C)O1)c1ccccc1,CDCl3,[2H]C(Cl)(Cl)Cl,-9.1,1741
BrCCCB(C1CCCCC1)C1CCCCC1,C6D6,[2H]c1c([2H])c([2H])c([2H])c([2H])c1[2H],81.4,1742
Br[Mg]CCCB(C1CCCCC1)C1CCCCC1,C6D6,[2H]c1c([2H])c([2H])c([2H])c([2H])c1[2H],82.2,1743
[BH3-][N+](CCCC)(CCCC)Cc1ccccc1,CDCl3,[2H]C(Cl)(Cl)Cl,-13.69,1744
CC[B-](CC)(CC)[n+]1ccc(C(C)(C)C)cc1,CDCl3,[2H]C(Cl)(Cl)Cl,1.8,1745
CCB(/C(CC)=C(/C)[Sn](C)(C)CC)n1cccc1,C6D6,[2H]c1c([2H])c([2H])c([2H])c([2H])c1[2H],53.5,1746
CC[B-]1(CC)/C(=C/C(C)(C)C)[Si](C)(C)[n+]2ccsc21,C6D6,[2H]c1c([2H])c([2H])c([2H])c([2H])c1[2H],-7.6,1747
CC[B-]1(CC)/C(=C/C(C)(C)C)[Si](C)(C)[n+]2ccsc21,CDCl3,[2H]C(Cl)(Cl)Cl,-7.6,1747
CCC1=C(C)[Sn](C)(C)[n+]2c(C)csc2[B-]1(CC)CC,C6D6,[2H]c1c([2H])c([2H])c([2H])c([2H])c1[2H],-9.6,1748
C/[B-](=C(\[Si](C)(C)C)[Si](C)(C)Cl)[n+]1c(C)cc(C)cc1C,d8-Toluene,[2H]c1c([2H])c([2H])c(C([2H])([2H])[2H])c([2H])c1[2H],40.9,1749
CCCC/C=C1/[B-](CC)(CC)[n+]2cccn2[Si]1(C)C,CDCl3,[2H]C(Cl)(Cl)Cl,2.1,1751
CCCCC(/C=C/OCC)B1OC(C)(C)C(C)(C)O1,CDCl3,[2H]C(Cl)(Cl)Cl,33.4,1752
C=CCB(CC=C)/C(CC=C)=C(\[SiH2]C)[Si](C)(C)C,C6D6,[2H]c1c([2H])c([2H])c([2H])c([2H])c1[2H],79.5,1753
C=CCB(CC=C)/C(CC=C)=C(/[SiH2]C)[Si](C)(C)C,C6D6,[2H]c1c([2H])c([2H])c([2H])c([2H])c1[2H],81.3,1754
C=CCB1CCC[Si@@H](C)C([Si](C)(C)C)=C1CC=C,C6D6,[2H]c1c([2H])c([2H])c([2H])c([2H])c1[2H],71.5,1755
C=CCB(CC=C)C1=C([Si](C)(C)C)[Si@H](C)CCC1,C6D6,[2H]c1c([2H])c([2H])c([2H])c([2H])c1[2H],77.5,1756
C=CCB(CC=C)C(CC=C)=C([SiH](C)C)[SiH](C)C,CDCl3,[2H]C(Cl)(Cl)Cl,64.3,1757
C=CCB1CCC[Si](C)(C)C([SiH](C)C)=C1CC=C,CDCl3,[2H]C(Cl)(Cl)Cl,81.7,1758
CCCC[P+](CCCC)(CCCC)[B-](C(Cl)Cl)(C(Cl)Cl)C(Cl)Cl,d8-Toluene,[2H]c1c([2H])c([2H])c(C([2H])([2H])[2H])c([2H])c1[2H],-9.3,1759
CCC1=C(C)[Sn](C)(C)C2[N+](C)=CC=[N+]2[B-]1(CC)CC,C6D6,[2H]c1c([2H])c([2H])c([2H])c([2H])c1[2H],-0.3,1760
C[B-](C1=C(C)C(C)=C(C)C1C)=[N+]([Si](C)(C)C)[Si](C)(C)C,C6D6,[2H]c1c([2H])c([2H])c([2H])c([2H])c1[2H],44.2,1763
CCC1=C(C)[Sn](C)(C)[N+](CC)(CC)[B-]1(CC)CC,C6D6,[2H]c1c([2H])c([2H])c([2H])c([2H])c1[2H],1.8,1764
CC(C)N(B(N(C(C)C)C(C)C)n1ccnc1)C(C)C,CDCl3,[2H]C(Cl)(Cl)Cl,28,1765
CCC1=C(N(C)C)[Sn](C)(C)n2cnc[n+]2[B-]1(CC)CC,C6D6,[2H]c1c([2H])c([2H])c([2H])c([2H])c1[2H],-0.8,1766
CC(C)N(B(N(C(C)C)C(C)C)n1cc[n+]([B-](Br)(Br)Br)c1)C(C)C,CDCl3,[2H]C(Cl)(Cl)Cl,28.0;-11.8,1767
CC(C)N(B(N(C(C)C)C(C)C)n1cc[n+]([B-](Cl)(Cl)Cl)c1)C(C)C,CDCl3,[2H]C(Cl)(Cl)Cl,28.0;5.3,1768
CC(C)N(B(N(C(C)C)C(C)C)n1cc[n+]([B-](F)(F)F)c1)C(C)C,CDCl3,[2H]C(Cl)(Cl)Cl,28.0;-0.3,1769
C[Si]1(C)CCC[Si](C)(C)N1B1C2CCCC1CCC2,C6D6,[2H]c1c([2H])c([2H])c([2H])c([2H])c1[2H],58,1773
CCCCCCCC(B1OC(C)(C)C(C)(C)O1)P(=O)(OC)OC,CDCl3,[2H]C(Cl)(Cl)Cl,32.31,1774
CC(C)(C)N1P(N(C(C)(C)C)[Si](C)(C)C)[N+](C)(C)[B-]1(C(F)(F)F)C(F)(F)F,CDCl3,[2H]C(Cl)(Cl)Cl,-4.8,1778
CC(C)P(=NB1OC(C)(C)C(C)(C)O1)(C(C)C)C(C)C,C6D6,[2H]c1c([2H])c([2H])c([2H])c([2H])c1[2H],23.9,1779
CCCCCCC/C(=C/B1N(C)CCN1C)[Sn](C)(C)C,C6D6,[2H]c1c([2H])c([2H])c([2H])c([2H])c1[2H],30.5,1780
CCCC/C(=C(\CC)B(CC)CC)[Si](C)(C)C,CDCl3,[2H]C(Cl)(Cl)Cl,83,1781
CCB(CC)/[N+]1=[B-](\CC)CCCCCCC1,CDCl3,[2H]C(Cl)(Cl)Cl,73.1;50.3,1782
CC1CB(C(C)(C)C)N(C(C)(C)C)B1C(C)(C)C,C6D6,[2H]c1c([2H])c([2H])c([2H])c([2H])c1[2H],63.7;56.8,1783
CC(C)(C)N(BN1C(C)(C)CCCC1(C)C)[Si](C)(C)Cl,C6D6,[2H]c1c([2H])c([2H])c([2H])c([2H])c1[2H],35.9,1788
CCC1=C(C)[Si](C)(C)[N+](CC)(CC)[B-]1(CC)CC,C6D6,[2H]c1c([2H])c([2H])c([2H])c([2H])c1[2H],6,1789
C[SiH](C)CCC[Si](C)(C)NB1C2CCCC1CCC2,C6D6,[2H]c1c([2H])c([2H])c([2H])c([2H])c1[2H],55.7,1790
CN(C)C1OB(C(C)(C)C)N(C(C)(C)C)B1C(C)(C)C,CDCl3,[2H]C(Cl)(Cl)Cl,38,1791
[BH3-][n+]1ccn(B(N(C(C)C)C(C)C)N(C(C)C)C(C)C)c1,CDCl3,[2H]C(Cl)(Cl)Cl,28.0;-20.0,1792
CCC1=C([Si](C)(C)C)[Si](C)(C)C[O+](CC)[B-]1(CC)CC,C6D6,[2H]c1c([2H])c([2H])c([2H])c([2H])c1[2H],19.9,1796
CC1(C)CCCC(C)(C)N1B([Sn](C)(C)C)[Sn](C)(C)C,C6D6,[2H]c1c([2H])c([2H])c([2H])c([2H])c1[2H],68.4,1797
[BH3-][N+]1(C(C)(C)C)CN(C(C)(C)C)CN(C(C)(C)C)C1,CDCl3,[2H]C(Cl)(Cl)Cl,-14.8,1798
CCCCO[P+]([BH2-][P+](OC)(OC)OC)(OCCCC)OCCCC.F[B-](F)(F)F,d6-DMSO,[2H]C([2H])([2H])S(=O)C([2H])([2H])[2H],-1.42,1801
C[Si](C)(C)CB(C[Si](C)(C)C)C[Si](C)(C)C[Si](C)(C)C,C6D6,[2H]c1c([2H])c([2H])c([2H])c([2H])c1[2H],78.6,1802
CC1=[O+][B-](c2c(F)c(F)c(F)c(F)c2F)(c2c(F)c(F)c(F)c(F)c2F)C=CO1,C6D6,[2H]c1c([2H])c([2H])c([2H])c([2H])c1[2H],5.2,1807
CC1=[O+][B-](c2c(F)c(F)c(F)c(F)c2F)(c2c(F)c(F)c(F)c(F)c2F)C=CO1,CD2Cl2,[2H]C([2H])(Cl)Cl,5.7,1807
FB(c1c(C(F)(F)F)cccc1C(F)(F)F)c1c(C(F)(F)F)cccc1C(F)(F)F,CDCl3,[2H]C(Cl)(Cl)Cl,46.1,1808
OB(c1c(C(F)(F)F)cccc1C(F)(F)F)c1c(C(F)(F)F)cccc1C(F)(F)F,CDCl3,[2H]C(Cl)(Cl)Cl,45.1,1809
F[B-](F)(F)c1ccc(/C=C/C(Br)=C/c2ccccc2)cc1.[K+],CD3COCD3,[2H]C([2H])([2H])C(=O)C([2H])([2H])[2H],3.62,1811
COc1cccc2cc3cccc4c3c(c12)[B-](Cl)(Cl)[O+]4C,CDCl3,[2H]C(Cl)(Cl)Cl,22,1813
COc1cccc2cc3cccc4c3c(c12)[B-](F)(F)[O+]4C,CDCl3,[2H]C(Cl)(Cl)Cl,19,1818
Cc1ccc(C#CB2Oc3ccc(C)cc3O2)cc1,CDCl3,[2H]C(Cl)(Cl)Cl,23,1820
Cc1ccc(C#CB2Sc3ccc(C)cc3S2)cc1,CDCl3,[2H]C(Cl)(Cl)Cl,48,1821
NC1=Nc2nc3ccccc3n2[B-]2(N1)NC(N)=Nc1[nH+]c3ccccc3n12,d6-DMSO,[2H]C([2H])([2H])S(=O)C([2H])([2H])[2H],-2.6,1827
C[C@H]1C(=O)O[B@-]2(c3ccccc3)Oc3ccccc3C[N@+]12C,d6-DMSO,[2H]C([2H])([2H])S(=O)C([2H])([2H])[2H],4.95,1832
Cn1cc[n+]([BH2-]n2c3ccccc3c3ccccc32)c1,d8-THF,[2H]C1([2H])OC([2H])([2H])C([2H])([2H])C1([2H])[2H],-11.4,1833
[BH2-](n1c2ccccc2c2ccccc21)[O+]1CCCC1,d8-THF,[2H]C1([2H])OC([2H])([2H])C([2H])([2H])C1([2H])[2H],0.1,1839
Cc1cc(C)cc(B2SSB(c3cc(C)cc(C)c3)S2)c1,C6D6,[2H]c1c([2H])c([2H])c([2H])c([2H])c1[2H],65.4,1841
CCc1ccc(B2SSB(c3ccc(CC)cc3)S2)cc1,C6D6,[2H]c1c([2H])c([2H])c([2H])c([2H])c1[2H],66.1,1842
C[B-]1(c2ccccc2)c2ccccc2C[N+]1(C)C,CDCl3,[2H]C(Cl)(Cl)Cl,6.8,1845
CO[B-]1(OC)c2ccccc2C[N+]1(C)Cc1ccccc1,CD3OD,[2H]OC([2H])([2H])[2H],10.3,1846
CO[B-]1(c2ccccc2)[NH2+]C(C)C(c2ccccc2)O1,d8-Toluene,[2H]c1c([2H])c([2H])c(C([2H])([2H])[2H])c([2H])c1[2H],6.7,1847
CC1C(c2ccccc2)O[B-](O)(c2ccccc2)[NH+]1C,d8-Toluene,[2H]c1c([2H])c([2H])c(C([2H])([2H])[2H])c([2H])c1[2H],7.8,1848
[BH3-][P+](C/C=C\C)(c1ccccc1)c1ccccc1,CDCl3,[2H]C(Cl)(Cl)Cl,-39,1849
CC(C)=CCCC(C)/C=C/c1ccc([B-](F)(F)F)cc1.[K+],CD3COCD3,[2H]C([2H])([2H])C(=O)C([2H])([2H])[2H],3.72,1852
Cc1cc[n+]([B-]23CCCc4ccc(n42)CCC3)cc1,C6D6,[2H]c1c([2H])c([2H])c([2H])c([2H])c1[2H],7,1853
Cn1cc[n+]([B-](n2ccn(C)c2=S)(n2ccn(C)c2=S)n2ccn(C)c2=S)c1,CDCl3,[2H]C(Cl)(Cl)Cl,8.05,1854
[BH3-][PH+](C(C)c1ccccc1)C(C)c1ccccc1,CDCl3,[2H]C(Cl)(Cl)Cl,-44.94,1856
[BH3-][Si](c1ccccc1)(c1ccccc1)C(C)(C)C.[Li+],C6D6,[2H]c1c([2H])c([2H])c([2H])c([2H])c1[2H],-43.8,1857
CCN1B(C#CC(C)(C)C)N(CC)c2ccccc21,C6D6,[2H]c1c([2H])c([2H])c([2H])c([2H])c1[2H],21.1,1861
CC[B-](CC)(OC(=O)c1ccccc1)n1[nH+]c(C)cc1C,CDCl3,[2H]C(Cl)(Cl)Cl,8.8,1862
CC(C)N(B(c1ccc(Br)n1C)c1ccc(Br)n1C)C(C)C,CDCl3,[2H]C(Cl)(Cl)Cl,35,1866
C=C1C[B-](=[N+](C(C)C)C(C)C)Cc2ccccc21,CDCl3,[2H]C(Cl)(Cl)Cl,44.7,1869
CC1=C[B-](=[N+](C(C)C)C(C)C)Cc2ccccc21,CDCl3,[2H]C(Cl)(Cl)Cl,41.7,1870
Cc1cc(C)c(C(O)B2OC(C)(C)C(C)(C)O2)c(C)c1,C6D6,[2H]c1c([2H])c([2H])c([2H])c([2H])c1[2H],33,1875
CC(C)N(B(c1cccn1C)c1cccn1C)C(C)C,C6D6,[2H]c1c([2H])c([2H])c([2H])c([2H])c1[2H],35.6,1884
[BH+][P-](CCCC)(C1=CCCCC1)c1ccccc1,CDCl3,[2H]C(Cl)(Cl)Cl,-37.2,1885
CC(C)/N=C(/C1=[N+](C(C)C)[B-](C(F)(F)F)(C(F)(F)F)[N+](C)(C)[B-]1(C(F)(F)F)C(F)(F)F)N(C)C,CDCl3,[2H]C(Cl)(Cl)Cl,-2,1886
CCN(CC)Cc1cccc2c1O[B-](Cl)(Cl)[N+](CC)(CC)C2,C6D6,[2H]c1c([2H])c([2H])c([2H])c([2H])c1[2H],7.7,1888
CC(C)N1B(C(C)(C)C)N(C(C)C)c2ccccc21,C6D6,[2H]c1c([2H])c([2H])c([2H])c([2H])c1[2H],29.5,1889
CN(C)c1cc(B2OC(C)(C)C(C)(C)O2)cc(N(C)C)c1,CDCl3,[2H]C(Cl)(Cl)Cl,31,1890
CC(C)(C)C(=O)O[B-]1(n2ccc[nH+]2)C2CCCC1CCC2,CDCl3,[2H]C(Cl)(Cl)Cl,6.3,1891
C#C/C(CCCC)=C(/CCC)B1OC(C)(C)C(C)(C)O1,C6D6,[2H]c1c([2H])c([2H])c([2H])c([2H])c1[2H],30.5,1893
[BH3-][P+](OC)(OC)O[C@@H]1O[C@H](COC(C)=O)[C@@H](OC(C)=O)[C@H](OC(C)=O)[C@H]1OC(C)=O,CDCl3,[2H]C(Cl)(Cl)Cl,-46.2,1895
ClB1C2CCCC(CCC2)N1B1C2CCCC1CCC2,CDCl3,[2H]C(Cl)(Cl)Cl,67.6;49.8,1896
[N-]=[N+]=NB1C2CCCC(CCC2)N1B1C2CCCC1CCC2,CDCl3,[2H]C(Cl)(Cl)Cl,64.4;44.2,1897
CC(C)(C)C#CB1N(C(C)(C)C)C=CN1C(C)(C)C,C6D6,[2H]c1c([2H])c([2H])c([2H])c([2H])c1[2H],17.1,1898
CCN(CC)Cc1cccc2c1O[BH2-][N+](CC)(CC)C2,C6D6,[2H]c1c([2H])c([2H])c([2H])c([2H])c1[2H],0.3,1899
C1CCC([B-]2(C3CCCCC3)CCCC2)CC1.C1CCC([B-]2(C3CCCCC3)CCCC2)CC1.[Mg+2],C6D6,[2H]c1c([2H])c([2H])c([2H])c([2H])c1[2H],-12.5,1903
BrCCCCB(C1CCCCC1)C1CCCCC1,C6D6,[2H]c1c([2H])c([2H])c([2H])c([2H])c1[2H],82.4,1904
C[Si](C)(Br)C1=C(B2C3CCCC2CCC3)CC[Si]1(C)C,C6D6,[2H]c1c([2H])c([2H])c([2H])c([2H])c1[2H],86.4,1905
CC(C)(C)/C=C(/B1C2CCCC1CCC2)[Si](C)(C)Cl,C6D6,[2H]c1c([2H])c([2H])c([2H])c([2H])c1[2H],82.1,1906
C[B-]1=[O+]N(C)C(c2ccccc2)C1([Si](C)(C)C)[Si](C)(C)C,CDCl3,[2H]C(Cl)(Cl)Cl,51.9,1908
C[Sn](C)(C)C(=C1CCCCB1n1cccc1)[Sn](C)(C)C,C6D6,[2H]c1c([2H])c([2H])c([2H])c([2H])c1[2H],52.5,1909
CC[B-]1(CC)/C(=C/C(C)(C)C)[Si](C)(C)[n+]2c(C)csc21,CDCl3,[2H]C(Cl)(Cl)Cl,-4.5,1910
CC[B-]1(CC)c2n(C)cc[n+]2[B-](CC)(CC)c2n1cc[n+]2C,C6D6,[2H]c1c([2H])c([2H])c([2H])c([2H])c1[2H],-6.3,1913
CC(C)c1cccc(C(C)C)c1[O-].COCCOC.[BH4-].[Br].[Mg+2],d6-DMSO,[2H]C([2H])([2H])S(=O)C([2H])([2H])[2H],-40.4,1918
CCC1=C(C)[Sn](C)(C)c2n(C)cc(C)[n+]2[B-]1(CC)CC,C6D6,[2H]c1c([2H])c([2H])c([2H])c([2H])c1[2H],-0.3,1919
CCC1=C(C)[Sn](C)(C)[n+]2c(C)cn(C)c2[B-]1(CC)CC,C6D6,[2H]c1c([2H])c([2H])c([2H])c([2H])c1[2H],-11.3,1920
CCC1=C(CN(C)C)[Sn](C)(C)c2scc[n+]2[B-]1(CC)CC,C6D6,[2H]c1c([2H])c([2H])c([2H])c([2H])c1[2H],2,1921
CCC1=C(CN(C)C)[Sn](C)(C)[n+]2ccsc2[B-]1(CC)CC,C6D6,[2H]c1c([2H])c([2H])c([2H])c([2H])c1[2H],-9.5,1922
CC[B-]1(CC)/C(=C/C(C)(C)C)[Si](C)(C)[n+]2ccn(C)c21,C6D6,[2H]c1c([2H])c([2H])c([2H])c([2H])c1[2H],-10,1923
CCCC/C(=C\B1OC(C)(C)C(C)(C)O1)CCC(C)O,CDCl3,[2H]C(Cl)(Cl)Cl,30.11,1924
C=CCB(CC=C)/C(CC=C)=C(\[SiH](C)C)[Sn](C)(C)C,C6D6,[2H]c1c([2H])c([2H])c([2H])c([2H])c1[2H],71.4,1925
C=CCB(CC=C)/C(CC=C)=C(\[SiH](C)C)[Si](C)(C)C,C6D6,[2H]c1c([2H])c([2H])c([2H])c([2H])c1[2H],51.6,1926
C=CCB(CC=C)/C(CC=C)=C(\[SiH](C)C)[Si](C)(C)C,CDCl3,[2H]C(Cl)(Cl)Cl,51.6,1926
C[SiH](C)C1=C(B2C3CCCC2CCC3)CC[Si]1(C)C,C6D6,[2H]c1c([2H])c([2H])c([2H])c([2H])c1[2H],85.1,1927
C=CCB1CCCC[Si](C)(C)/C([Si](C)(C)C)=C\1CC=C,C6D6,[2H]c1c([2H])c([2H])c([2H])c([2H])c1[2H],80.5,1928
C=CCB(CC=C)C1=C([Si](C)(C)C)[Si](C)(C)CCC1,CDCl3,[2H]C(Cl)(Cl)Cl,76.9,1929
C[B-](=C([Si](C)(C)C)[Si](C)(C)C)[n+]1cc(C)c(C)cc1C,d8-Toluene,[2H]c1c([2H])c([2H])c(C([2H])([2H])[2H])c([2H])c1[2H],40.8,1934
CCB(C(CC)=C([Sn](C)(C)C)[Sn](C)(C)C)n1cccc1,C6D6,[2H]c1c([2H])c([2H])c([2H])c([2H])c1[2H],53.5,1935
CC[B-]1(CC)/C(=C/C(C)(C)C)[Si](C)(C)C2=[N+]1CC=[N+]2C,C6D6,[2H]c1c([2H])c([2H])c([2H])c([2H])c1[2H],1.2,1936
[BH+][P-](CCC(C)=O)(C1CCCCC1)C1CCCCC1,C6D6,[2H]c1c([2H])c([2H])c([2H])c([2H])c1[2H],-39.8,1937
COB1C[C@H]2C[C@@H]3C[C@H](C2)CC1(C(C)[Si](C)(C)C)C3,CDCl3,[2H]C(Cl)(Cl)Cl,54.4,1938
CCC1/C(=C(\C)[Si](C)(C)C)B2C[C@@H]3C[C@H](C2)C[C@H]1C3,CDCl3,[2H]C(Cl)(Cl)Cl,79.7,1939
[BH2-]1[N+](C2CCC2)(C2CCC2)[BH2-][N+]1(C1CCC1)C1CCC1,CDCl3,[2H]C(Cl)(Cl)Cl,2.56,1941
CC[B-]1(CC)O[C+](C(C)(C)C)O[B-](CC)(CC)[n+]2cccn21,CDCl3,[2H]C(Cl)(Cl)Cl,10.3,1942
C1CCN(B(B(N2CCCC2)N2CCCC2)N2CCCC2)C1,CDCl3,[2H]C(Cl)(Cl)Cl,34,1943
[BH3-][n+]1c(C)c(C)n(C)c1B1N(C(C)(C)C)C=CN1C(C)(C)C,C6D6,[2H]c1c([2H])c([2H])c([2H])c([2H])c1[2H],19.1;-20.1,1944
CCCC(OB1OC(C)(C)C(C)(C)O1)B1OC(C)(C)C(C)(C)O1,C6D6,[2H]c1c([2H])c([2H])c([2H])c([2H])c1[2H],32.7;22.6,1945
CC(C)C(OB1OC(C)(C)C(C)(C)O1)B1OC(C)(C)C(C)(C)O1,C6D6,[2H]c1c([2H])c([2H])c([2H])c([2H])c1[2H],32.7;22.6,1946
C=CC/C(=C\B(N(CC)CC)N(CC)CC)CCC,CDCl3,[2H]C(Cl)(Cl)Cl,30.75,1949
CC(C)NB(F)OC(C(C)(C)C)(C(C)(C)C)C(C)(C)C,CDCl3,[2H]C(Cl)(Cl)Cl,17.1,1952
CN(c1ccccc1)[B-]([Sn](C)(C)C)([Sn](C)(C)C)[Sn](C)(C)C.[Li+],C6D6,[2H]c1c([2H])c([2H])c([2H])c([2H])c1[2H],-13.1,1953
CB1N(C(C)(C)C)[Al-](C)(C)[N+]12C(C)(C)CCCC2(C)C,C6D6,[2H]c1c([2H])c([2H])c([2H])c([2H])c1[2H],38.5,1955
CB1N(C(C)(C)C)[Ga-](C)(C)[N+]12C(C)(C)CCCC2(C)C,C6D6,[2H]c1c([2H])c([2H])c([2H])c([2H])c1[2H],36.3,1956
CCC(C)N(B(Br)OB(Br)N(C(C)CC)C(C)CC)C(C)CC,CDCl3,[2H]C(Cl)(Cl)Cl,22.7,1957
CC(C)CN(CC(C)C)B(Cl)OB(Cl)N(CC(C)C)CC(C)C,CDCl3,[2H]C(Cl)(Cl)Cl,24.4,1958
CC(C)(C)B1N(C(C)(C)C)B(C(C)(C)C)N1C(C)(C)C,C6D6,[2H]c1c([2H])c([2H])c([2H])c([2H])c1[2H],41.1,1959
CB(C)N(B(C)N1C(C)(C)CCCC1(C)C)C(C)(C)C,C6D6,[2H]c1c([2H])c([2H])c([2H])c([2H])c1[2H],40.7;45.7,1960
CCC(C)N(B1OB1N(C(C)CC)C(C)CC)C(C)CC,CDCl3,[2H]C(Cl)(Cl)Cl,36.2,1961
CC(C)(C)B(Br)C1(B(Br)C(C)(C)C)B(Br)C([Si](C)(C)C)([Si](C)(C)C)B1Br,CDCl3,[2H]C(Cl)(Cl)Cl,70,1962
CC(C)(C)B(Cl)C1(B(Cl)C(C)(C)C)B(Cl)C([Si](C)(C)C)([Si](C)(C)C)B1Cl,CDCl3,[2H]C(Cl)(Cl)Cl,69,1963
CC(C)(C)C(OB(F)N[Si](C)(C)C)(C(C)(C)C)C(C)(C)C,CDCl3,[2H]C(Cl)(Cl)Cl,18,1965
CCCCB(N(C(C)C)C(C)C)N(C(C)C)C(C)C,CDCl3,[2H]C(Cl)(Cl)Cl,39.3,1966
CB(N1C(C)(C)CCCC1(C)C)N(C(C)(C)C)[Sn](C)(C)C,C6D6,[2H]c1c([2H])c([2H])c([2H])c([2H])c1[2H],39.4,1967
CC(C)(C)N=B[B-](C[Si](C)(C)C)(C(C)(C)C)C(C)(C)C.[Li+],d8-THF,[2H]C1([2H])OC([2H])([2H])C([2H])([2H])C1([2H])[2H],15.6;-16.0,1969
CC(C)(C)/[NH+]=[B-](\C[Si](C)(C)C)B(C(C)(C)C)C(C)(C)C,C6D6,[2H]c1c([2H])c([2H])c([2H])c([2H])c1[2H],49.4,1971
C/[B-](B(C(C)(C)C)C(C)(C)C)=[N+](\C(C)(C)C)[Si](C)(C)C,C6D6,[2H]c1c([2H])c([2H])c([2H])c([2H])c1[2H],57.2,1972
CN(C)B1B(N(C)C)[C@H]([Si](C)(C)C)[C@@H]([Si](C)(C)C)[C@@H]1[Si](C)(C)C,CDCl3,[2H]C(Cl)(Cl)Cl,54,1975
[N-]=[N+]=N[B-](c1c(F)c(F)c(F)c(F)c1F)(c1c(F)c(F)c(F)c(F)c1F)[n+]1ccccc1,CDCl3,[2H]C(Cl)(Cl)Cl,-0.5,1983
[N-]=[N+]=N[B-](c1c(F)cccc1F)(c1c(F)cccc1F)[n+]1ccccc1,CDCl3,[2H]C(Cl)(Cl)Cl,-2.5,1984
[N-]=[N+]=N[B-](c1ccccc1F)(c1ccccc1F)[n+]1ccccc1,CDCl3,[2H]C(Cl)(Cl)Cl,2,1985
C[Si](C)(C)CCB(c1c(F)c(F)c(F)c(F)c1F)c1c(F)c(F)c(F)c(F)c1F,C6D6,[2H]c1c([2H])c([2H])c([2H])c([2H])c1[2H],68.2,1986
CC(B(c1c(F)c(F)c(F)c(F)c1F)c1c(F)c(F)c(F)c(F)c1F)[Si](C)(C)C,C6D6,[2H]c1c([2H])c([2H])c([2H])c([2H])c1[2H],72.2,1987
Cn1c(B2Oc3ccccc3O2)ccc1B1Oc2ccccc2O1,d8-THF,[2H]C1([2H])OC([2H])([2H])C([2H])([2H])C1([2H])[2H],30,1988
C[N+]1(C)[B-](C(F)(F)F)(C(F)(F)F)C12c1ccccc1-c1ccccc12,CDCl3,[2H]C(Cl)(Cl)Cl,-11.6,1991
c1ccc([B-]2(c3ccccc3)Oc3cccc[n+]3O2)cc1,CDCl3,[2H]C(Cl)(Cl)Cl,15.5,1992
[BH2-](n1c2ccccc2c2ccccc21)[n+]1ccccc1,d8-THF,[2H]C1([2H])OC([2H])([2H])C([2H])([2H])C1([2H])[2H],-7,1994
C[N+]1(C)[B-](C(F)(F)F)(C(F)(F)F)C1(c1ccccc1)c1ccccc1,CDCl3,[2H]C(Cl)(Cl)Cl,-14,1996
C[NH+](C)C1([B-](O)(C(F)(F)F)C(F)(F)F)c2ccccc2-c2ccccc21,CD3CN,[2H]C([2H])([2H])C#N,-6.6,1997
CN(C)[C+]1N(c2ccccc2)[B-](C(F)(F)F)(C(F)(F)F)N1c1ccccc1,CD3COCD3,[2H]C([2H])([2H])C(=O)C([2H])([2H])[2H],-5,1998
CN(C)[C+]1Nc2ccccc2[B-](C(F)(F)F)(C(F)(F)F)N1c1ccccc1,CD3COCD3,[2H]C([2H])([2H])C(=O)C([2H])([2H])[2H],-10.9,1999
C[N+]1(C)Cc2ccccc2[B-]1(OC(=O)C(F)(F)F)c1ccccc1,CDCl3,[2H]C(Cl)(Cl)Cl,11.3,2001
C[Si](C)(C)C=C(B1Oc2ccccc2O1)B1Oc2ccccc2O1,CDCl3,[2H]C(Cl)(Cl)Cl,32.1,2005
c1ccc([B-]2(c3ccccc3)O[C@H]3CCC[N@@H+]2C3)cc1,d6-DMSO,[2H]C([2H])([2H])S(=O)C([2H])([2H])[2H],6,2008
c1ccc([B-]2(c3ccccc3)O[C@H]3CC[N@@H+]2CC3)cc1,d6-DMSO,[2H]C([2H])([2H])S(=O)C([2H])([2H])[2H],4,2009
CC(C)C1[NH2+][B-](c2ccccc2)(c2ccccc2)OC1=O,d6-DMSO,[2H]C([2H])([2H])S(=O)C([2H])([2H])[2H],6.3,2010
CC(C)[B-]1(c2ccccc2)NC(N)=Nc2[nH]c3ccccc3[n+]21,d6-DMSO,[2H]C([2H])([2H])S(=O)C([2H])([2H])[2H],0.5,2011
[BH3-][P+](c1ccccc1)(c1ccccc1)C1CCC(=O)C1,CDCl3,[2H]C(Cl)(Cl)Cl,-39.59,2012
CO[B-]1(c2ccccc2)OC(c2ccccc2)C(C)[NH+]1C,d8-Toluene,[2H]c1c([2H])c([2H])c(C([2H])([2H])[2H])c([2H])c1[2H],7.8,2016
CC1(C)OB(c2cc(N3CCOCC3)cc(C(F)(F)F)c2)OC1(C)C,C6D6,[2H]c1c([2H])c([2H])c([2H])c([2H])c1[2H],28.1,2020
CC1(C)CCCC(C)(C)N1B([SH]1C=CC=C1)[SH]1C=CC=C1,CDCl3,[2H]C(Cl)(Cl)Cl,42,2022
O=C(O)CNC(=O)CNC(=O)CNC(=O)CNC(=O)CNCc1ccc(B(O)O)cc1,d6-DMSO,[2H]C([2H])([2H])S(=O)C([2H])([2H])[2H],30.79,2023
CCB1C2CCCC(CCC2)[C@H]1c1ccccc1,C6D6,[2H]c1c([2H])c([2H])c([2H])c([2H])c1[2H],83,2024
CC(C)(C)c1cc2c(c(C(C)(C)C)c1)O[B-]1(Br)OCC[NH+]1C2,CDCl3,[2H]C(Cl)(Cl)Cl,2,2025
CC(C)(C)c1cc2c(c(C(C)(C)C)c1)O[B-]1(Cl)OCC[NH+]1C2,CDCl3,[2H]C(Cl)(Cl)Cl,2.05,2026
C=CC/C(=C\B(OC(C)C)OC(C)C)c1ccccc1,CDCl3,[2H]C(Cl)(Cl)Cl,26,2030
C[Si](C)(C)C1([Si](C)(C)C)C=CC(B2Oc3ccccc3O2)=C1,CDCl3,[2H]C(Cl)(Cl)Cl,28.8,2031
CC(C)c1ccc(B(OCCCCBr)OCCCCBr)cc1,C6D6,[2H]c1c([2H])c([2H])c([2H])c([2H])c1[2H],28,2035
CCO[P+]([BH2-]C#N)(CC1OC(n2cc(C)c(=O)[nH]c2=O)CC1OC(C)=O)OCC,d6-DMSO,[2H]C([2H])([2H])S(=O)C([2H])([2H])[2H],-40.58,2036
CC1=C2CC3C[C@H]4CB(C[C@@H](C3)C4)C2=C(C)[Si]1(C)C,CDCl3,[2H]C(Cl)(Cl)Cl,88.4,2037
CN(C)C1=[N+](C2CCCCC2)[B-](C(F)(F)F)(C(F)(F)F)N1C1CCCCC1,CD3COCD3,[2H]C([2H])([2H])C(=O)C([2H])([2H])[2H],-9.2,2038
C[Sn](C)(C)/C=C1\B(n2cccc2)C2CCCC1CCC2,C6D6,[2H]c1c([2H])c([2H])c([2H])c([2H])c1[2H],54.2,2040
CCC1=C(C)[Si](C)(C)n2c3ccccc3n[n+]2[B-]1(CC)CC,C6D6,[2H]c1c([2H])c([2H])c([2H])c([2H])c1[2H],3.6,2041
CC1(C)OB(OC(B2OC(C)(C)C(C)(C)O2)c2cccs2)OC1(C)C,C6D6,[2H]c1c([2H])c([2H])c([2H])c([2H])c1[2H],31.4;22.5,2042
CCB(CC)/C(CC)=C(/c1ccccc1)[Ge](C)(C)C,CDCl3,[2H]C(Cl)(Cl)Cl,80.9,2043
CC1C([BH2-][n+]2ccc(N(C)C)cc2)CC2CC1C2(C)C,CDCl3,[2H]C(Cl)(Cl)Cl,-2.3,2044
C[Si](C)(C)C1B(C#CC2CC2)C2CCCC1CCC2,C6D6,[2H]c1c([2H])c([2H])c([2H])c([2H])c1[2H],71,2046
C[Si](C)(C)C1B(C#CCCCCl)C2CCCC1CCC2,C6D6,[2H]c1c([2H])c([2H])c([2H])c([2H])c1[2H],68,2049
CCC(B1CC=Cc2cccn21)=C([Sn](C)(C)C)[Sn](C)(C)C,C6D6,[2H]c1c([2H])c([2H])c([2H])c([2H])c1[2H],53.8,2050
CC(C)(C)c1cccc(C(C)(C)C)c1OB(Cl)N[Si](C)(C)C,CDCl3,[2H]C(Cl)(Cl)Cl,27.2,2053
C=CC(C[Si](C)(C)C)B1OC2CC3CC(C3(C)C)C2(C)O1,CDCl3,[2H]C(Cl)(Cl)Cl,32.6,2056
CCC/C(=C1\C[C@@H]2C[C@@H]3CB1C[C@@H](C3)C2)[Sn](C)(C)C,CDCl3,[2H]C(Cl)(Cl)Cl,80.5,2057
CCC/C(=C1/C[C@@H]2C[C@@H]3CB1C[C@@H](C3)C2)[Sn](C)(C)C,CDCl3,[2H]C(Cl)(Cl)Cl,81.5,2058
C1CCC([B-]2(C3CCCCC3)CCCCC2)CC1.[Br-].[Mg+2],C6D6,[2H]c1c([2H])c([2H])c([2H])c([2H])c1[2H],-18.6,2060
BrCCCCCB(C1CCCCC1)C1CCCCC1,C6D6,[2H]c1c([2H])c([2H])c([2H])c([2H])c1[2H],82.5,2061
CCC(B1CCCc2cccn21)=C([Sn](C)(C)C)[Sn](C)(C)C,C6D6,[2H]c1c([2H])c([2H])c([2H])c([2H])c1[2H],55.7,2062
Cc1c(C)[n+](C)c(B2N(C(C)(C)C)C=CN2C(C)(C)C)n1C,CDCl3,[2H]C(Cl)(Cl)Cl,15.3,2063
CCB(/C(CC)=C(/CN(C)C)[Sn](C)(C)CC)n1cccc1,C6D6,[2H]c1c([2H])c([2H])c([2H])c([2H])c1[2H],55.9,2066
CC[B-]1(CC)CC(CN(C)C)[Sn](C)(C)[n+]2c(C)csc21,C6D6,[2H]c1c([2H])c([2H])c([2H])c([2H])c1[2H],-8.8,2067
CCCC/C(=C\B1OC(C)(C)C(C)(C)O1)CCC(O)CC,CDCl3,[2H]C(Cl)(Cl)Cl,30.02,2068
C[SiH](C)C1=C(B2C3CCCC2CCC3)CCC[Si]1(C)C,C6D6,[2H]c1c([2H])c([2H])c([2H])c([2H])c1[2H],75.9,2069
C[Si](C)(C)C(=C1C[C@@H]2C[C@@H]3CB1C[C@@H](C3)C2)[Si](C)(C)C,C6D6,[2H]c1c([2H])c([2H])c([2H])c([2H])c1[2H],77.3,2070
CC(C)N(B(Cl)c1ccc(B(Cl)N(C(C)C)C(C)C)n1C)C(C)C,C6D6,[2H]c1c([2H])c([2H])c([2H])c([2H])c1[2H],33.8,2072
CCCC[B-](CCCC)(CCCC)[n+]1ccn(CC)c1,CDCl3,[2H]C(Cl)(Cl)Cl,-11.9,2075
CCC1=C(CN(C)C)[Sn](C)(C)C2[N+](C)=CC=[N+]2[B-]1(CC)CC,C6D6,[2H]c1c([2H])c([2H])c([2H])c([2H])c1[2H],-1.1,2076
Cc1ncn(B(N(C(C)C)C(C)C)N(C(C)C)C(C)C)c1C,CDCl3,[2H]C(Cl)(Cl)Cl,28,2077
CC(C)(C)B1N(C(C)(C)C)B(C(C)(C)C)C12CC2(C)C,C6D6,[2H]c1c([2H])c([2H])c([2H])c([2H])c1[2H],45.7,2078
CC(C)(C)NB(F)OC(C(C)(C)C)(C(C)(C)C)C(C)(C)C,CDCl3,[2H]C(Cl)(Cl)Cl,17.2,2080
CC(C)N(B(C#C[Si](C)(C)C)N(C(C)C)C(C)C)C(C)C,CDCl3,[2H]C(Cl)(Cl)Cl,25,2081
CC(C)(C)B1OC(C(C)(C)C)B(C(C)(C)C)N1C(C)(C)C,CDCl3,[2H]C(Cl)(Cl)Cl,63.2;39.3,2082
CCC1=C(CN(C)C)[Sn](C)(C)[N+](CC)(CC)[B-]1(CC)CC,C6D6,[2H]c1c([2H])c([2H])c([2H])c([2H])c1[2H],4.1,2086
CC(C)(C)P1[B-]23[P+](C)(C(C)(C)C)[PH]2(C(C)(C)C)[PH]13C(C)(C)C,C6D6,[2H]c1c([2H])c([2H])c([2H])c([2H])c1[2H],-25.9,2087
CCC1=C([Si](C)(C)C)[Si](C)(C)[N+](CC)(CC)[B-]1(CC)CC,C6D6,[2H]c1c([2H])c([2H])c([2H])c([2H])c1[2H],4,2088
C[Si](C)(C)[B-]1=C[C@@H]([Si](C)(C)C)[C@H]([Si](C)(C)C)B1N1CCCCC1.[Li+],C6D6,[2H]c1c([2H])c([2H])c([2H])c([2H])c1[2H],58.0;33.0,2090
CCB(CC)/C(CC)=C(/C)[Sn](C)(C)N([Si](C)(C)C)[Si](C)(C)C,C6D6,[2H]c1c([2H])c([2H])c([2H])c([2H])c1[2H],83.8,2093
Fc1c(F)c(F)c(B(c2c(F)c(F)c(F)c(F)c2F)c2c(F)c(F)c(F)c(F)c2F)c(F)c1F,C6D6,[2H]c1c([2H])c([2H])c([2H])c([2H])c1[2H],58,2101
Cc1cc(C)c([PH+](c2c(C)cc(C)cc2C)c2c(C)cc(C)cc2C)c(C)c1.Fc1c(F)c(F)c([BH-](c2c(F)c(F)c(F)c(F)c2F)c2c(F)c(F)c(F)c(F)c2F)c(F)c1F,C6D6,[2H]c1c([2H])c([2H])c([2H])c([2H])c1[2H],-25.5,2103
[N-]=[N+]=NB(c1c(C(F)(F)F)cc(C(F)(F)F)cc1C(F)(F)F)c1c(C(F)(F)F)cc(C(F)(F)F)cc1C(F)(F)F,C6D6,[2H]c1c([2H])c([2H])c([2H])c([2H])c1[2H],49.3,2105
FB(c1c(C(F)(F)F)cc(C(F)(F)F)cc1C(F)(F)F)c1c(C(F)(F)F)cc(C(F)(F)F)cc1C(F)(F)F,CDCl3,[2H]C(Cl)(Cl)Cl,46.6,2106
OB(c1c(C(F)(F)F)cc(C(F)(F)F)cc1C(F)(F)F)c1c(C(F)(F)F)cc(C(F)(F)F)cc1C(F)(F)F,CDCl3,[2H]C(Cl)(Cl)Cl,44.8,2107
O=C1C[N+]2(Cc3ccccc3CBr)CC(=O)O[B-]2(c2ccccc2)O1,d6-DMSO,[2H]C([2H])([2H])S(=O)C([2H])([2H])[2H],11.87,2113
ClB(Cl)Oc1c(-c2ccccc2)cccc1-c1ccccc1,CDCl3,[2H]C(Cl)(Cl)Cl,31.3,2114
O=C1O[B-](c2ccccc2)(c2ccccc2)[n+]2ccccc21,CDCl3,[2H]C(Cl)(Cl)Cl,9.3,2115
C[Si](C)(C)CCCB(c1c(F)c(F)c(F)c(F)c1F)c1c(F)c(F)c(F)c(F)c1F,C6D6,[2H]c1c([2H])c([2H])c([2H])c([2H])c1[2H],73.7,2117
CCC(B(c1c(F)c(F)c(F)c(F)c1F)c1c(F)c(F)c(F)c(F)c1F)[Si](C)(C)C,C6D6,[2H]c1c([2H])c([2H])c([2H])c([2H])c1[2H],72.2,2118
CC1=C2O[B-](c3ccccc3)(c3ccccc3)[O+]=C2C=CO1,CDCl3,[2H]C(Cl)(Cl)Cl,17.6,2119
CC(C)(C)[PH+](C(C)(C)C)C(C)(C)C.c1ccc([BH-](c2ccccc2)c2ccccc2)cc1,CD2Cl2,[2H]C([2H])(Cl)Cl,4.62,2120
C[N+]1(C)Cc2ccccc2[B-]1(OC(=O)C(F)(F)C(F)(F)F)c1ccccc1,CDCl3,[2H]C(Cl)(Cl)Cl,8.8,2121
[Li]N1B(c2ccccc2)NB(c2ccccc2)NB1c1ccccc1,C6D6,[2H]c1c([2H])c([2H])c([2H])c([2H])c1[2H],34.1,2122
C[Si](C)(C)[N+](=[B-](c1c(F)c(F)c(F)c(F)c1F)c1c(F)c(F)c(F)c(F)c1F)[Si](C)(C)C,C6D6,[2H]c1c([2H])c([2H])c([2H])c([2H])c1[2H],43.6,2123
[BH3-][Ge](c1ccccc1)(c1ccccc1)c1ccccc1.[Li+],C6D6,[2H]c1c([2H])c([2H])c([2H])c([2H])c1[2H],-43.1,2124
CN(C)[B-]1C(c2ccccc2)=CC=C1c1ccccc1.[Li+],d8-THF,[2H]C1([2H])OC([2H])([2H])C([2H])([2H])C1([2H])[2H],28,2125
CC1C(=O)O[B-]2(c3ccccc3)OC(=O)C[N+]12Cc1ccccc1,d6-DMSO,[2H]C([2H])([2H])S(=O)C([2H])([2H])[2H],11.7,2126
c1ccc(NB(Nc2ccccc2)Nc2ccccc2)cc1,C6D6,[2H]c1c([2H])c([2H])c([2H])c([2H])c1[2H],23.7,2127
[BH3-][P+](Oc1ccccc1)(Oc1ccccc1)Oc1ccccc1,CDCl3,[2H]C(Cl)(Cl)Cl,-42.7,2128
[BH3-][Si](Oc1ccccc1)(Oc1ccccc1)Oc1ccccc1.[Li+],C6D6,[2H]c1c([2H])c([2H])c([2H])c([2H])c1[2H],-42.6,2130
C1=[N+]2CCO[B@@-]34Oc5ccccc5C=[N+]3CCO[B@-]2(Oc2ccccc21)O4,CDCl3,[2H]C(Cl)(Cl)Cl,5.6,2131
C=CCCC(CB1Oc2ccccc2O1)B1Oc2ccccc2O1,CDCl3,[2H]C(Cl)(Cl)Cl,35,2132
B1N(c2ccccc2)BN(c2ccccc2)BN1c1ccccc1,C6D6,[2H]c1c([2H])c([2H])c([2H])c([2H])c1[2H],32.4,2133
CN(C)c1cccc2cc3cccc(N(C)C)c3c(B(Cl)Cl)c12,CDCl3,[2H]C(Cl)(Cl)Cl,12,2135
CCN1B(C#Cc2ccccc2)N(CC)c2ccccc21,C6D6,[2H]c1c([2H])c([2H])c([2H])c([2H])c1[2H],21.2,2139
COB(OC)c1c2c(OC)cccc2cc2cccc(OC)c12,CDCl3,[2H]C(Cl)(Cl)Cl,27,2140
ClCCCCC(CB1Oc2ccccc2O1)B1Oc2ccccc2O1,CDCl3,[2H]C(Cl)(Cl)Cl,35,2141
CC(c1ccccc1)N1C=CN(C(C)c2ccccc2)B1Br,CDCl3,[2H]C(Cl)(Cl)Cl,19,2142
Cc1cccc(C)c1N1C=CN(c2c(C)cccc2C)B1Br,C6D6,[2H]c1c([2H])c([2H])c([2H])c([2H])c1[2H],19.2,2143
Cc1cccc(C)c1N1C=CN(c2c(C)cccc2C)B1Cl,C6D6,[2H]c1c([2H])c([2H])c([2H])c([2H])c1[2H],21.1,2144
Cc1cccc(C)c1[N+]1=CC=[N+](c2c(C)cccc2C)[B-]1(Cl)Cl.[Cl-],CDCl3,[2H]C(Cl)(Cl)Cl,7.2,2145
Cc1cccc(C)c1N1C=CN(c2c(C)cccc2C)[BH-]1I,C6D6,[2H]c1c([2H])c([2H])c([2H])c([2H])c1[2H],11.8,2146
CN(C)B1C(c2ccccc2)C=CC1c1ccccc1,CDCl3,[2H]C(Cl)(Cl)Cl,49,2147
CC1=[N+]2CCOCCO[B-]2(c2ccccc2)Oc2ccccc21,d6-DMSO,[2H]C([2H])([2H])S(=O)C([2H])([2H])[2H],7.5,2148
CC(C)[C@H]1C(=O)O[B@-]2(c3ccccc3)Oc3ccccc3C[NH+]12,CDCl3,[2H]C(Cl)(Cl)Cl,5.15,2149
CCN(CC)C1=[O+][B-]2(Oc3ccccc3O2)c2ccc(C)cc21,CDCl3,[2H]C(Cl)(Cl)Cl,13.5,2150
CSCC[C@H]1C(=O)O[B@-]2(c3ccccc3)Oc3ccccc3C[NH+]12,d6-DMSO,[2H]C([2H])([2H])S(=O)C([2H])([2H])[2H],6.04,2151
Cc1cccc(C)c1N(/C=C/N(B(Cl)Cl)c1c(C)cccc1C)B(Cl)Cl,C6D6,[2H]c1c([2H])c([2H])c([2H])c([2H])c1[2H],32.6,2152
CCCCC(CB1Oc2ccccc2O1)B1Oc2ccccc2O1,CDCl3,[2H]C(Cl)(Cl)Cl,35,2153
O[B-]12OCC[N+]3=Cc4ccccc4O[B-]3(O)OCC[N+]1=Cc1ccccc1O2,CDCl3,[2H]C(Cl)(Cl)Cl,1.5,2154
CC1(C)OB(c2ccc(Nc3ccccc3)c(Cl)c2)OC1(C)C,C6D6,[2H]c1c([2H])c([2H])c([2H])c([2H])c1[2H],30.9,2156
CC1(C)OB([Si](Cl)(c2ccccc2)c2ccccc2)OC1(C)C,C6D6,[2H]c1c([2H])c([2H])c([2H])c([2H])c1[2H],32.3,2160
Cc1cc(C)c(B(F)c2c(C)cc(C)cc2C)c(C)c1,CDCl3,[2H]C(Cl)(Cl)Cl,53,2163
c1ccc([B-]2(c3ccccc3)OC[C@H]3CCCC[N@H+]32)cc1,CDCl3,[2H]C(Cl)(Cl)Cl,7,2165
C[N@+]12CCC[C@H](C1)O[B-]2(c1ccccc1)c1ccccc1,d6-DMSO,[2H]C([2H])([2H])S(=O)C([2H])([2H])[2H],7,2166
c1ccc([B-]2(c3ccccc3)OCC3CCC[NH+]2C3)cc1,d6-DMSO,[2H]C([2H])([2H])S(=O)C([2H])([2H])[2H],3,2167
[BH3-][P+](C1=CCCCC1)(c1ccccc1)c1ccccc1,CDCl3,[2H]C(Cl)(Cl)Cl,-35.8,2168
Cc1cc(C)c(B(Br)B(Br)c2c(C)cc(C)cc2C)c(C)c1,C6D6,[2H]c1c([2H])c([2H])c([2H])c([2H])c1[2H],86,2169
Cc1cc(C)c(B(I)B(I)c2c(C)cc(C)cc2C)c(C)c1,C6D6,[2H]c1c([2H])c([2H])c([2H])c([2H])c1[2H],89,2170
Cc1cc(C)c(Bc2c(C)cc(C)cc2C)c(C)c1,d8-Toluene,[2H]c1c([2H])c([2H])c(C([2H])([2H])[2H])c([2H])c1[2H],30,2172
Cc1ccc(C)n1B(n1c(C)ccc1C)n1c(C)ccc1C,C6D6,[2H]c1c([2H])c([2H])c([2H])c([2H])c1[2H],30.5,2179
[BH3-][P+](C(=C)C(C)(C)C)(c1ccccc1)c1ccccc1,CDCl3,[2H]C(Cl)(Cl)Cl,-30.2,2180
CCC1=C(C)C2=C(C)c3c(C)c(CC)c(C)n3[B-](F)(F)[N+]2=C1C,CDCl3,[2H]C(Cl)(Cl)Cl,3.82,2183
CC(C)(C)N1C=CN(C(C)(C)C)B1C#Cc1ccccc1,C6D6,[2H]c1c([2H])c([2H])c([2H])c([2H])c1[2H],17,2184
OCCN1CC[NH+]([B-](O)(c2ccccc2)c2ccccc2)CC1,d6-DMSO,[2H]C([2H])([2H])S(=O)C([2H])([2H])[2H],4,2185
CC(C)(C)c1ccc2c(c1)OB(C1=CC=CC1[Si](C)(C)C)O2,CDCl3,[2H]C(Cl)(Cl)Cl,29.3,2186
CN(C)C[B-](CN(C)C)(c1ccccc1)c1ccccc1.[Li+],CD3COCD3,[2H]C([2H])([2H])C(=O)C([2H])([2H])[2H],-17.8,2188
CCB(CC)c1cccc(-c2cccc(B(CC)CC)n2)n1,CDCl3,[2H]C(Cl)(Cl)Cl,3.2,2190
CC(C)(C)C#CB(C#CC(C)(C)C)C#CC(C)(C)C,CDCl3,[2H]C(Cl)(Cl)Cl,38,2192
CC(C)(C)c1cc2c(c(C(C)(C)C)c1)O[B-]1(Br)OCCC[N+]1=C2,CDCl3,[2H]C(Cl)(Cl)Cl,9.7,2193
CC(C)(C)c1cc2c(c(C(C)(C)C)c1)O[B-]1(Cl)OCCC[N+]1=C2,CDCl3,[2H]C(Cl)(Cl)Cl,3.3,2194
CN(C)C[B-](C[NH+](C)C)(c1ccccc1)c1ccccc1,CD3COCD3,[2H]C([2H])([2H])C(=O)C([2H])([2H])[2H],-24,2195
CCC1=C(C)[Sn](C)(C)N2B1C(CC)(CC)Oc1ccccc12,C6D6,[2H]c1c([2H])c([2H])c([2H])c([2H])c1[2H],43.8,2196
CCC1=C(C)[Sn](C)(C)[n+]2c(oc3ccccc32)[B-]1(CC)CC,C6D6,[2H]c1c([2H])c([2H])c([2H])c([2H])c1[2H],-11.3,2197
CO[B-]12OCC[N+]1=Cc1cc(C(C)(C)C)cc(C(C)(C)C)c1O2,CDCl3,[2H]C(Cl)(Cl)Cl,2.38,2198
CCC1=C(C)[Sn](C)(C)N2B1C(CC)(CC)Sc1ccccc12,C6D6,[2H]c1c([2H])c([2H])c([2H])c([2H])c1[2H],44.4,2199
C1CC2CCCC(C1)[B-]21O[C+]([C+]2O[B-]3(O2)C2CCCC3CCC2)O1,CDCl3,[2H]C(Cl)(Cl)Cl,29.3,2202
CCC1=C(C)[Si](C)(C)n2c3ccccc3c[n+]2[B-]1(CC)CC,C6D6,[2H]c1c([2H])c([2H])c([2H])c([2H])c1[2H],0.5,2203
CC1(C)OB(c2cc3c(cc2[Si](C)(C)C)CCC3)OC1(C)C,C6D6,[2H]c1c([2H])c([2H])c([2H])c([2H])c1[2H],31,2204
CC1(C)OB(OC(B2OC(C)(C)C(C)(C)O2)c2cccnc2)OC1(C)C,C6D6,[2H]c1c([2H])c([2H])c([2H])c([2H])c1[2H],29.6;22.1,2205
CC(NB1N(C(C)(C)C)C=CN1C(C)(C)C)c1ccccc1,C6D6,[2H]c1c([2H])c([2H])c([2H])c([2H])c1[2H],22.3,2209
CC(c1ccccc1)N1C=CN(C(C)(C)C)B1NC(C)(C)C,CDCl3,[2H]C(Cl)(Cl)Cl,22.3,2210
CCCC/N=C(/C1=[N+](CCCC)[B-](C(F)(F)F)(C(F)(F)F)[N+](C)(C)[B-]1(C(F)(F)F)C(F)(F)F)N(C)C,CDCl3,[2H]C(Cl)(Cl)Cl,-2,2212
CN(C)B(c1cccc(-c2cccc(B(N(C)C)N(C)C)n2)n1)N(C)C,d8-THF,[2H]C1([2H])OC([2H])([2H])C([2H])([2H])C1([2H])[2H],31,2214
CC(C)(C)NB(Cl)Oc1c(C(C)(C)C)cccc1C(C)(C)C,C6D6,[2H]c1c([2H])c([2H])c([2H])c([2H])c1[2H],25.1,2220
CC(C)(C)NB(F)Oc1c(C(C)(C)C)cccc1C(C)(C)C,CDCl3,[2H]C(Cl)(Cl)Cl,18.9,2223
CC(C)(C)P(=NB1Oc2ccccc2O1)(C(C)(C)C)C(C)(C)C,C6D6,[2H]c1c([2H])c([2H])c([2H])c([2H])c1[2H],24.2,2224
CC(C1CCCCC1)N1C=CN(C(C)C2CCCCC2)B1Br,CDCl3,[2H]C(Cl)(Cl)Cl,18.2,2231
CCCCP(CCCC)(CCCC)=NB(Cl)c1ccccc1,C6D6,[2H]c1c([2H])c([2H])c([2H])c([2H])c1[2H],11,2233
CCC1=C(C)[Si](C)(C)[Si](C)(C)C(C)=C(CC)B1n1cccc1,d8-Toluene,[2H]c1c([2H])c([2H])c(C([2H])([2H])[2H])c([2H])c1[2H],54,2234
CC(C)(C)[B-]1=[N+](c2ccccc2)[B-](C(C)(C)C)=[N+]1C(C)(C)C,CDCl3,[2H]C(Cl)(Cl)Cl,44.7,2235
[BH3-][N+](C)(C)C[B-](C[N+]([BH3-])(C)C)(c1ccccc1)c1ccccc1.[Li+],C6D6,[2H]c1c([2H])c([2H])c([2H])c([2H])c1[2H],-7.8;-13.9,2237
[BH3-][N+](C)(C)C[B-](C[N+]([BH3-])(C)C)(c1ccccc1)c1ccccc1.[Li+],CD3COCD3,[2H]C([2H])([2H])C(=O)C([2H])([2H])[2H],-5.1;-14.0,2237
CC(C)N(B(c1ccccc1)N(C(C)C)C(C)C)C(C)C,CDCl3,[2H]C(Cl)(Cl)Cl,37.5,2240
CC(C)(C)/C(=C1/C[C@@H]2C[C@@H]3CB1C[C@@H](C3)C2)[Sn](C)(C)C,CDCl3,[2H]C(Cl)(Cl)Cl,74.3,2242
C1CCC([B-]2(C3CCCCC3)CCCCCC2)CC1.[Br-].[Mg+2],C6D6,[2H]c1c([2H])c([2H])c([2H])c([2H])c1[2H],-16.6,2245
BrCCCCCCB(C1CCCCC1)C1CCCCC1,C6D6,[2H]c1c([2H])c([2H])c([2H])c([2H])c1[2H],82.5,2246
[BH3-][N+](C)(C)Cc1c(C(C)C)cc(C(C)C)cc1C(C)C,d8-THF,[2H]C1([2H])OC([2H])([2H])C([2H])([2H])C1([2H])[2H],-7.11,2247
Cc1ccc(C)n1B1CCCCC1=C([Sn](C)(C)C)[Sn](C)(C)C,C6D6,[2H]c1c([2H])c([2H])c([2H])c([2H])c1[2H],53.5,2249
[BH3-][PH2+]Oc1c(C(C)(C)C)cc(C(C)(C)C)cc1C(C)(C)C,CDCl3,[2H]C(Cl)(Cl)Cl,-41.9,2250
[BH3-][P+](C1=CCCCC1)(C1CCCCC1)C1CCCCC1,CDCl3,[2H]C(Cl)(Cl)Cl,-40.7,2251
C=CCn1cc[n+]([B-](CCCC)(CCCC)CCCC)c1,CDCl3,[2H]C(Cl)(Cl)Cl,-11.6,2256
CCB(CC)/C(CC)=C(/C=C/C#C[Si](C)(C)C)[Si](C)(C)C,C6D6,[2H]c1c([2H])c([2H])c([2H])c([2H])c1[2H],81.4,2257
CCB(CC)/C(CC)=C(/C=C\C#C[Si](C)(C)C)[Si](C)(C)C,C6D6,[2H]c1c([2H])c([2H])c([2H])c([2H])c1[2H],84.1,2258
CC(NB1N(C(C)(C)C)C=CN1C(C)(C)C)C1CCCCC1,CDCl3,[2H]C(Cl)(Cl)Cl,22,2261
CC1(C)CCCC(C)(C)N1B(Cl)B(Cl)N1C(C)(C)CCCC1(C)C,C6D6,[2H]c1c([2H])c([2H])c([2H])c([2H])c1[2H],38.8,2262
CC1(C)CCCCCC[B-]2=[N+]3[B-](=[N+]21)CCCCCCC3(C)C,CDCl3,[2H]C(Cl)(Cl)Cl,44.6,2263
CB(C)c1c(B(C)C)c(B(C)C)c(B(C)C)c(B(C)C)c1B(C)C,C6D6,[2H]c1c([2H])c([2H])c([2H])c([2H])c1[2H],85.1,2266
CC(C)N(B(C#CC(C)(C)C)N(C(C)C)C(C)C)C(C)C,CDCl3,[2H]C(Cl)(Cl)Cl,26,2269
COB1C[C@H]2C[C@@H]3C[C@H](C2)CC1(C([Si](C)(C)C)[Si](C)(C)C)C3,CDCl3,[2H]C(Cl)(Cl)Cl,54.4,2270
CCCCCCCCC[N+](C)([BH2-]C#N)CB1OC(C)(C)C(C)(C)O1,CDCl3,[2H]C(Cl)(Cl)Cl,-14.6,2271
CC1(C)OB(N=P(C(C)(C)C)(C(C)(C)C)C(C)(C)C)OC1(C)C,C6D6,[2H]c1c([2H])c([2H])c([2H])c([2H])c1[2H],23.4,2276
CCC1=C(C(C)(C)C)[Si](C)(C)[N+](CC)(CC)[B-]1(CC)CC,C6D6,[2H]c1c([2H])c([2H])c([2H])c([2H])c1[2H],5,2278
CCCCO[P+]([BH2-][P+](OCC)(OCC)OCC)(OCCCC)OCCCC,d6-DMSO,[2H]C([2H])([2H])S(=O)C([2H])([2H])[2H],-1.69,2283
CC(C)N(B1OB(N(C(C)C)C(C)C)OB(N(C(C)C)C(C)C)O1)C(C)C,CDCl3,[2H]C(Cl)(Cl)Cl,20.5,2284
CC(C)(C)P(B(Cl)C([Si](C)(C)C)([Si](C)(C)C)[Si](C)(C)C)C(C)(C)C,C6D6,[2H]c1c([2H])c([2H])c([2H])c([2H])c1[2H],83.8,2289
CCCC[Si](C)(C)OB(O[Si](C)(C)CCCC)O[Si](C)(C)CCCC,CDCl3,[2H]C(Cl)(Cl)Cl,14.4,2290
CN(C)B(C1B(N(C)C)C([Si](C)(C)C)([Si](C)(C)C)B1N(C)C)C(C)(C)C,CDCl3,[2H]C(Cl)(Cl)Cl,45,2291
CC(C)(C)PB(PC(C)(C)C)C([Si](C)(C)C)([Si](C)(C)C)[Si](C)(C)C,C6D6,[2H]c1c([2H])c([2H])c([2H])c([2H])c1[2H],86.4,2293
CC[P+](CC)(CC)N1BN([P+](CC)(CC)CC)[BH-](Cl)N([P+](CC)(CC)CC)[BH-]1Cl.[Br-],CD2Cl2,[2H]C([2H])(Cl)Cl,31.0;-6.8,2295
CC[P+](CC)(CC)N1BN([P+](CC)(CC)CC)[BH2-]N([P+](CC)(CC)CC)B1.[I-].[I-],CD2Cl2,[2H]C([2H])(Cl)Cl,30.6;-13.0 ,2296
Fc1c(F)c(F)c([B-]([N+]#CI)(c2c(F)c(F)c(F)c(F)c2F)c2c(F)c(F)c(F)c(F)c2F)c(F)c1F,CDCl3,[2H]C(Cl)(Cl)Cl,-8,2305
N#C[B-](c1c(F)c(F)c(F)c(F)c1F)(c1c(F)c(F)c(F)c(F)c1F)c1c(F)c(F)c(F)c(F)c1F.[K+],C6D6,[2H]c1c([2H])c([2H])c([2H])c([2H])c1[2H],-22.5,2306
Fc1c(F)c(F)c([B-](N=C=S)(c2c(F)c(F)c(F)c(F)c2F)c2c(F)c(F)c(F)c(F)c2F)c(F)c1F.[K+],C6D6,[2H]c1c([2H])c([2H])c([2H])c([2H])c1[2H],-12.4,2307
NC#[N+][B-](c1c(F)c(F)c(F)c(F)c1F)(c1c(F)c(F)c(F)c(F)c1F)c1c(F)c(F)c(F)c(F)c1F,CD2Cl2,[2H]C([2H])(Cl)Cl,-12,2308
Fc1ccc([B-]23Oc4ccccc4C=[N+]2c2ccccc2O3)cc1,CDCl3,[2H]C(Cl)(Cl)Cl,7.7,2310
Clc1ccc2c(c1)[N@H+]1Cc3ccccc3O[B@@-]1(c1ccccc1)O2,d6-DMSO,[2H]C([2H])([2H])S(=O)C([2H])([2H])[2H],9,2311
c1ccc([B@@-]23Oc4ccccc4C[N@@H+]2c2ccccc2O3)cc1,CDCl3,[2H]C(Cl)(Cl)Cl,7.6,2313
C1=NN(c2ccccc2)B(c2ccccc2)N1c1ccccc1,CD2Cl2,[2H]C([2H])(Cl)Cl,26.4,2314
ClC(Cl)[BH-](Br)[P+](c1ccccc1)(c1ccccc1)c1ccccc1,CDCl3,[2H]C(Cl)(Cl)Cl,-11.5,2315
BrB(c1ccccc1)N(/C=N\Nc1ccccc1)c1ccccc1,CD2Cl2,[2H]C([2H])(Cl)Cl,28.9,2316
Nc1cccc([B@@-]23Oc4ccccc4C[N@@H+]2c2ccccc2O3)c1,d6-DMSO,[2H]C([2H])([2H])S(=O)C([2H])([2H])[2H],9,2320
c1ccc2c(c1)OB(C1C3CCC(C3)C1B1Oc3ccccc3O1)O2,CDCl3,[2H]C(Cl)(Cl)Cl,35,2321
Cc1ccc(N2[C+](N(C)C)N(c3ccc(C)cc3)[B-]2(C(F)(F)F)C(F)(F)F)cc1,CD3COCD3,[2H]C([2H])([2H])C(=O)C([2H])([2H])[2H],-5,2322
Cc1ccc(N2[C+](N(C)C)Nc3ccc(C)cc3[B-]2(C(F)(F)F)C(F)(F)F)cc1,CD3COCD3,[2H]C([2H])([2H])C(=O)C([2H])([2H])[2H],-10.8,2323
COc1ccc(N2[C+](N(C)C)N(c3ccc(OC)cc3)[B-]2(C(F)(F)F)C(F)(F)F)cc1,CD3COCD3,[2H]C([2H])([2H])C(=O)C([2H])([2H])[2H],-5,2324
COc1ccc(N2[C+](N(C)C)Nc3ccc(OC)cc3[B-]2(C(F)(F)F)C(F)(F)F)cc1,CD3COCD3,[2H]C([2H])([2H])C(=O)C([2H])([2H])[2H],-10.9,2325
CCC1C(=O)O[B-]2(c3ccccc3)OC(=O)C[N+]12Cc1ccccc1,CDCl3,[2H]C(Cl)(Cl)Cl,11.4,2327
CC1(C)OB(c2cc(Nc3ccccc3)cc(C(F)(F)F)c2)OC1(C)C,C6D6,[2H]c1c([2H])c([2H])c([2H])c([2H])c1[2H],29.9,2330
CC1(C)OB(c2cc(C(F)(F)F)ccc2Nc2ccccc2)OC1(C)C,C6D6,[2H]c1c([2H])c([2H])c([2H])c([2H])c1[2H],31,2331
Cc1cc(C)c(B(C#Cc2ccccc2)N(C)C)c(C)c1,CDCl3,[2H]C(Cl)(Cl)Cl,34.5,2337
CC(C)CC1C(=O)O[B@-]2(c3ccccc3)Oc3ccccc3C[NH+]12,d6-DMSO,[2H]C([2H])([2H])S(=O)C([2H])([2H])[2H],4.94,2338
CC(C)N(C1=[O+][B-]2(Oc3ccccc3O2)c2ccccc21)C(C)C,CDCl3,[2H]C(Cl)(Cl)Cl,13.5,2339
CC(C)N(B(Cl)C1c2ccccc2-c2ccccc21)C(C)C,CDCl3,[2H]C(Cl)(Cl)Cl,37.2,2340
c1ccc([B-]2(c3ccccc3)OCC[N+]23CCCCC3)cc1,CDCl3,[2H]C(Cl)(Cl)Cl,6,2346
C[N+]12CCCCC1CO[B-]2(c1ccccc1)c1ccccc1,d6-DMSO,[2H]C([2H])([2H])S(=O)C([2H])([2H])[2H],10,2347
c1ccc([B-]2(c3ccccc3)OCCC3CCCC[NH+]32)cc1,d6-DMSO,[2H]C([2H])([2H])S(=O)C([2H])([2H])[2H],5,2348
C[N+]12CCCC(CO[B-]1(c1ccccc1)c1ccccc1)C2,d6-DMSO,[2H]C([2H])([2H])S(=O)C([2H])([2H])[2H],2,2349
Cc1cc(Nc2ccccc2)cc(B2OC(C)(C)C(C)(C)O2)c1,C6D6,[2H]c1c([2H])c([2H])c([2H])c([2H])c1[2H],29.1,2350
COc1cc(Nc2ccccc2)cc(B2OC(C)(C)C(C)(C)O2)c1,C6D6,[2H]c1c([2H])c([2H])c([2H])c([2H])c1[2H],31.8,2351
[BH3-][P+](C1=CCCCC1C)(c1ccccc1)c1ccccc1,CDCl3,[2H]C(Cl)(Cl)Cl,-32.8,2353
[BH3-][P+](C1=C(C)CCCC1)(c1ccccc1)c1ccccc1,CDCl3,[2H]C(Cl)(Cl)Cl,-30.9,2354
CC(C)[N+](=COB(c1ccccc1)c1ccccc1)C(C)C.[Cl-],CDCl3,[2H]C(Cl)(Cl)Cl,11.6,2358
CC1(C)OB([Si](C)(c2ccccc2)c2ccccc2)OC1(C)C,C6D6,[2H]c1c([2H])c([2H])c([2H])c([2H])c1[2H],34.2,2359
C1=C(c2ccccc2)C[C@@H]2C[C@H]1C[B@-]1(C2)OC[C@@H]2CCC[NH+]21,CDCl3,[2H]C(Cl)(Cl)Cl,7.36,2361
O[B-](OCC[NH+]1CCCCC1)(c1ccccc1)c1ccccc1,d6-DMSO,[2H]C([2H])([2H])S(=O)C([2H])([2H])[2H],12,2362
Cl[B-](Cl)(c1ccccc1)[N+](=C=NC1CCCCC1)C1CCCCC1,C6D6,[2H]c1c([2H])c([2H])c([2H])c([2H])c1[2H],8.17,2363
CCB(/C(CC)=C(/CC)[Sn](C)(C)C)n1cccc1,C6D6,[2H]c1c([2H])c([2H])c([2H])c([2H])c1[2H],53.3,2368
C[C@@H]1[C@H]2C[C@@H](C[C@H]1[B@H-](C#N)[P+](C)(C)c1ccccc1)C2(C)C,CDCl3,[2H]C(Cl)(Cl)Cl,-23.7,2370
CC1(C)OB(OC(B2OC(C)(C)C(C)(C)O2)c2ccc(Br)cc2)OC1(C)C,C6D6,[2H]c1c([2H])c([2H])c([2H])c([2H])c1[2H],31.7;22.5,2372
CC(C)(C)c1cc2c(c(C(C)(C)C)c1)O[B-](Br)(Br)[N+](C(C)(C)C)=C2,CDCl3,[2H]C(Cl)(Cl)Cl,-1.76,2373
CC(C)N(C(=O)c1ccccc1B1OC(C)(C)C(C)(C)O1)C(C)C,CDCl3,[2H]C(Cl)(Cl)Cl,29.98,2374
CO[B-]12OCCC[N+]1=Cc1cc(C(C)(C)C)cc(C(C)(C)C)c1O2,CDCl3,[2H]C(Cl)(Cl)Cl,2,2375
CCB(CC)/C(CC)=C(/C)[Si](C)(C)n1ccc2ccccc21,C6D6,[2H]c1c([2H])c([2H])c([2H])c([2H])c1[2H],87.2,2376
O=C1CC(OB2C3CCCC2CCC3)=[O+][B-]2(O1)C1CCCC2CCC1,d6-DMSO,[2H]C([2H])([2H])S(=O)C([2H])([2H])[2H],8.5,2377
CC1(C)OB(OC(B2OC(C)(C)C(C)(C)O2)c2ccccc2)OC1(C)C,C6D6,[2H]c1c([2H])c([2H])c([2H])c([2H])c1[2H],31.8;22.6,2378
C=CC/C(=C\B(N(CC)CC)N(CC)CC)c1ccccc1,CDCl3,[2H]C(Cl)(Cl)Cl,34.4,2379
CC[B-]1(CC)/C(=C/C(C)(C)C)[Si](C)(C)n2c3ccccc3c[n+]21,C6D6,[2H]c1c([2H])c([2H])c([2H])c([2H])c1[2H],2.4,2380
CC1(C)OB(c2cc3c(cc2[Si](C)(C)C)CCCC3)OC1(C)C,C6D6,[2H]c1c([2H])c([2H])c([2H])c([2H])c1[2H],30,2382
[BH3-][N+](C)(C)C(B1OC(C)(C)C(C)(C)O1)c1ccc2ccccc2c1,CDCl3,[2H]C(Cl)(Cl)Cl,-9.0;9.1,2383
CC(C)(C)N(B(c1ccccc1)N1C(C)(C)CCCC1(C)C)[As](Cl)Cl,d8-THF,[2H]C1([2H])OC([2H])([2H])C([2H])([2H])C1([2H])[2H],41.3,2385
CC(C)(C)N([Sn]Cl)B(c1ccccc1)N1C(C)(C)CCCC1(C)C,d8-THF,[2H]C1([2H])OC([2H])([2H])C([2H])([2H])C1([2H])[2H],38,2386
C[C@@H](C1CCCCC1)N1C=CN([C@@H](C)C2CCCCC2)B1C#N,C6D6,[2H]c1c([2H])c([2H])c([2H])c([2H])c1[2H],16.4,2389
Cc1ncn(B(N2C(C)(C)CCCC2(C)C)n2cnc(C)c2C)c1C,CD2Cl2,[2H]C([2H])(Cl)Cl,28.5,2390
CC(C)(C)N(B(F)F)B(c1ccccc1)N1C(C)(C)CCCC1(C)C,d8-THF,[2H]C1([2H])OC([2H])([2H])C([2H])([2H])C1([2H])[2H],35.7;4.8,2391
CC1=C2CC3C[C@H]4CB2C(=C(C)[Si](C)(C)[Si]1(C)C)C[C@@H](C3)C4,CDCl3,[2H]C(Cl)(Cl)Cl,82.8,2395
CN(C)B(c1ccc(B(N(C)C)N(C)C)n1Cc1ccccc1)N(C)C,CDCl3,[2H]C(Cl)(Cl)Cl,30.8,2396
C[Sn](C)(C)C(=C1B(n2cccc2)C2CCCC1CCC2)[Sn](C)(C)C,C6D6,[2H]c1c([2H])c([2H])c([2H])c([2H])c1[2H],53,2399
BN(B(c1ccccc1)N1C(C)(C)CCCC1(C)C)C(C)(C)C,d8-THF,[2H]C1([2H])OC([2H])([2H])C([2H])([2H])C1([2H])[2H],32.7;-4.3,2400
CC(C)(C)B1N(Cc2ccccc2)B(C(C)(C)C)N1C(C)(C)C,CDCl3,[2H]C(Cl)(Cl)Cl,43.5,2401
CCC/C(C#C[Si](C)(C)C)=C/B1OC(C)(C)C(C)(C)O1,C6D6,[2H]c1c([2H])c([2H])c([2H])c([2H])c1[2H],30.3,2402
CCCCCC#CB1C2CCCC(CCC2)C1[Si](C)(C)C,C6D6,[2H]c1c([2H])c([2H])c([2H])c([2H])c1[2H],73,2403
CC(C)(C)C#C[Si](C)(C)CCCB1C2CCCC1CCC2,C6D6,[2H]c1c([2H])c([2H])c([2H])c([2H])c1[2H],80.6,2404
CC(C)[Si](C(C)C)(C(C)C)n1ccc(B2OC(C)(C)C(C)(C)O2)c1,CDCl3,[2H]C(Cl)(Cl)Cl,30.5,2406
CC1(C)OB(OC(B2OC(C)(C)C(C)(C)O2)C2CCCCC2)OC1(C)C,C6D6,[2H]c1c([2H])c([2H])c([2H])c([2H])c1[2H],32.5;22.4,2408
CC[B-](CC)(CC)[n+]1ccn(Cn2cc[n+]([B-](CC)(CC)CC)c2)c1,CD2Cl2,[2H]C([2H])(Cl)Cl,-16.6,2415
Cc1cc(C)c(PB(Cl)C([Si](C)(C)C)([Si](C)(C)C)[Si](C)(C)C)c(C)c1,C6D6,[2H]c1c([2H])c([2H])c([2H])c([2H])c1[2H],77.3,2416
Cc1cc(C)c(PB(F)C([Si](C)(C)C)([Si](C)(C)C)[Si](C)(C)C)c(C)c1,C6D6,[2H]c1c([2H])c([2H])c([2H])c([2H])c1[2H],62.8,2417
CCB(N([Al](CC)CC)C(C)(C)C)N1C(C)(C)CCCC1(C)C,C6D6,[2H]c1c([2H])c([2H])c([2H])c([2H])c1[2H],37.9,2425
CCB(N([Ga](CC)CC)C(C)(C)C)N1C(C)(C)CCCC1(C)C,C6D6,[2H]c1c([2H])c([2H])c([2H])c([2H])c1[2H],36.9,2426
CC(C)(C)N(BN(C(C)(C)C)[Si](C)(C)C)B1C2CCCC1CCC2,C6D6,[2H]c1c([2H])c([2H])c([2H])c([2H])c1[2H],51.0;39.0,2428
CCCCCCCB(N(C(C)C)C(C)C)N(C(C)C)C(C)C,CDCl3,[2H]C(Cl)(Cl)Cl,34.7,2429
CC(C)N(B(OC=[N+](C(C)C)C(C)C)N(C(C)C)C(C)C)C(C)C.O=S(=O)([O-])C(F)(F)F,CDCl3,[2H]C(Cl)(Cl)Cl,27.7,2430
CCB(CC)/C(CC)=C(/CN(C)C)[Sn](C)(C)N([Si](C)(C)C)[Si](C)(C)C,C6D6,[2H]c1c([2H])c([2H])c([2H])c([2H])c1[2H],85.3,2433
c1ccc2cc3c(cc2c1)OB(B1Oc2cc4ccccc4cc2O1)O3,CD3OD,[2H]OC([2H])([2H])[2H],31.6,2443
c1ccc2cc3c(cc2c1)OB(OB1Oc2cc4ccccc4cc2O1)O3,CDCl3,[2H]C(Cl)(Cl)Cl,16.4,2444
OB(O)c1ccc2ccccc2c1-c1c(Br)ccc2ccccc12,CDCl3,[2H]C(Cl)(Cl)Cl,29.5,2445
CC(B1Oc2ccccc2O1)(B1Oc2ccccc2O1)B1Oc2ccccc2O1,C6D6,[2H]c1c([2H])c([2H])c([2H])c([2H])c1[2H],35.4,2448
OB(O)c1ccc2ccccc2c1-c1c(B(O)O)ccc2ccccc12,d6-DMSO,[2H]C([2H])([2H])S(=O)C([2H])([2H])[2H],24.2,2450
N#C[BH-](CCl)[P+](c1ccccc1)(c1ccccc1)c1ccccc1,CDCl3,[2H]C(Cl)(Cl)Cl,-22.7,2451
O=C1Nc2[nH]c3ccccc3[n+]2[B-](c2ccccc2)(c2ccccc2)N1,d6-DMSO,[2H]C([2H])([2H])S(=O)C([2H])([2H])[2H],-2,2453
NC1=Nc2[nH]c3ccccc3[n+]2[B-](c2ccccc2)(c2ccccc2)O1,d6-DMSO,[2H]C([2H])([2H])S(=O)C([2H])([2H])[2H],4,2454
ClC[BH-](CCl)[P+](c1ccccc1)(c1ccccc1)c1ccccc1,CDCl3,[2H]C(Cl)(Cl)Cl,-11.4,2456
NC1=Nc2[nH]c3ccccc3[n+]2[B-](c2ccccc2)(c2ccccc2)N1,d6-DMSO,[2H]C([2H])([2H])S(=O)C([2H])([2H])[2H],-2.5,2457
CC(C)(C)B1N(c2c(F)c(F)c(F)c(F)c2F)B(C(C)(C)C)N1c1c(F)c(F)c(F)c(F)c1F,CDCl3,[2H]C(Cl)(Cl)Cl,47,2458
COc1ccccc1[P+]([BH2-]C#N)(c1ccccc1)c1ccccc1,d6-DMSO,[2H]C([2H])([2H])S(=O)C([2H])([2H])[2H],-36.2,2460
Cc1ccc([P+]([BH2-]C#N)(c2ccccc2)c2ccccc2)cc1,d6-DMSO,[2H]C([2H])([2H])S(=O)C([2H])([2H])[2H],-38,2461
[Li+].c1ccc([N-]B2N(c3ccccc3)CCN2c2ccccc2)cc1,C6D6,[2H]c1c([2H])c([2H])c([2H])c([2H])c1[2H],23.8,2462
NC1=[NH+]c2[nH]c3ccccc3[n+]2[B-](c2ccccc2)(c2ccccc2)N1.[Cl-],d6-DMSO,[2H]C([2H])([2H])S(=O)C([2H])([2H])[2H],-1.5,2463
C[Si@@]1(c2ccccc2)OB(c2ccc(Br)cc2)O[Si@@](C)(c2ccccc2)O1,CDCl3,[2H]C(Cl)(Cl)Cl,27.8,2464
c1ccc(NB2N(c3ccccc3)CCN2c2ccccc2)cc1,C6D6,[2H]c1c([2H])c([2H])c([2H])c([2H])c1[2H],23,2465
O=C(O)[BH2-][P+](c1ccccc1)(c1ccccc1)c1ccccc1,CDCl3,[2H]C(Cl)(Cl)Cl,-29.5,2466
C[Si](C)(C)C1C(B2Oc3ccccc3O2)=CC=C1B1Oc2ccccc2O1,CDCl3,[2H]C(Cl)(Cl)Cl,23,2467
[BH3-][P@@+]1(c2ccccc2)[C@@H]2C=C[C@H]1[C@@H]1[C@H]2C=CP1(=O)c1ccccc1,CDCl3,[2H]C(Cl)(Cl)Cl,-35.1,2468
C[Si@@]1(c2ccccc2)OB(c2ccccc2)O[Si@@](C)(c2ccccc2)O1,CDCl3,[2H]C(Cl)(Cl)Cl,27.7,2469
[BH3-][N+]1=C(N)N[B-](c2ccccc2)(c2ccccc2)[n+]2c1[nH]c1ccccc12,d6-DMSO,[2H]C([2H])([2H])S(=O)C([2H])([2H])[2H],-2.5;-22.3,2470
C[Si@@]1(c2ccccc2)OB(c2cccc(N)c2)O[Si@@](C)(c2ccccc2)O1,CDCl3,[2H]C(Cl)(Cl)Cl,28.4,2471
CC(=O)c1ccc([B-]23OCCOCC[N+]2=C(C)c2ccccc2O3)cc1,CDCl3,[2H]C(Cl)(Cl)Cl,7.2,2472
CCCC1C(=O)OB(c2ccccc2)OC(=O)CN1Cc1ccccc1,d6-DMSO,[2H]C([2H])([2H])S(=O)C([2H])([2H])[2H],28.3,2473
CC(C)N(B1N=c2c(c3ccccc3c3ccccc23)=N1)C(C)C,CDCl3,[2H]C(Cl)(Cl)Cl,37.1,2474
[BH3-][P+](c1ccccc1)(c1ccccc1)C(C)c1ccccc1,CDCl3,[2H]C(Cl)(Cl)Cl,-42.62,2475
[BH2-]1c2n(Cc3ccccc3)cc[n+]2[BH2-]c2n(Cc3ccccc3)cc[n+]21,CDCl3,[2H]C(Cl)(Cl)Cl,-18.6,2482
CC(=O)OCCCCC(CB1Oc2ccccc2O1)B1Oc2ccccc2O1,CDCl3,[2H]C(Cl)(Cl)Cl,35,2483
CC(C)(C)B1C(c2ccccc2)C=CC1c1ccccc1,CDCl3,[2H]C(Cl)(Cl)Cl,90,2485
CN(c1ccccc1)c1cc(B2OC(C)(C)C(C)(C)O2)cc(C(F)(F)F)c1,C6D6,[2H]c1c([2H])c([2H])c([2H])c([2H])c1[2H],30.3,2487
CC1(C)OB(c2cc3c(cc2-c2ccccc2)COC3)OC1(C)C,C6D6,[2H]c1c([2H])c([2H])c([2H])c([2H])c1[2H],31,2489
Cc1cc(C)c(N2C=CN(c3c(C)cc(C)cc3C)B2Cl)c(C)c1,C6D6,[2H]c1c([2H])c([2H])c([2H])c([2H])c1[2H],21.9,2490
CCN(CC)B1C(c2ccccc2)C=CC1c1ccccc1,CDCl3,[2H]C(Cl)(Cl)Cl,49,2495
COC(=O)c1cc(Nc2ccccc2)cc(B2OC(C)(C)C(C)(C)O2)c1,C6D6,[2H]c1c([2H])c([2H])c([2H])c([2H])c1[2H],27.8,2496
CC(C)N(B1N=C(c2ccccc2)C(c2ccccc2)=N1)C(C)C,CDCl3,[2H]C(Cl)(Cl)Cl,36.6,2497
Cc1cc(C)c(N(/C=C/N(B(Cl)Cl)c2c(C)cc(C)cc2C)B(Cl)Cl)c(C)c1,C6D6,[2H]c1c([2H])c([2H])c([2H])c([2H])c1[2H],32.6,2498
CN(C)B(B(N(C)C)n1ccc2ccccc21)n1ccc2ccccc21,C6D6,[2H]c1c([2H])c([2H])c([2H])c([2H])c1[2H],36.7,2500
CN(C)/[B-](=[B-](/N(C)C)n1ccc2ccccc21)n1ccc2ccccc21.[Li+].[Li+],C6D6,[2H]c1c([2H])c([2H])c([2H])c([2H])c1[2H],27.9,2501
[BH3-][P+]1(c2ccccc2)C=C[C@@H]2[C@H]1[C@@H]1C=C[C@H]2[P@@+]1([BH3-])c1ccccc1,CDCl3,[2H]C(Cl)(Cl)Cl,-36.6;-35.7,2502
CB(C)c1c2c(C(C)C)cccc2cc2cccc(N(C)C)c12,CDCl3,[2H]C(Cl)(Cl)Cl,8,2503
CC1(C)OB(c2ccccc2CSCc2ccccc2)OC1(C)C,CDCl3,[2H]C(Cl)(Cl)Cl,32,2504
CC(C)(C)c1ccc(B(Br)c2ccc(C(C)(C)C)cc2)cc1,CDCl3,[2H]C(Cl)(Cl)Cl,64.8,2507
CC(C)[N+](=[B-](C1=CCC=C1)[C@@H]1C=Cc2ccccc21)C(C)C,CD2Cl2,[2H]C([2H])(Cl)Cl,44.1,2508
CC(C)[N+](=[B-](C1=CCC=C1)C1=CCc2ccccc21)C(C)C,CD2Cl2,[2H]C([2H])(Cl)Cl,40.8,2509
Cc1cc(C)c(B2SCCSB2c2c(C)cc(C)cc2C)c(C)c1,C6D6,[2H]c1c([2H])c([2H])c([2H])c([2H])c1[2H],45.3,2513
CN(C)c1cc(Nc2ccccc2)cc(B2OC(C)(C)C(C)(C)O2)c1,C6D6,[2H]c1c([2H])c([2H])c([2H])c([2H])c1[2H],32.03,2515
C[C-]1B(c2ccccc2)N(C(C)C)N(C(C)C)B1c1ccccc1.[Li+],d8-THF,[2H]C1([2H])OC([2H])([2H])C([2H])([2H])C1([2H])[2H],37.9,2516
CC1B(c2ccccc2)N(C(C)C)N(C(C)C)B1c1ccccc1,C6D6,[2H]c1c([2H])c([2H])c([2H])c([2H])c1[2H],46,2518
C(=C/c1ccccc1)\B(C1CCCCC1)C1CCCCC1,d8-THF,[2H]C1([2H])OC([2H])([2H])C([2H])([2H])C1([2H])[2H],72,2520
C=CCB(CC=C)/C(CC=C)=C(/c1ccccc1)[Ge](C)(C)C,CDCl3,[2H]C(Cl)(Cl)Cl,85.3,2521
C[Ge](C)(C)/C(=C1/CC2C[C@H]3CB1C[C@@H](C2)C3)c1ccccc1,CDCl3,[2H]C(Cl)(Cl)Cl,80.5,2522
C/C(B1OC(C)(C)C(C)(C)O1)=C(/C#C[Si](C)(C)C)c1ccccc1,CDCl3,[2H]C(Cl)(Cl)Cl,30.9,2523
C=CCB(CC=C)/C(CC=C)=C(/c1ccccc1)[Sn](C)(C)C,CDCl3,[2H]C(Cl)(Cl)Cl,81.1,2524
C=CCB(CC=C)/C(=C(\CC=C)c1ccccc1)[Sn](C)(C)C,CDCl3,[2H]C(Cl)(Cl)Cl,76.7,2525
CC1(C)OB(OC(B2OC(C)(C)C(C)(C)O2)c2ccc(C(F)(F)F)cc2)OC1(C)C,C6D6,[2H]c1c([2H])c([2H])c([2H])c([2H])c1[2H],31.6;22.5,2526
CC1(C)OB(/C=C(\CCCCl)CCC(O)c2ccccc2)OC1(C)C,CDCl3,[2H]C(Cl)(Cl)Cl,29.87,2529
C1=CC2CC1C1C[N+]3=C(CCC[B-]34C3CCCC4CCC3)C21,C6D6,[2H]c1c([2H])c([2H])c([2H])c([2H])c1[2H],-4.7,2532
CNB(B(NC)c1c(C)cc(C)cc1C)c1c(C)cc(C)cc1C,CDCl3,[2H]C(Cl)(Cl)Cl,48.3,2533
CC[P+](C)([B@@H-](C#N)C1CC2CC(C1C)C2(C)C)c1ccccc1,CDCl3,[2H]C(Cl)(Cl)Cl,-24.7,2537
C[Sn](C)(C)C(=C1CCCCB1N1CCc2ccccc21)[Sn](C)(C)C,C6D6,[2H]c1c([2H])c([2H])c([2H])c([2H])c1[2H],53.4,2538
CC[B-](CC)(OC)c1cccc(-c2cccc([B-](CC)(CC)OC)n2)n1.[Li+].[Li+],d8-THF,[2H]C1([2H])OC([2H])([2H])C([2H])([2H])C1([2H])[2H],8.1,2539
O=C(CCC(=O)OB1C2CCCC1CCC2)OB1C2CCCC1CCC2,d6-DMSO,[2H]C([2H])([2H])S(=O)C([2H])([2H])[2H],11.1,2540
Cc1ccc(C(OB2OC(C)(C)C(C)(C)O2)B2OC(C)(C)C(C)(C)O2)cc1,C6D6,[2H]c1c([2H])c([2H])c([2H])c([2H])c1[2H],31.7;22.5,2541
COc1ccccc1C(OB1OC(C)(C)C(C)(C)O1)B1OC(C)(C)C(C)(C)O1,C6D6,[2H]c1c([2H])c([2H])c([2H])c([2H])c1[2H],31.9;22.8,2542
CC(C)N(B(C#Cc1ccccc1)N(C(C)C)C(C)C)C(C)C,CDCl3,[2H]C(Cl)(Cl)Cl,26,2545
Cn1cc[n+]2c1[B-]1(/C(=C/C(C)(C)C)[Si]2(C)C)C2CCCC1CCC2,C6D6,[2H]c1c([2H])c([2H])c([2H])c([2H])c1[2H],-9.1,2551
Cn1cc[n+]2c1[Si](C)(C)/C(=C\C(C)(C)C)[B-]21C2CCCC1CCC2,C6D6,[2H]c1c([2H])c([2H])c([2H])c([2H])c1[2H],2,2552
CCB1C(=C(/C)[Sn](C)(C)C)/C(=C(/C)[Sn](C)(C)C)CCc2cccn21,C6D6,[2H]c1c([2H])c([2H])c([2H])c([2H])c1[2H],53.5,2554
CCB1C(=C(\C)[Sn](C)(C)C)/C(=C(\C)[Sn](C)(C)C)CCc2cccn21,C6D6,[2H]c1c([2H])c([2H])c([2H])c([2H])c1[2H],52.4,2555
COC(=O)[BH-](Br)[P+](C1CCCCC1)(C1CCCCC1)C1CCCCC1,CDCl3,[2H]C(Cl)(Cl)Cl,-38.7,2562
CCN(CC)Cc1cccc2c1O[B-](CC)(CC)[N+](CC)(CC)C2,C6D6,[2H]c1c([2H])c([2H])c([2H])c([2H])c1[2H],8.1,2563
CCC1/C(=C(/C(C)(C)C)[Sn](C)(C)C)B2C[C@@H]3C[C@H](C2)C[C@H]1C3,CDCl3,[2H]C(Cl)(Cl)Cl,76.5,2564
CC(C)(C)OB1C=C(C(C)(C)C)N2B(OC(C)(C)C)C=C(C(C)(C)C)N12,CDCl3,[2H]C(Cl)(Cl)Cl,27.3,2571
C=CCB(CC=C)/C(CC=C)=C(\[SiH](C(C)C)C(C)C)[Si](C)(C)C,C6D6,[2H]c1c([2H])c([2H])c([2H])c([2H])c1[2H],55.6,2581
C=CCB(CC=C)C1=C([Si](C)(C)C)[Si](C(C)C)(C(C)C)CCC1,C6D6,[2H]c1c([2H])c([2H])c([2H])c([2H])c1[2H],81.5,2582
C[Si](C)(C)N1[C+](c2ccc([C+]3N([Si](C)(C)C)[B-](Cl)(Cl)N3[Si](C)(C)C)cc2)N([Si](C)(C)C)[B-]1(Cl)Cl,CDCl3,[2H]C(Cl)(Cl)Cl,5.62,2585
CC(C)[N+](=[B-]1C=CC[B-](=[N+](C(C)C)C(C)C)C1=NC(C)(C)C)C(C)C,C6D6,[2H]c1c([2H])c([2H])c([2H])c([2H])c1[2H],45.0;40.0,2589
C[N+](C)([BH2-]C#N)CCCCCCCCCCCCCC[N+](C)(C)[BH2-]C#N,CDCl3,[2H]C(Cl)(Cl)Cl,-14.9,2592
CCCCOB(N=P(CCCC)(CCCC)CCCC)OCCCC,C6D6,[2H]c1c([2H])c([2H])c([2H])c([2H])c1[2H],17.1,2595
C[Si](C)(C)C1=C([Si](C)(C)C)B(Cl)[C@H]([Si](C)(C)C)[C@@H]([Si](C)(C)C)[C@H]([Si](C)(C)C)B1Cl,CDCl3,[2H]C(Cl)(Cl)Cl,67,2599
C[B-]1=[N+](P(N(C(C)C)C(C)C)N(C(C)C)C(C)C)N=NC1([Si](C)(C)C)[Si](C)(C)C,CDCl3,[2H]C(Cl)(Cl)Cl,49.7,2601
CCN(CC)B1B(N(CC)CC)[C@H]([Si](C)(C)C)[C@@H]([Si](C)(C)C)[C@@H]1[Si](C)(C)C,CDCl3,[2H]C(Cl)(Cl)Cl,54,2602
CC#[N+][BH-]1N([P+](CC)(CC)CC)BN([P+](CC)(CC)CC)BN1[P+](CC)(CC)CC.[I-].[I-].[I-],CD3CN,[2H]C([2H])([2H])C#N,19.6,2605
Fc1c(F)c(F)c([B-](c2c(F)c(F)c(F)c(F)c2F)(c2c(F)c(F)c(F)c(F)c2F)[n+]2cncnc2)c(F)c1F,CD2Cl2,[2H]C([2H])(Cl)Cl,-4,2613
Fc1c(F)c(F)c([B-]2(c3c(F)c(F)c(F)c(F)c3F)C=COC(c3ccccc3)=[O+]2)c(F)c1F,CD2Cl2,[2H]C([2H])(Cl)Cl,5.9,2614
COP(C)(=O)OC.Fc1c(F)c(F)c(B(c2c(F)c(F)c(F)c(F)c2F)c2c(F)c(F)c(F)c(F)c2F)c(F)c1F,CDCl3,[2H]C(Cl)(Cl)Cl,-1.2,2615
COP(=O)(OC)OC.Fc1c(F)c(F)c(B(c2c(F)c(F)c(F)c(F)c2F)c2c(F)c(F)c(F)c(F)c2F)c(F)c1F,CDCl3,[2H]C(Cl)(Cl)Cl,-1.7,2616
CC(C)c1ccc(B(c2c(F)c(F)c(F)c(F)c2F)c2c(F)c(F)c(F)c(F)c2F)cc1,C6D6,[2H]c1c([2H])c([2H])c([2H])c([2H])c1[2H],62,2617
Cc1cc(C)c(B(c2c(F)c(F)c(F)c(F)c2F)c2c(F)c(F)c(F)c(F)c2F)c(C)c1,d8-Toluene,[2H]c1c([2H])c([2H])c(C([2H])([2H])[2H])c([2H])c1[2H],69.7,2618
FC(F)(F)c1ccccc1B(c1ccccc1C(F)(F)F)c1ccccc1C(F)(F)F,CDCl3,[2H]C(Cl)(Cl)Cl,71,2619
FC(F)(F)c1cccc(C(CB2Oc3ccccc3O2)B2Oc3ccccc3O2)c1,CDCl3,[2H]C(Cl)(Cl)Cl,34,2622
N#C[B-](C(Cl)Cl)(C(Cl)Cl)[P+](c1ccccc1)(c1ccccc1)c1ccccc1,CDCl3,[2H]C(Cl)(Cl)Cl,-13,2624
CC(=O)c1ccc([B@@-]23Oc4ccccc4C[N@@H+]2c2cc([N+](=O)[O-])ccc2O3)cc1,d6-DMSO,[2H]C([2H])([2H])S(=O)C([2H])([2H])[2H],8.4,2625
O=Cc1ccccc1B1OCC(c2ccccc2)(c2ccccc2)O1,CDCl3,[2H]C(Cl)(Cl)Cl,32.8,2626
CC(=O)c1ccc([B@@-]23Oc4ccccc4C[N@@H+]2c2ccccc2O3)cc1,CDCl3,[2H]C(Cl)(Cl)Cl,7.5,2627
CC(=O)c1cccc([B@@-]23Oc4ccccc4C[N@@H+]2c2ccccc2O3)c1,CDCl3,[2H]C(Cl)(Cl)Cl,8.2,2628
O=C1O[B@-]2(c3ccccc3)Oc3ccccc3C[N@@H+]2[C@H]1c1ccccc1,d6-DMSO,[2H]C([2H])([2H])S(=O)C([2H])([2H])[2H],5.01,2629
COc1cccc(C(CB2Oc3ccccc3O2)B2Oc3ccccc3O2)c1,CDCl3,[2H]C(Cl)(Cl)Cl,35,2630
C[N+]1(C)c2ccccc2C(c2ccccc2)(c2ccccc2)O[B-]1(Cl)Cl,CDCl3,[2H]C(Cl)(Cl)Cl,8.6,2632
C[N+]1(C)c2ccccc2C(c2ccccc2)(c2ccccc2)O[B-]1(F)F,CDCl3,[2H]C(Cl)(Cl)Cl,1.9,2633
Cn1c2[n+](c3ccccc31)[B-](c1ccccc1)(c1ccccc1)NC(N)=N2,d6-DMSO,[2H]C([2H])([2H])S(=O)C([2H])([2H])[2H],-1.8,2634
C[N+]1(C)c2ccccc2C(c2ccccc2)N(c2ccccc2)[B-]1(Cl)Cl,CDCl3,[2H]C(Cl)(Cl)Cl,9.8,2635
C[Si](C)(C)CCCCCCB(c1c(F)c(F)c(F)c(F)c1F)c1c(F)c(F)c(F)c(F)c1F,C6D6,[2H]c1c([2H])c([2H])c([2H])c([2H])c1[2H],73.6,2636
CCCCCC(B(c1c(F)c(F)c(F)c(F)c1F)c1c(F)c(F)c(F)c(F)c1F)[Si](C)(C)C,C6D6,[2H]c1c([2H])c([2H])c([2H])c([2H])c1[2H],71.7,2637
C[C@@H]1[NH2+][B-](c2ccccc2)(c2ccccc2)O[C@@H]1c1ccccc1,CDCl3,[2H]C(Cl)(Cl)Cl,7.4,2640
C[N+]1(C)Cc2ccccc2O[B-]1(c1ccccc1)c1ccccc1,CDCl3,[2H]C(Cl)(Cl)Cl,5.41,2641
CCCCC1C(=O)O[B-]2(c3ccccc3)OC(=O)C[N+]12Cc1ccccc1,d6-DMSO,[2H]C([2H])([2H])S(=O)C([2H])([2H])[2H],11.5,2642
[BH3-][P@+]1(c2ccccc2)[C@H]2CC3CN(c4ccccc4)C[C@@]31C=C2C,CDCl3,[2H]C(Cl)(Cl)Cl,-35.2,2644
CC(C)(C)c1cc2c(c(C(C)(C)C)c1)O[B-]1(Br)Oc3ccccc3[N+]1=C2,CDCl3,[2H]C(Cl)(Cl)Cl,6.47,2645
CC(C)(C)c1cc2c(c(C(C)(C)C)c1)O[B-]1(Cl)Oc3ccccc3[N+]1=C2,CDCl3,[2H]C(Cl)(Cl)Cl,7.28,2646
CC1(C)OB(c2cc3c(cc2-c2ccccc2)CCC3)OC1(C)C,C6D6,[2H]c1c([2H])c([2H])c([2H])c([2H])c1[2H],31,2647
CC(C)(C)c1cc2c(c(C(C)(C)C)c1)O[B-](Br)(Br)[N+](c1ccccc1)=C2,CDCl3,[2H]C(Cl)(Cl)Cl,2.38,2649
CC(C)(C)c1cc2c(c(C(C)(C)C)c1)O[B-](Cl)(Cl)[N+](c1ccccc1)=C2,CDCl3,[2H]C(Cl)(Cl)Cl,2.48,2650
CC(C)(C)B(C1c2ccccc2-c2ccccc21)C(C)(C)C,C6D6,[2H]c1c([2H])c([2H])c([2H])c([2H])c1[2H],86.3,2651
[BH3-]N([Si](C)(C)C)[P+](c1ccccc1)(c1ccccc1)c1ccccc1,CD2Cl2,[2H]C([2H])(Cl)Cl,-16.4,2653
CC(C)N(B(Nc1ccccc1)C1=CCc2ccccc21)C(C)C,CD2Cl2,[2H]C([2H])(Cl)Cl,28.2,2654
CC(C)N(B(Nc1ccccc1)C1C=Cc2ccccc21)C(C)C,CD2Cl2,[2H]C([2H])(Cl)Cl,30.9,2655
CN(C)C[C@H]1C[N+](C)(C)[B-]2(O1)O[C@H](c1ccccc1)[C@@H](c1ccccc1)O2,CDCl3,[2H]C(Cl)(Cl)Cl,10.6,2663
CN1CCN(C)B1/C(=C(/c1ccccc1)[Sn](C)(C)C)c1ccccc1,C6D6,[2H]c1c([2H])c([2H])c([2H])c([2H])c1[2H],30.5,2664
CC(c1ccccc1)N1C=CN(C(C)c2ccccc2)B1[Sn](C)(C)C,C6D6,[2H]c1c([2H])c([2H])c([2H])c([2H])c1[2H],28.2,2665
CC1(C)OB(c2ccccc2CN2CCN(c3ncccn3)CC2)OC1(C)C,CDCl3,[2H]C(Cl)(Cl)Cl,20.5,2666
C[B-]1=[O+]C2(c3ccccc3-c3ccccc32)C1([Si](C)(C)C)[Si](C)(C)C,CDCl3,[2H]C(Cl)(Cl)Cl,58.6,2667
CC(C)N(B1CCC[Si]1(c1ccccc1)c1ccccc1)C(C)C,C6D6,[2H]c1c([2H])c([2H])c([2H])c([2H])c1[2H],53.3,2668
CC/C(B1OC(C)(C)C(C)(C)O1)=C(/C#C[Si](C)(C)C)c1ccccc1,CDCl3,[2H]C(Cl)(Cl)Cl,30.9,2673
Cc1ccc(C(O)CC/C(=C/B2OC(C)(C)C(C)(C)O2)CCCCl)cc1,CDCl3,[2H]C(Cl)(Cl)Cl,29.95,2674
COc1ccc(C(O)CC/C(=C/B2OC(C)(C)C(C)(C)O2)CCCCl)cc1,CDCl3,[2H]C(Cl)(Cl)Cl,30.15,2675
C[N+]1(C)c2ccccc2C(C2CCCCC2)(C2CCCCC2)O[B-]1(Cl)Cl,CDCl3,[2H]C(Cl)(Cl)Cl,7.9,2676
C[N+]1(C)c2ccccc2C(C2CCCCC2)(C2CCCCC2)O[B-]1(F)F,CDCl3,[2H]C(Cl)(Cl)Cl,1.3,2677
CC(C)(C)c1ccc2c(c1)OB(C1=CC([Si](C)(C)C)([Si](C)(C)C)C=C1)O2,CDCl3,[2H]C(Cl)(Cl)Cl,27.4,2681
CCCC/C(=C\B1OC(C)(C)C(C)(C)O1)CCC(O)c1ccccc1,CDCl3,[2H]C(Cl)(Cl)Cl,30.54,2682
CC1(C)C(=O)O[B-]2([O+]=C1OB1C3CCCC1CCC3)C1CCCC2CCC1,CDCl3,[2H]C(Cl)(Cl)Cl,17.7,2684
Cc1ccc(C#CB(N(C(C)C)C(C)C)N(C(C)C)C(C)C)cc1,CDCl3,[2H]C(Cl)(Cl)Cl,26,2686
C=CCB(CC=C)/C(CC=C)=C(/C=C\C#C[Si](C)(C)C)[Si](C)(C)C,C6D6,[2H]c1c([2H])c([2H])c([2H])c([2H])c1[2H],83.1,2689
C=CCB(CC=C)/C(=C(/C=C\C#C[Si](C)(C)C)CC=C)[Si](C)(C)C,C6D6,[2H]c1c([2H])c([2H])c([2H])c([2H])c1[2H],81.2,2690
C[Si](C)(C)/C=C/C(=C1\C[C@H]2C[C@H]3CB1[C@H](C3)C2)[Si](C)(C)C,C6D6,[2H]c1c([2H])c([2H])c([2H])c([2H])c1[2H],78.3,2691
C[Si](C)(C)C=C=C1C=C([Si](C)(C)C)C23C[C@@H]4C[C@H](CB12)C[C@@H](C4)C3,C6D6,[2H]c1c([2H])c([2H])c([2H])c([2H])c1[2H],82.2,2692
Cc1cccc(C)c1N=C1B(C(C)(C)C)N(C(C)(C)C)B1C(C)(C)C,C6D6,[2H]c1c([2H])c([2H])c([2H])c([2H])c1[2H],46.4,2696
C[Si](C)(C)[N+](=[B-](NC1CCCCC1)C1CCc2ccccc21)[Si](C)(C)C,d8-Toluene,[2H]c1c([2H])c([2H])c(C([2H])([2H])[2H])c([2H])c1[2H],32.9,2699
CC1=C(C)C(C)C([B-](Nc2ccccc2)=[N+]([Si](C)(C)C)[Si](C)(C)C)=C1C,CD2Cl2,[2H]C([2H])(Cl)Cl,37.9,2700
CC(C)(C)c1cccc(C(C)(C)C)c1OB(N=[N+]=[N-])N(C(C)(C)C)[Si](C)(C)C,CDCl3,[2H]C(Cl)(Cl)Cl,21.7,2710
C[Si](C)(C)C1=C2CB3C[C@@H]4CC(CC2=C([Si](C)(C)C)[Sn]1(C)C)C[C@H]3C4,CDCl3,[2H]C(Cl)(Cl)Cl,89.7,2711
C[Si](C)(C)C1=C2CB3C[C@@H]4CC(CC2=C([Si](C)(C)C)[Si]1(C)C)C[C@H]3C4,CDCl3,[2H]C(Cl)(Cl)Cl,89.3,2712
Cc1c(C)n(C(C)C)[c+](B2N(C(C)(C)C)C=CN2C(C)(C)C)n1C(C)C.[Br-],CDCl3,[2H]C(Cl)(Cl)Cl,15,2719
COC(=O)[BH-](C)[P+](C1CCCCC1)(C1CCCCC1)C1CCCCC1,CDCl3,[2H]C(Cl)(Cl)Cl,-43.5,2720
CC(C1CCCCC1)N1C=CN(C(C)C2CCCCC2)B1[Sn](C)(C)C,C6D6,[2H]c1c([2H])c([2H])c([2H])c([2H])c1[2H],30.8,2722
CC(C)(C)N(BN1C(C)(C)CCCC1(C)C)B1C2CCCC1CCC2,C6D6,[2H]c1c([2H])c([2H])c([2H])c([2H])c1[2H],35.3,2723
C1CCCB2N(CCC1)B1CCCCCCCN1B1CCCCCCCN21,CDCl3,[2H]C(Cl)(Cl)Cl,37.5,2724
C=C1CC[B-](=[N+](C(C)C)C(C)C)/C(=N/C(C)(C)C)[B-]1=[N+](C(C)C)C(C)C,C6D6,[2H]c1c([2H])c([2H])c([2H])c([2H])c1[2H],39,2725
CCCCCCCCCCCC[N+](C)([BH2-]C#N)CB1OC(C)(C)C(C)(C)O1,CDCl3,[2H]C(Cl)(Cl)Cl,-15.3,2728
CCCC[Mg]N(B(CCCC)N1C(C)(C)CCCC1(C)C)C(C)(C)C,C6D6,[2H]c1c([2H])c([2H])c([2H])c([2H])c1[2H],37.6,2729
CC(C)C[Al](CC(C)C)N(BN1C(C)(C)CCCC1(C)C)C(C)(C)C,C6D6,[2H]c1c([2H])c([2H])c([2H])c([2H])c1[2H],33.5,2730
CC(C)(C)[B-]1=[N+](C(C)(C)C)NN=C(C(C)(C)C)[B-](C(C)(C)C)=[N+]1C(C)(C)C,CDCl3,[2H]C(Cl)(Cl)Cl,40.3;29.3,2731
CCCCCCCN1BN(CCCCCCC)BN(CCCCCCC)B1,CDCl3,[2H]C(Cl)(Cl)Cl,33.1,2734
CC(C)C(C)[B-](C(C)C(C)C)=[N+](/[BH-]=[N+](\C(C)(C)C)[Si](C)(C)C)C(C)(C)C,C6D6,[2H]c1c([2H])c([2H])c([2H])c([2H])c1[2H],48.9;39.3,2735
CCCCCCC[NH+]1[BH2-][NH+](CCCCCCC)[BH2-][NH+](CCCCCCC)[BH2-]1,CDCl3,[2H]C(Cl)(Cl)Cl,-6.3,2736
C[Si](C)(C)C(B1NCOB(C([Si](C)(C)C)([Si](C)(C)C)[Si](C)(C)C)O1)([Si](C)(C)C)[Si](C)(C)C,C6D6,[2H]c1c([2H])c([2H])c([2H])c([2H])c1[2H],31.6,2737
Cn1cc[n+]([B-](c2c(F)c(F)c(F)c(F)c2F)(c2c(F)c(F)c(F)c(F)c2F)c2c(F)c(F)c(F)c(F)c2F)c1,C6D6,[2H]c1c([2H])c([2H])c([2H])c([2H])c1[2H],-8,2741
C=COC(C)=[O+][B-](c1c(F)c(F)c(F)c(F)c1F)(c1c(F)c(F)c(F)c(F)c1F)c1c(F)c(F)c(F)c(F)c1F,C6D6,[2H]c1c([2H])c([2H])c([2H])c([2H])c1[2H],15.6,2742
C=COC(C)=[O+][B-](c1c(F)c(F)c(F)c(F)c1F)(c1c(F)c(F)c(F)c(F)c1F)c1c(F)c(F)c(F)c(F)c1F,CD2Cl2,[2H]C([2H])(Cl)Cl,13.1,2742
CCO/C(OC)=[O+]/[B-](c1c(F)c(F)c(F)c(F)c1F)(c1c(F)c(F)c(F)c(F)c1F)c1c(F)c(F)c(F)c(F)c1F,CD2Cl2,[2H]C([2H])(Cl)Cl,6.3,2743
C(#CB1Oc2cc3ccccc3cc2O1)B1Oc2cc3ccccc3cc2O1,CD3OD,[2H]OC([2H])([2H])[2H],22.1,2747
C=CB1Oc2ccc3ccccc3c2-c2c(ccc3ccccc23)O1,CDCl3,[2H]C(Cl)(Cl)Cl,24.5,2748
COc1cccc2cc3cccc(OC)c3c(B3Sc4ccccc4S3)c12,CDCl3,[2H]C(Cl)(Cl)Cl,55,2749
COc1cccc2cc3cccc(OC)c3c(B3Oc4ccccc4O3)c12,CDCl3,[2H]C(Cl)(Cl)Cl,28,2750
CC(=O)c1ccccc1B1OCC(c2ccccc2)(c2ccccc2)O1,CDCl3,[2H]C(Cl)(Cl)Cl,31.6,2755
O=C1O[B@-]2(c3ccccc3)Oc3ccccc3C[NH+]2[C@H]1Cc1ccccc1,d6-DMSO,[2H]C([2H])([2H])S(=O)C([2H])([2H])[2H],5.06,2758
O=C1O[B@-]2(c3ccccc3)Oc3ccccc3C[NH+]2[C@H]1Cc1ccc(O)cc1,d6-DMSO,[2H]C([2H])([2H])S(=O)C([2H])([2H])[2H],5.08,2759
Cn1ccnc1[B-](c1ccccc1)(c1ccccc1)c1ccccc1,C6D6,[2H]c1c([2H])c([2H])c([2H])c([2H])c1[2H],-9.4,2760
CC(C)(C)NB(Cl)Oc1c(-c2ccccc2)cccc1-c1ccccc1,CDCl3,[2H]C(Cl)(Cl)Cl,23.5,2765
C[BH-](Cl)[P+](c1ccc(C)cc1)(c1ccc(C)cc1)c1ccc(C)cc1,CDCl3,[2H]C(Cl)(Cl)Cl,-22.3,2766
Cc1cc(C)c([B-]2(c3c(C)cc(C)cc3C)CC(C(F)(F)F)(C(F)(F)F)O2)c(C)c1.[K+],CDCl3,[2H]C(Cl)(Cl)Cl,7.7,2767
C[C@H]1[C@@H](c2ccccc2)O[B-](c2ccccc2)(c2ccccc2)[N@H+]1C,CDCl3,[2H]C(Cl)(Cl)Cl,5,2769
C[C@@H]1[C@@H](c2ccccc2)O[B-](c2ccccc2)(c2ccccc2)[N@H+]1C,CDCl3,[2H]C(Cl)(Cl)Cl,8,2770
[BH3-][P+](C)(C(C)=C(c1ccccc1)c1ccccc1)c1ccccc1,CDCl3,[2H]C(Cl)(Cl)Cl,-32.1,2771
Cc1cc(C)c(B(CC(O)(C(F)(F)F)C(F)(F)F)c2c(C)cc(C)cc2C)c(C)c1,CDCl3,[2H]C(Cl)(Cl)Cl,79.1,2772
[BH3-][P@@+]1(c2ccccc2)[C@@H]2C(C)=C[C@H]1[C@@H]1[C@H]2C(C)=CP1(=O)c1ccccc1,CDCl3,[2H]C(Cl)(Cl)Cl,-35,2773
CN(C)B(B(C1C=Cc2ccccc21)N(C)C)C1C=Cc2ccccc21,C6D6,[2H]c1c([2H])c([2H])c([2H])c([2H])c1[2H],48.6,2776
CN(C)B(B(C1=CCc2ccccc21)N(C)C)C1=CCc2ccccc21,C6D6,[2H]c1c([2H])c([2H])c([2H])c([2H])c1[2H],48.3,2777
[BH3-][P@@+]1(c2ccccc2)[C@@H]2C(C)=C(C)[C@H]1[C@H]1CN(c3ccccc3)C[C@H]12,CDCl3,[2H]C(Cl)(Cl)Cl,-34.9,2778
C#C[B-]1(C#C)n2c(C)c(CC)c(C)c2C(C)=C2C(C)=C(CC)C(C)=[N+]21,CDCl3,[2H]C(Cl)(Cl)Cl,-11.05,2779
CC1(C)OB(c2cc3c(cc2-c2ccccc2)CCCC3)OC1(C)C,C6D6,[2H]c1c([2H])c([2H])c([2H])c([2H])c1[2H],31,2780
CC1=C(c2cccs2)B(c2cccs2)C(c2cccs2)=C(C)[Si](C)(C)[Si]1(C)C,d8-Toluene,[2H]c1c([2H])c([2H])c(C([2H])([2H])[2H])c([2H])c1[2H],68,2781
CC(C)C1=CCB2C(=C1)C1=CC(C(C)C)=CCB1N2c1ccccc1,C6D6,[2H]c1c([2H])c([2H])c([2H])c([2H])c1[2H],54.15,2782
CCC(C)(c1ccccc1)N1C=CN(C(C)(CC)c2ccccc2)B1Br,C6D6,[2H]c1c([2H])c([2H])c([2H])c([2H])c1[2H],19,2783
CC(C)N(B1C(c2ccccc2)C=CC1c1ccccc1)C(C)C,CDCl3,[2H]C(Cl)(Cl)Cl,49,2784
CO[B-]12Oc3ccccc3[N+]1=Cc1cc(C(C)(C)C)cc(C(C)(C)C)c1O2,CDCl3,[2H]C(Cl)(Cl)Cl,5.09,2785
C/C(=C1\CCCCB1n1c2ccccc2c2ccccc21)[Sn](C)(C)C,C6D6,[2H]c1c([2H])c([2H])c([2H])c([2H])c1[2H],53,2786
[BH3-][P+](C1=C[C@H]2CC[C@@]1(C)C2(C)C)(c1ccccc1)c1ccccc1,CDCl3,[2H]C(Cl)(Cl)Cl,-33.3,2787
[BH3-][P+]1(c2ccccc2)C=C(C)[C@@H]2[C@H]1[C@@H]1C=C(C)[C@H]2[P@@+]1([BH3-])c1ccccc1,CDCl3,[2H]C(Cl)(Cl)Cl,-35.8,2788
CC1(C)OB(c2cc3c(cc2-c2ccccc2)C[Si](C)(C)C3)OC1(C)C,C6D6,[2H]c1c([2H])c([2H])c([2H])c([2H])c1[2H],31,2790
CC(NB1N(C(C)c2ccccc2)C=CN1C(C)(C)C)c1ccccc1,CDCl3,[2H]C(Cl)(Cl)Cl,21.6,2792
CC(c1ccccc1)N1C=CN(C(C)c2ccccc2)B1NC(C)(C)C,CDCl3,[2H]C(Cl)(Cl)Cl,22.5,2793
[BH+][P-](C1=C[C@H](C)CC[C@H]1C(C)C)(c1ccccc1)c1ccccc1,CDCl3,[2H]C(Cl)(Cl)Cl,-31.6,2794
CC[B-]1(CC)n2c3ccccc3c[n+]2[B-](CC)(CC)n2c3ccccc3c[n+]21,CDCl3,[2H]C(Cl)(Cl)Cl,4.29,2795
CN(C)[B-]12OCC[N+]3=Cc4ccccc4O[B-]3(N(C)C)OCC[N+]1=Cc1ccccc1O2,CDCl3,[2H]C(Cl)(Cl)Cl,4.8,2796
[BH3-][P+]1(Cl)N(Cc2ccccc2OC)[C@H]2CCCC[C@@H]2N1Cc1ccccc1OC,CDCl3,[2H]C(Cl)(Cl)Cl,-36.2,2799
O=S(=O)([O-])C(F)(F)F.[BH3-][P+2]1N(Cc2ccccc2OC)[C@H]2CCCC[C@@H]2N1Cc1ccccc1OC,CDCl3,[2H]C(Cl)(Cl)Cl,-38.2,2800
CCC/C(C#Cc1ccccc1)=C(\CCC)B1OC(C)(C)C(C)(C)O1,C6D6,[2H]c1c([2H])c([2H])c([2H])c([2H])c1[2H],30,2801
CB1C(c2ccccc2)=C(c2ccccc2)C1([Si](C)(C)C)[Si](C)(C)C,CDCl3,[2H]C(Cl)(Cl)Cl,54.2,2802
CCN(CC)[Si](B1OC(C)(C)C(C)(C)O1)(c1ccccc1)c1ccccc1,C6D6,[2H]c1c([2H])c([2H])c([2H])c([2H])c1[2H],33.6,2808
C/C(=C1/B(n2ccc3ccccc32)C2CCCC1CCC2)[Sn](C)(C)C,C6D6,[2H]c1c([2H])c([2H])c([2H])c([2H])c1[2H],56.7,2809
Cc1c(C)[n+]2cn1Cn1c[n+](c(C)c1C)[B-](Br)(Br)[n+]1cn(c(C)c1C)Cn1c[n+](c(C)c1C)[B-]2(Br)Br.[Br-].[Br-],d6-DMSO,[2H]C([2H])([2H])S(=O)C([2H])([2H])[2H],-12.3,2811
CC(C)(C)c1cc2c(c(C(C)(C)C)c1)OB(C1=CC=CC1[Si](C)(C)C)O2,CDCl3,[2H]C(Cl)(Cl)Cl,28.1,2815
CCN1B(C#CB2N(C(C)(C)C)C=CN2C(C)(C)C)N(CC)c2ccccc21,C6D6,[2H]c1c([2H])c([2H])c([2H])c([2H])c1[2H],16.5;21.0,2818
CCCCCC(=O)c1cc2c(cc1B1OC(C)(C)C(C)(C)O1)CCCC2,C6D6,[2H]c1c([2H])c([2H])c([2H])c([2H])c1[2H],31,2820
CCCC/C(=C\B1OC(C)(C)C(C)(C)O1)CCC(O)c1ccc(C)cc1,CDCl3,[2H]C(Cl)(Cl)Cl,31.06,2821
CC(C)N(B1OB(N(C(C)C)C(C)C)C2c3ccccc3C=CC12)C(C)C,CDCl3,[2H]C(Cl)(Cl)Cl,36.3,2826
Cc1cc(C)c(C(OB2OC(C)(C)C(C)(C)O2)B2OC(C)(C)C(C)(C)O2)c(C)c1,C6D6,[2H]c1c([2H])c([2H])c([2H])c([2H])c1[2H],32.7;22.6,2827
C[C@@H]1[C@@H](c2ccccc2)O[B@@-]2(C3CCCC(CCC3)C2[Si](C)(C)C)[NH+]1C,C6D6,[2H]c1c([2H])c([2H])c([2H])c([2H])c1[2H],55.2,2831
CC[B-]1(CCCC[B-]2(CC)CCCC3=[N+]2CC=C3)CCCC2=[N+]1CC=C2,C6D6,[2H]c1c([2H])c([2H])c([2H])c([2H])c1[2H],-5.4,2833
CC[B-]1(CC)[OH+][B-]2(CC)O[B-]3(CC)[OH+][B-](CC)(CC)c4cccc([n+]43)-c3cccc1[n+]32,CD2Cl2,[2H]C([2H])(Cl)Cl,9.2,2834
C(C[Mg]CCCB1C2CCCC1CCC2)CB1C2CCCC1CCC2,C6D6,[2H]c1c([2H])c([2H])c([2H])c([2H])c1[2H],77.8,2841
CC(C)(C)N1C=CN(C(C)(C)C)B1C#CB1N(C(C)(C)C)C=CN1C(C)(C)C,C6D6,[2H]c1c([2H])c([2H])c([2H])c([2H])c1[2H],16.8,2842
C1CCOC1.C1CCOC1.CC(C)(C)c1cccc(C(C)(C)C)c1[O-].[BH4-].[Mg+2],C6D6,[2H]c1c([2H])c([2H])c([2H])c([2H])c1[2H],-42.6,2846
CCCCB1N([C@@H](C)C2CCCCC2)C=CN1[C@@H](C)C1CCCCC1,C6D6,[2H]c1c([2H])c([2H])c([2H])c([2H])c1[2H],26.4,2847
C[C@@H](C1CCCCC1)N1C=CN([C@@H](C)C2CCCCC2)B1NC(C)(C)C,CDCl3,[2H]C(Cl)(Cl)Cl,22.1,2850
CC(C)(C)N1C=CN(C(C)(C)C)B1C#CB1N(C(C)(C)C)CCN1C(C)(C)C,C6D6,[2H]c1c([2H])c([2H])c([2H])c([2H])c1[2H],16.8;23.1,2851
C[C@@H](C1CCCCC1)N1C=CN([C@@H](C)C2CCCCC2)B1C[Si](C)(C)C,C6D6,[2H]c1c([2H])c([2H])c([2H])c([2H])c1[2H],26.9,2853
CC[NH+](CC)[B-]1(CCCc2cccn2[Sn](C)(C)C)C2CCCC1CCC2,C6D6,[2H]c1c([2H])c([2H])c([2H])c([2H])c1[2H],-0.4,2854
CCCC/C(B1OC(C)(C)C(C)(C)O1)=C(/B1OC(C)(C)C(C)(C)O1)P(=O)(OCC)OCC,CDCl3,[2H]C(Cl)(Cl)Cl,30.22,2855
CB(N(B1C2CCCC1CCC2)C(C)(C)C)N1C(C)(C)CCCC1(C)C,C6D6,[2H]c1c([2H])c([2H])c([2H])c([2H])c1[2H],40.6,2858
CC(C)(C)/N=C1/B(C(C)(C)C)N(C(C)(C)C)B(C(C)(C)C)/C1=N/C(C)(C)C,CDCl3,[2H]C(Cl)(Cl)Cl,41,2860
CCC#C[B-](/C(=C(/CC)[Sn](C)(C)[P+](C)(C)C)C(C)C)(C(C)C)C(C)C,CDCl3,[2H]C(Cl)(Cl)Cl,-2,2862
COC1(C#CC2(OC)OB(C)C2([Si](C)(C)C)[Si](C)(C)C)OB(C)C1([Si](C)(C)C)[Si](C)(C)C,CDCl3,[2H]C(Cl)(Cl)Cl,53.8,2865
C[Si](C)(C)[C@H]1[C@H]([Si](C)(C)C)B(N2CCCCC2)B(N2CCCCC2)[C@@H]1[Si](C)(C)C,C6D6,[2H]c1c([2H])c([2H])c([2H])c([2H])c1[2H],53,2866
CC(C)(C)B1N(B(N([Si](C)(C)C)[Si](C)(C)C)C(C)(C)C)B(C(C)(C)C)N1C(C)(C)C,CDCl3,[2H]C(Cl)(Cl)Cl,41.9,2868
CN1COB(C([Si](C)(C)C)([Si](C)(C)C)[Si](C)(C)C)OB1C([Si](C)(C)C)([Si](C)(C)C)[Si](C)(C)C,C6D6,[2H]c1c([2H])c([2H])c([2H])c([2H])c1[2H],32.6;30.6,2872
CC1NB(C([Si](C)(C)C)([Si](C)(C)C)[Si](C)(C)C)OB(C([Si](C)(C)C)([Si](C)(C)C)[Si](C)(C)C)O1,C6D6,[2H]c1c([2H])c([2H])c([2H])c([2H])c1[2H],31.3,2873
CB1N(C)B([Si]([Si](C)(C)C)([Si](C)(C)C)[Si](C)(C)C)N(C)B([Si]([Si](C)(C)C)([Si](C)(C)C)[Si](C)(C)C)N1C,C6D6,[2H]c1c([2H])c([2H])c([2H])c([2H])c1[2H],42.8;37.1,2874
C[Si](C)(C)C(Cc1ccc(F)cc1)B(c1c(F)c(F)c(F)c(F)c1F)c1c(F)c(F)c(F)c(F)c1F,C6D6,[2H]c1c([2H])c([2H])c([2H])c([2H])c1[2H],72.8,2877
C[Si](C)(C)C(CB(c1c(F)c(F)c(F)c(F)c1F)c1c(F)c(F)c(F)c(F)c1F)c1ccccc1,C6D6,[2H]c1c([2H])c([2H])c([2H])c([2H])c1[2H],73,2878
C[Si](C)(C)C(Cc1ccccc1)B(c1c(F)c(F)c(F)c(F)c1F)c1c(F)c(F)c(F)c(F)c1F,C6D6,[2H]c1c([2H])c([2H])c([2H])c([2H])c1[2H],72.2,2879
C=CCB1Oc2ccc3ccccc3c2-c2c(ccc3ccccc23)O1,CDCl3,[2H]C(Cl)(Cl)Cl,28.2,2880
COc1cccc2c1OB(c1c3c(OC)cccc3cc3cccc(OC)c13)O2,CDCl3,[2H]C(Cl)(Cl)Cl,30,2881
c1ccc([B-](c2ccccc2)(c2ccccc2)[n+]2ccccc2)cc1,C6D6,[2H]c1c([2H])c([2H])c([2H])c([2H])c1[2H],5.1,2882
C[Si](C)(C)C(CB1Oc2ccccc2O1)(B1Oc2ccccc2O1)B1Oc2ccccc2O1,CDCl3,[2H]C(Cl)(Cl)Cl,35.8,2885
Cc1ccc([P+]([BH-](C(Cl)Cl)C(Cl)Cl)(c2ccc(C)cc2)c2ccc(C)cc2)cc1,CDCl3,[2H]C(Cl)(Cl)Cl,-11.8,2886
c1ccc([B-]2(c3ccccc3)O[C@]3(c4ccccc4)CC[N@H+]2CC3)cc1,d6-DMSO,[2H]C([2H])([2H])S(=O)C([2H])([2H])[2H],5,2888
CCC1=C(C)C2=C(c3ccc([N+](=O)[O-])c([N+](=O)[O-])c3)c3c(C)c(CC)c(C)n3[B-](F)(F)[N+]2=C1C,CDCl3,[2H]C(Cl)(Cl)Cl,3.72,2889
CCC1=C(C)C2=C(c3cccc([N+](=O)[O-])c3)c3c(C)c(CC)c(C)n3[B-](F)(F)[N+]2=C1C,CDCl3,[2H]C(Cl)(Cl)Cl,3.82,2890
C[C@H]1[C@@H](c2ccccc2)O[B-](c2ccccc2)(c2ccccc2)[N+]1(C)C,CDCl3,[2H]C(Cl)(Cl)Cl,5.5,2891
C[C@@H]1[C@@H](c2ccccc2)O[B-](c2ccccc2)(c2ccccc2)[N+]1(C)C,CDCl3,[2H]C(Cl)(Cl)Cl,9.5,2892
CC(C)(C)N1B(c2c(F)c(F)c(F)c(F)c2F)N(C(C)(C)C)[B-]1(c1c(F)c(F)c(F)c(F)c1F)[P+](C)(C)C,CDCl3,[2H]C(Cl)(Cl)Cl,24.6,2893
CCC1=C(C)C2=C(c3cccc(N)c3)c3c(C)c(CC)c(C)n3[B-](F)(F)[N+]2=C1C,CDCl3,[2H]C(Cl)(Cl)Cl,3.86,2895
CCC(C)(c1ccccc1)N1C=CN(C(C)(CC)c2ccccc2)B1C#N,C6D6,[2H]c1c([2H])c([2H])c([2H])c([2H])c1[2H],13.5,2896
CC1(C)OB(c2cc3c(cc2-c2ccccc2)CCCCC3)OC1(C)C,C6D6,[2H]c1c([2H])c([2H])c([2H])c([2H])c1[2H],31,2897
CB1N(C)B(C)N(C)B([Ge](c2ccccc2)(c2ccccc2)c2ccccc2)N1C,C6D6,[2H]c1c([2H])c([2H])c([2H])c([2H])c1[2H],39.3;36.2,2898
Cc1cc2c(c(C(C)(C)C)c1)OBOc1c(cc(C)cc1C(C)(C)C)C2,CDCl3,[2H]C(Cl)(Cl)Cl,21.9,2899
CO[B-]1(OC)Oc2c(cc(C(C)(C)C)cc2C(C)(C)C)C=[N+]1c1ccccc1,CDCl3,[2H]C(Cl)(Cl)Cl,2.33,2903
Cc1cc(C)c(NB(Cl)Oc2c(C(C)(C)C)cccc2C(C)(C)C)c(C)c1,CDCl3,[2H]C(Cl)(Cl)Cl,25.8,2906
CCC/C(C#Cc1ccccc1C)=C(\CCC)B1OC(C)(C)C(C)(C)O1,CDCl3,[2H]C(Cl)(Cl)Cl,30.8,2908
C=CCC/C(B1OC(C)(C)C(C)(C)O1)=C(/C#C[Si](C)(C)C)c1ccccc1,CDCl3,[2H]C(Cl)(Cl)Cl,31.4,2909
CCCC/C(B1OC(C)(C)C(C)(C)O1)=C(/C#C[Si](C)(C)C)c1ccccc1,CDCl3,[2H]C(Cl)(Cl)Cl,31,2912
CC(C)(C)C1=[N+](C2CCCCC2)[B@-](Cl)(c2ccccc2)N1C1CCCCC1,C6D6,[2H]c1c([2H])c([2H])c([2H])c([2H])c1[2H],6.5,2914
CC(C)(C)C1=C2C[C@H]3C[C@@H]4CB(C[C@@H](C4)C3)C2=C(C(C)(C)C)[Si]1(C)C,CDCl3,[2H]C(Cl)(Cl)Cl,86.3,2921
CC#CB1C(=C(/C)[Sn](C)(C)C)/C(=C(/C)[Sn](C)(C)C)C2CCCC1CCC2,C6D6,[2H]c1c([2H])c([2H])c([2H])c([2H])c1[2H],67,2924
CC(C)C(C)B(C(C)C(C)C)N(BN1C(C)(C)CCCC1(C)C)C(C)(C)C,C6D6,[2H]c1c([2H])c([2H])c([2H])c([2H])c1[2H],36.1,2929
CC(C)(C)[N+](/[BH-]=[N+](\C(C)(C)C)[Si](C)(C)C)=[B-](C1CCCCC1)C1CCCCC1,C6D6,[2H]c1c([2H])c([2H])c([2H])c([2H])c1[2H],45.4;39.0,2930
CCN1COB(C([Si](C)(C)C)([Si](C)(C)C)[Si](C)(C)C)OB1C([Si](C)(C)C)([Si](C)(C)C)[Si](C)(C)C,C6D6,[2H]c1c([2H])c([2H])c([2H])c([2H])c1[2H],31.7,2932
CC1OB(C([Si](C)(C)C)([Si](C)(C)C)[Si](C)(C)C)OB(C([Si](C)(C)C)([Si](C)(C)C)[Si](C)(C)C)N1C,C6D6,[2H]c1c([2H])c([2H])c([2H])c([2H])c1[2H],33.1,2933
[N-]=[N+]=[N+]1[B-](c2c(F)c(F)c(F)c(F)c2F)(c2c(F)c(F)c(F)c(F)c2F)[N+](=[N+]=[N-])[B-]1(c1c(F)c(F)c(F)c(F)c1F)c1c(F)c(F)c(F)c(F)c1F,d8-Toluene,[2H]c1c([2H])c([2H])c(C([2H])([2H])[2H])c([2H])c1[2H],43.9,2935
Fc1c(F)c(F)c(B(NB(c2c(F)c(F)c(F)c(F)c2F)c2c(F)c(F)c(F)c(F)c2F)c2c(F)c(F)c(F)c(F)c2F)c(F)c1F,CD2Cl2,[2H]C([2H])(Cl)Cl,-9.7,2936
FC(F)(F)c1ccc(B(c2ccc(C(F)(F)F)cc2C(F)(F)F)c2ccc(C(F)(F)F)cc2C(F)(F)F)c(C(F)(F)F)c1,CDCl3,[2H]C(Cl)(Cl)Cl,73.6,2937
C(#Cc1ccccc1)B(C#Cc1ccccc1)C#Cc1ccccc1,C6D6,[2H]c1c([2H])c([2H])c([2H])c([2H])c1[2H],0.03,2940
c1ccc2c(c1)OB(c1cc(B3Oc4ccccc4S3)cc(B3Oc4ccccc4S3)c1)S2,CDCl3,[2H]C(Cl)(Cl)Cl,51,2944
c1ccc2c(c1)OB(c1cc(B3Oc4ccccc4O3)cc(B3Oc4ccccc4O3)c1)O2,CD3OD,[2H]OC([2H])([2H])[2H],30.1,2945
c1ccc2c(c1)SB(c1cc(B3Sc4ccccc4S3)cc(B3Sc4ccccc4S3)c1)S2,CDCl3,[2H]C(Cl)(Cl)Cl,61,2946
F[B-](F)(F)F.F[B-](F)(F)F.c1ccc2c(c1)-c1ccccc1[S+2]21c2ccccc2-c2ccccc21,CD3CN,[2H]C([2H])([2H])C#N,-2.3,2948
COc1ccc(CC(B(c2c(F)c(F)c(F)c(F)c2F)c2c(F)c(F)c(F)c(F)c2F)[Si](C)(C)C)cc1,C6D6,[2H]c1c([2H])c([2H])c([2H])c([2H])c1[2H],72.6,2951
Cc1ccc(CC(B(c2c(F)c(F)c(F)c(F)c2F)c2c(F)c(F)c(F)c(F)c2F)[Si](C)(C)C)cc1,C6D6,[2H]c1c([2H])c([2H])c([2H])c([2H])c1[2H],72.6,2952
CC1(C)OB(C2CCC(=C(c3ccccc3)c3ccccc3)C2)OC1(C)C,C6D6,[2H]c1c([2H])c([2H])c([2H])c([2H])c1[2H],34,2953
O=C1C[N+]2(CC(=O)c3ccc(-c4ccccc4)cc3)CC(=O)O[B-]2(c2ccccc2)O1,d6-DMSO,[2H]C([2H])([2H])S(=O)C([2H])([2H])[2H],11,2955
[Li+].[Li+].c1ccc([N-]B([N-]c2ccccc2)N(c2ccccc2)c2ccccc2)cc1,d8-Toluene,[2H]c1c([2H])c([2H])c(C([2H])([2H])[2H])c([2H])c1[2H],28.9,2956
c1ccc(B(OB(c2ccccc2)c2ccccc2)c2ccccc2)cc1,CDCl3,[2H]C(Cl)(Cl)Cl,46.1,2957
Cc1cc(C)c(B(c2c(C)cc(C)cc2C)c2c(F)c(F)c(F)c(F)c2F)c(C)c1,CDCl3,[2H]C(Cl)(Cl)Cl,72.6,2958
c1ccc(NB(Nc2ccccc2)N(c2ccccc2)c2ccccc2)cc1,d8-Toluene,[2H]c1c([2H])c([2H])c(C([2H])([2H])[2H])c([2H])c1[2H],32.1,2959
CN(C)c1cccc2cc3cccc(N(C)C)c3c(B3Oc4ccccc4O3)c12,CDCl3,[2H]C(Cl)(Cl)Cl,17,2962
CC(C)(C)CC(B1Oc2ccccc2O1)(B1Oc2ccccc2O1)B1Oc2ccccc2O1,CDCl3,[2H]C(Cl)(Cl)Cl,34.7,2963
CC(C)(C)P(=NB(Cl)N=P(C(C)(C)C)(C(C)(C)C)C(C)(C)C)(C(C)(C)C)C(C)(C)C,C6D6,[2H]c1c([2H])c([2H])c([2H])c([2H])c1[2H],-6.1,2964
Cc1cc(C)c(-c2cccc(-c3c(C)cc(C)cc3C)c2B(Br)Br)c(C)c1,C6D6,[2H]c1c([2H])c([2H])c([2H])c([2H])c1[2H],61.7,2967
C[Si](C)(C)C1=CC(B(c2ccccc2)c2ccccc2)c2ccccc21,C6D6,[2H]c1c([2H])c([2H])c([2H])c([2H])c1[2H],61.4,2969
CC(C)C1=NB(c2c(F)c(F)c(F)c(F)c2F)N(C(C)(C)C)B(c2c(F)c(F)c(F)c(F)c2F)N1C(C)(C)C,CDCl3,[2H]C(Cl)(Cl)Cl,28,2970
C[C@H]1c2ccccc2[B-]2(OCC(c3ccccc3)(c3ccccc3)O2)[N+]1(C)C,CDCl3,[2H]C(Cl)(Cl)Cl,14.2,2975
C[N+](C)=C1C2N(C(c3ccccc3)N1Cc1ccccc1)[B-](C(F)(F)F)(C(F)(F)F)[N+](C)(C)[B-]2(C(F)(F)F)C(F)(F)F,CD3CN,[2H]C([2H])([2H])C#N,-2.8;-6.3,2977
[BH3-][P+]([BH2-][PH+](c1ccccc1)c1ccccc1)(c1ccccc1)c1ccccc1,CDCl3,[2H]C(Cl)(Cl)Cl,-33.2;-37.3,2980
CC1(C)OB([Si](c2ccccc2)(c2ccccc2)c2ccccc2)OC1(C)C,C6D6,[2H]c1c([2H])c([2H])c([2H])c([2H])c1[2H],34.1,2981
[BH3-][P+](O[C@H]1CCCC[C@@H]1c1ccccc1)(c1ccccc1)c1ccccc1,CDCl3,[2H]C(Cl)(Cl)Cl,-39.7,2982
COCOc1ccccc1[B-](N)(c1ccccc1OCOC)c1ccccc1OCOC.[Li+],d8-THF,[2H]C1([2H])OC([2H])([2H])C([2H])([2H])C1([2H])[2H],-7.52,2985
[BH3-][P@@+]1(c2ccccc2)[C@@H]2C(C)=C(C)[C@H]1[C@@H]1[C@@]2(C)C(C)=CP1(=O)c1ccccc1,CDCl3,[2H]C(Cl)(Cl)Cl,-30.9,2986
CC(C)(C)N=C[C@@H]1C(=C(c2ccccc2)c2ccccc2)OB(Br)N1C(C)(C)C,C6D6,[2H]c1c([2H])c([2H])c([2H])c([2H])c1[2H],26,2987
CCC1=C(C)C2=C(C)c3c(C)c(CC)c(C)n3[B-](F)(c3ccccc3)[N+]2=C1C,CDCl3,[2H]C(Cl)(Cl)Cl,5.7,2990
CC(C)(C)/N=C/[C@@H]1C(=C(c2ccccc2)c2ccccc2)OB(F)N1C(C)(C)C,C6D6,[2H]c1c([2H])c([2H])c([2H])c([2H])c1[2H],22.3,2991
COCOc1ccccc1[B-]([NH3+])(c1ccccc1OCOC)c1ccccc1OCOC,d8-THF,[2H]C1([2H])OC([2H])([2H])C([2H])([2H])C1([2H])[2H],-5.03,2993
[BH3-][P+]([C@@H](C)c1ccccc1)([C@@H](C)c1ccccc1)[C@@H](C)c1ccccc1,CDCl3,[2H]C(Cl)(Cl)Cl,-45.6,2994
[BH3-][P+]([C@H](C)c1ccccc1)([C@H](C)c1ccccc1)[C@@H](C)c1ccccc1,CDCl3,[2H]C(Cl)(Cl)Cl,-43.36,2995
C/C(B1OC(C)(C)C(C)(C)O1)=C(/C#C[Si](C)(C)C)c1cccc2ccccc12,CDCl3,[2H]C(Cl)(Cl)Cl,30.4,2999
c1cc2c(B3Oc4ccccc4O3)c(c1)COCCOCCOCCOCCOCCOC2,CD2Cl2,[2H]C([2H])(Cl)Cl,30,3000
C[Si](C)(C)[N+](=[B-](C1C=Cc2ccccc21)C1C=Cc2ccccc21)[Si](C)(C)C,CD2Cl2,[2H]C([2H])(Cl)Cl,50.6,3002
CC(C)(C)/N=C/[C@@H]1C(=C(c2ccccc2)c2ccccc2)OB(N)N1C(C)(C)C,d6-DMSO,[2H]C([2H])([2H])S(=O)C([2H])([2H])[2H],25.2,3003
CCN1C=CC([Si](C)(C)C2C=CN(CC)B2c2ccccc2)B1c1ccccc1,CDCl3,[2H]C(Cl)(Cl)Cl,45.2,3004
[BH3-][P+]1(c2ccccc2)C=C(C)[C@]2(C)[C@H]1[C@@H]1C(C)=C(C)[C@H]2[P@@+]1([BH3-])c1ccccc1,CDCl3,[2H]C(Cl)(Cl)Cl,-35.5;-30.8,3005
C[Si](C)(OB(O[Si](C)(C)c1ccccc1)O[Si](C)(C)c1ccccc1)c1ccccc1,CDCl3,[2H]C(Cl)(Cl)Cl,15,3007
CC1(C)OB(OC(c2ccccn2)[C@H](OB2OC(C)(C)C(C)(C)O2)c2ccccn2)OC1(C)C,CD2Cl2,[2H]C([2H])(Cl)Cl,11,3009
CCCC/C(B1OC(C)(C)C(C)(C)O1)=C(/C#C[Si](C)(C)C)c1ccc(OC)cc1,CDCl3,[2H]C(Cl)(Cl)Cl,32,3019
C[Sn](C)(C)C(=C1B(n2ccc3ccccc32)C2CCCC1CCC2)[Sn](C)(C)C,C6D6,[2H]c1c([2H])c([2H])c([2H])c([2H])c1[2H],58.1,3022
[BH3-][PH+](Oc1c(C(C)(C)C)cc(C(C)(C)C)cc1C(C)(C)C)c1ccccc1,CDCl3,[2H]C(Cl)(Cl)Cl,-40.7,3023
CCP(CC)(CC)=[N+]1[B-]2(Oc3ccccc3O2)[N+](=P(CC)(CC)CC)[B-]12Oc1ccccc1O2,C6D6,[2H]c1c([2H])c([2H])c([2H])c([2H])c1[2H],8.1,3024
CCC[B-]1(CCC)n2c(C)c(CC)c(C)c2C(C)=C2C(C)=C(CC)C(C)=[N+]21,CDCl3,[2H]C(Cl)(Cl)Cl,3.83,3026
CCOP(=O)(OCC)/C(B1OC(C)(C)C(C)(C)O1)=C(/B1OC(C)(C)C(C)(C)O1)c1ccccc1,CDCl3,[2H]C(Cl)(Cl)Cl,29.76,3027
CC(C)[P+]([Au-]Cl)(c1ccccc1B(C1CCCCC1)C1CCCCC1)C(C)C,CDCl3,[2H]C(Cl)(Cl)Cl,80.1,3028
CC(C)P(c1ccccc1B(C1CCCCC1)C1CCCCC1)C(C)C,CDCl3,[2H]C(Cl)(Cl)Cl,75.6,3029
Cc1cccc(C)c1N=C1B(N(C(C)C)C(C)C)C=CCB1N(C(C)C)C(C)C,C6D6,[2H]c1c([2H])c([2H])c([2H])c([2H])c1[2H],40,3032
CC[B-]1(CCCCCC[B-]2(CC)CCCC3=[N+]2CC=C3)CCCC2=[N+]1CC=C2,C6D6,[2H]c1c([2H])c([2H])c([2H])c([2H])c1[2H],-5.1,3036
CC12B3C[C@H]4C[C@@H]5C[C@H](C4)C[C@]3(C5)C(C)(B3C[C@H]4C[C@@H]5C[C@H](C4)C[C@@]31C5)[Si]2(C)C,CDCl3,[2H]C(Cl)(Cl)Cl,90.8,3042
CC12B3C[C@H]4C[C@@H]5C[C@H](C4)C[C@]3(C5)C(C)(B3C[C@H]4C[C@@H]5C[C@H](C4)C[C@@]31C5)[Sn]2(C)C,CDCl3,[2H]C(Cl)(Cl)Cl,83.2,3043
ClB(OB(Cl)N(C1CCCCC1)C1CCCCC1)N(C1CCCCC1)C1CCCCC1,CDCl3,[2H]C(Cl)(Cl)Cl,23.9,3051
CC(C)(C)[P+]1(C(C)(C)C)CB(c2ccccc2)C[P+](C(C)(C)C)(C(C)(C)C)[Cu-2]1Cl,C6D6,[2H]c1c([2H])c([2H])c([2H])c([2H])c1[2H],75.2,3053
C1CCOC1.C1CCOC1.CC(C)c1cccc(C(C)C)c1[O-].[BH4-].[Mg+2],C6D6,[2H]c1c([2H])c([2H])c([2H])c([2H])c1[2H],-41.8,3054
CCB(CC)N(B(CC)Oc1c(C(C)(C)C)cccc1C(C)(C)C)C(C)(C)C,CDCl3,[2H]C(Cl)(Cl)Cl,74.1;30.1,3055
CCCCC(B1OC(C)(C)C(C)(C)O1)=C(B1OC(C)(C)C(C)(C)O1)B1OC(C)(C)C(C)(C)O1,CDCl3,[2H]C(Cl)(Cl)Cl,30.75,3056
COC(=O)[BH-](CC(C)C)[P+](C1CCCCC1)(C1CCCCC1)C1CCCCC1,CDCl3,[2H]C(Cl)(Cl)Cl,-42.5,3058
CCC[Si](CCC)(CCC)OB(O[Si](CCC)(CCC)CCC)c1ccc(Br)cc1,CDCl3,[2H]C(Cl)(Cl)Cl,25.9,3059
CCB(CC)c1c(B(CC)CC)c2c(c3c1B(CC)C(C)B3CC)B(CC)C(C)B2CC,C6D6,[2H]c1c([2H])c([2H])c([2H])c([2H])c1[2H],77,3061
CCC[Si](CCC)(CCC)OB(O[Si](CCC)(CCC)CCC)c1ccccc1,CDCl3,[2H]C(Cl)(Cl)Cl,26.6,3062
CCB1n2cccc2CCC(=C=C([Sn](C)(C)C)[Sn](C)(C)C)C1([Sn](C)(C)C)[Sn](C)(C)C,C6D6,[2H]c1c([2H])c([2H])c([2H])c([2H])c1[2H],56.5,3063
Cc1cc(C)c(B(B(c2c(C)cc(C)cc2C)N(C(C)C)C(C)C)N(C(C)C)C(C)C)c(C)c1,CDCl3,[2H]C(Cl)(Cl)Cl,46.3,3064
C[Sn](C)(C)C(=C=CC(B1[C@H]2CCC[C@H]1CCC2)([Sn](C)(C)C)[Sn](C)(C)C)[Sn](C)(C)C,d8-Toluene,[2H]c1c([2H])c([2H])c(C([2H])([2H])[2H])c([2H])c1[2H],78.2,3068
CC(C)(C)B(C1B(N2CCCC2)C([Si](C)(C)C)([Si](C)(C)C)B1N1CCCC1)N1CCCC1,CDCl3,[2H]C(Cl)(Cl)Cl,44,3070
CC(C)(C)P(=NB(Cl)N=P(C(C)(C)C)(C(C)(C)C)C(C)(C)C)(C(C)(C)C)C(C)(C)C,CD2Cl2,[2H]C([2H])(Cl)Cl,11.9,3071
CC(C)(C)P(=[N+]1[B-](F)(F)[N+](=P(C(C)(C)C)(C(C)(C)C)C(C)(C)C)[B-]1(F)F)(C(C)(C)C)C(C)(C)C,CD2Cl2,[2H]C([2H])(Cl)Cl,11.8,3073
CC(C)CN(CC(C)C)B1OB(N(CC(C)C)CC(C)C)OB(N(CC(C)C)CC(C)C)O1,CDCl3,[2H]C(Cl)(Cl)Cl,23.9,3074
CC(C)(C)P(=NBN=P(C(C)(C)C)(C(C)(C)C)C(C)(C)C)(C(C)(C)C)C(C)(C)C,C6D6,[2H]c1c([2H])c([2H])c([2H])c([2H])c1[2H],24.6,3075
CCCCO[P+]([BH2-][P+](OCCCC)(OCCCC)OCCCC)(OCCCC)OCCCC.F[B-](F)(F)F,d6-DMSO,[2H]C([2H])([2H])S(=O)C([2H])([2H])[2H],-1.73,3077
CC(C)(C)C(OB1N([Si](C)(C)C)B(OC(C(C)(C)C)C(C)(C)C)N1[Si](C)(C)C)C(C)(C)C,CDCl3,[2H]C(Cl)(Cl)Cl,25.6,3078
CC(C)N(B1B(N(C(C)C)C(C)C)B(N(C(C)C)C(C)C)B1N(C(C)C)C(C)C)C(C)C,C6D6,[2H]c1c([2H])c([2H])c([2H])c([2H])c1[2H],65,3079
CC(C)N(B1P2B(N(C(C)C)C(C)C)P1[Si]21P2B(N(C(C)C)C(C)C)P1B2N(C(C)C)C(C)C)C(C)C,C6D6,[2H]c1c([2H])c([2H])c([2H])c([2H])c1[2H],45.7,3080
CC(C)N(B1PB(N(C(C)C)C(C)C)P1[Si]1(Cl)P2B(N(C(C)C)C(C)C)P1B2N(C(C)C)C(C)C)C(C)C,C6D6,[2H]c1c([2H])c([2H])c([2H])c([2H])c1[2H],46.9;44.3,3081
CCN(CC)B(C1B(N(CC)CC)C([Si](C)(C)C)([Si](C)(C)C)B1N(CC)CC)C(C)(C)C,CDCl3,[2H]C(Cl)(Cl)Cl,45,3082
F[B-](F)(F)c1ccccc1C[P+](c1ccccc1)(c1ccccc1)c1ccccc1,d6-DMSO,[2H]C([2H])([2H])S(=O)C([2H])([2H])[2H],3.07,3094
F[B-](F)(F)c1cccc(C[P+](c2ccccc2)(c2ccccc2)c2ccccc2)c1,d6-DMSO,[2H]C([2H])([2H])S(=O)C([2H])([2H])[2H],3.01,3095
F[B-](F)(F)c1ccc(C[P+](c2ccccc2)(c2ccccc2)c2ccccc2)cc1,d6-DMSO,[2H]C([2H])([2H])S(=O)C([2H])([2H])[2H],3.24,3096
Cc1ccccc1-c1cccc2c1[BH-]([n+]1ccccc1)c1cccc(C)c1-2,C6D6,[2H]c1c([2H])c([2H])c([2H])c([2H])c1[2H],-0.6,3099
Cc1ccccc1-c1cccc(-c2ccccc2C)c1[BH2-][n+]1ccccc1,C6D6,[2H]c1c([2H])c([2H])c([2H])c([2H])c1[2H],-6.1,3101
[BH3-][P+](CP(c1ccccc1)c1ccccc1)(c1ccccc1)c1ccccc1,CDCl3,[2H]C(Cl)(Cl)Cl,-37.1,3102
c1ccc(C2OB(c3ccccc3CN3CCCC3)OC2c2ccccc2)cc1,CDCl3,[2H]C(Cl)(Cl)Cl,13.2,3104
c1ccc(C2OB(c3ccccc3CN3CCCC3)OC2c2ccccc2)cc1,CD3OD,[2H]OC([2H])([2H])[2H],9,3104
C=CCCc1cc[n+]2c(c1)-c1cc(CCC=C)cc[n+]1[B-]2(Br)c1ccc(C)cc1.[Br-],CDCl3,[2H]C(Cl)(Cl)Cl,6.5,3105
CC(C)(C)[N+]#C[B-]1(c2c(F)c(F)c(F)c(F)c2F)N(C(C)(C)C)B(c2c(F)c(F)c(F)c(F)c2F)N1C(C)(C)C,CDCl3,[2H]C(Cl)(Cl)Cl,34.0;-14.7,3108
CC(C)(C)[N+]#C[B-]1(C(C)(C)C)N(c2c(F)c(F)c(F)c(F)c2F)B(C(C)(C)C)N1c1c(F)c(F)c(F)c(F)c1F,CDCl3,[2H]C(Cl)(Cl)Cl,21.1,3109
CC1(C)c2ccccc2[B-]2(OCC(c3ccccc3)(c3ccccc3)O2)[N+]1(C)C,CDCl3,[2H]C(Cl)(Cl)Cl,14.3,3110
C=CCN1C(=O)c2ccccc2C(C(=O)O)C1c1ccc(B2OC(C)(C)C(C)(C)O2)cc1,CDCl3,[2H]C(Cl)(Cl)Cl,30.8,3111
CC(C)N(B(Nc1ccccc1)C1c2ccccc2-c2ccccc21)C(C)C,CDCl3,[2H]C(Cl)(Cl)Cl,30.8,3114
COC(=O)C1(C(=O)OC)Cc2cc(B3OC(C)(C)C(C)(C)O3)c(-c3ccccc3)cc2C1,C6D6,[2H]c1c([2H])c([2H])c([2H])c([2H])c1[2H],32,3115
Br[B-](Br)(Br)Br.Cc1ccc([B-]2(Br)[n+]3ccc(CCCCB(Br)Br)cc3-c3cc(CCCCB(Br)Br)cc[n+]32)cc1,CD2Cl2,[2H]C([2H])(Cl)Cl,57.3;6.5,3117
CC[B-]1(CC)OC(c2ccccc2)(c2ccccc2)c2ccccc2[N+]1(C)C,CDCl3,[2H]C(Cl)(Cl)Cl,7.6,3119
CCCN1C(=O)c2ccccc2C(C(=O)O)C1c1ccc(B2OC(C)(C)C(C)(C)O2)cc1,CDCl3,[2H]C(Cl)(Cl)Cl,30.5,3120
Cc1cc(CN(C)C)c(OB(c2ccccc2)c2ccccc2)c(CN(C)C)c1,CDCl3,[2H]C(Cl)(Cl)Cl,4.97,3121
C[SiH](C)/C(=C(\B(c1ccccc1)c1ccccc1)c1ccccc1)[Sn](C)(C)C,C6D6,[2H]c1c([2H])c([2H])c([2H])c([2H])c1[2H],68.1,3123
CB1OC(=C(c2ccccc2)c2ccccc2)[C@@H](C=NC(C)(C)C)N1C(C)(C)C,C6D6,[2H]c1c([2H])c([2H])c([2H])c([2H])c1[2H],34.5,3128
c1ccc([P+]2(c3ccccc3)CCCCC[B-]23C2CCCC3CCC2)cc1,CDCl3,[2H]C(Cl)(Cl)Cl,-11.08,3134
CC(C)(C)N([Cd]c1ccccc1)B(c1ccccc1)N1C(C)(C)CCCC1(C)C,C6D6,[2H]c1c([2H])c([2H])c([2H])c([2H])c1[2H],35.4,3144
CC(C)(C)B1OC(c2ccccc2)(c2ccccc2)B(C(C)(C)C)N1C(C)(C)C,CDCl3,[2H]C(Cl)(Cl)Cl,56.0;40.9,3146
CC(C)(C)N(BN1C(C)(C)CCCC1(C)C)[SiH](c1ccccc1)c1ccccc1,C6D6,[2H]c1c([2H])c([2H])c([2H])c([2H])c1[2H],37.7,3149
CC[B-]1(OC(C)=O)OC(C2CCCCC2)(C2CCCCC2)c2ccccc2[N+]1(C)C,CDCl3,[2H]C(Cl)(Cl)Cl,7.7,3151
CC(C)(C)c1cc2c(c(C(C)(C)C)c1)OB(C1=CC([Si](C)(C)C)([Si](C)(C)C)C=C1)O2,CDCl3,[2H]C(Cl)(Cl)Cl,27.9,3154
CC[B-]1(CC)OC(C2CCCCC2)(C2CCCCC2)c2ccccc2[N+]1(C)C,CDCl3,[2H]C(Cl)(Cl)Cl,6.9,3155
C=C1CC[B-](=[N+](C(C)C)C(C)C)/C(=N\c2c(C)cccc2C)[B-]1=[N+](C(C)C)C(C)C,C6D6,[2H]c1c([2H])c([2H])c([2H])c([2H])c1[2H],38,3159
CCC[Si](CCC)(CCC)OB(O[Si](CCC)(CCC)CCC)c1ccc(C)cc1,CDCl3,[2H]C(Cl)(Cl)Cl,26.3,3162
CC(C)(C)N(BN1C(C)(C)CCCC1(C)C)B(C1CCCCC1)C1CCCCC1,C6D6,[2H]c1c([2H])c([2H])c([2H])c([2H])c1[2H],35.5,3164
CCCCB(CCCC)N(B(CCCC)N1C(C)(C)CCCC1(C)C)C(C)(C)C,C6D6,[2H]c1c([2H])c([2H])c([2H])c([2H])c1[2H],46.1;40.9,3165
CCCC[Sn](CCCC)(CCCC)N(BN1C(C)(C)CCCC1(C)C)C(C)(C)C,C6D6,[2H]c1c([2H])c([2H])c([2H])c([2H])c1[2H],39.2,3166
CB(N=P(C(C)(C)C)(C(C)(C)C)C(C)(C)C)N=P(C(C)(C)C)(C(C)(C)C)C(C)(C)C,C6D6,[2H]c1c([2H])c([2H])c([2H])c([2H])c1[2H],29.8,3167
c1ccc2c(c1)OB(C(B1Oc3ccccc3O1)=C(B1Oc3ccccc3O1)B1Oc3ccccc3O1)O2,CD3OD,[2H]OC([2H])([2H])[2H],29.9,3172
c1ccc(B2Oc3ccc4ccccc4c3-c3c(ccc4ccccc34)O2)cc1,CDCl3,[2H]C(Cl)(Cl)Cl,26.4,3174
c1cc(B(c2cccs2)c2cccs2)nc(-c2cccc(B(c3cccs3)c3cccs3)n2)c1,d8-THF,[2H]C1([2H])OC([2H])([2H])C([2H])([2H])C1([2H])[2H],1,3176
c1ccc2c(c1)OB(C(B1Oc3ccccc3O1)C(B1Oc3ccccc3O1)B1Oc3ccccc3O1)O2,CD3OD,[2H]OC([2H])([2H])[2H],32.5,3177
c1ccc(B2Oc3ccccc3N2CCN2B(c3ccccc3)Oc3ccccc32)cc1,CDCl3,[2H]C(Cl)(Cl)Cl,32.5,3183
C1=NN(c2ccccc2)B(OB2N(c3ccccc3)C=NN2c2ccccc2)N1c1ccccc1,CD2Cl2,[2H]C([2H])(Cl)Cl,20.5,3184
Br[BH-]1[P+](c2ccccc2)(c2ccccc2)C=C[P+]1(c1ccccc1)c1ccccc1.[Br-],CDCl3,[2H]C(Cl)(Cl)Cl,-22.6,3185
CC1(C)OB(c2ccc3ccccc3c2-c2c(Br)ccc3ccccc23)OC1(C)C,CDCl3,[2H]C(Cl)(Cl)Cl,30.8,3187
[BH2-]1[P+](c2ccccc2)(c2ccccc2)C=C[P+]1(c1ccccc1)c1ccccc1.[Br-],CDCl3,[2H]C(Cl)(Cl)Cl,-35.2,3189
CC1(C)OB(c2ccc3ccccc3c2-c2cccc3ccccc23)OC1(C)C,CDCl3,[2H]C(Cl)(Cl)Cl,30.8,3190
C[Ge](C)(c1ccccc1)[B-](c1ccccc1)(c1ccccc1)c1ccccc1.[Li+],CD3CN,[2H]C([2H])([2H])C#N,-8.3,3192
C[Si](C)(c1ccccc1)[B-](c1ccccc1)(c1ccccc1)c1ccccc1.[Li+],CD3CN,[2H]C([2H])([2H])C#N,-11.4,3193
C[Si](C)(C)c1cc2ccccc2c2c1OB(Cl)Oc1c([Si](C)(C)C)cc3ccccc3c1-2,CDCl3,[2H]C(Cl)(Cl)Cl,23.5,3194
CO[B-](OC)(c1ccccc1)c1cccc(-c2cccc([B-](OC)(OC)c3ccccc3)n2)n1.[Li+].[Li+],d8-THF,[2H]C1([2H])OC([2H])([2H])C([2H])([2H])C1([2H])[2H],6.7,3195
C=CCCc1cc[n+]2c(c1)-c1cc(CCC=C)cc[n+]1[B-]2(C)c1ccc(C)cc1.[Br-],CDCl3,[2H]C(Cl)(Cl)Cl,7.5,3198
C=CCCc1cc[n+]2c(c1)-c1cc(CCC=C)cc[n+]1[B-]2(OC)c1ccc(C)cc1.[Br-],CDCl3,[2H]C(Cl)(Cl)Cl,9.8,3199
Cc1cc(C)c(B(B(c2c(C)cc(C)cc2C)n2cccc2)n2cccc2)c(C)c1,CDCl3,[2H]C(Cl)(Cl)Cl,60,3200
COC(=O)[C@H]1CC(=C(c2ccccc2)c2ccccc2)C[C@@H]1B1OC(C)(C)C(C)(C)O1,C6D6,[2H]c1c([2H])c([2H])c([2H])c([2H])c1[2H],33.7,3205
COB(C)[B-]1(OC)c2cc(C)cc(C)c2-c2cccc(-c3c(C)cc(C)cc3C)c21.[Li+],C6D6,[2H]c1c([2H])c([2H])c([2H])c([2H])c1[2H],3.1;-17.6,3206
CC[B-]1(CC)OC(c2ccccc2)(c2ccccc2)Cc2ccccc2[N+]1(C)C,CDCl3,[2H]C(Cl)(Cl)Cl,7.9,3207
CCCCN1C(=O)c2ccccc2[C@@H](C(=O)O)[C@H]1c1ccc(B2OC(C)(C)C(C)(C)O2)cc1,CDCl3,[2H]C(Cl)(Cl)Cl,30.7,3208
C(=C(/B(C1CCCCC1)C1CCCCC1)c1ccccc1)\c1ccccc1,d8-Toluene,[2H]c1c([2H])c([2H])c(C([2H])([2H])[2H])c([2H])c1[2H],76,3209
C[SiH](C)C1=C(B2C3CCCC2CCC3)CC[Si]1(c1ccccc1)c1ccccc1,C6D6,[2H]c1c([2H])c([2H])c([2H])c([2H])c1[2H],86,3212
C=CCB(CC=C)/C(CC=C)=C(\[SiH](c1ccccc1)c1ccccc1)[Si](C)(C)C,C6D6,[2H]c1c([2H])c([2H])c([2H])c([2H])c1[2H],54,3213
C=CCB(CC=C)/C(CC=C)=C(/[SiH](c1ccccc1)c1ccccc1)[Si](C)(C)C,C6D6,[2H]c1c([2H])c([2H])c([2H])c([2H])c1[2H],81.1,3214
C=CCB1CCC[Si](c2ccccc2)(c2ccccc2)C([Si](C)(C)C)=C1CC=C,C6D6,[2H]c1c([2H])c([2H])c([2H])c([2H])c1[2H],81.4,3215
CC(C)N(C(=O)c1ccccc1[B-]1(F)OC(=[N+](C(C)C)C(C)C)c2ccccc21)C(C)C,CDCl3,[2H]C(Cl)(Cl)Cl,10,3216
CC(C)[N+](=C1O[B-]2(OC(=[N+](C(C)C)C(C)C)c3ccccc32)c2ccccc21)C(C)C.[Cl-],CDCl3,[2H]C(Cl)(Cl)Cl,11.7,3217
CN(C)B1OC(=C(c2ccccc2)c2ccccc2)[C@@H](/C=N/C(C)(C)C)N1C(C)(C)C,C6D6,[2H]c1c([2H])c([2H])c([2H])c([2H])c1[2H],24.8,3218
CB1OP(c2ccccc2)(c2ccccc2)(c2ccccc2)C1([Si](C)(C)C)[Si](C)(C)C,d8-Toluene,[2H]c1c([2H])c([2H])c(C([2H])([2H])[2H])c([2H])c1[2H],55.2,3220
CC(C)B(B1OB(N(C(C)C)C(C)C)[C@H]2c3ccccc3[C@@H]1c1ccccc12)C(C)C,CDCl3,[2H]C(Cl)(Cl)Cl,28.2,3223
CC(C)c1cccc(C(C)C)c1NB(Cl)Oc1c(C(C)(C)C)cccc1C(C)(C)C,CDCl3,[2H]C(Cl)(Cl)Cl,26.1,3224
CC(C)c1cccc(C(C)C)c1NB(F)Oc1c(C(C)(C)C)cccc1C(C)(C)C,CDCl3,[2H]C(Cl)(Cl)Cl,18.3,3225
CCC(C)(c1ccccc1)N1C=CN(C(C)(CC)c2ccccc2)B1C[Si](C)(C)C,C6D6,[2H]c1c([2H])c([2H])c([2H])c([2H])c1[2H],28.4,3226
CCCC/C(B1OC(C)(C)C(C)(C)O1)=C(/C#C[Si](C)(C)C)c1ccc(C(=O)OCC)cc1,CDCl3,[2H]C(Cl)(Cl)Cl,31,3227
Cc1cc(C)c(B(OC(C)(C)C)B(OC(C)(C)C)c2c(C)cc(C)cc2C)c(C)c1,C6D6,[2H]c1c([2H])c([2H])c([2H])c([2H])c1[2H],57,3230
Cc1cc(C)c(B(SC(C)(C)C)B(SC(C)(C)C)c2c(C)cc(C)cc2C)c(C)c1,CDCl3,[2H]C(Cl)(Cl)Cl,77,3231
CC1(C)OB(C(B2OC(C)(C)C(C)(C)O2)=C(B2OC(C)(C)C(C)(C)O2)c2ccccc2)OC1(C)C,CDCl3,[2H]C(Cl)(Cl)Cl,30.58,3233
COC(=O)[B@@H-](Sc1ccccc1)[P+](C1CCCCC1)(C1CCCCC1)C1CCCCC1,CDCl3,[2H]C(Cl)(Cl)Cl,-38.4,3235
Cc1cc(C)c(B(NC(C)(C)C)B(NC(C)(C)C)c2c(C)cc(C)cc2C)c(C)c1,C6D6,[2H]c1c([2H])c([2H])c([2H])c([2H])c1[2H],45.3,3236
c1cc(CCCB2C3CCCC2CCC3)[nH]c1CCCB1C2CCCC1CCC2,C6D6,[2H]c1c([2H])c([2H])c([2H])c([2H])c1[2H],88.2,3237
CCC(C)N(B1OB(N(C(C)CC)C(C)CC)C2c3ccccc3C=CC12)C(C)CC,CDCl3,[2H]C(Cl)(Cl)Cl,36.3,3238
CC(C)(C)N1C=CN(C(C)(C)C)B1c1ccc(B2N(C(C)(C)C)C=CN2C(C)(C)C)cc1,C6D6,[2H]c1c([2H])c([2H])c([2H])c([2H])c1[2H],25.9,3239
CC(C)(C)N1C=CN(C(C)(C)C)B1c1cccc(B2N(C(C)(C)C)C=CN2C(C)(C)C)c1,C6D6,[2H]c1c([2H])c([2H])c([2H])c([2H])c1[2H],25.8,3240
CC(C)(C)N1CCN(C(C)(C)C)B1c1ccc(B2N(C(C)(C)C)CCN2C(C)(C)C)cc1,C6D6,[2H]c1c([2H])c([2H])c([2H])c([2H])c1[2H],31.8,3246
CC(C)(C)N1CCN(C(C)(C)C)B1c1cccc(B2N(C(C)(C)C)CCN2C(C)(C)C)c1,C6D6,[2H]c1c([2H])c([2H])c([2H])c([2H])c1[2H],32.2,3247
CC12B3C[C@H]4C[C@@H]5C[C@H](C4)C[C@]3(C5)C(C)(B3C[C@H]4C[C@@H]5C[C@H](C4)C[C@@]31C5)[Si](C)(C)[Si]2(C)C,CDCl3,[2H]C(Cl)(Cl)Cl,86,3248
CC(C)(C)C(OB(F)OC(C(C)(C)C)(C(C)(C)C)C(C)(C)C)(C(C)(C)C)C(C)(C)C,CDCl3,[2H]C(Cl)(Cl)Cl,11.5,3251
CC1(C)CCCC(C)(C)N1B1P(C(C)(C)C)B(N2C(C)(C)CCCC2(C)C)P1C(C)(C)C,C6D6,[2H]c1c([2H])c([2H])c([2H])c([2H])c1[2H],63.2,3253
CC(C)(C)B1OC2=C(OB(C(C)(C)C)N(C(C)(C)C)B2C(C)(C)C)B(C(C)(C)C)N1C(C)(C)C,CDCl3,[2H]C(Cl)(Cl)Cl,52.9;37.6,3256
[OH+]=C(O/C=C\[B-](c1c(F)c(F)c(F)c(F)c1F)(c1c(F)c(F)c(F)c(F)c1F)c1c(F)c(F)c(F)c(F)c1F)c1ccccc1,CD2Cl2,[2H]C([2H])(Cl)Cl,2.3,3267
c1ccc(-c2ccc3c4c2ccc[n+]4[B-](c2ccccc2)(c2ccccc2)O3)cc1,CDCl3,[2H]C(Cl)(Cl)Cl,12.3,3269
c1cnc2cc(NB(Nc3ccc4cccnc4c3)Nc3ccc4cccnc4c3)ccc2c1,d8-Toluene,[2H]c1c([2H])c([2H])c(C([2H])([2H])[2H])c([2H])c1[2H],24.7,3271
O=C(c1ccccc1)c1ccccc1B1OCC(c2ccccc2)(c2ccccc2)O1,CDCl3,[2H]C(Cl)(Cl)Cl,32.3,3272
Cc1ccc2c(c1)OB(c1cc(B3Oc4ccc(C)cc4O3)cc(B3Oc4ccc(C)cc4O3)c1)O2,CD3OD,[2H]OC([2H])([2H])[2H],29.6,3273
CC(C)P(=[NH+][B-](c1c(F)c(F)c(F)c(F)c1F)(c1c(F)c(F)c(F)c(F)c1F)c1c(F)c(F)c(F)c(F)c1F)(C(C)C)C(C)C,CD2Cl2,[2H]C([2H])(Cl)Cl,-7.5,3274
CC1Cc2ccccc2N1B(N1c2ccccc2CC1C)N1c2ccccc2CC1C,C6D6,[2H]c1c([2H])c([2H])c([2H])c([2H])c1[2H],29.6,3275
c1ccc(B2Oc3ccccc3N2CCCN2B(c3ccccc3)Oc3ccccc32)cc1,CDCl3,[2H]C(Cl)(Cl)Cl,34.1,3276
[BH3-][P+](C(C)=C(c1ccccc1)c1ccccc1)(c1ccccc1)c1ccccc1,CDCl3,[2H]C(Cl)(Cl)Cl,-31.7,3277
[BH3-][N+]1=C(c2ccccc2[P+]([BH3-])(c2ccccc2)c2ccccc2)OC[C@@H]1c1ccccc1,CDCl3,[2H]C(Cl)(Cl)Cl,-36.5;-19.4,3279
Cc1ccc(S(=O)(=O)N2Cc3cc(B4OC(C)(C)C(C)(C)O4)c(-c4ccccc4)cc3C2)cc1,C6D6,[2H]c1c([2H])c([2H])c([2H])c([2H])c1[2H],32,3280
CC(C)(C)c1cc2c(c(C(C)(C)C)c1)O[B@@-]1(c3ccccc3)Oc3ccccc3[N@H+]1C2,d6-DMSO,[2H]C([2H])([2H])S(=O)C([2H])([2H])[2H],8.1,3283
C=CCCc1cc[n+]2c(c1)-c1cc(CCC=C)cc[n+]1[B-]2(OCC)c1ccc(C)cc1.[Br-],CDCl3,[2H]C(Cl)(Cl)Cl,9.1,3284
CC1(C)CCCC(C)(C)N1B(Cl)[Ge](c1ccccc1)(c1ccccc1)c1ccccc1,C6D6,[2H]c1c([2H])c([2H])c([2H])c([2H])c1[2H],47.3,3286
CC1(C)CCCC(C)(C)N1B(Cl)[Sn](c1ccccc1)(c1ccccc1)c1ccccc1,C6D6,[2H]c1c([2H])c([2H])c([2H])c([2H])c1[2H],50.1,3287
CC(C)(C)c1cc2c(c(C(C)(C)C)c1)O[B@@-]1(c3cccc(N)c3)Oc3ccccc3[N@H+]1C2,d6-DMSO,[2H]C([2H])([2H])S(=O)C([2H])([2H])[2H],9,3288
COB(OC)B(OC)c1c(-c2c(C)cc(C)cc2C)cccc1-c1c(C)cc(C)cc1C,C6D6,[2H]c1c([2H])c([2H])c([2H])c([2H])c1[2H],56.5;31.8,3291
C[SiH](C)C1=C(B2C3CCCC2CCC3)CCC[Si]1(c1ccccc1)c1ccccc1,C6D6,[2H]c1c([2H])c([2H])c([2H])c([2H])c1[2H],70.8,3293
CCCCN=C[C@@H]1C(=C(c2ccccc2)c2ccccc2)OB([Sn](C)(C)C)N1C(C)(C)C,C6D6,[2H]c1c([2H])c([2H])c([2H])c([2H])c1[2H],38.2,3294
CC(OC(=O)[B@H-](Br)[P+](C1CCCCC1)(C1CCCCC1)C1CCCCC1)c1ccccc1,CDCl3,[2H]C(Cl)(Cl)Cl,-38.3,3298
CC(C)N(B(P(c1ccccc1)c1ccccc1)[Si]([Si](C)(C)C)([Si](C)(C)C)[Si](C)(C)C)C(C)C,C6D6,[2H]c1c([2H])c([2H])c([2H])c([2H])c1[2H],55,3305
CC[B-](CC)(CC)[n+]1ccn(B(N2C(C)(C)CCCC2(C)C)n2cc[n+]([B-](CC)(CC)CC)c2)c1,CDCl3,[2H]C(Cl)(Cl)Cl,28.2;-0.8,3307
CC1(C)CCCC(C)(C)N1B=[Si]([Si](C)(C(C)(C)C)C(C)(C)C)[Si](C)(C(C)(C)C)C(C)(C)C,d8-THF,[2H]C1([2H])OC([2H])([2H])C([2H])([2H])C1([2H])[2H],87.7,3309
CCC[Si](CCC)(CCC)OB1OB(O[Si](CCC)(CCC)CCC)OB(O[Si](CCC)(CCC)CCC)O1,CDCl3,[2H]C(Cl)(Cl)Cl,15.4,3310
C[Si](C)(C)[Si](B1NB([Si]([Si](C)(C)C)([Si](C)(C)C)[Si](C)(C)C)NB([Si]([Si](C)(C)C)([Si](C)(C)C)[Si](C)(C)C)N1)([Si](C)(C)C)[Si](C)(C)C,C6D6,[2H]c1c([2H])c([2H])c([2H])c([2H])c1[2H],38,3311
C[n+]1ccc2ccccc2c1.O[B-](c1c(F)c(F)c(F)c(F)c1F)(c1c(F)c(F)c(F)c(F)c1F)c1c(F)c(F)c(F)c(F)c1F,CD2Cl2,[2H]C([2H])(Cl)Cl,-4.1,3312
CC/[N+](=C\C[B-](c1c(F)c(F)c(F)c(F)c1F)(c1c(F)c(F)c(F)c(F)c1F)c1c(F)c(F)c(F)c(F)c1F)c1ccccc1,C6D6,[2H]c1c([2H])c([2H])c([2H])c([2H])c1[2H],-12.9,3313
CC/[N+](=C/C[B-](c1c(F)c(F)c(F)c(F)c1F)(c1c(F)c(F)c(F)c(F)c1F)c1c(F)c(F)c(F)c(F)c1F)c1ccccc1,C6D6,[2H]c1c([2H])c([2H])c([2H])c([2H])c1[2H],-12.6,3314
[BH3-][P+]([BH2-][PH+](c1ccc(C(F)(F)F)cc1)c1ccc(C(F)(F)F)cc1)(c1ccc(C(F)(F)F)cc1)c1ccc(C(F)(F)F)cc1,CDCl3,[2H]C(Cl)(Cl)Cl,-33.6;-37.8,3319
C[N+](C)=[B-](C1c2ccccc2-c2ccccc21)C1c2ccccc2-c2ccccc21,CD2Cl2,[2H]C([2H])(Cl)Cl,42.31,3322
[2H][B-]([2H])([2H])[P+](C[C@@H](C(C)=O)P(=O)(c1ccccc1)c1ccccc1)(c1ccccc1)c1ccccc1,CDCl3,[2H]C(Cl)(Cl)Cl,-41,3324
Cc1ccc2c(c1)OB(c1ccccc1)N2CCN1B(c2ccccc2)Oc2cc(C)ccc21,CDCl3,[2H]C(Cl)(Cl)Cl,33.7,3325
Cc1ccc2c(c1)N(CCN1B(c3ccccc3)Oc3ccc(C)cc31)B(c1ccccc1)O2,CDCl3,[2H]C(Cl)(Cl)Cl,34.4,3326
CC1(C)OB(c2ccc([C@@H]3[C@H](C(=O)O)c4ccccc4C(=O)N3c3ccc(Br)cc3)cc2)OC1(C)C,d6-DMSO,[2H]C([2H])([2H])S(=O)C([2H])([2H])[2H],27.7,3327
CC1(C)OB(c2ccc([C@@H]3[C@H](C(=O)O)c4ccccc4C(=O)N3c3ccc(F)cc3)cc2)OC1(C)C,d6-DMSO,[2H]C([2H])([2H])S(=O)C([2H])([2H])[2H],28.2,3329
CC1(C)OB(c2ccc([C@@H]3[C@H](C(=O)O)c4ccccc4C(=O)N3c3ccc([N+](=O)[O-])cc3)cc2)OC1(C)C,d6-DMSO,[2H]C([2H])([2H])S(=O)C([2H])([2H])[2H],32.2,3331
Cc1cc(C)c(B(c2c(C)cc(C)cc2C)c2cccc3cccc([Ga](Cl)Cl)c23)c(C)c1,C6D6,[2H]c1c([2H])c([2H])c([2H])c([2H])c1[2H],70.8,3332
Cc1cc(C)c(B(c2c(C)cc(C)cc2C)c2cccc3cccc([In](Cl)Cl)c23)c(C)c1,C6D6,[2H]c1c([2H])c([2H])c([2H])c([2H])c1[2H],70.5,3333
CN(C)B(B(N(C)C)n1c2ccccc2c2ccccc21)n1c2ccccc2c2ccccc21,C6D6,[2H]c1c([2H])c([2H])c([2H])c([2H])c1[2H],37.9,3335
[BH3-][P+](C[C@@H](C(C)=O)P(=O)(c1ccccc1)c1ccccc1)(c1ccccc1)c1ccccc1,CDCl3,[2H]C(Cl)(Cl)Cl,-40,3337
[BH3-][P+](C[C@@H]([C@@H](C)O)P(=O)(c1ccccc1)c1ccccc1)(c1ccccc1)c1ccccc1,CDCl3,[2H]C(Cl)(Cl)Cl,40,3341
CCC1=C(C)C2=C(C)c3c(C)c(CC)c(C)n3[B-](F)(c3ccc4ccccc4c3)[N+]2=C1C,CDCl3,[2H]C(Cl)(Cl)Cl,5.8,3343
CCO[P+]([BH2-]C#N)(OCC)OC1OC(Cn2ccc(NC(=O)c3ccccc3)nc2=O)CC1OC(=O)c1ccccc1,d6-DMSO,[2H]C([2H])([2H])S(=O)C([2H])([2H])[2H],-42.02,3344
CC1=C(c2ccccc2)B(c2ccccc2)C(c2ccccc2)=C(C)[Si](C)(C)[Si]1(C)C,d8-Toluene,[2H]c1c([2H])c([2H])c(C([2H])([2H])[2H])c([2H])c1[2H],72,3346
Cc1ccc2c(c1)[N@H+]1Cc3cc(C(C)(C)C)cc(C(C)(C)C)c3O[B@@-]1(c1ccccc1)O2,d6-DMSO,[2H]C([2H])([2H])S(=O)C([2H])([2H])[2H],8.7,3347
CC(C)N(B(c1cccn1Cc1ccccc1)c1cccn1Cc1ccccc1)C(C)C,CDCl3,[2H]C(Cl)(Cl)Cl,36.4,3348
Cc1ccc2c(c1)[N@H+]1Cc3cc(C(C)(C)C)cc(C(C)(C)C)c3O[B@@-]1(c1cccc(N)c1)O2,d6-DMSO,[2H]C([2H])([2H])S(=O)C([2H])([2H])[2H],8.7,3350
CC(C)(C)c1ccc2c(c1)OB(C1=CC=C(B3Oc4ccc(C(C)(C)C)cc4O3)C1[Si](C)(C)C)O2,CDCl3,[2H]C(Cl)(Cl)Cl,22.9,3351
[BH3-][P@@+]1(c2c(C)cc(C)cc2C)[C@@H]2C(C)=C[C@H]1[C@@H]1[C@H]2C(C)=CP1(=O)c1c(C)cc(C)cc1C,CDCl3,[2H]C(Cl)(Cl)Cl,-34.7,3353
CC(C)(C)C1=C(B2C3CCCC2CCC3)CC[Si]1(c1ccccc1)c1ccccc1,C6D6,[2H]c1c([2H])c([2H])c([2H])c([2H])c1[2H],83.2,3354
C/C(=C1/B(n2c3ccccc3c3ccccc32)C2CCCCCCC1CC2)[Sn](C)(C)C,C6D6,[2H]c1c([2H])c([2H])c([2H])c([2H])c1[2H],58.7,3355
CC(C)CB1OC(=C(c2ccccc2)c2ccccc2)C(/C=N\C(C)(C)C)N1C(C)(C)C,CD2Cl2,[2H]C([2H])(Cl)Cl,34.9,3359
[BH3-][P+]1(c2c(C)cc(C)cc2C)C=C(C)[C@@H]2[C@H]1[C@@H]1C=C(C)[C@H]2[P@@+]1([BH3-])c1c(C)cc(C)cc1C,CDCl3,[2H]C(Cl)(Cl)Cl,-33.9,3365
CC(C)(C)c1cc2c(c(C(C)(C)C)c1)O[B-]1(Cl)Oc3c(cc(C(C)(C)C)cc3C(C)(C)C)[NH+]21,CDCl3,[2H]C(Cl)(Cl)Cl,14.9,3367
C[Si](C)(C)C(B(C1C=Cc2ccccc21)C1C=Cc2ccccc21)([Si](C)(C)C)[Si](C)(C)C,C6D6,[2H]c1c([2H])c([2H])c([2H])c([2H])c1[2H],48.2,3369
CC(C)(C)c1cccc(C(C)(C)C)c1OB(F)Oc1c(C(C)(C)C)cccc1C(C)(C)C,CDCl3,[2H]C(Cl)(Cl)Cl,14,3372
CCC1=C(C)C2=C(C)c3c(C)c(CC)c(C)n3[B-](C#C[Si](C)(C)C)(C#C[Si](C)(C)C)[N+]2=C1C,CDCl3,[2H]C(Cl)(Cl)Cl,-11.1,3374
CB(C)c1c(B(C)C)c([B-](C)(C)[n+]2ccccc2)c(B(C)C)c(B(C)C)c1[B-](C)(C)[n+]1ccccc1,d8-THF,[2H]C1([2H])OC([2H])([2H])C([2H])([2H])C1([2H])[2H],55.4,3386
CO[B-](c1cccc(-c2cccc([B-](OC)(C(C)(C)C)C(C)(C)C)n2)n1)(C(C)(C)C)C(C)(C)C.[Li+].[Li+],d8-THF,[2H]C1([2H])OC([2H])([2H])C([2H])([2H])C1([2H])[2H],5.1,3390
C/C(=C1\CC2C[C@H]3CB1C[C@@H](C2)C3)[Si](C)(C)[Si](C)(C)/C(C)=C1/CC2C[C@H]3CB1C[C@@H](C2)C3,CDCl3,[2H]C(Cl)(Cl)Cl,82.5,3391
Cc1cc(C)c(P(B(Cl)C([Si](C)(C)C)([Si](C)(C)C)[Si](C)(C)C)c2c(C)cc(C)cc2C)c(C)c1,C6D6,[2H]c1c([2H])c([2H])c([2H])c([2H])c1[2H],73.2,3392
C[Sn](C)(C)C(=C=C1CCCCB(n2ccc3ccccc32)C1([Sn](C)(C)C)[Sn](C)(C)C)[Sn](C)(C)C,C6D6,[2H]c1c([2H])c([2H])c([2H])c([2H])c1[2H],54,3393
Cc1cc(C)c(PB(Pc2c(C)cc(C)cc2C)C([Si](C)(C)C)([Si](C)(C)C)[Si](C)(C)C)c(C)c1,C6D6,[2H]c1c([2H])c([2H])c([2H])c([2H])c1[2H],83.4,3396
CC(C)N(B(Cl)c1ccc(B(c2ccc(B(Cl)N(C(C)C)C(C)C)n2C)N(C(C)C)C(C)C)n1C)C(C)C,C6D6,[2H]c1c([2H])c([2H])c([2H])c([2H])c1[2H],35,3397
C[Si](C)(C)C12B3CC4C[C@@H]5C[C@H](C4)C[C@]3(C5)C([Si](C)(C)C)(B3CC4C[C@@H]5C[C@H](C4)C[C@@]31C5)[Sn]2(C)C,CDCl3,[2H]C(Cl)(Cl)Cl,84.9,3398
CC(C)(C)B(N1B(C(C)(C)C)[N+](C(C)(C)C)=[B-]1C(C)(C)C)N1B(C(C)(C)C)[N+](C(C)(C)C)=[B-]1C(C)(C)C,C6D6,[2H]c1c([2H])c([2H])c([2H])c([2H])c1[2H],41.5,3404
CCB(CC)C1=C([Si](C)(C)C)[Sn](N([Si](C)(C)C)[Si](C)(C)C)(N([Si](C)(C)C)[Si](C)(C)C)C([Si](C)(C)C)=C1CC,C6D6,[2H]c1c([2H])c([2H])c([2H])c([2H])c1[2H],87,3405
CC(C)(C)[NH2+][B-](c1c(F)c(F)c(F)c(F)c1F)(c1c(F)c(F)c(F)c(F)c1F)C1c2ccccc2-c2ccccc21,CDCl3,[2H]C(Cl)(Cl)Cl,-4.2,3414
C[Si](C)(C)C(c1ccccc1)C(B(c1c(F)c(F)c(F)c(F)c1F)c1c(F)c(F)c(F)c(F)c1F)c1ccc(F)cc1,C6D6,[2H]c1c([2H])c([2H])c([2H])c([2H])c1[2H],74.8,3415
C[Si](C)(C)C(c1ccc(F)cc1)C(B(c1c(F)c(F)c(F)c(F)c1F)c1c(F)c(F)c(F)c(F)c1F)c1ccccc1,C6D6,[2H]c1c([2H])c([2H])c([2H])c([2H])c1[2H],74.7,3416
C[Si](C)(C)[C@H](c1ccccc1)[C@H](B(c1c(F)c(F)c(F)c(F)c1F)c1c(F)c(F)c(F)c(F)c1F)c1ccccc1,C6D6,[2H]c1c([2H])c([2H])c([2H])c([2H])c1[2H],65.8,3417
C[Si](C)(C)C(B(c1c(F)c(F)c(F)c(F)c1F)c1c(F)c(F)c(F)c(F)c1F)C(c1ccccc1)c1ccccc1,C6D6,[2H]c1c([2H])c([2H])c([2H])c([2H])c1[2H],78.4,3418
CC(C)(C)c1ccc([B-]2(c3ccc(C(C)(C)C)cc3)Oc3cccc4ccc[n+]2c34)cc1,CDCl3,[2H]C(Cl)(Cl)Cl,12,3422
Cc1ccc2c(c1)OB(c1ccccc1)N2CCCN1B(c2ccccc2)Oc2cc(C)ccc21,CDCl3,[2H]C(Cl)(Cl)Cl,34.1,3423
Cc1ccc2c(c1)N(CCCN1B(c3ccccc3)Oc3ccc(C)cc31)B(c1ccccc1)O2,CDCl3,[2H]C(Cl)(Cl)Cl,34.2,3424
COc1ccc(N2C(=O)c3ccccc3[C@@H](C(=O)O)[C@H]2c2ccc(B3OC(C)(C)C(C)(C)O3)cc2)cc1,CDCl3,[2H]C(Cl)(Cl)Cl,28.9,3425
CC(C)(C)c1ccc([B-]2(c3ccc(C(C)(C)C)cc3)Oc3ccc(Cl)c4ccc[n+]2c34)cc1,CDCl3,[2H]C(Cl)(Cl)Cl,12,3426
CC(C)(C)c1ccc([B-]2(c3ccc(C(C)(C)C)cc3)Oc3ccc([N+](=O)[O-])c4ccc[n+]2c34)cc1,CDCl3,[2H]C(Cl)(Cl)Cl,13,3427
CC(=O)c1ccc([B@-]23Oc4ccccc4[N@H+]2Cc2cc(C(C)(C)C)cc(C(C)(C)C)c2O3)cc1,CDCl3,[2H]C(Cl)(Cl)Cl,7.4,3432
CC(=O)c1cccc([B@-]23Oc4ccccc4[N@H+]2Cc2cc(C(C)(C)C)cc(C(C)(C)C)c2O3)c1,CDCl3,[2H]C(Cl)(Cl)Cl,8.6,3433
CB1N(C(C)C)B(C)N(C(C)C)B([Ge](c2ccccc2)(c2ccccc2)c2ccccc2)N1C(C)C,C6D6,[2H]c1c([2H])c([2H])c([2H])c([2H])c1[2H],41.4;38.5,3436
Cc1cccc(C)c1N=C1B(N(C(C)(C)C)[Si](C)(C)C)N(C(C)(C)C)C1=Nc1c(C)cccc1C,CDCl3,[2H]C(Cl)(Cl)Cl,41,3437
CC(C)N(B(c1ccc(B(N(C(C)C)C(C)C)N(C(C)C)C(C)C)n1C)N(C(C)C)C(C)C)C(C)C,C6D6,[2H]c1c([2H])c([2H])c([2H])c([2H])c1[2H],33.7,3447
C[Se]B([Se]C)c1c(C([Si](C)(C)C)[Si](C)(C)C)cc(C([Si](C)(C)C)[Si](C)(C)C)cc1C([Si](C)(C)C)[Si](C)(C)C,C6D6,[2H]c1c([2H])c([2H])c([2H])c([2H])c1[2H],76.6,3448
Fc1c(F)c(F)c(B(c2c(F)c(F)c(F)c(F)c2F)c2c(F)c(F)c(F)c(F)c2B(c2c(F)c(F)c(F)c(F)c2F)c2c(F)c(F)c(F)c(F)c2F)c(F)c1F,CD2Cl2,[2H]C([2H])(Cl)Cl,41.7,3450
Fc1c(F)c(F)c([B-]2(c3c(F)c(F)c(F)c(F)c3F)[F+][B-](c3c(F)c(F)c(F)c(F)c3F)(c3c(F)c(F)c(F)c(F)c3F)c3c(F)c(F)c(F)c(F)c32)c(F)c1F.[K+],CD2Cl2,[2H]C([2H])(Cl)Cl,0.3,3451
Fc1c(F)c(F)c([B-]2(c3c(F)c(F)c(F)c(F)c3F)[OH+][B-](c3c(F)c(F)c(F)c(F)c3F)(c3c(F)c(F)c(F)c(F)c3F)c3c(F)c(F)c(F)c(F)c32)c(F)c1F.[K+],CD2Cl2,[2H]C([2H])(Cl)Cl,2.8,3452
Fc1c(F)c(F)c([B-](c2c(F)c(F)c(F)c(F)c2F)(c2c(F)c(F)c(F)c(F)c2F)[PH+](c2ccccc2)c2ccccc2)c(F)c1F,C6D6,[2H]c1c([2H])c([2H])c([2H])c([2H])c1[2H],-9.4,3456
Fc1c(F)c(F)c(B(c2ccccc2N(c2ccccc2)c2ccccc2)c2c(F)c(F)c(F)c(F)c2F)c(F)c1F,C6D6,[2H]c1c([2H])c([2H])c([2H])c([2H])c1[2H],58.8,3457
Fc1c(F)c(F)c([B-](Cl)(c2ccccc2[NH+](c2ccccc2)c2ccccc2)c2c(F)c(F)c(F)c(F)c2F)c(F)c1F,CD2Cl2,[2H]C([2H])(Cl)Cl,-2.2,3458
Fc1c(F)c(F)c([B-](Cl)(c2ccccc2N(c2ccccc2)c2ccccc2)c2c(F)c(F)c(F)c(F)c2F)c(F)c1F.[Li+],CD2Cl2,[2H]C([2H])(Cl)Cl,-2.4,3459
O[B-](c1ccccc1[NH+](c1ccccc1)c1ccccc1)(c1c(F)c(F)c(F)c(F)c1F)c1c(F)c(F)c(F)c(F)c1F,C6D6,[2H]c1c([2H])c([2H])c([2H])c([2H])c1[2H],-0.8,3460
Fc1c(F)c(F)c([B-]23OCC[N+]4=Cc5ccccc5O[B-]4(c4c(F)c(F)c(F)c(F)c4F)OCC[N+]2=Cc2ccccc2O3)c(F)c1F,CDCl3,[2H]C(Cl)(Cl)Cl,2,3462
c1ccc2c(c1)OB(c1cc(B3Oc4ccccc4O3)c(B3Oc4ccccc4O3)cc1B1Oc3ccccc3O1)O2,CDCl3,[2H]C(Cl)(Cl)Cl,22.2,3463
CCP(CC)(CC)=[N+](B1Oc2ccccc2O1)[B-](c1c(F)c(F)c(F)c(F)c1F)(c1c(F)c(F)c(F)c(F)c1F)c1c(F)c(F)c(F)c(F)c1F,C6D6,[2H]c1c([2H])c([2H])c([2H])c([2H])c1[2H],28.0;-6.4,3466
C[Si](C)(C)[NH+]1[B-](c2c(F)c(F)c(F)c(F)c2F)(c2c(F)c(F)c(F)c(F)c2F)[NH+]([Si](C)(C)C)[B-]1(c1c(F)c(F)c(F)c(F)c1F)c1c(F)c(F)c(F)c(F)c1F,C6D6,[2H]c1c([2H])c([2H])c([2H])c([2H])c1[2H],-2.8,3467
COc1ccc(C(C(B(c2c(F)c(F)c(F)c(F)c2F)c2c(F)c(F)c(F)c(F)c2F)c2ccccc2)[Si](C)(C)C)cc1,C6D6,[2H]c1c([2H])c([2H])c([2H])c([2H])c1[2H],74.9,3468
COc1ccc(C(B(c2c(F)c(F)c(F)c(F)c2F)c2c(F)c(F)c(F)c(F)c2F)C(c2ccccc2)[Si](C)(C)C)cc1,C6D6,[2H]c1c([2H])c([2H])c([2H])c([2H])c1[2H],72.5,3469
Cc1ccc(C(C(B(c2c(F)c(F)c(F)c(F)c2F)c2c(F)c(F)c(F)c(F)c2F)c2ccccc2)[Si](C)(C)C)cc1,C6D6,[2H]c1c([2H])c([2H])c([2H])c([2H])c1[2H],77.1,3470
Cc1ccc(C(B(c2c(F)c(F)c(F)c(F)c2F)c2c(F)c(F)c(F)c(F)c2F)C(c2ccccc2)[Si](C)(C)C)cc1,C6D6,[2H]c1c([2H])c([2H])c([2H])c([2H])c1[2H],78.5,3471
Fc1c(F)c(F)c([B-](c2c(F)c(F)c(F)c(F)c2F)(c2c(F)c(F)c(F)c(F)c2F)[PH+](C2CCCCC2)C2CCCCC2)c(F)c1F,C6D6,[2H]c1c([2H])c([2H])c([2H])c([2H])c1[2H],-13.5,3472
Fc1ccc([B-]23OCC[N+]4=Cc5ccccc5O[B-]4(c4ccc(F)cc4F)OCC[N+]2=Cc2ccccc2O3)c(F)c1,CDCl3,[2H]C(Cl)(Cl)Cl,2.9,3473
Fc1ccc([B-]23OCC[N+]4=Cc5ccccc5O[B-]4(c4ccc(F)c(F)c4)OCC[N+]2=Cc2ccccc2O3)cc1F,CDCl3,[2H]C(Cl)(Cl)Cl,2.2,3474
Fc1cc(F)cc([B-]23OCC[N+]4=Cc5ccccc5O[B-]4(c4cc(F)cc(F)c4)OCC[N+]2=Cc2ccccc2O3)c1,CDCl3,[2H]C(Cl)(Cl)Cl,2.7,3475
[BH2-]1[P+](c2ccccc2)(c2ccccc2)c2ccccc2[P+]1(c1ccccc1)c1ccccc1.[Br-],CDCl3,[2H]C(Cl)(Cl)Cl,-32.5,3477
Brc1ccc([B-]23OCC[N+]4=Cc5ccccc5O[B-]4(c4ccc(Br)cc4)OCC[N+]2=Cc2ccccc2O3)cc1,CDCl3,[2H]C(Cl)(Cl)Cl,2.4,3478
Clc1cccc([B@@-]23OCC[N+]4=Cc5ccccc5O[B@@-]4(c4cccc(Cl)c4)OCC[N+]2=Cc2ccccc2O3)c1,CDCl3,[2H]C(Cl)(Cl)Cl,6.6,3479
Clc1ccc([B@@-]23OCC[N+]4=Cc5ccccc5O[B@@-]4(c4ccc(Cl)cc4)OCC[N+]2=Cc2ccccc2O3)cc1,CDCl3,[2H]C(Cl)(Cl)Cl,2.14,3480
c1ccc2c(c1)OB(CC(CCC(CB1Oc3ccccc3O1)B1Oc3ccccc3O1)B1Oc3ccccc3O1)O2,CDCl3,[2H]C(Cl)(Cl)Cl,35,3481
CC(C)(C)P(=[NH+][B-](c1c(F)c(F)c(F)c(F)c1F)(c1c(F)c(F)c(F)c(F)c1F)c1c(F)c(F)c(F)c(F)c1F)(C(C)(C)C)C(C)(C)C,CD2Cl2,[2H]C([2H])(Cl)Cl,-9.5,3484
Nc1cccc([B@@-]23OCC[N+]4=Cc5ccccc5O[B@@-]4(c4cccc(N)c4)OCC[N+]2=Cc2ccccc2O3)c1,d6-DMSO,[2H]C([2H])([2H])S(=O)C([2H])([2H])[2H],2.8,3488
CCC1=C(C)C2=C(c3ccc4[nH]c(-c5cccc(C)n5)nc4c3)c3c(C)c(CC)c(C)n3[B-](F)(F)[N+]2=C1C,CDCl3,[2H]C(Cl)(Cl)Cl,3.93,3491
Cc1cc(C)c(B(Sc2ccccc2)B(Sc2ccccc2)c2c(C)cc(C)cc2C)c(C)c1,CDCl3,[2H]C(Cl)(Cl)Cl,80.6,3493
CCC1=C(C)C2=C(c3ccc(NC(=O)Nc4ccccc4)cc3)c3c(C)c(CC)c(C)n3[B-](F)(F)[N+]2=C1C,CDCl3,[2H]C(Cl)(Cl)Cl,3.93,3494
CCC1=C(C)C2=C(c3ccc(NC(=S)Nc4ccccc4)cc3)c3c(C)c(CC)c(C)n3[B-](F)(F)[N+]2=C1C,CDCl3,[2H]C(Cl)(Cl)Cl,3.85,3495
CC(C)N1B([Ge](c2ccccc2)(c2ccccc2)c2ccccc2)N(C(C)C)c2ccccc21,C6D6,[2H]c1c([2H])c([2H])c([2H])c([2H])c1[2H],30.5,3496
CC(C)N1B([Pb](c2ccccc2)(c2ccccc2)c2ccccc2)N(C(C)C)c2ccccc21,C6D6,[2H]c1c([2H])c([2H])c([2H])c([2H])c1[2H],39.6,3497
CC(C)N1B([Si](c2ccccc2)(c2ccccc2)c2ccccc2)N(C(C)C)c2ccccc21,C6D6,[2H]c1c([2H])c([2H])c([2H])c([2H])c1[2H],29.9,3498
CC(C)N1B([Sn](c2ccccc2)(c2ccccc2)c2ccccc2)N(C(C)C)c2ccccc21,C6D6,[2H]c1c([2H])c([2H])c([2H])c([2H])c1[2H],32.4,3499
[BH3-][P+](C[C@@H](C(=O)CCC)P(=O)(c1ccccc1)c1ccccc1)(c1ccccc1)c1ccccc1,CDCl3,[2H]C(Cl)(Cl)Cl,-41,3500
CCC1=C(C)C2=C(C)c3c(C)c(CC)c(C)n3[B-](c3ccccc3)(c3ccccc3)[N+]2=C1C,CDCl3,[2H]C(Cl)(Cl)Cl,2.7,3504
C[Si](C)(C)C1(B(c2ccccc2)C2([Si](C)(C)C)C=Cc3ccccc32)C=Cc2ccccc21,C6D6,[2H]c1c([2H])c([2H])c([2H])c([2H])c1[2H],52.8,3505
CC(C)(C)/N=C1\N(C(C)(C)C)B(c2c(F)c(F)c(F)c(F)c2F)N(C(C)(C)C)[B-]1(C#[N+]C(C)(C)C)c1c(F)c(F)c(F)c(F)c1F,CDCl3,[2H]C(Cl)(Cl)Cl,38.0;-15.0,3506
C[Si](C)(C)C1=CC(B2Oc3ccccc3O2)=CC1[Si](C)(C)C1=CC(B2Oc3ccccc3O2)=CC1[Si](C)(C)C,CDCl3,[2H]C(Cl)(Cl)Cl,23,3508
CC(C)P(c1ccccc1B(c1ccccc1)c1ccccc1P(C(C)C)C(C)C)C(C)C,C6D6,[2H]c1c([2H])c([2H])c([2H])c([2H])c1[2H],43.1,3517
[BH3-][P+](Oc1c(C(C)(C)C)cc(C(C)(C)C)cc1C(C)(C)C)(c1ccccc1)c1ccccc1,CDCl3,[2H]C(Cl)(Cl)Cl,-38.6,3518
C[Sn](C)(C)C(C1B(n2c3ccccc3c3ccccc32)C2CCCCCCC1CC2)[Sn](C)(C)C,C6D6,[2H]c1c([2H])c([2H])c([2H])c([2H])c1[2H],60.8,3520
CC(C)CN(CC(C)C)B1OB(N(CC(C)C)CC(C)C)[C@H]2c3ccccc3[C@@H]1c1ccccc12,CDCl3,[2H]C(Cl)(Cl)Cl,28.2,3526
CC(C)CN(CC(C)C)B1OB(N(CC(C)C)CC(C)C)C2c3ccccc3-c3ccccc3C12,CDCl3,[2H]C(Cl)(Cl)Cl,35.9,3527
CCCCCCCC[Si@]1(C)OB(c2ccc(Br)cc2)O[Si@@](C)(CCCCCCCC)OB(c2ccc(Br)cc2)O1,CDCl3,[2H]C(Cl)(Cl)Cl,25.3,3530
CCCCCCCC[Si@]1(C)OB(c2cccc([N+](=O)[O-])c2)O[Si@@](C)(CCCCCCCC)OB(c2cccc([N+](=O)[O-])c2)O1,CDCl3,[2H]C(Cl)(Cl)Cl,26.3,3531
CC(C)P(C(C)C)(C(C)C)=[N+]1[B-]2(Oc3ccccc3O2)[N+](=P(C(C)C)(C(C)C)C(C)C)[B-]12Oc1ccccc1O2,C6D6,[2H]c1c([2H])c([2H])c([2H])c([2H])c1[2H],7.8,3534
CCCCCCCC[Si@]1(C)OB(c2ccccc2)O[Si@@](C)(CCCCCCCC)OB(c2ccccc2)O1,CDCl3,[2H]C(Cl)(Cl)Cl,25.1,3535
C[Si](C)(C)C(/C=C\C(=C1/CC2C[C@H]3CB1C[C@@H](C2)C3)[Si](C)(C)C)=C1/CC2C[C@H]3CB1C[C@@H](C2)C3,C6D6,[2H]c1c([2H])c([2H])c([2H])c([2H])c1[2H],79.9,3536
C[Si](C)(C)C(/C=C\C(=C1/C[C@@H]2C[C@@H]3CB1C[C@@H](C3)C2)[Si](C)(C)C)=C1\C[C@@H]2C[C@@H]3CB1C[C@@H](C3)C2,C6D6,[2H]c1c([2H])c([2H])c([2H])c([2H])c1[2H],78.3,3537
C[Si](C)(C)C12C=CC([Si](C)(C)C)(B3C4C[C@@H]5C[C@H](C4)C[C@@H](C5)C31)C13C[C@@H]4C[C@H](CB12)C[C@@H](C4)C3,C6D6,[2H]c1c([2H])c([2H])c([2H])c([2H])c1[2H],81.2,3538
CCCCCC[B-]1(CCCCCC)n2cc(I)c[n+]2[B-](CCCCCC)(CCCCCC)n2cc(I)c[n+]21,CDCl3,[2H]C(Cl)(Cl)Cl,3.58,3544
C[Si](C)(CCC1CC=CCC1)OB(O[Si](C)(C)CCC1CC=CCC1)O[Si](C)(C)CCC1CC=CCC1,CDCl3,[2H]C(Cl)(Cl)Cl,14.7,3545
CCCC[Si](CCCC)(CCCC)OB(O[Si](CCCC)(CCCC)CCCC)c1ccccc1,CDCl3,[2H]C(Cl)(Cl)Cl,26.2,3547
CCB(CC)c1c(B(CC)CC)c(B(CC)CC)c(B(CC)CC)c(B(CC)CC)c1B(CC)CC,C6D6,[2H]c1c([2H])c([2H])c([2H])c([2H])c1[2H],83.7,3549
CC[N+]1=[B-]2[N+](C(C)(C)C)=[B-](C(C)(C)C)C2(C(C)(C)C)[N+](CC)=[B-]2[N+](C(C)(C)C)=[B-](C(C)(C)C)C21C(C)(C)C,CDCl3,[2H]C(Cl)(Cl)Cl,50.1;33.2,3551
CC[N+]1=C2[B-](C(C)(C)C)=[N+](C(C)(C)C)[B-]2(C(C)(C)C)[N+](CC)=C2[B-](C(C)(C)C)=[N+](C(C)(C)C)[B-]21C(C)(C)C,d8-Toluene,[2H]c1c([2H])c([2H])c(C([2H])([2H])[2H])c([2H])c1[2H],41.4;4.4,3552
CN1B([Si]([Si](C)(C)C)([Si](C)(C)C)[Si](C)(C)C)N(C)B([Si]([Si](C)(C)C)([Si](C)(C)C)[Si](C)(C)C)N(C)B1[Si]([Si](C)(C)C)([Si](C)(C)C)[Si](C)(C)C,C6D6,[2H]c1c([2H])c([2H])c([2H])c([2H])c1[2H],42.2,3557
C[O+]1[B-](c2c(F)c(F)c(F)c(F)c2F)(c2c(F)c(F)c(F)c(F)c2F)c2c(F)c(F)c(F)c(F)c2[B-]1(c1c(F)c(F)c(F)c(F)c1F)c1c(F)c(F)c(F)c(F)c1F.c1ccc([C+](c2ccccc2)c2ccccc2)cc1,CD2Cl2,[2H]C([2H])(Cl)Cl,5.1,3558
CC(C)(C)c1ccc(-c2cccc3c2[BH-]([n+]2ccccc2)c2cc(C(C)(C)C)ccc2-3)cc1,C6D6,[2H]c1c([2H])c([2H])c([2H])c([2H])c1[2H],7.6,3564
Cc1cc(C)c(B(c2c(C)cc(C)cc2C)c2cccc3cccc(CN(C)C)c23)c(C)c1,CDCl3,[2H]C(Cl)(Cl)Cl,68.7,3569
CC(C)(C)c1ccc(-c2cccc(-c3ccc(C(C)(C)C)cc3)c2[BH2-][n+]2ccccc2)cc1,C6D6,[2H]c1c([2H])c([2H])c([2H])c([2H])c1[2H],-5.4,3570
Cc1cc(C)c(B(c2c(C)cc(C)cc2C)c2cccc3cccc([Sn](C)(C)C)c23)c(C)c1,C6D6,[2H]c1c([2H])c([2H])c([2H])c([2H])c1[2H],67.2,3571
CC(C)(C)N(B(c1ccccc1)N1C(C)(C)CCCC1(C)C)[Al](c1ccccc1)c1ccccc1,C6D6,[2H]c1c([2H])c([2H])c([2H])c([2H])c1[2H],42.1,3572
CC(C)(C)N(B(c1ccccc1)N1C(C)(C)CCCC1(C)C)[In](c1ccccc1)c1ccccc1,C6D6,[2H]c1c([2H])c([2H])c([2H])c([2H])c1[2H],35.5,3573
CC(C)(C)N(B(c1ccccc1)c1ccccc1)B(c1ccccc1)N1C(C)(C)CCCC1(C)C,C6D6,[2H]c1c([2H])c([2H])c([2H])c([2H])c1[2H],43.1,3574
CC(C)(C)NB(N1C(C)(C)CCCC1(C)C)[Sn](c1ccccc1)(c1ccccc1)c1ccccc1,C6D6,[2H]c1c([2H])c([2H])c([2H])c([2H])c1[2H],44.6,3575
[BH3-][P@+]1(OCC(C)(C)CO[P@+]2([BH3-])O[C@@H](c3ccccc3)C(C)(C)C(C)(C)O2)O[C@H](c2ccccc2)C(C)(C)C(C)(C)O1,CDCl3,[2H]C(Cl)(Cl)Cl,-43.1,3577
CC[B-](CC)(CC)[n+]1cn(B(N2C(C)(C)CCCC2(C)C)n2c[n+]([B-](CC)(CC)CC)c(C)c2C)c(C)c1C,CDCl3,[2H]C(Cl)(Cl)Cl,29.7;-0.9,3578
CC#[N+][B-](c1c(F)c(F)c(F)c(F)c1F)(c1c(F)c(F)c(F)c(F)c1F)c1c(F)c(F)c(F)c(F)c1B(c1c(F)c(F)c(F)c(F)c1F)c1c(F)c(F)c(F)c(F)c1F,CD2Cl2,[2H]C([2H])(Cl)Cl,41.7;-7.6,3580
Fc1c(F)c(F)c(B(c2ccc(-c3ccc(B(c4c(F)c(F)c(F)c(F)c4F)c4c(F)c(F)c(F)c(F)c4F)s3)s2)c2c(F)c(F)c(F)c(F)c2F)c(F)c1F,CD2Cl2,[2H]C([2H])(Cl)Cl,56.4,3581
C[n+]1cc2ccccc2c2ccccc21.O[B-](c1c(F)c(F)c(F)c(F)c1F)(c1c(F)c(F)c(F)c(F)c1F)c1c(F)c(F)c(F)c(F)c1F,CD2Cl2,[2H]C([2H])(Cl)Cl,-4.1,3582
C1=[N+]2c3ccccc3O[B-]2(c2ccc([B-]34Oc5ccccc5C=[N+]3c3ccccc3O4)cc2)Oc2ccccc21,d6-DMSO,[2H]C([2H])([2H])S(=O)C([2H])([2H])[2H],7.6,3587
O=Cc1ccc([B@@-]23OCC[N+]4=Cc5ccccc5O[B@@-]4(c4ccc(C=O)cc4)OCC[N+]2=Cc2ccccc2O3)cc1,d6-DMSO,[2H]C([2H])([2H])S(=O)C([2H])([2H])[2H],2,3592
C/C(=N\C(C)(C)C)N1B(c2c(F)c(F)c(F)c(F)c2F)N(C(C)(C)C)B(c2c(F)c(F)c(F)c(F)c2F)N(C(C)(C)C)B1c1c(F)c(F)c(F)c(F)c1F,CDCl3,[2H]C(Cl)(Cl)Cl,33,3594
C[Si](OB(O[Si](C)(c1ccccc1)c1ccccc1)c1ccccc1)(c1ccccc1)c1ccccc1,CDCl3,[2H]C(Cl)(Cl)Cl,26.3,3595
CC(C)O[B-](c1cccc(-c2cccc([B-](OC(C)C)(c3cccs3)c3cccs3)n2)n1)(c1cccs1)c1cccs1.[Li+].[Li+],d8-THF,[2H]C1([2H])OC([2H])([2H])C([2H])([2H])C1([2H])[2H],0.7,3597
Cc1cccc([B@@-]23OCC[N+]4=Cc5ccccc5O[B@@-]4(c4cccc(C)c4)OCC[N+]2=Cc2ccccc2O3)c1,CDCl3,[2H]C(Cl)(Cl)Cl,3.5,3598
CCCC[n+]1ccn(C)c1.c1ccc([B-](c2ccccc2)(c2ccccc2)c2ccccc2)cc1,CD3COCD3,[2H]C([2H])([2H])C(=O)C([2H])([2H])[2H],-12.2,3599
c1ccc([B-]2(c3ccccc3)OCC[N@+]23CC[N@+]2(CCO[B-]2(c2ccccc2)c2ccccc2)CC3)cc1,d6-DMSO,[2H]C([2H])([2H])S(=O)C([2H])([2H])[2H],3,3601
CC1(C)OB(c2ccc3ccccc3c2-c2c(B3OC(C)(C)C(C)(C)O3)ccc3ccccc23)OC1(C)C,CDCl3,[2H]C(Cl)(Cl)Cl,31.1,3602
Cc1cc(C)c(B(NCc2ccccc2)B(NCc2ccccc2)c2c(C)cc(C)cc2C)c(C)c1,CDCl3,[2H]C(Cl)(Cl)Cl,47.9,3604
CCCCB1O[Si](c2ccccc2)(c2ccccc2)OB(CCCC)O[Si](c2ccccc2)(c2ccccc2)O1,CDCl3,[2H]C(Cl)(Cl)Cl,25.6,3605
Cc1cc(C)c([B-](F)(c2c(C)cc(C)cc2C)c2cccc3cccc(C[N+](C)(C)C)c23)c(C)c1,CD3COCD3,[2H]C([2H])([2H])C(=O)C([2H])([2H])[2H],12.2,3606
Cc1cc(C)c(B(c2c(C)cc(C)cc2C)c2cccc3cccc(C[N+](C)(C)C)c23)c(C)c1.O=S(=O)([O-])C(F)(F)F,CDCl3,[2H]C(Cl)(Cl)Cl,67.8,3609
CCC1=C(C)C2=C(C)c3c(C)c(CC)c(C)n3[B-](c3ccc(OC)cc3)(c3ccc(OC)cc3)[N+]2=C1C,CDCl3,[2H]C(Cl)(Cl)Cl,2.6,3611
CC(C)P(c1cccc2cc3cccc(P(C(C)C)C(C)C)c3c(B3Oc4ccccc4O3)c12)C(C)C,CDCl3,[2H]C(Cl)(Cl)Cl,15,3612
CC(NB1OC(=C(c2ccccc2)c2ccccc2)C(/C=N/C(C)(C)C)N1C(C)(C)C)c1ccccc1,C6D6,[2H]c1c([2H])c([2H])c([2H])c([2H])c1[2H],24.6,3613
CC1c2ccc(s2)B(N(C(C)C)C(C)C)c2ccc(s2)C(C)c2ccc(s2)B(N(C(C)C)C(C)C)c2ccc1s2,CDCl3,[2H]C(Cl)(Cl)Cl,35,3614
CB1c2ccc(s2)C(C)c2ccc(s2)B(N(C(C)C)C(C)C)c2ccc(s2)C(N(C(C)C)C(C)C)c2ccc1s2,CDCl3,[2H]C(Cl)(Cl)Cl,36.5,3615
CC1c2ccc(o2)B(N(C(C)C)C(C)C)c2ccc(s2)C(C)c2ccc(s2)B(N(C(C)C)C(C)C)c2ccc1s2,CDCl3,[2H]C(Cl)(Cl)Cl,39,3616
CC(C)(C)c1cc2c(c(C(C)(C)C)c1)O[B-](Br)(Br)[N+](CC[N+]1=Cc3cc(C(C)(C)C)cc(C(C)(C)C)c3O[B-]1(Br)Br)=C2,CDCl3,[2H]C(Cl)(Cl)Cl,-0.42,3617
[BH3-][P@+]1(Oc2cccc(O[P@+]3([BH3-])O[C@@H](c4ccccc4)C(C)(C)C(C)(C)O3)c2)O[C@H](c2ccccc2)C(C)(C)C(C)(C)O1,CDCl3,[2H]C(Cl)(Cl)Cl,-42,3619
Cl[B-]1(Cl)N(C2CCCCC2)[C+](c2ccc([C+]3N(C4CCCCC4)[B-](Cl)(Cl)N3C3CCCCC3)cc2)N1C1CCCCC1,CDCl3,[2H]C(Cl)(Cl)Cl,5.97,3620
CC(C)(C)N1C=CN(C(C)(C)C)B1c1ccc(-c2ccc(B3N(C(C)(C)C)C=CN3C(C)(C)C)cc2)cc1,C6D6,[2H]c1c([2H])c([2H])c([2H])c([2H])c1[2H],25.9,3621
C[Si](C)(C)N1[C+](c2ccc([C+]3N([Si](C)(C)C)[B-](Cl)(c4ccccc4)N3[Si](C)(C)C)cc2)N([Si](C)(C)C)[B-]1(Cl)c1ccccc1,CDCl3,[2H]C(Cl)(Cl)Cl,9.05,3623
CC(C)(C)c1cc(C(C)(C)C)c(NB(Cl)Oc2c(C(C)(C)C)cccc2C(C)(C)C)c(C(C)(C)C)c1,CDCl3,[2H]C(Cl)(Cl)Cl,25.6,3624
C[Sn](C)(C)C(=C=C1CCCCB(n2c3ccccc3c3ccccc32)C1([Sn](C)(C)C)[Sn](C)(C)C)[Sn](C)(C)C,C6D6,[2H]c1c([2H])c([2H])c([2H])c([2H])c1[2H],70.3,3627
CC(C)(C)N1CCN(C(C)(C)C)B1c1ccc(-c2ccc(B3N(C(C)(C)C)CCN3C(C)(C)C)cc2)cc1,CD2Cl2,[2H]C([2H])(Cl)Cl,32,3628
CC(C)(C)/N=C1C(=N/C(C)(C)C)/[B-](C#[N+]C(C)(C)C)(C(C)(C)C)N(C(C)(C)C)[B-]/1(C#[N+]C(C)(C)C)C(C)(C)C,CDCl3,[2H]C(Cl)(Cl)Cl,-11.3,3638
CC(C)[N+](=[B-]1C=CCC12O[B-](=[N+](C(C)C)C(C)C)C1(CC=C[B-]1=[N+](C(C)C)C(C)C)O[B-]2=[N+](C(C)C)C(C)C)C(C)C,CDCl3,[2H]C(Cl)(Cl)Cl,44.0;32.0,3639
CC(C)N1B(OC(C(C)(C)C)(C(C)(C)C)C(C)(C)C)N(C(C)C)B1OC(C(C)(C)C)(C(C)(C)C)C(C)(C)C,CDCl3,[2H]C(Cl)(Cl)Cl,24.2,3640
CC1(C)CCCC(C)(C)N1[B-](C#C[Si](C)(C)C)=[Si]([Si](C)(C(C)(C)C)C(C)(C)C)[Si](C)(C(C)(C)C)C(C)(C)C.[Li+],d8-THF,[2H]C1([2H])OC([2H])([2H])C([2H])([2H])C1([2H])[2H],55.4,3641
CC(C)CN(CC(C)C)B1OB(N(CC(C)C)CC(C)C)B(N(CC(C)C)CC(C)C)OB1N(CC(C)C)CC(C)C,CDCl3,[2H]C(Cl)(Cl)Cl,34.6,3643
CCCC1=C([B-](c2c(F)c(F)c(F)c(F)c2F)(c2c(F)c(F)c(F)c(F)c2F)c2c(F)c(F)c(F)c(F)c2F)/C1=C(/C=[NH+]/C(C)(C)C)CCC,C6D6,[2H]c1c([2H])c([2H])c([2H])c([2H])c1[2H],-18.3,3653
CC/C(=N\C(C)(C)C)N1B(c2c(F)c(F)c(F)c(F)c2F)N(C(C)(C)C)B(c2c(F)c(F)c(F)c(F)c2F)N(C(C)(C)C)B1c1c(F)c(F)c(F)c(F)c1F,CDCl3,[2H]C(Cl)(Cl)Cl,32,3655
CC(C)(C)c1cc2c(c(C(C)(C)C)c1)O[B-]1(OP(=O)(c3ccccc3)c3ccccc3)Oc3ccccc3[N+]1=C2,CDCl3,[2H]C(Cl)(Cl)Cl,3.57,3656
Cc1cc(C)c(B(B(c2c(C)cc(C)cc2C)c2c(C)cc(C)cc2C)c2ccccc2)c(C)c1,C6D6,[2H]c1c([2H])c([2H])c([2H])c([2H])c1[2H],90.5,3658
Cc1cc(C)c(-c2cccc(-c3c(C)cc(C)cc3C)c2N=BN2C(C)(C)CCCC2(C)C)c(C)c1,C6D6,[2H]c1c([2H])c([2H])c([2H])c([2H])c1[2H],10.6,3663
Cc1cc(C)c(-c2cccc(-c3c(C)cc(C)cc3C)c2NB(Br)N2C(C)(C)CCCC2(C)C)c(C)c1,C6D6,[2H]c1c([2H])c([2H])c([2H])c([2H])c1[2H],30.2,3664
Cc1cc(C)c(-c2cccc(-c3c(C)cc(C)cc3C)c2NB(Cl)N2C(C)(C)CCCC2(C)C)c(C)c1,C6D6,[2H]c1c([2H])c([2H])c([2H])c([2H])c1[2H],31,3665
CC1c2ccc(s2)B(N(C(C)C)C(C)C)c2ccc(n2C)B(N(C(C)C)C(C)C)c2ccc(s2)C(C)c2ccc1s2,CDCl3,[2H]C(Cl)(Cl)Cl,43.9,3667
CC#[N+][B-](c1c(F)c(F)c(F)c(F)c1F)(c1c(F)c(F)c(F)c(F)c1F)c1c(F)c(F)c(F)c(F)c1[B-]([N+]#CC)(c1c(F)c(F)c(F)c(F)c1F)c1c(F)c(F)c(F)c(F)c1F,CD2Cl2,[2H]C([2H])(Cl)Cl,-7,3670
C[n+]1ccc2ccccc2c1.Fc1c(F)c(F)c([B-](c2c(F)c(F)c(F)c(F)c2F)(c2c(F)c(F)c(F)c(F)c2F)c2c(F)c(F)c(F)c(F)c2F)c(F)c1F,CD2Cl2,[2H]C([2H])(Cl)Cl,-16.8,3672
F[B-]1(F)N(c2cccc(C(F)(F)F)c2)c2n/c(=c3/nc4c([nH]3)=[N+](c3cccc(C(F)(F)F)c3)[B-](F)(F)N4c3cccc(C(F)(F)F)c3)[nH]c2=[N+]1c1cccc(C(F)(F)F)c1,CD2Cl2,[2H]C([2H])(Cl)Cl,10.18,3675
CO[B-]12n3c4ccc3C(c3ccc(Br)cc3)=c3ccc(n31)=C(c1ccc(Br)cc1)C1=[N+]2C(=C4c2ccc(Br)cc2)C=C1,CDCl3,[2H]C(Cl)(Cl)Cl,-15.3,3678
CO[B-]12n3c4ccc3C(c3ccc([N+](=O)[O-])cc3)=c3ccc(n31)=C(c1ccc([N+](=O)[O-])cc1)C1=[N+]2C(=C4c2ccc([N+](=O)[O-])cc2)C=C1,CDCl3,[2H]C(Cl)(Cl)Cl,-15.4,3681
CO[B-]12n3c4ccc3C(c3ccccc3)=c3ccc(n31)=C(c1ccccc1)C1=[N+]2C(=C4c2ccccc2)C=C1,CDCl3,[2H]C(Cl)(Cl)Cl,-15.3,3682
CC(=O)c1ccc([B@@-]23OCC[N+]4=Cc5ccccc5O[B@@-]4(c4ccc(C(C)=O)cc4)OCC[N+]2=Cc2ccccc2O3)cc1,CDCl3,[2H]C(Cl)(Cl)Cl,2.7,3688
CC(=O)c1cccc([B@@-]23OCC[N+]4=Cc5ccccc5O[B@@-]4(c4cccc(C(C)=O)c4)OCC[N+]2=Cc2ccccc2O3)c1,CDCl3,[2H]C(Cl)(Cl)Cl,6.9,3689
CCOc1ccc([B@@-]23OCC[N+]4=Cc5ccccc5O[B@@-]4(c4ccc(OCC)cc4)OCC[N+]2=Cc2ccccc2O3)cc1,CDCl3,[2H]C(Cl)(Cl)Cl,1.5,3694
CC(C)(C)c1ccc2c(c1)N(CCN1B(c3ccccc3)Oc3ccc(C(C)(C)C)cc31)B(c1ccccc1)O2,CDCl3,[2H]C(Cl)(Cl)Cl,32,3696
CC1(C)OB(c2ccc([C@@H]3[C@H](C(=O)O)c4ccccc4C(=O)N3c3ccc(B4OC(C)(C)C(C)(C)O4)cc3)cc2)OC1(C)C,CDCl3,[2H]C(Cl)(Cl)Cl,32.2,3697
COB([BH-]1Cc2cc(C)cc(C)c2-c2cccc(-c3c(C)cc(C)cc3C)c21)c1c(C)cc(C)cc1C.[Li+],C6D6,[2H]c1c([2H])c([2H])c([2H])c([2H])c1[2H],77.8,3698
CC1c2ccc(s2)B(N2C(C)CCCC2C)c2ccc(s2)C(C)c2ccc(s2)B(N2C(C)CCCC2C)c2ccc1s2,CDCl3,[2H]C(Cl)(Cl)Cl,42.3,3701
CC#C[Sn](C#CC)(/C(C)=C(/CC)[B-](CC)(CC)[n+]1ccccc1)/C(C)=C(/CC)[B-](CC)(CC)[n+]1ccccc1,CDCl3,[2H]C(Cl)(Cl)Cl,-8,3705
COB1Oc2c(cc(C(C)(C)C)cc2C(C)(C)C)CN1CCN1Cc2cc(C(C)(C)C)cc(C(C)(C)C)c2OB1OC,CDCl3,[2H]C(Cl)(Cl)Cl,21,3706
CCC1=C(C)C2=C(C)c3c(C)c(CC)c(C)n3[B-](C#C[Si](CC)(CC)CC)(C#C[Si](CC)(CC)CC)[N+]2=C1C,CDCl3,[2H]C(Cl)(Cl)Cl,-11.12,3707
C#Cc1cn2[n+](c1)[B-](CCCCCC)(CCCCCC)n1cc(C#C)c[n+]1[B-]2(CCCCCC)CCCCCC,CDCl3,[2H]C(Cl)(Cl)Cl,3.38,3709
C1CC2CCCC(C1)[B-]21O[C+]([C+]2O[B-]3([OH+][B@-]4(O2)C2CCCC4CCC2)[C@H]2CCC[C@H]3CCC2)O[B@-]2([OH+]1)[C@H]1CCC[C@H]2CCC1,CDCl3,[2H]C(Cl)(Cl)Cl,52.3,3710
C1CC2CCCC(C1)[B-]21O[C+]([C+]2O[B-]3([OH+][B@-]4(O2)C2CCCC4CCC2)[C@H]2CCC[C@H]3CCC2)O[B@-]2([OH+]1)[C@H]1CCC[C@H]2CCC1,d6-DMSO,[2H]C([2H])([2H])S(=O)C([2H])([2H])[2H],19.1,3710
CC(C)Cc1cccc(CC(C)C)c1OB1N([Si](C)(C)C)B(Oc2c(CC(C)C)cccc2CC(C)C)N1[Si](C)(C)C,CDCl3,[2H]C(Cl)(Cl)Cl,26.3,3712
Cc1cc(C)c(C)c(B2C(=BN([Si](C)(C)C)[Si](C)(C)C)B(c3c(C)c(C)cc(C)c3C)C2([Si](C)(C)C)[Si](C)(C)C)c1C,d8-Toluene,[2H]c1c([2H])c([2H])c(C([2H])([2H])[2H])c([2H])c1[2H],61.0;51.0,3715
Cc1cc(C)c(C)c([B-]2=C([Si](C)(C)C)B(N([Si](C)(C)C)[Si](C)(C)C)C([Si](C)(C)C)=[B-]2c2c(C)c(C)cc(C)c2C)c1C.[K+].[K+],d8-Toluene,[2H]c1c([2H])c([2H])c(C([2H])([2H])[2H])c([2H])c1[2H],62,3716
CCCCC1=C([B-](c2c(F)c(F)c(F)c(F)c2F)(c2c(F)c(F)c(F)c(F)c2F)c2c(F)c(F)c(F)c(F)c2F)/C1=C(/C=[NH+]/C(C)(C)C)CCCC,CDCl3,[2H]C(Cl)(Cl)Cl,-18.5,3727
CCC1=C(C)C2=C(c3ccc4nc5c6cccnc6c6ncccc6c5nc4c3)c3c(C)c(CC)c(C)n3[B-](F)(F)[N+]2=C1C,CDCl3,[2H]C(Cl)(Cl)Cl,3.93,3728
CC(C)(C)c1ccc([B-]2(c3ccc(C(C)(C)C)cc3)Oc3ccc(-c4c(F)c(F)c(F)c(F)c4F)c4ccc[n+]2c34)cc1,CDCl3,[2H]C(Cl)(Cl)Cl,12,3729
[BH3-][P+](CC(C(=O)CCc1ccccc1)P(=O)(c1ccccc1)c1ccccc1)(c1ccccc1)c1ccccc1,CDCl3,[2H]C(Cl)(Cl)Cl,-40,3730
[BH3-][P+](C[C@H]([C@@H](O)CCc1ccccc1)P(=O)(c1ccccc1)c1ccccc1)(c1ccccc1)c1ccccc1,CDCl3,[2H]C(Cl)(Cl)Cl,-40,3731
C=CCB(CC=C)C(CC=C)=C([SiH](c1ccccc1)c1ccccc1)[SiH](c1ccccc1)c1ccccc1,C6D6,[2H]c1c([2H])c([2H])c([2H])c([2H])c1[2H],76.2,3732
C=CCB1CCC[Si](c2ccccc2)(c2ccccc2)C([SiH](c2ccccc2)c2ccccc2)=C1CC=C,C6D6,[2H]c1c([2H])c([2H])c([2H])c([2H])c1[2H],81.3,3733
COB(B(OC)c1c(-c2c(C)cc(C)cc2C)cccc1-c1c(C)cc(C)cc1C)c1c(C)cc(C)cc1C,C6D6,[2H]c1c([2H])c([2H])c([2H])c([2H])c1[2H],54.4,3741
CC(C)(C)c1ccc([B-]2(c3ccc(C(C)(C)C)cc3)Oc3ccc(B4OC(C)(C)C(C)(C)O4)c4ccc[n+]2c34)cc1,CDCl3,[2H]C(Cl)(Cl)Cl,30.0;12.0,3742
CC(C)(C)N=C[C@@H]1C(=C(c2ccccc2)c2ccccc2)OB(/C=C(/c2ccc(Cl)cc2)[Sn](C)(C)C)N1C(C)(C)C,C6D6,[2H]c1c([2H])c([2H])c([2H])c([2H])c1[2H],30.9,3743
Fc1c(F)c(F)c([O+]2[B-](c3c(F)c(F)c(F)c(F)c3F)(c3c(F)c(F)c(F)c(F)c3F)c3c(F)c(F)c(F)c(F)c3[B-]2(c2c(F)c(F)c(F)c(F)c2F)c2c(F)c(F)c(F)c(F)c2F)c(F)c1F.c1ccc([C+](c2ccccc2)c2ccccc2)cc1,CD2Cl2,[2H]C([2H])(Cl)Cl,9,3754
Fc1c(F)c(F)c([B-]([NH2+][B-](c2c(F)c(F)c(F)c(F)c2F)(c2c(F)c(F)c(F)c(F)c2F)c2c(F)c(F)c(F)c(F)c2F)(c2c(F)c(F)c(F)c(F)c2F)c2c(F)c(F)c(F)c(F)c2F)c(F)c1F.[Na+],CDCl3,[2H]C(Cl)(Cl)Cl,-5.5,3755
c1ccc2c(c1)c1ccccc1n2B(n1c2ccccc2c2ccccc21)n1c2ccccc2c2ccccc21,C6D6,[2H]c1c([2H])c([2H])c([2H])c([2H])c1[2H],30.1,3759
c1ccc(-c2ccccc2OB2Oc3ccccc3-c3ccccc3O2)c(OB2Oc3ccccc3-c3ccccc3O2)c1,CDCl3,[2H]C(Cl)(Cl)Cl,19.3,3760
c1ccc2c(c1)OB(Oc1ccccc1-c1ccccc1OB1Oc3ccccc3-c3ccccc3O1)Oc1ccccc1-2,CDCl3,[2H]C(Cl)(Cl)Cl,19.5,3761
c1ccc2c(c1)OB(C(B1Oc3ccccc3O1)(B1Oc3ccccc3O1)C(B1Oc3ccccc3O1)(B1Oc3ccccc3O1)B1Oc3ccccc3O1)O2,CD3OD,[2H]OC([2H])([2H])[2H],34,3762
Brc1ccc(B2O[Si](c3ccccc3)(c3ccccc3)OB(c3ccc(Br)cc3)O[Si](c3ccccc3)(c3ccccc3)O2)cc1,CDCl3,[2H]C(Cl)(Cl)Cl,25.4,3763
O=[N+]([O-])c1cccc(B2O[Si](c3ccccc3)(c3ccccc3)OB(c3cccc([N+](=O)[O-])c3)O[Si](c3ccccc3)(c3ccccc3)O2)c1,CDCl3,[2H]C(Cl)(Cl)Cl,25.2,3764
c1ccc(B2O[Si](c3ccccc3)(c3ccccc3)OB(c3ccccc3)O[Si](c3ccccc3)(c3ccccc3)O2)cc1,CDCl3,[2H]C(Cl)(Cl)Cl,29.1,3766
Nc1cccc(B2O[Si](c3ccccc3)(c3ccccc3)OB(c3cccc(N)c3)O[Si](c3ccccc3)(c3ccccc3)O2)c1,CDCl3,[2H]C(Cl)(Cl)Cl,25.4,3767
[BH2-]1[P+](c2ccccc2)(c2ccccc2)[BH2-][P+](c2ccccc2)(c2ccccc2)[BH2-][P+]1(c1ccccc1)c1ccccc1,CDCl3,[2H]C(Cl)(Cl)Cl,-32.9,3769
COc1ccc(-c2ccc3c4c2ccc[n+]4[B-](c2ccc(C(C)(C)C)cc2)(c2ccc(C(C)(C)C)cc2)O3)cc1,CDCl3,[2H]C(Cl)(Cl)Cl,12,3775
CC(C)(C)c1ccc2c(c1)OB(c1ccc(B3Oc4ccc(C(C)(C)C)cc4O3)c(B3Oc4ccc(C(C)(C)C)cc4O3)c1)O2,CD2Cl2,[2H]C([2H])(Cl)Cl,33.9,3778
CC1=[N+]2CCOCCO[B-]3(c4ccccc4)Oc4ccccc4C(C)=[N+]3CCOCCO[B-]2(c2ccccc2)Oc2ccccc21,CDCl3,[2H]C(Cl)(Cl)Cl,7.7,3780
CC1=[N+]2CCNCCO[B-]3(c4ccccc4)Oc4ccccc4C(C)=[N+]3CCNCCO[B-]2(c2ccccc2)Oc2ccccc21,CDCl3,[2H]C(Cl)(Cl)Cl,7.9,3785
CCC1=C(C)C2=C(C)c3c(C)c(CC)c(C)n3[B-](C#CCCCCC3=NCCO3)(C#Cc3ccc(C)cc3)[N+]2=C1C,CDCl3,[2H]C(Cl)(Cl)Cl,-9.4,3787
CCCCB1OC(=C(c2ccccc2)c2ccccc2)C(/C=N/[C@@H](C)C2CCCCC2)N1[C@H](C)C1CCCCC1,C6D6,[2H]c1c([2H])c([2H])c([2H])c([2H])c1[2H],33.9,3795
C[C@H](/N=C/C1C(=C(c2ccccc2)c2ccccc2)OB(NC(C)(C)C)N1[C@H](C)C1CCCCC1)C1CCCCC1,C6D6,[2H]c1c([2H])c([2H])c([2H])c([2H])c1[2H],24.6,3798
CC1(C)OB(c2cc3c(cc2CCCCc2cc4c(cc2B2OC(C)(C)C(C)(C)O2)CCCC4)CCCC3)OC1(C)C,C6D6,[2H]c1c([2H])c([2H])c([2H])c([2H])c1[2H],31,3799
CC(C)(C)c1cc2c(c(C(C)(C)C)c1)OB(C1=CC=C(B3Oc4cc(C(C)(C)C)cc(C(C)(C)C)c4O3)C1[Si](C)(C)C)O2,CDCl3,[2H]C(Cl)(Cl)Cl,22.7,3800
C[C@H](/N=C/C1C(=C(c2ccccc2)c2ccccc2)OB(C[Si](C)(C)C)N1[C@H](C)C1CCCCC1)C1CCCCC1,C6D6,[2H]c1c([2H])c([2H])c([2H])c([2H])c1[2H],33.5,3801
CC(C)(C)c1cc2c(c(C(C)(C)C)c1)O[B-](Br)(Br)[N+](CCCCCC[N+]1=Cc3cc(C(C)(C)C)cc(C(C)(C)C)c3O[B-]1(Br)Br)=C2,CDCl3,[2H]C(Cl)(Cl)Cl,2.02,3802
COB1Oc2c(cc(C(C)(C)C)cc2C(C)(C)C)CN1CCCCN1Cc2cc(C(C)(C)C)cc(C(C)(C)C)c2OB1OC,CDCl3,[2H]C(Cl)(Cl)Cl,20.7,3803
CC(C)(C)c1cccc(C(C)(C)C)c1OB1N(C(C)(C)C)B(Oc2c(C(C)(C)C)cccc2C(C)(C)C)N1C(C)(C)C,CDCl3,[2H]C(Cl)(Cl)Cl,25,3806
CCCCP(CCCC)(CCCC)=[N+]1[B-]2(Oc3ccccc3O2)[N+](=P(CCCC)(CCCC)CCCC)[B-]12Oc1ccccc1O2,C6D6,[2H]c1c([2H])c([2H])c([2H])c([2H])c1[2H],6,3809
CC(C)(C)N1C=CN(C(C)(C)C)B1c1cc(B2N(C(C)(C)C)C=CN2C(C)(C)C)cc(B2N(C(C)(C)C)C=CN2C(C)(C)C)c1,C6D6,[2H]c1c([2H])c([2H])c([2H])c([2H])c1[2H],25.8,3810
C1CCC(N(B2OB(N(C3CCCCC3)C3CCCCC3)OB(N(C3CCCCC3)C3CCCCC3)O2)C2CCCCC2)CC1,CDCl3,[2H]C(Cl)(Cl)Cl,20.9,3811
CC(C)(C)N1CCN(C(C)(C)C)B1c1cc(B2N(C(C)(C)C)CCN2C(C)(C)C)cc(B2N(C(C)(C)C)CCN2C(C)(C)C)c1,C6D6,[2H]c1c([2H])c([2H])c([2H])c([2H])c1[2H],31.1,3812
CC1(C)CCCC(C)(C)N1B1P2B(N3C(C)(C)CCCC3(C)C)P1[Si]21P2B(N3C(C)(C)CCCC3(C)C)P1B2N1C(C)(C)CCCC1(C)C,C6D6,[2H]c1c([2H])c([2H])c([2H])c([2H])c1[2H],48.6,3814
CCCC[Si](CCCC)(CCCC)OB1OB(O[Si](CCCC)(CCCC)CCCC)OB(O[Si](CCCC)(CCCC)CCCC)O1,CDCl3,[2H]C(Cl)(Cl)Cl,19,3817
Fc1c(F)c(F)c(B(c2ccc(-c3ccc([B-](c4c(F)c(F)c(F)c(F)c4F)(c4c(F)c(F)c(F)c(F)c4F)[n+]4ccccc4)s3)s2)c2c(F)c(F)c(F)c(F)c2F)c(F)c1F,CD2Cl2,[2H]C([2H])(Cl)Cl,-2.6,3821
CO[B@@-]12N3C4=C(c5ccc(C#N)cc5)C5=[N+]1C(=C(c1ccc(C#N)cc1)c1ccc(n12)C(c1ccc(C#N)cc1)=C3CC4)C=C5,CDCl3,[2H]C(Cl)(Cl)Cl,-15.4,3822
c1ccc(C2(c3ccccc3)O[B-]3(Oc4ccc5ccccc5c4-c4c(ccc5ccccc45)O3)[NH+]3CCC[C@@H]32)cc1,CDCl3,[2H]C(Cl)(Cl)Cl,8.37,3823
CC(C)(C)N1B(c2c(F)c(F)c(F)c(F)c2F)N(C(C)(C)C)[B-]2(c3c(F)c(F)c(F)c(F)c3F)N(B(c3c(F)c(F)c(F)c(F)c3F)N2C(C)(C)C)[C+]1c1ccccc1,CDCl3,[2H]C(Cl)(Cl)Cl,35.0;2.7,3826
CCCCCCC1(CCCCCC)c2cc(B3Oc4ccccc4O3)ccc2-c2ccc(B3Oc4ccccc4O3)cc21,CDCl3,[2H]C(Cl)(Cl)Cl,30,3828
CN(C)c1ccc(-c2ccc3c4c2ccc[n+]4[B-](c2ccc(C(C)(C)C)cc2)(c2ccc(C(C)(C)C)cc2)O3)cc1,CDCl3,[2H]C(Cl)(Cl)Cl,11,3829
CC(C)(C)N1B(c2c(F)c(F)c(F)c(F)c2F)N(C(C)(C)C)[B-]2(c3c(F)c(F)c(F)c(F)c3F)N(B(c3c(F)c(F)c(F)c(F)c3F)N2C(C)(C)C)[C+]1c1ccc(C(F)(F)F)cc1,CDCl3,[2H]C(Cl)(Cl)Cl,35.0;2.7,3838
Cc1ccccc1B1O[Si](c2ccccc2)(c2ccccc2)OB(c2ccccc2C)O[Si](c2ccccc2)(c2ccccc2)O1,CDCl3,[2H]C(Cl)(Cl)Cl,28,3839
C#C[B-]1(C#Cc2cc3ccc4cccc5ccc(c2)c3c45)n2c(C)c(CC)c(C)c2C(C)=C2C(C)=C(CC)C(C)=[N+]21,CDCl3,[2H]C(Cl)(Cl)Cl,-10.1,3841
Cc1cccc(C)c1N=C1N(C(C)(C)C)B(c2c(F)c(F)c(F)c(F)c2F)N(C(C)(C)C)[B-]1(C#[N+]c1c(C)cccc1C)c1c(F)c(F)c(F)c(F)c1F,CDCl3,[2H]C(Cl)(Cl)Cl,40.0;-12.0,3842
CCC1=C(C)C2=C(C)c3c(C)c(CC)c(C)n3[B-](c3ccc4ccccc4c3)(c3ccc4ccccc4c3)[N+]2=C1C,CDCl3,[2H]C(Cl)(Cl)Cl,2.9,3844
CC(C)[N+](=C1O[B-](c2ccccc2)(c2ccccc2)C(=[N+](C(C)C)C(C)C)O[B-]1(c1ccccc1)c1ccccc1)C(C)C,CDCl3,[2H]C(Cl)(Cl)Cl,1.8,3850
CC1c2ccc(s2)B(N2C(C)(C)CCCC2(C)C)c2ccc(s2)C(C)c2ccc(s2)B(N2C(C)(C)CCCC2(C)C)c2ccc1s2,CDCl3,[2H]C(Cl)(Cl)Cl,43.3,3853
CC1c2ccc(s2)B(N2C(C)(C)CCCC2(C)C)c2ccc(s2)B(N2C(C)(C)CCCC2(C)C)c2ccc(s2)C(C)c2ccc1s2,CDCl3,[2H]C(Cl)(Cl)Cl,40,3854
c1ccc2c(c1)C1B(N(C3CCCCC3)C3CCCCC3)OB(N(C3CCCCC3)C3CCCCC3)C2c2ccccc21,CDCl3,[2H]C(Cl)(Cl)Cl,29.3,3856
COB1Oc2c(cc(C(C)(C)C)cc2C(C)(C)C)CN1CCCCCCN1Cc2cc(C(C)(C)C)cc(C(C)(C)C)c2OB1OC,CDCl3,[2H]C(Cl)(Cl)Cl,20,3862
CC(C)(C)c1cc2c(c(C(C)(C)C)c1)OB(O[Si](C)(C)C)N(CCN1Cc3cc(C(C)(C)C)cc(C(C)(C)C)c3OB1O[Si](C)(C)C)C2,CDCl3,[2H]C(Cl)(Cl)Cl,19.8,3863
Cc1cc(C)c(P2B(C([Si](C)(C)C)([Si](C)(C)C)[Si](C)(C)C)P(c3c(C)cc(C)cc3C)B2C([Si](C)(C)C)([Si](C)(C)C)[Si](C)(C)C)c(C)c1,C6D6,[2H]c1c([2H])c([2H])c([2H])c([2H])c1[2H],79.5,3865
Fc1c(F)c(F)c([B-](c2c(F)c(F)c(F)c(F)c2F)(c2c(F)c(F)c(F)c(F)c2F)[n+]2cnc[n+]([B-](c3c(F)c(F)c(F)c(F)c3F)(c3c(F)c(F)c(F)c(F)c3F)c3c(F)c(F)c(F)c(F)c3F)c2)c(F)c1F,CD2Cl2,[2H]C([2H])(Cl)Cl,4.5,3870
Oc1cccc2c1O[B-]1(O)c3cccc(c3)[N+]3=Cc4cccc(O)c4O[B-]3(O)c3cccc(c3)[N+]3=Cc4cccc(O)c4O[B-]3(O)c3cccc(c3)[N+]1=C2,d6-DMSO,[2H]C([2H])([2H])S(=O)C([2H])([2H])[2H],2,3872
c1ccc([B-]23OC(c4ccccc4)(c4ccccc4)Cc4cccc([n+]42)CC(c2ccccc2)(c2ccccc2)O3)cc1,d6-DMSO,[2H]C([2H])([2H])S(=O)C([2H])([2H])[2H],4.3,3873
CC(C)N(C(=O)c1ccccc1B1OB(c2ccccc2C(=O)N(C(C)C)C(C)C)OB(c2ccccc2C(=O)N(C(C)C)C(C)C)O1)C(C)C,CDCl3,[2H]C(Cl)(Cl)Cl,21,3881
CC(C)N(B(N(C)B1NB(N(C)B(N(C(C)C)C(C)C)N(C(C)C)C(C)C)NB(N(C)B(N(C(C)C)C(C)C)N(C(C)C)C(C)C)N1)N(C(C)C)C(C)C)C(C)C,C6D6,[2H]c1c([2H])c([2H])c([2H])c([2H])c1[2H],27.0;31.7,3883
OB(c1ccc2ccccc2c1-c1cccc2ccccc12)c1ccc2ccccc2c1-c1cccc2ccccc12,CDCl3,[2H]C(Cl)(Cl)Cl,47.1,3886
c1ccc(B2OC3C(OB(c4ccccc4)OC3(c3ccccc3)c3ccccc3)C(c3ccccc3)(c3ccccc3)O2)cc1,CDCl3,[2H]C(Cl)(Cl)Cl,27,3887
CN(C)[S+](N(C)C)N(C)C.Cc1cc(C)c(B(c2c(C)cc(C)cc2C)c2cccc3cccc([B-]4(F)c5ccccc5Oc5ccccc54)c23)c(C)c1,CD3COCD3,[2H]C([2H])([2H])C(=O)C([2H])([2H])[2H],17.6;11.7,3888
Cc1cc(C)c(B(c2c(C)cc(C)cc2C)c2cccc3cccc(B4c5ccccc5Oc5ccccc54)c23)c(C)c1,CDCl3,[2H]C(Cl)(Cl)Cl,72.4;51.6,3889
CC(C)C[NH2+][B-]1(c2ccccc2)O[Si](c2ccccc2)(c2ccccc2)OB(c2ccccc2)O[Si](c2ccccc2)(c2ccccc2)O1,CDCl3,[2H]C(Cl)(Cl)Cl,18.6,3895
[BH3-][P+]1(c2ccccc2)OC(c2ccccc2)(c2ccccc2)[C@@H]2O[C@@](C)(OC)[C@](C)(OC)O[C@H]2C(c2ccccc2)(c2ccccc2)O1,CDCl3,[2H]C(Cl)(Cl)Cl,-36.98,3898
CN(C)B(B(N(C)C)[Ge](c1ccccc1)(c1ccccc1)c1ccccc1)[Ge](c1ccccc1)(c1ccccc1)c1ccccc1,C6D6,[2H]c1c([2H])c([2H])c([2H])c([2H])c1[2H],57.3,3899
CN(C)B(B(N(C)C)[Sn](c1ccccc1)(c1ccccc1)c1ccccc1)[Sn](c1ccccc1)(c1ccccc1)c1ccccc1,C6D6,[2H]c1c([2H])c([2H])c([2H])c([2H])c1[2H],60.8,3900
Cc1cc(C)c(C)c(B2c3ccc(s3)C(C)c3ccc(s3)B(c3c(C)c(C)cc(C)c3C)c3ccc(s3)C(C)c3ccc2s3)c1C,CDCl3,[2H]C(Cl)(Cl)Cl,70,3901
Cc1cc(C)c(N2/C(=C3\C=[N+](c4c(C)cc(C)cc4C)[B-](Cl)(Cl)N3c3c(C)cc(C)cc3C)C=[N+](c3c(C)cc(C)cc3C)[B-]2(Cl)Cl)c(C)c1,CD2Cl2,[2H]C([2H])(Cl)Cl,8.5,3903
CC(C)N(B1/N=C(c2ccccc2)\C(c2ccccc2)=N/B(N(C(C)C)C(C)C)/N=C(c2ccccc2)\C(c2ccccc2)=N/1)C(C)C,CDCl3,[2H]C(Cl)(Cl)Cl,28.2,3904
CC(C)N(B1c2ccc(s2)B(N(C(C)C)C(C)C)c2ccc(s2)B(N(C(C)C)C(C)C)c2ccc(s2)B(N(C(C)C)C(C)C)c2ccc1s2)C(C)C,CDCl3,[2H]C(Cl)(Cl)Cl,40,3910
CC(C)(C)c1cc2c(c(C(C)(C)C)c1)OB(O[Si](C)(C)C)N(CCCCN1Cc3cc(C(C)(C)C)cc(C(C)(C)C)c3OB1O[Si](C)(C)C)C2,CDCl3,[2H]C(Cl)(Cl)Cl,19.6,3911
CCC1=C(C)C2=C(C)c3c(C)c(CC)c(C)n3[B-](C#Cc3cc4ccc5cccc6ccc(c3)c4c56)(C#C[Si](C)(C)C)[N+]2=C1C,CDCl3,[2H]C(Cl)(Cl)Cl,-10.2,3916
[BH3-][P@+]1(OCC2(CO[P@+]3([BH3-])O[C@@H](c4ccccc4)C(C)(C)C(C)(C)O3)c3ccccc3-c3ccccc32)O[C@H](c2ccccc2)C(C)(C)C(C)(C)O1,CDCl3,[2H]C(Cl)(Cl)Cl,-43.4,3920
c1ccc2c(c1)OB(c1c(B3Oc4ccccc4O3)c(B3Oc4ccccc4O3)c(B3Oc4ccccc4O3)c(B3Oc4ccccc4O3)c1B1Oc3ccccc3O1)O2,CD3OD,[2H]OC([2H])([2H])[2H],29.3,3924
c1ccc(-c2c(B3Oc4ccccc4S3)c(-c3ccccc3)c(B3Oc4ccccc4S3)c(-c3ccccc3)c2B2Oc3ccccc3S2)cc1,CDCl3,[2H]C(Cl)(Cl)Cl,53,3925
c1ccc(-c2c(B3Oc4ccccc4O3)c(-c3ccccc3)c(B3Oc4ccccc4O3)c(-c3ccccc3)c2B2Oc3ccccc3O2)cc1,CDCl3,[2H]C(Cl)(Cl)Cl,24,3926
c1ccc(-c2c(B3Sc4ccccc4S3)c(-c3ccccc3)c(B3Sc4ccccc4S3)c(-c3ccccc3)c2B2Sc3ccccc3S2)cc1,CDCl3,[2H]C(Cl)(Cl)Cl,62,3927
FC(F)(F)c1ccc([P+]2(c3ccc(C(F)(F)F)cc3)[BH2-][P+](c3ccc(C(F)(F)F)cc3)(c3ccc(C(F)(F)F)cc3)[BH2-][P+](c3ccc(C(F)(F)F)cc3)(c3ccc(C(F)(F)F)cc3)[BH2-]2)cc1,CDCl3,[2H]C(Cl)(Cl)Cl,-33.7,3930
CO[B-]12Oc3c(I)cc(I)cc3C=[N+]1c1cccc(c1)[B-]1(OC)Oc3c(I)cc(I)cc3C=[N+]1c1cccc(c1)[B-]1(OC)Oc3c(I)cc(I)cc3C=[N+]1c1cccc2c1,d6-DMSO,[2H]C([2H])([2H])S(=O)C([2H])([2H])[2H],1.7,3931
Brc1ccc(B(O[Si](c2ccccc2)(c2ccccc2)c2ccccc2)O[Si](c2ccccc2)(c2ccccc2)c2ccccc2)cc1,CDCl3,[2H]C(Cl)(Cl)Cl,27.4,3932
CO[B-]12Oc3cc(O)ccc3C=[N+]1c1cccc(c1)[B-]1(OC)Oc3cc(O)ccc3C=[N+]1c1cccc(c1)[B-]1(OC)Oc3cc(O)ccc3C=[N+]1c1cccc2c1,d6-DMSO,[2H]C([2H])([2H])S(=O)C([2H])([2H])[2H],2.3,3935
CCC1=C(C)C2=C(C)c3c(C)c(CC)c(C)n3[B-](C#Cc3cccc4ccccc34)(C#Cc3cccc4ccccc34)[N+]2=C1C,CDCl3,[2H]C(Cl)(Cl)Cl,-9.63,3936
Cn1c2[n+](c3ccccc31)[B-](c1ccccc1)(c1ccccc1)NC1=[N+]2[BH2-]NC2=[N+]([BH2-]N1)c1n(C)c3ccccc3[n+]1[B-](c1ccccc1)(c1ccccc1)N2,d6-DMSO,[2H]C([2H])([2H])S(=O)C([2H])([2H])[2H],6.7;-2.6,3939
Cc1ccccc1B1O[Si](c2ccccc2)(c2ccccc2)O[B-](c2ccccc2C)([O+]2CCNCC2)O[Si](c2ccccc2)(c2ccccc2)O1,CDCl3,[2H]C(Cl)(Cl)Cl,18.8,3940
CC[N+](CC)(CC)[B-]1(c2ccccc2)O[Si](c2ccccc2)(c2ccccc2)OB(c2ccccc2)O[Si](c2ccccc2)(c2ccccc2)O1,CDCl3,[2H]C(Cl)(Cl)Cl,21.3,3943
[BH3-][P+]1(c2ccccc2)OC(c2ccccc2)(c2ccccc2)[C@@H]2O[C@@](C)(OCC)[C@](C)(OCC)O[C@H]2C(c2ccccc2)(c2ccccc2)O1,CDCl3,[2H]C(Cl)(Cl)Cl,-36.83,3944
CC(C)(C)c1cc2c(c(C(C)(C)C)c1)O[B-]13Oc4ccccc4[N+]4=Cc5cc(C(C)(C)C)cc(C(C)(C)C)c5O[B-]4(Oc4ccccc4[N+]1=C2)O3,CDCl3,[2H]C(Cl)(Cl)Cl,7.33;3.19,3945
CC(C)(C)N1B(c2ccccc2)N(C(C)(C)C)[Sb]1N(B(c1ccccc1)N([Sb]1N(C(C)(C)C)B(c2ccccc2)N1C(C)(C)C)C(C)(C)C)C(C)(C)C,d8-Toluene,[2H]c1c([2H])c([2H])c(C([2H])([2H])[2H])c([2H])c1[2H],39.4,3953
Cc1cc(C)c([Si](Cl)(B2Oc3ccccc3O2)c2c(C([Si](C)(C)C)[Si](C)(C)C)cc(C([Si](C)(C)C)[Si](C)(C)C)cc2C([Si](C)(C)C)[Si](C)(C)C)c(C)c1,CDCl3,[2H]C(Cl)(Cl)Cl,34.6,3954
Cc1cc(C)c([Si](Cl)(B2OC(C)(C)C(C)(C)O2)c2c(C([Si](C)(C)C)[Si](C)(C)C)cc(C([Si](C)(C)C)[Si](C)(C)C)cc2C([Si](C)(C)C)[Si](C)(C)C)c(C)c1,CDCl3,[2H]C(Cl)(Cl)Cl,33.1,3956
Cc1cc(C)c([SiH](B2OC(C)(C)C(C)(C)O2)c2c(C([Si](C)(C)C)[Si](C)(C)C)cc(C([Si](C)(C)C)[Si](C)(C)C)cc2C([Si](C)(C)C)[Si](C)(C)C)c(C)c1,CDCl3,[2H]C(Cl)(Cl)Cl,35.4,3958
Cc1ccc(B(O[Si](c2ccccc2)(c2ccccc2)c2ccccc2)O[Si](c2ccccc2)(c2ccccc2)c2ccccc2)cc1,CDCl3,[2H]C(Cl)(Cl)Cl,27.9,3962
COc1cc(OC)c(C2=C3C=CC4=[N+]3[B@-]3(OC)n5c2ccc5C(c2c(OC)cc(OC)cc2OC)=c2ccc(n23)=C4c2c(OC)cc(OC)cc2OC)c(OC)c1,CDCl3,[2H]C(Cl)(Cl)Cl,-15.2,3964
COc1cc(C2=C3C=CC4=[N+]3[B-]3(OC)n5c2ccc5C(c2cc(OC)c(OC)c(OC)c2)=c2ccc(n23)=C4c2cc(OC)c(OC)c(OC)c2)cc(OC)c1OC,CDCl3,[2H]C(Cl)(Cl)Cl,-15.2,3965
C(B(C=P(c1ccccc1)(c1ccccc1)c1ccccc1)c1ccccc1)=P(c1ccccc1)(c1ccccc1)c1ccccc1,C6D6,[2H]c1c([2H])c([2H])c([2H])c([2H])c1[2H],50,3979
[BH3-][P+](Oc1ccc2ccccc2c1-c1c(O[P+]([BH3-])(c2ccccc2)c2ccccc2)ccc2ccccc12)(c1ccccc1)c1ccccc1,CDCl3,[2H]C(Cl)(Cl)Cl,-39,3980
C=CCCc1cc[n+]2c(c1)-c1cc(CCC=C)cc[n+]1[B-]2(C)c1ccc([B-]2(C)[n+]3ccc(CCC=C)cc3-c3cc(CCC=C)cc[n+]32)cc1.[Br-].[Br-],CDCl3,[2H]C(Cl)(Cl)Cl,7.7,3987
C#C[B-]1(C#CC#C[B-]2(C#C)n3c(C)c(CC)c(C)c3C(C)=C3C(C)=C(CC)C(C)=[N+]32)n2c(C)c(CC)c(C)c2C(C)=C2C(C)=C(CC)C(C)=[N+]21,CDCl3,[2H]C(Cl)(Cl)Cl,-10.88,3988
Cl[B-]1(c2ccccc2)N(C2CCCCC2)[C+](c2ccc([C+]3N(C4CCCCC4)[B-](Cl)(c4ccccc4)N3C3CCCCC3)cc2)N1C1CCCCC1,CDCl3,[2H]C(Cl)(Cl)Cl,9.69,3992
CC(C)N(B1c2ccc(n2C)B(N(C(C)C)C(C)C)c2ccc(n2C)B(N(C(C)C)C(C)C)c2ccc(n2C)B(N(C(C)C)C(C)C)c2ccc1n2C)C(C)C,CDCl3,[2H]C(Cl)(Cl)Cl,33,3993
CC1(C)CCCC(C)(C)N1B([Ge](c1ccccc1)(c1ccccc1)c1ccccc1)[Ge](c1ccccc1)(c1ccccc1)c1ccccc1,C6D6,[2H]c1c([2H])c([2H])c([2H])c([2H])c1[2H],64,4003
CCCC[B-]12Oc3cc[n+](cc3O1)[B-]1(CCCC)Oc3cc[n+](cc3O1)[B-]1(CCCC)Oc3cc[n+](cc3O1)[B-]1(CCCC)Oc3cc[n+](cc3O1)[B-]1(CCCC)Oc3cc[n+]2cc3O1,C6D6,[2H]c1c([2H])c([2H])c([2H])c([2H])c1[2H],15.5,4007
CCCCc1csc(C#C[B-]2(C#Cc3scc(CCCC)c3CCCC)n3c(C)c(CC)c(C)c3C=C3C(C)=C(CC)C(C)=[N+]32)c1CCCC,CDCl3,[2H]C(Cl)(Cl)Cl,-9.24,4008
CO[B-]12n3c4ccc3C(c3ccc(C(C)(C)C)cc3)=c3ccc(n31)=C(c1ccc(C(C)(C)C)cc1)C1=[N+]2C(=C4c2ccc(C(C)(C)C)cc2)C=C1,CDCl3,[2H]C(Cl)(Cl)Cl,-15.2,4012
CCB(OC(Cc1ccccc1N(C)C)(c1ccccc1)c1ccccc1)OC(Cc1ccccc1N(C)C)(c1ccccc1)c1ccccc1,CDCl3,[2H]C(Cl)(Cl)Cl,33.4,4013
CCCCc1csc(C#C[B-]2(C#Cc3scc(CCCC)c3CCCC)n3c(C)c(CC)c(C)c3C(C)=C3C(C)=C(CC)C(C)=[N+]32)c1CCCC,CDCl3,[2H]C(Cl)(Cl)Cl,-9.6,4021
Cc1cc(C)c(N2B(Oc3c(C(C)(C)C)cccc3C(C)(C)C)N(c3c(C)cc(C)cc3C)B2Oc2c(C(C)(C)C)cccc2C(C)(C)C)c(C)c1,CDCl3,[2H]C(Cl)(Cl)Cl,25.6,4022
CC(C)(C)CB1C2=C([Si](C)(C)C)[Sn]3(C([Si](C)(C)C)=C4B(CC(C)(C)C)C5CCCC(CCC5)C4=C3[Si](C)(C)C)C([Si](C)(C)C)=C2C2CCCC1CCC2,C6D6,[2H]c1c([2H])c([2H])c([2H])c([2H])c1[2H],86,4027
C#C[B-]1(C#CC#C[B-]2(C#C[Si](C)(C)C)n3c(C)c(CC)c(C)c3C(C)=C3C(C)=C(CC)C(C)=[N+]32)n2c(C)c(CC)c(C)c2C(C)=C2C(C)=C(CC)C(C)=[N+]21,CDCl3,[2H]C(Cl)(Cl)Cl,-10.9,4032
c1ccc(P(c2ccccc2)(c2ccccc2)=[N+]2[B-]3(Oc4ccccc4O3)[N+](=P(c3ccccc3)(c3ccccc3)c3ccccc3)[B-]23Oc2ccccc2O3)cc1,C6D6,[2H]c1c([2H])c([2H])c([2H])c([2H])c1[2H],8.4,4035
CCC1=C(C)C2=C(C)c3c(C)c(CC)c(C)n3[B-](C#Cc3ccc4c(c3)c3ccccc3n4C)(C#Cc3ccc4c(c3)c3ccccc3n4C)[N+]2=C1C,CDCl3,[2H]C(Cl)(Cl)Cl,-9.48,4041
[BH2-]1[P+](c2ccccc2)(c2ccccc2)[BH2-][P+](c2ccccc2)(c2ccccc2)[BH2-][P+](c2ccccc2)(c2ccccc2)[BH2-][P+]1(c1ccccc1)c1ccccc1,CDCl3,[2H]C(Cl)(Cl)Cl,-31.2,4047
CCC1=C(C)C2=C(C)c3c(C)c(CC)c(C)n3[B-](C#Cc3c4ccccc4cc4ccccc34)(C#Cc3c4ccccc4cc4ccccc34)[N+]2=C1C,CDCl3,[2H]C(Cl)(Cl)Cl,-9.4,4062
CCC1=C(C)C2=C(C)c3c(C)c(CC)c(C)n3[B-](C#CC#C[B-]3(C#C[Si](C)(C)C)n4c(C)c(CC)c(C)c4C(C)=C4C(C)=C(CC)C(C)=[N+]43)(C#C[Si](C)(C)C)[N+]2=C1C,CDCl3,[2H]C(Cl)(Cl)Cl,-10.9,4067
CCC1=C(C)C2=C(C)c3c(C)c(CC)c(C)n3[B-](C#Cc3cc(-c4ccccn4)nc(-c4ccccn4)c3)(C#Cc3cc(-c4ccccn4)nc(-c4ccccn4)c3)[N+]2=C1C,CDCl3,[2H]C(Cl)(Cl)Cl,-9.88,4073
CC(C)(C)c1ccc(-c2cc([BH2-]c3cc(-c4ccc(C(C)(C)C)cc4)cc(-c4ccc(C(C)(C)C)cc4)c3)cc(-c3ccc(C(C)(C)C)cc3)c2)cc1.[Li+],C6D6,[2H]c1c([2H])c([2H])c([2H])c([2H])c1[2H],-20,4079
CC(C)Cc1cccc(CC(C)C)c1OB1N(c2c(C(C)C)cccc2C(C)C)B(Oc2c(C(C)(C)C)cccc2C(C)(C)C)N1c1c(C(C)C)cccc1C(C)C,CDCl3,[2H]C(Cl)(Cl)Cl,25,4081
CCC1=C(C)C2=C(c3ccc(C)cc3)c3c(C)c(CC)c(C)n3[B-](C#Cc3ccc(C4=NCCO4)cc3)(C#Cc3ccc4ccc5cccc6ccc3c4c56)[N+]2=C1C,C6D6,[2H]c1c([2H])c([2H])c([2H])c([2H])c1[2H],-8.56,4086
CC(C)(C)c1ccc(B(c2ccc(C(C)(C)C)cc2)c2ccc(-c3ccc([B-](c4ccc(C(C)(C)C)cc4)(c4ccc(C(C)(C)C)cc4)[n+]4ccccc4)s3)s2)cc1,CDCl3,[2H]C(Cl)(Cl)Cl,2.7,4091
c1ccc([B-]2(c3ccccc3)Oc3ccc(-c4ccc(-c5ccc(-c6ccc7c8c6ccc[n+]8[B-](c6ccccc6)(c6ccccc6)O7)cc5)cc4)c4ccc[n+]2c34)cc1,CD2Cl2,[2H]C([2H])(Cl)Cl,11.2,4093
CCC1=C(C)C2=C(C)c3c(C)c(CC)c(C)n3[B-](C#Cc3ccc4ccc5cccc6ccc3c4c56)(C#Cc3ccc4ccc5cccc6ccc3c4c56)[N+]2=C1C,CDCl3,[2H]C(Cl)(Cl)Cl,-9.17,4094
c1ccc([Si](OB2OB(O[Si](c3ccccc3)(c3ccccc3)c3ccccc3)OB(O[Si](c3ccccc3)(c3ccccc3)c3ccccc3)O2)(c2ccccc2)c2ccccc2)cc1,CDCl3,[2H]C(Cl)(Cl)Cl,19,4095
CCCCCC[Si](CCCCCC)(CCCCCC)OB(O[Si](CCCCCC)(CCCCCC)CCCCCC)O[Si](CCCCCC)(CCCCCC)CCCCCC,CDCl3,[2H]C(Cl)(Cl)Cl,15,4105
CCCCCC[Si](CCCCCC)(CCCCCC)OB1OB(O[Si](CCCCCC)(CCCCCC)CCCCCC)OB(O[Si](CCCCCC)(CCCCCC)CCCCCC)O1,CDCl3,[2H]C(Cl)(Cl)Cl,17.2,4106
Fc1cccc([B-]23Oc4cc[n+](cc4O2)[B-]2(c4cccc(F)c4)Oc4cc[n+](cc4O2)[B-]2(c4cccc(F)c4)Oc4cc[n+](cc4O2)[B-]2(c4cccc(F)c4)Oc4cc[n+](cc4O2)[B-]2(c4cccc(F)c4)Oc4cc[n+]3cc4O2)c1,CDCl3,[2H]C(Cl)(Cl)Cl,12.3,4107
Nc1cccc([B-]23Oc4cc[n+](cc4O2)[B-]2(c4cccc(N)c4)Oc4cc[n+](cc4O2)[B-]2(c4cccc(N)c4)Oc4cc[n+](cc4O2)[B-]2(c4cccc(N)c4)Oc4cc[n+](cc4O2)[B-]2(c4cccc(N)c4)Oc4cc[n+]3cc4O2)c1,CDCl3,[2H]C(Cl)(Cl)Cl,13,4108
c1ccc([B-]2(c3ccccc3)Oc3ccc(-c4ccc(-c5ccc(-c6ccc(-c7ccc8c9c7ccc[n+]9[B-](c7ccccc7)(c7ccccc7)O8)s6)cc5)s4)c4ccc[n+]2c34)cc1,CDCl3,[2H]C(Cl)(Cl)Cl,11.3,4115
FC(F)(F)c1ccc([P+]2(c3ccc(C(F)(F)F)cc3)[BH2-][P+](c3ccc(C(F)(F)F)cc3)(c3ccc(C(F)(F)F)cc3)[BH2-][P+](c3ccc(C(F)(F)F)cc3)(c3ccc(C(F)(F)F)cc3)[BH2-][P+](c3ccc(C(F)(F)F)cc3)(c3ccc(C(F)(F)F)cc3)[BH2-]2)cc1,CDCl3,[2H]C(Cl)(Cl)Cl,-31.3,4116
CC(C)(C)c1ccc(-c2ccc(-c3ccc(C(C)(C)C)cc3)c([B-]3([n+]4ccccc4)c4cc(C(C)(C)C)ccc4-c4cccc(-c5ccc(C(C)(C)C)cc5)c43)c2)cc1,C6D6,[2H]c1c([2H])c([2H])c([2H])c([2H])c1[2H],4.2,4122
c1ccc2cc3c(cc2c1)OB1Oc2cc4ccccc4cc2-c2cc4ccccc4cc2OB(Oc2cc4ccccc4cc2-3)Oc2cc3ccccc3cc2-c2cc3ccccc3cc2O1,CDCl3,[2H]C(Cl)(Cl)Cl,15.6,4125
Cc1cc(C)c(B(c2cc(B(c3c(C)cc(C)cc3C)c3c(C)cc(C)cc3C)cc(B(c3c(C)cc(C)cc3C)c3c(C)cc(C)cc3C)c2)c2c(C)cc(C)cc2C)c(C)c1,d8-Toluene,[2H]c1c([2H])c([2H])c(C([2H])([2H])[2H])c([2H])c1[2H],88,4129
CCC1=C(C)C2=C(C)c3c(C)c(CC)c(C)n3[B-](C#Cc3ccc4c5cccc6cccc(c7cccc3c74)c65)(C#Cc3ccc4c5cccc6cccc(c7cccc3c74)c65)[N+]2=C1C,CDCl3,[2H]C(Cl)(Cl)Cl,-9.4,4132
C=CCCc1cc[n+]2c(c1)-c1cc(CCC=C)cc[n+]1[B-]2(C)c1cc([B-]2(C)[n+]3ccc(CCC=C)cc3-c3cc(CCC=C)cc[n+]32)cc([B-]2(C)[n+]3ccc(CCC=C)cc3-c3cc(CCC=C)cc[n+]32)c1.[Br-].[Br-].[Br-],CD3OD,[2H]OC([2H])([2H])[2H],6.5,4136
CCCCC1(CCCC)c2ccccc2-c2ccc(C#C[B-]3(C#Cc4ccc5c(c4)C(CCCC)(CCCC)c4ccccc4-5)n4c(C)c(CC)c(C)c4C(C)=C4C(C)=C(CC)C(C)=[N+]43)cc21,CDCl3,[2H]C(Cl)(Cl)Cl,-9.6,4139
c1ccc2cc3c(cc2c1)OB(c1c(B2Oc4cc5ccccc5cc4O2)c(B2Oc4cc5ccccc5cc4O2)c(B2Oc4cc5ccccc5cc4O2)c(B2Oc4cc5ccccc5cc4O2)c1B1Oc2cc4ccccc4cc2O1)O3,CD3OD,[2H]OC([2H])([2H])[2H],28.3,4143
CO[B-]12Oc3c(cc(C(C)(C)C)cc3C(C)(C)C)C=[N+]1c1cccc(c1)[B-]1(OC)Oc3c(cc(C(C)(C)C)cc3C(C)(C)C)C=[N+]1c1cccc(c1)[B-]1(OC)Oc3c(cc(C(C)(C)C)cc3C(C)(C)C)C=[N+]1c1cccc2c1,CDCl3,[2H]C(Cl)(Cl)Cl,4.7,4145
CCC1=C(C)C2=C(c3cc(-c4ccccn4)nc(-c4ccccn4)c3)c3c(C)c(CC)c(C)n3[B-](C#Cc3ccc4ccc5cccc6ccc3c4c56)(C#Cc3ccc4ccc5cccc6ccc3c4c56)[N+]2=C1C,CDCl3,[2H]C(Cl)(Cl)Cl,-8.92,4148
[Na+].c1ccc(-c2cc(-c3ccccc3)cc([B-](c3cc(-c4ccccc4)cc(-c4ccccc4)c3)(c3cc(-c4ccccc4)cc(-c4ccccc4)c3)c3cc(-c4ccccc4)cc(-c4ccccc4)c3)c2)cc1,CDCl3,[2H]C(Cl)(Cl)Cl,-5.63,4151
CC(C)(C)c1ccc([B-]23Oc4cc[n+](cc4O2)[B-]2(c4ccc(C(C)(C)C)cc4)Oc4cc[n+](cc4O2)[B-]2(c4ccc(C(C)(C)C)cc4)Oc4cc[n+](cc4O2)[B-]2(c4ccc(C(C)(C)C)cc4)Oc4cc[n+](cc4O2)[B-]2(c4ccc(C(C)(C)C)cc4)Oc4cc[n+]3cc4O2)cc1,CDCl3,[2H]C(Cl)(Cl)Cl,13,4155
CCC1=C(C)C2=C(C)c3c(C)c(CC)c(C)n3[B-](C#CC#C[B-]3(C#Cc4ccc5ccc6cccc7ccc4c5c67)n4c(C)c(CC)c(C)c4C(C)=C4C(C)=C(CC)C(C)=[N+]43)(C#Cc3ccc4ccc5cccc6ccc3c4c56)[N+]2=C1C,CDCl3,[2H]C(Cl)(Cl)Cl,-9.79,4156
c1ccc([B-]2(c3ccccc3)Oc3ccc(-c4ccc(-c5nc(-c6ccc(-c7ccc8c9c7ccc[n+]9[B-](c7ccccc7)(c7ccccc7)O8)cc6)nc(-c6ccc(-c7ccc8c9c7ccc[n+]9[B-](c7ccccc7)(c7ccccc7)O8)cc6)n5)cc4)c4ccc[n+]2c34)cc1,CDCl3,[2H]C(Cl)(Cl)Cl,11.4,4159
c1ccc([B-]2(c3ccccc3)Oc3ccc(-c4ccc(-c5cc(-c6ccc(-c7ccc8c9c7ccc[n+]9[B-](c7ccccc7)(c7ccccc7)O8)cc6)cc(-c6ccc(-c7ccc8c9c7ccc[n+]9[B-](c7ccccc7)(c7ccccc7)O8)cc6)c5)cc4)c4ccc[n+]2c34)cc1,CDCl3,[2H]C(Cl)(Cl)Cl,12.3,4162
C(=Nc1ccccc1)c1ccc([B-]23Oc4cc[n+](cc4O2)[B-]2(c4cccc(C=Nc5ccccc5)c4)Oc4cc[n+](cc4O2)[B-]2(c4cccc(C=Nc5ccccc5)c4)Oc4cc[n+](cc4O2)[B-]2(c4cccc(C=Nc5ccccc5)c4)Oc4cc[n+](cc4O2)[B-]2(c4cccc(C=Nc5ccccc5)c4)Oc4cc[n+]3cc4O2)cc1,CDCl3,[2H]C(Cl)(Cl)Cl,13.2,4164
C(=NC1CCCCC1)c1ccc([B-]23Oc4cc[n+](cc4O2)[B-]2(c4cccc(C=NC5CCCCC5)c4)Oc4cc[n+](cc4O2)[B-]2(c4cccc(C=NC5CCCCC5)c4)Oc4cc[n+](cc4O2)[B-]2(c4cccc(C=NC5CCCCC5)c4)Oc4cc[n+](cc4O2)[B-]2(c4cccc(C=NC5CCCCC5)c4)Oc4cc[n+]3cc4O2)cc1,CDCl3,[2H]C(Cl)(Cl)Cl,13.9,4167
C(=Nc1ccccc1)c1cc(C=Nc2ccccc2)cc([B-]23Oc4cc[n+](cc4O2)[B-]2(c4cc(C=Nc5ccccc5)cc(C=Nc5ccccc5)c4)Oc4cc[n+](cc4O2)[B-]2(c4cc(C=Nc5ccccc5)cc(C=Nc5ccccc5)c4)Oc4cc[n+](cc4O2)[B-]2(c4cc(C=Nc5ccccc5)cc(C=Nc5ccccc5)c4)Oc4cc[n+]3cc4O2)c1,CDCl3,[2H]C(Cl)(Cl)Cl,13.6,4169
C(=NCc1ccccc1)c1cc(C=NCc2ccccc2)cc([B-]23Oc4cc[n+](cc4O2)[B-]2(c4cc(C=NCc5ccccc5)cc(C=NCc5ccccc5)c4)Oc4cc[n+](cc4O2)[B-]2(c4cc(C=NCc5ccccc5)cc(C=NCc5ccccc5)c4)Oc4cc[n+](cc4O2)[B-]2(c4cc(C=NCc5ccccc5)cc(C=NCc5ccccc5)c4)Oc4cc[n+](cc4O2)[B-]2(c4cc(C=NCc5ccccc5)cc(C=NCc5ccccc5)c4)Oc4cc[n+]3cc4O2)c1,CDCl3,[2H]C(Cl)(Cl)Cl,11.2,4173
[BH3-][NH2+]C,C6D6,[2H]c1c([2H])c([2H])c([2H])c([2H])c1[2H],-18.4,50
[BH3-][P+]([O-])(OC)OC.[K+],D2O,[2H]O[2H],-42.6,76
[BH3-][N+]([BH3-])(C)C.[Na+],d8-THF,[2H]C1([2H])OC([2H])([2H])C([2H])([2H])C1([2H])[2H],-12.5,84
[BH3-][N+]([CH2-])(C)C.[Li+],C6D6,[2H]c1c([2H])c([2H])c([2H])c([2H])c1[2H],-10.13,137
[BH3-][P+]([CH2-])(C)C.[Na+],d8-THF,[2H]C1([2H])OC([2H])([2H])C([2H])([2H])C1([2H])[2H],-32.5,138
CC([NH2+][BH2-]C(=O)O)C(N)=O,d6-DMSO,[2H]C([2H])([2H])S(=O)C([2H])([2H])[2H],-26.2,202
C[N+]1(C)[BH2-][N+](C)(C)[BH2-]1,d8-Toluene,[2H]c1c([2H])c([2H])c(C([2H])([2H])[2H])c([2H])c1[2H],4.8,211
C[N+]1(C)[BH2-][N+](C)(C)[BH2-]1,CDCl3,[2H]C(Cl)(Cl)Cl,4.75,211
[BH3-][N+](C)(C)BN(C)C,d8-THF,[2H]C1([2H])OC([2H])([2H])C([2H])([2H])C1([2H])[2H],2.0;-13.2,216
[BH3-][P+](OC)(OC)O[P+]([BH3-])(OC)OC,CDCl3,[2H]C(Cl)(Cl)Cl,-44.3,217
CCOCC.CO[Mg+].[BH4-],C6D6,[2H]c1c([2H])c([2H])c([2H])c([2H])c1[2H],-44.2,287
FB(F)c1c(F)c(F)c(F)c(F)c1B(F)F,CD2Cl2,[2H]C([2H])(Cl)Cl,22.6,318
F[B-](F)(F)C1CCCCC1.[Cs+],CD3CN,[2H]C([2H])([2H])C#N,5.1,398
[BH3-][S+](C)CCC(F)(F)C(F)(F)C(F)(F)C(F)(F)C(F)(F)C(F)(F)C(F)(F)C(F)(F)F,CDCl3,[2H]C(Cl)(Cl)Cl,-22,997
[BH3-][S+](C)CCCCCC[N+]1([BH3-])CCCCC1,CDCl3,[2H]C(Cl)(Cl)Cl,-14.12;-22.0,1113
[BH3-][S+](C)CCCCCCCCCCCC,CDCl3,[2H]C(Cl)(Cl)Cl,-21.91,1429
CC1(C)OB(C2C=c3ccccc3=C2[Si](C)(C)C)OC1(C)C,CDCl3,[2H]C(Cl)(Cl)Cl,29.41,2189
C[N+]1=[B-]2[N+](C(C)(C)C)=[B-](C(C)(C)C)C2(C(C)(C)C)[N+](C)=[B-]2[N+](C(C)(C)C)=[B-](C(C)(C)C)C21C(C)(C)C,C6D6,[2H]c1c([2H])c([2H])c([2H])c([2H])c1[2H],46.8;29.8,3402
CCCCCC[B-]1(CCCCCC)n2cc(C#C[Si](C)(C)C)c[n+]2[B-](CCCCCC)(CCCCCC)n2cc(C#C[Si](C)(C)C)c[n+]21,CDCl3,[2H]C(Cl)(Cl)Cl,3.46,3912
F[B-](F)(F)C1CCCCC1.[K+],CD3CN,[2H]C([2H])([2H])C#N,5.1,398
